ms,sender,event,rate_mbit,alpha
7.0,g1,tick,1000.0,0.938
8.8,g2,tick,1000.0,0.938
10.8,g4,tick,1000.0,0.938
10.8,g1,tick,1000.0,0.879
10.8,g2,tick,1000.0,0.879
10.8,g4,tick,1000.0,0.879
15.1,g1,tick,1000.0,0.824
15.1,g2,tick,1000.0,0.824
15.1,g4,tick,1000.0,0.824
20.1,g1,tick,1000.0,0.772
20.1,g2,tick,1000.0,0.772
20.1,g4,tick,1000.0,0.772
25.1,g1,tick,1000.0,0.724
25.1,g2,tick,1000.0,0.724
25.1,g4,tick,1000.0,0.724
30.1,g1,tick,1000.0,0.679
30.1,g2,tick,1000.0,0.679
30.1,g4,tick,1000.0,0.679
35.1,g1,tick,1000.0,0.637
35.1,g2,tick,1000.0,0.637
35.1,g4,tick,1000.0,0.637
40.1,g1,tick,1000.0,0.597
40.1,g2,tick,1000.0,0.597
40.1,g4,tick,1000.0,0.597
45.1,g1,tick,1000.0,0.559
45.1,g2,tick,1000.0,0.559
45.1,g4,tick,1000.0,0.559
50.1,g1,tick,1000.0,0.524
50.1,g2,tick,1000.0,0.524
50.1,g4,tick,1000.0,0.524
55.1,g1,tick,1000.0,0.492
55.1,g2,tick,1000.0,0.492
55.1,g4,tick,1000.0,0.492
60.1,g1,tick,1000.0,0.461
60.1,g2,tick,1000.0,0.461
60.1,g4,tick,1000.0,0.461
65.1,g1,tick,1000.0,0.432
65.1,g2,tick,1000.0,0.432
65.1,g4,tick,1000.0,0.432
70.1,g1,tick,1000.0,0.405
70.1,g2,tick,1000.0,0.405
70.1,g4,tick,1000.0,0.405
75.1,g1,tick,1000.0,0.380
75.1,g2,tick,1000.0,0.380
75.1,g4,tick,1000.0,0.380
80.1,g1,tick,1000.0,0.356
80.1,g2,tick,1000.0,0.356
80.1,g4,tick,1000.0,0.356
85.1,g1,tick,1000.0,0.334
85.1,g2,tick,1000.0,0.334
85.1,g4,tick,1000.0,0.334
90.1,g1,tick,1000.0,0.313
90.1,g2,tick,1000.0,0.313
90.1,g4,tick,1000.0,0.313
95.1,g1,tick,1000.0,0.293
95.1,g2,tick,1000.0,0.293
95.1,g4,tick,1000.0,0.293
100.1,g1,tick,1000.0,0.275
100.1,g2,tick,1000.0,0.275
100.1,g4,tick,1000.0,0.275
105.1,g1,tick,1000.0,0.258
105.1,g2,tick,1000.0,0.258
105.1,g4,tick,1000.0,0.258
110.1,g1,tick,1000.0,0.242
110.1,g2,tick,1000.0,0.242
110.1,g4,tick,1000.0,0.242
115.1,g1,tick,1000.0,0.227
115.1,g2,tick,1000.0,0.227
115.1,g4,tick,1000.0,0.227
120.1,g1,tick,1000.0,0.212
120.1,g2,tick,1000.0,0.212
120.1,g4,tick,1000.0,0.212
125.1,g1,tick,1000.0,0.199
125.1,g2,tick,1000.0,0.199
125.1,g4,tick,1000.0,0.199
130.1,g1,tick,1000.0,0.187
130.1,g2,tick,1000.0,0.187
130.1,g4,tick,1000.0,0.187
135.1,g1,tick,1000.0,0.175
135.1,g2,tick,1000.0,0.175
135.1,g4,tick,1000.0,0.175
140.1,g1,tick,1000.0,0.164
140.1,g2,tick,1000.0,0.164
140.1,g4,tick,1000.0,0.164
145.1,g1,tick,1000.0,0.154
145.1,g2,tick,1000.0,0.154
145.1,g4,tick,1000.0,0.154
150.1,g1,tick,1000.0,0.144
150.1,g2,tick,1000.0,0.144
150.1,g4,tick,1000.0,0.144
155.1,g1,tick,1000.0,0.135
155.1,g2,tick,1000.0,0.135
155.1,g4,tick,1000.0,0.135
160.1,g1,tick,1000.0,0.127
160.1,g2,tick,1000.0,0.127
160.1,g4,tick,1000.0,0.127
165.1,g1,tick,1000.0,0.119
165.1,g2,tick,1000.0,0.119
165.1,g4,tick,1000.0,0.119
170.1,g1,tick,1000.0,0.111
170.1,g2,tick,1000.0,0.111
170.1,g4,tick,1000.0,0.111
175.1,g1,tick,1000.0,0.104
175.1,g2,tick,1000.0,0.104
175.1,g4,tick,1000.0,0.104
180.1,g1,tick,1000.0,0.098
180.1,g2,tick,1000.0,0.098
180.1,g4,tick,1000.0,0.098
185.1,g1,tick,1000.0,0.092
185.1,g2,tick,1000.0,0.092
185.1,g4,tick,1000.0,0.092
190.0,g1,tick,1000.0,0.086
190.1,g2,tick,1000.0,0.086
190.1,g4,tick,1000.0,0.086
195.1,g1,tick,1000.0,0.081
195.1,g2,tick,1000.0,0.081
195.1,g4,tick,1000.0,0.081
200.1,g1,tick,1000.0,0.076
200.1,g2,tick,1000.0,0.076
200.1,g4,tick,1000.0,0.076
205.1,g1,tick,1000.0,0.071
205.1,g2,tick,1000.0,0.071
205.1,g4,tick,1000.0,0.071
210.1,g1,tick,1000.0,0.066
210.1,g2,tick,1000.0,0.066
210.1,g4,tick,1000.0,0.066
215.1,g1,tick,1000.0,0.062
215.1,g2,tick,1000.0,0.062
215.1,g4,tick,1000.0,0.062
220.1,g1,tick,1000.0,0.058
220.1,g2,tick,1000.0,0.058
220.1,g4,tick,1000.0,0.058
225.1,g1,tick,1000.0,0.055
225.1,g2,tick,1000.0,0.055
225.1,g4,tick,1000.0,0.055
230.1,g1,tick,1000.0,0.051
230.1,g2,tick,1000.0,0.051
230.1,g4,tick,1000.0,0.051
235.1,g1,tick,1000.0,0.048
235.1,g2,tick,1000.0,0.048
235.1,g4,tick,1000.0,0.048
240.1,g1,tick,1000.0,0.045
240.1,g2,tick,1000.0,0.045
240.1,g4,tick,1000.0,0.045
245.1,g1,tick,1000.0,0.042
245.1,g2,tick,1000.0,0.042
245.1,g4,tick,1000.0,0.042
250.1,g1,tick,1000.0,0.040
250.1,g2,tick,1000.0,0.040
250.1,g4,tick,1000.0,0.040
255.1,g1,tick,1000.0,0.037
255.1,g2,tick,1000.0,0.037
255.1,g4,tick,1000.0,0.037
260.1,g1,tick,1000.0,0.035
260.1,g2,tick,1000.0,0.035
260.1,g4,tick,1000.0,0.035
265.1,g1,tick,1000.0,0.033
265.1,g2,tick,1000.0,0.033
265.1,g4,tick,1000.0,0.033
270.1,g1,tick,1000.0,0.031
270.1,g2,tick,1000.0,0.031
270.1,g4,tick,1000.0,0.031
275.3,g1,tick,1000.0,0.029
275.3,g2,tick,1000.0,0.029
275.3,g4,tick,1000.0,0.029
280.1,g1,tick,1000.0,0.027
280.1,g2,tick,1000.0,0.027
280.1,g4,tick,1000.0,0.027
285.1,g1,tick,1000.0,0.025
285.1,g2,tick,1000.0,0.025
285.1,g4,tick,1000.0,0.025
290.1,g1,tick,1000.0,0.024
290.1,g2,tick,1000.0,0.024
290.1,g4,tick,1000.0,0.024
295.1,g1,tick,1000.0,0.022
295.1,g2,tick,1000.0,0.022
295.1,g4,tick,1000.0,0.022
300.1,g1,tick,1000.0,0.021
300.1,g2,tick,1000.0,0.021
300.1,g4,tick,1000.0,0.021
305.1,g1,tick,1000.0,0.020
305.1,g2,tick,1000.0,0.020
305.1,g4,tick,1000.0,0.020
310.1,g1,tick,1000.0,0.018
310.1,g2,tick,1000.0,0.018
310.1,g4,tick,1000.0,0.018
315.1,g1,tick,1000.0,0.017
315.1,g2,tick,1000.0,0.017
315.1,g4,tick,1000.0,0.017
320.1,g1,tick,1000.0,0.016
320.1,g2,tick,1000.0,0.016
320.1,g4,tick,1000.0,0.016
325.1,g1,tick,1000.0,0.015
325.1,g2,tick,1000.0,0.015
325.1,g4,tick,1000.0,0.015
330.1,g1,tick,1000.0,0.014
330.1,g2,tick,1000.0,0.014
330.1,g4,tick,1000.0,0.014
335.1,g1,tick,1000.0,0.013
335.1,g2,tick,1000.0,0.013
335.1,g4,tick,1000.0,0.013
340.1,g1,tick,1000.0,0.012
340.1,g2,tick,1000.0,0.012
340.1,g4,tick,1000.0,0.012
345.1,g1,tick,1000.0,0.012
345.1,g2,tick,1000.0,0.012
345.1,g4,tick,1000.0,0.012
350.1,g1,tick,1000.0,0.011
350.1,g2,tick,1000.0,0.011
350.1,g4,tick,1000.0,0.011
355.1,g1,tick,1000.0,0.010
355.1,g2,tick,1000.0,0.010
355.1,g4,tick,1000.0,0.010
360.1,g1,tick,1000.0,0.010
360.1,g2,tick,1000.0,0.010
360.1,g4,tick,1000.0,0.010
365.1,g1,tick,1000.0,0.009
365.1,g2,tick,1000.0,0.009
365.1,g4,tick,1000.0,0.009
370.1,g1,tick,1000.0,0.008
370.1,g2,tick,1000.0,0.008
370.1,g4,tick,1000.0,0.008
375.1,g1,tick,1000.0,0.008
375.1,g2,tick,1000.0,0.008
375.1,g4,tick,1000.0,0.008
380.1,g1,tick,1000.0,0.007
380.1,g2,tick,1000.0,0.007
380.1,g4,tick,1000.0,0.007
385.1,g1,tick,1000.0,0.007
385.1,g2,tick,1000.0,0.007
385.1,g4,tick,1000.0,0.007
390.1,g1,tick,1000.0,0.007
390.1,g2,tick,1000.0,0.007
390.1,g4,tick,1000.0,0.007
395.1,g1,tick,1000.0,0.006
395.1,g2,tick,1000.0,0.006
395.1,g4,tick,1000.0,0.006
400.1,g1,tick,1000.0,0.006
400.1,g2,tick,1000.0,0.006
400.1,g4,tick,1000.0,0.006
405.1,g1,tick,1000.0,0.005
405.1,g2,tick,1000.0,0.005
405.1,g4,tick,1000.0,0.005
410.1,g1,tick,1000.0,0.005
410.1,g2,tick,1000.0,0.005
410.1,g4,tick,1000.0,0.005
415.1,g1,tick,1000.0,0.005
415.1,g2,tick,1000.0,0.005
415.1,g4,tick,1000.0,0.005
420.1,g1,tick,1000.0,0.004
420.1,g2,tick,1000.0,0.004
420.1,g4,tick,1000.0,0.004
425.1,g1,tick,1000.0,0.004
425.1,g2,tick,1000.0,0.004
425.1,g4,tick,1000.0,0.004
430.1,g1,tick,1000.0,0.004
430.1,g2,tick,1000.0,0.004
430.1,g4,tick,1000.0,0.004
435.1,g1,tick,1000.0,0.004
435.1,g2,tick,1000.0,0.004
435.1,g4,tick,1000.0,0.004
440.1,g1,tick,1000.0,0.003
440.1,g2,tick,1000.0,0.003
440.1,g4,tick,1000.0,0.003
445.1,g1,tick,1000.0,0.003
445.1,g2,tick,1000.0,0.003
445.1,g4,tick,1000.0,0.003
450.1,g1,tick,1000.0,0.003
450.1,g2,tick,1000.0,0.003
450.1,g4,tick,1000.0,0.003
455.1,g1,tick,1000.0,0.003
455.1,g2,tick,1000.0,0.003
455.1,g4,tick,1000.0,0.003
460.1,g1,tick,1000.0,0.003
460.1,g2,tick,1000.0,0.003
460.1,g4,tick,1000.0,0.003
465.1,g1,tick,1000.0,0.002
465.1,g2,tick,1000.0,0.002
465.1,g4,tick,1000.0,0.002
470.1,g1,tick,1000.0,0.002
470.1,g2,tick,1000.0,0.002
470.1,g4,tick,1000.0,0.002
475.1,g1,tick,1000.0,0.002
475.1,g2,tick,1000.0,0.002
475.1,g4,tick,1000.0,0.002
480.1,g1,tick,1000.0,0.002
480.1,g2,tick,1000.0,0.002
480.1,g4,tick,1000.0,0.002
485.1,g1,tick,1000.0,0.002
485.1,g2,tick,1000.0,0.002
485.1,g4,tick,1000.0,0.002
490.1,g1,tick,1000.0,0.002
490.1,g2,tick,1000.0,0.002
490.1,g4,tick,1000.0,0.002
495.1,g1,tick,1000.0,0.002
495.1,g2,tick,1000.0,0.002
495.1,g4,tick,1000.0,0.002
500.1,g1,tick,1000.0,0.002
500.1,g2,tick,1000.0,0.002
500.1,g4,tick,1000.0,0.002
505.1,g1,tick,1000.0,0.001
505.1,g2,tick,1000.0,0.001
505.1,g4,tick,1000.0,0.001
510.1,g1,tick,1000.0,0.001
510.1,g2,tick,1000.0,0.001
510.1,g4,tick,1000.0,0.001
515.1,g1,tick,1000.0,0.001
515.1,g2,tick,1000.0,0.001
515.1,g4,tick,1000.0,0.001
520.1,g1,tick,1000.0,0.001
520.1,g2,tick,1000.0,0.001
520.1,g4,tick,1000.0,0.001
525.1,g1,tick,1000.0,0.001
525.1,g2,tick,1000.0,0.001
525.1,g4,tick,1000.0,0.001
530.1,g1,tick,1000.0,0.001
530.1,g2,tick,1000.0,0.001
530.1,g4,tick,1000.0,0.001
535.1,g1,tick,1000.0,0.001
535.1,g2,tick,1000.0,0.001
535.1,g4,tick,1000.0,0.001
540.1,g1,tick,1000.0,0.001
540.1,g2,tick,1000.0,0.001
540.1,g4,tick,1000.0,0.001
545.1,g1,tick,1000.0,0.001
545.1,g2,tick,1000.0,0.001
545.1,g4,tick,1000.0,0.001
550.1,g1,tick,1000.0,0.001
550.1,g2,tick,1000.0,0.001
550.1,g4,tick,1000.0,0.001
555.1,g1,tick,1000.0,0.001
555.1,g2,tick,1000.0,0.001
555.1,g4,tick,1000.0,0.001
560.1,g1,tick,1000.0,0.001
560.1,g2,tick,1000.0,0.001
560.1,g4,tick,1000.0,0.001
565.1,g1,tick,1000.0,0.001
565.1,g2,tick,1000.0,0.001
565.1,g4,tick,1000.0,0.001
570.1,g1,tick,1000.0,0.001
570.1,g2,tick,1000.0,0.001
570.1,g4,tick,1000.0,0.001
575.1,g1,tick,1000.0,0.001
575.1,g2,tick,1000.0,0.001
575.1,g4,tick,1000.0,0.001
580.1,g1,tick,1000.0,0.001
580.1,g2,tick,1000.0,0.001
580.1,g4,tick,1000.0,0.001
585.1,g1,tick,1000.0,0.001
585.1,g2,tick,1000.0,0.001
585.1,g4,tick,1000.0,0.001
590.1,g1,tick,1000.0,0.000
590.1,g2,tick,1000.0,0.000
590.1,g4,tick,1000.0,0.000
595.1,g1,tick,1000.0,0.000
595.1,g2,tick,1000.0,0.000
595.1,g4,tick,1000.0,0.000
600.1,g1,tick,1000.0,0.000
600.1,g2,tick,1000.0,0.000
600.1,g4,tick,1000.0,0.000
605.1,g1,tick,1000.0,0.000
605.1,g2,tick,1000.0,0.000
605.1,g4,tick,1000.0,0.000
610.1,g1,tick,1000.0,0.000
610.1,g2,tick,1000.0,0.000
610.1,g4,tick,1000.0,0.000
615.1,g1,tick,1000.0,0.000
615.1,g2,tick,1000.0,0.000
615.1,g4,tick,1000.0,0.000
620.1,g1,tick,1000.0,0.000
620.1,g2,tick,1000.0,0.000
620.1,g4,tick,1000.0,0.000
625.1,g1,tick,1000.0,0.000
625.1,g2,tick,1000.0,0.000
625.1,g4,tick,1000.0,0.000
630.1,g1,tick,1000.0,0.000
630.1,g2,tick,1000.0,0.000
630.1,g4,tick,1000.0,0.000
635.1,g1,tick,1000.0,0.000
635.1,g2,tick,1000.0,0.000
635.1,g4,tick,1000.0,0.000
640.1,g1,tick,1000.0,0.000
640.1,g2,tick,1000.0,0.000
640.1,g4,tick,1000.0,0.000
645.1,g1,tick,1000.0,0.000
645.1,g2,tick,1000.0,0.000
645.1,g4,tick,1000.0,0.000
650.1,g1,tick,1000.0,0.000
650.1,g2,tick,1000.0,0.000
650.1,g4,tick,1000.0,0.000
655.1,g1,tick,1000.0,0.000
655.1,g2,tick,1000.0,0.000
655.1,g4,tick,1000.0,0.000
660.1,g1,tick,1000.0,0.000
660.1,g2,tick,1000.0,0.000
660.1,g4,tick,1000.0,0.000
665.1,g1,tick,1000.0,0.000
665.1,g2,tick,1000.0,0.000
665.1,g4,tick,1000.0,0.000
670.1,g1,tick,1000.0,0.000
670.1,g2,tick,1000.0,0.000
670.1,g4,tick,1000.0,0.000
675.1,g1,tick,1000.0,0.000
675.1,g2,tick,1000.0,0.000
675.1,g4,tick,1000.0,0.000
680.1,g1,tick,1000.0,0.000
680.1,g2,tick,1000.0,0.000
680.1,g4,tick,1000.0,0.000
685.1,g1,tick,1000.0,0.000
685.1,g2,tick,1000.0,0.000
685.1,g4,tick,1000.0,0.000
690.1,g1,tick,1000.0,0.000
690.1,g2,tick,1000.0,0.000
690.1,g4,tick,1000.0,0.000
695.1,g1,tick,1000.0,0.000
695.1,g2,tick,1000.0,0.000
695.1,g4,tick,1000.0,0.000
700.1,g1,tick,1000.0,0.000
700.1,g2,tick,1000.0,0.000
700.1,g4,tick,1000.0,0.000
705.1,g1,tick,1000.0,0.000
705.1,g2,tick,1000.0,0.000
705.1,g4,tick,1000.0,0.000
710.1,g1,tick,1000.0,0.000
710.1,g2,tick,1000.0,0.000
710.1,g4,tick,1000.0,0.000
715.1,g1,tick,1000.0,0.000
715.1,g2,tick,1000.0,0.000
715.1,g4,tick,1000.0,0.000
720.1,g1,tick,1000.0,0.000
720.1,g2,tick,1000.0,0.000
720.1,g4,tick,1000.0,0.000
725.1,g1,tick,1000.0,0.000
725.1,g2,tick,1000.0,0.000
725.1,g4,tick,1000.0,0.000
730.1,g1,tick,1000.0,0.000
730.1,g2,tick,1000.0,0.000
730.1,g4,tick,1000.0,0.000
735.1,g1,tick,1000.0,0.000
735.1,g2,tick,1000.0,0.000
735.1,g4,tick,1000.0,0.000
740.1,g1,tick,1000.0,0.000
740.1,g2,tick,1000.0,0.000
740.1,g4,tick,1000.0,0.000
745.1,g1,tick,1000.0,0.000
745.1,g2,tick,1000.0,0.000
745.1,g4,tick,1000.0,0.000
750.1,g1,tick,1000.0,0.000
750.1,g2,tick,1000.0,0.000
750.1,g4,tick,1000.0,0.000
755.1,g1,tick,1000.0,0.000
755.1,g2,tick,1000.0,0.000
755.1,g4,tick,1000.0,0.000
760.1,g1,tick,1000.0,0.000
760.1,g2,tick,1000.0,0.000
760.1,g4,tick,1000.0,0.000
765.1,g1,tick,1000.0,0.000
765.1,g2,tick,1000.0,0.000
765.1,g4,tick,1000.0,0.000
770.1,g1,tick,1000.0,0.000
770.1,g2,tick,1000.0,0.000
770.1,g4,tick,1000.0,0.000
775.1,g1,tick,1000.0,0.000
775.1,g2,tick,1000.0,0.000
775.1,g4,tick,1000.0,0.000
780.1,g1,tick,1000.0,0.000
780.1,g2,tick,1000.0,0.000
780.1,g4,tick,1000.0,0.000
785.1,g1,tick,1000.0,0.000
785.1,g2,tick,1000.0,0.000
785.1,g4,tick,1000.0,0.000
790.1,g1,tick,1000.0,0.000
790.1,g2,tick,1000.0,0.000
790.1,g4,tick,1000.0,0.000
795.1,g1,tick,1000.0,0.000
795.1,g2,tick,1000.0,0.000
795.1,g4,tick,1000.0,0.000
800.1,g1,tick,1000.0,0.000
800.1,g2,tick,1000.0,0.000
800.1,g4,tick,1000.0,0.000
805.1,g1,tick,1000.0,0.000
805.1,g2,tick,1000.0,0.000
805.1,g4,tick,1000.0,0.000
810.1,g1,tick,1000.0,0.000
810.1,g2,tick,1000.0,0.000
810.1,g4,tick,1000.0,0.000
815.1,g1,tick,1000.0,0.000
815.1,g2,tick,1000.0,0.000
815.1,g4,tick,1000.0,0.000
820.1,g1,tick,1000.0,0.000
820.1,g2,tick,1000.0,0.000
820.1,g4,tick,1000.0,0.000
825.1,g1,tick,1000.0,0.000
825.1,g2,tick,1000.0,0.000
825.1,g4,tick,1000.0,0.000
830.1,g1,tick,1000.0,0.000
830.1,g2,tick,1000.0,0.000
830.1,g4,tick,1000.0,0.000
835.0,g1,tick,1000.0,0.000
835.1,g2,tick,1000.0,0.000
835.1,g4,tick,1000.0,0.000
840.1,g1,tick,1000.0,0.000
840.1,g2,tick,1000.0,0.000
840.1,g4,tick,1000.0,0.000
845.1,g1,tick,1000.0,0.000
845.1,g2,tick,1000.0,0.000
845.1,g4,tick,1000.0,0.000
850.1,g1,tick,1000.0,0.000
850.1,g2,tick,1000.0,0.000
850.1,g4,tick,1000.0,0.000
855.0,g1,tick,1000.0,0.000
855.0,g2,tick,1000.0,0.000
855.1,g4,tick,1000.0,0.000
860.1,g1,tick,1000.0,0.000
860.1,g2,tick,1000.0,0.000
860.1,g4,tick,1000.0,0.000
865.1,g1,tick,1000.0,0.000
865.1,g2,tick,1000.0,0.000
865.1,g4,tick,1000.0,0.000
870.1,g1,tick,1000.0,0.000
870.1,g2,tick,1000.0,0.000
870.1,g4,tick,1000.0,0.000
875.1,g1,tick,1000.0,0.000
875.1,g2,tick,1000.0,0.000
875.1,g4,tick,1000.0,0.000
880.1,g1,tick,1000.0,0.000
880.1,g2,tick,1000.0,0.000
880.1,g4,tick,1000.0,0.000
885.1,g1,tick,1000.0,0.000
885.1,g2,tick,1000.0,0.000
885.1,g4,tick,1000.0,0.000
890.1,g1,tick,1000.0,0.000
890.1,g2,tick,1000.0,0.000
890.1,g4,tick,1000.0,0.000
895.1,g1,tick,1000.0,0.000
895.1,g2,tick,1000.0,0.000
895.1,g4,tick,1000.0,0.000
900.1,g1,tick,1000.0,0.000
900.1,g2,tick,1000.0,0.000
900.1,g4,tick,1000.0,0.000
905.1,g1,tick,1000.0,0.000
905.1,g2,tick,1000.0,0.000
905.1,g4,tick,1000.0,0.000
910.1,g1,tick,1000.0,0.000
910.1,g2,tick,1000.0,0.000
910.1,g4,tick,1000.0,0.000
915.1,g1,tick,1000.0,0.000
915.1,g2,tick,1000.0,0.000
915.1,g4,tick,1000.0,0.000
920.1,g1,tick,1000.0,0.000
920.1,g2,tick,1000.0,0.000
920.1,g4,tick,1000.0,0.000
925.1,g1,tick,1000.0,0.000
925.1,g2,tick,1000.0,0.000
925.1,g4,tick,1000.0,0.000
930.1,g1,tick,1000.0,0.000
930.1,g2,tick,1000.0,0.000
930.1,g4,tick,1000.0,0.000
935.1,g1,tick,1000.0,0.000
935.1,g2,tick,1000.0,0.000
935.1,g4,tick,1000.0,0.000
940.1,g1,tick,1000.0,0.000
940.1,g2,tick,1000.0,0.000
940.1,g4,tick,1000.0,0.000
945.1,g1,tick,1000.0,0.000
945.1,g2,tick,1000.0,0.000
945.1,g4,tick,1000.0,0.000
950.0,g1,tick,1000.0,0.000
950.0,g2,tick,1000.0,0.000
950.0,g4,tick,1000.0,0.000
955.1,g1,tick,1000.0,0.000
955.1,g2,tick,1000.0,0.000
955.1,g4,tick,1000.0,0.000
960.1,g1,tick,1000.0,0.000
960.1,g2,tick,1000.0,0.000
960.1,g4,tick,1000.0,0.000
965.1,g1,tick,1000.0,0.000
965.1,g2,tick,1000.0,0.000
965.1,g4,tick,1000.0,0.000
970.1,g1,tick,1000.0,0.000
970.1,g2,tick,1000.0,0.000
970.1,g4,tick,1000.0,0.000
975.1,g1,tick,1000.0,0.000
975.1,g2,tick,1000.0,0.000
975.1,g4,tick,1000.0,0.000
980.1,g1,tick,1000.0,0.000
980.1,g2,tick,1000.0,0.000
980.1,g4,tick,1000.0,0.000
985.1,g1,tick,1000.0,0.000
985.1,g2,tick,1000.0,0.000
985.1,g4,tick,1000.0,0.000
990.1,g1,tick,1000.0,0.000
990.1,g2,tick,1000.0,0.000
990.1,g4,tick,1000.0,0.000
995.1,g1,tick,1000.0,0.000
995.1,g2,tick,1000.0,0.000
995.1,g4,tick,1000.0,0.000
1000.1,g1,tick,1000.0,0.000
1000.1,g2,tick,1000.0,0.000
1000.1,g4,tick,1000.0,0.000
1005.1,g1,tick,1000.0,0.000
1005.1,g2,tick,1000.0,0.000
1005.1,g4,tick,1000.0,0.000
1010.1,g1,tick,1000.0,0.000
1010.1,g2,tick,1000.0,0.000
1010.1,g4,tick,1000.0,0.000
1015.1,g1,tick,1000.0,0.000
1015.1,g2,tick,1000.0,0.000
1015.1,g4,tick,1000.0,0.000
1020.1,g1,tick,1000.0,0.000
1020.1,g2,tick,1000.0,0.000
1020.1,g4,tick,1000.0,0.000
1025.1,g1,tick,1000.0,0.000
1025.1,g2,tick,1000.0,0.000
1025.1,g4,tick,1000.0,0.000
1030.1,g1,tick,1000.0,0.000
1030.1,g2,tick,1000.0,0.000
1030.1,g4,tick,1000.0,0.000
1035.1,g1,tick,1000.0,0.000
1035.1,g2,tick,1000.0,0.000
1035.1,g4,tick,1000.0,0.000
1040.1,g1,tick,1000.0,0.000
1040.1,g2,tick,1000.0,0.000
1040.1,g4,tick,1000.0,0.000
1045.1,g1,tick,1000.0,0.000
1045.1,g2,tick,1000.0,0.000
1045.1,g4,tick,1000.0,0.000
1050.1,g1,tick,1000.0,0.000
1050.1,g2,tick,1000.0,0.000
1050.1,g4,tick,1000.0,0.000
1055.1,g1,tick,1000.0,0.000
1055.1,g2,tick,1000.0,0.000
1055.1,g4,tick,1000.0,0.000
1060.2,g1,tick,1000.0,0.000
1060.2,g2,tick,1000.0,0.000
1060.2,g4,tick,1000.0,0.000
1065.1,g1,tick,1000.0,0.000
1065.1,g2,tick,1000.0,0.000
1065.1,g4,tick,1000.0,0.000
1070.1,g1,tick,1000.0,0.000
1070.1,g2,tick,1000.0,0.000
1070.1,g4,tick,1000.0,0.000
1075.1,g1,tick,1000.0,0.000
1075.1,g2,tick,1000.0,0.000
1075.1,g4,tick,1000.0,0.000
1080.1,g1,tick,1000.0,0.000
1080.1,g2,tick,1000.0,0.000
1080.1,g4,tick,1000.0,0.000
1085.1,g1,tick,1000.0,0.000
1085.1,g2,tick,1000.0,0.000
1085.1,g4,tick,1000.0,0.000
1090.1,g1,tick,1000.0,0.000
1090.1,g2,tick,1000.0,0.000
1090.1,g4,tick,1000.0,0.000
1095.1,g1,tick,1000.0,0.000
1095.1,g2,tick,1000.0,0.000
1095.1,g4,tick,1000.0,0.000
1100.1,g1,tick,1000.0,0.000
1100.1,g2,tick,1000.0,0.000
1100.1,g4,tick,1000.0,0.000
1105.1,g1,tick,1000.0,0.000
1105.1,g2,tick,1000.0,0.000
1105.1,g4,tick,1000.0,0.000
1110.1,g1,tick,1000.0,0.000
1110.1,g2,tick,1000.0,0.000
1110.1,g4,tick,1000.0,0.000
1115.1,g1,tick,1000.0,0.000
1115.1,g2,tick,1000.0,0.000
1115.1,g4,tick,1000.0,0.000
1120.1,g1,tick,1000.0,0.000
1120.1,g2,tick,1000.0,0.000
1120.1,g4,tick,1000.0,0.000
1125.1,g1,tick,1000.0,0.000
1125.1,g2,tick,1000.0,0.000
1125.1,g4,tick,1000.0,0.000
1130.1,g1,tick,1000.0,0.000
1130.1,g2,tick,1000.0,0.000
1130.1,g4,tick,1000.0,0.000
1135.1,g1,tick,1000.0,0.000
1135.1,g2,tick,1000.0,0.000
1135.1,g4,tick,1000.0,0.000
1140.1,g1,tick,1000.0,0.000
1140.1,g2,tick,1000.0,0.000
1140.1,g4,tick,1000.0,0.000
1145.1,g1,tick,1000.0,0.000
1145.1,g2,tick,1000.0,0.000
1145.1,g4,tick,1000.0,0.000
1150.1,g1,tick,1000.0,0.000
1150.1,g2,tick,1000.0,0.000
1150.1,g4,tick,1000.0,0.000
1155.1,g1,tick,1000.0,0.000
1155.1,g2,tick,1000.0,0.000
1155.1,g4,tick,1000.0,0.000
1161.7,g1,tick,1000.0,0.000
1161.7,g2,tick,1000.0,0.000
1161.7,g4,tick,1000.0,0.000
1165.1,g1,tick,1000.0,0.000
1165.1,g2,tick,1000.0,0.000
1165.1,g4,tick,1000.0,0.000
1170.1,g1,tick,1000.0,0.000
1170.1,g2,tick,1000.0,0.000
1170.1,g4,tick,1000.0,0.000
1175.1,g1,tick,1000.0,0.000
1175.2,g2,tick,1000.0,0.000
1175.2,g4,tick,1000.0,0.000
1180.1,g1,tick,1000.0,0.000
1180.1,g2,tick,1000.0,0.000
1180.1,g4,tick,1000.0,0.000
1185.1,g1,tick,1000.0,0.000
1185.1,g2,tick,1000.0,0.000
1185.1,g4,tick,1000.0,0.000
1190.1,g1,tick,1000.0,0.000
1190.1,g2,tick,1000.0,0.000
1190.1,g4,tick,1000.0,0.000
1195.1,g1,tick,1000.0,0.000
1195.1,g2,tick,1000.0,0.000
1195.1,g4,tick,1000.0,0.000
1200.1,g1,tick,1000.0,0.000
1200.1,g2,tick,1000.0,0.000
1200.1,g4,tick,1000.0,0.000
1205.1,g1,tick,1000.0,0.000
1205.1,g2,tick,1000.0,0.000
1205.1,g4,tick,1000.0,0.000
1210.1,g1,tick,1000.0,0.000
1210.1,g2,tick,1000.0,0.000
1210.1,g4,tick,1000.0,0.000
1215.1,g1,tick,1000.0,0.000
1215.1,g2,tick,1000.0,0.000
1215.1,g4,tick,1000.0,0.000
1220.1,g1,tick,1000.0,0.000
1220.1,g2,tick,1000.0,0.000
1220.1,g4,tick,1000.0,0.000
1225.1,g1,tick,1000.0,0.000
1225.1,g2,tick,1000.0,0.000
1225.1,g4,tick,1000.0,0.000
1230.1,g1,tick,1000.0,0.000
1230.1,g2,tick,1000.0,0.000
1230.1,g4,tick,1000.0,0.000
1235.1,g1,tick,1000.0,0.000
1235.1,g2,tick,1000.0,0.000
1235.1,g4,tick,1000.0,0.000
1240.1,g1,tick,1000.0,0.000
1240.1,g2,tick,1000.0,0.000
1240.1,g4,tick,1000.0,0.000
1245.1,g1,tick,1000.0,0.000
1245.1,g2,tick,1000.0,0.000
1245.1,g4,tick,1000.0,0.000
1250.1,g1,tick,1000.0,0.000
1250.1,g2,tick,1000.0,0.000
1250.1,g4,tick,1000.0,0.000
1255.1,g1,tick,1000.0,0.000
1255.1,g2,tick,1000.0,0.000
1255.1,g4,tick,1000.0,0.000
1260.1,g1,tick,1000.0,0.000
1260.1,g2,tick,1000.0,0.000
1260.1,g4,tick,1000.0,0.000
1265.1,g1,tick,1000.0,0.000
1265.1,g2,tick,1000.0,0.000
1265.1,g4,tick,1000.0,0.000
1270.1,g1,tick,1000.0,0.000
1270.1,g2,tick,1000.0,0.000
1270.1,g4,tick,1000.0,0.000
1275.1,g1,tick,1000.0,0.000
1275.1,g2,tick,1000.0,0.000
1275.1,g4,tick,1000.0,0.000
1280.1,g1,tick,1000.0,0.000
1280.1,g2,tick,1000.0,0.000
1280.1,g4,tick,1000.0,0.000
1285.1,g1,tick,1000.0,0.000
1285.1,g2,tick,1000.0,0.000
1285.1,g4,tick,1000.0,0.000
1290.1,g1,tick,1000.0,0.000
1290.1,g2,tick,1000.0,0.000
1290.1,g4,tick,1000.0,0.000
1295.1,g1,tick,1000.0,0.000
1295.1,g2,tick,1000.0,0.000
1295.1,g4,tick,1000.0,0.000
1300.1,g1,tick,1000.0,0.000
1300.1,g2,tick,1000.0,0.000
1300.1,g4,tick,1000.0,0.000
1305.1,g1,tick,1000.0,0.000
1305.1,g2,tick,1000.0,0.000
1305.1,g4,tick,1000.0,0.000
1310.1,g1,tick,1000.0,0.000
1310.1,g2,tick,1000.0,0.000
1310.1,g4,tick,1000.0,0.000
1315.1,g1,tick,1000.0,0.000
1315.1,g2,tick,1000.0,0.000
1315.1,g4,tick,1000.0,0.000
1320.1,g1,tick,1000.0,0.000
1320.1,g2,tick,1000.0,0.000
1320.1,g4,tick,1000.0,0.000
1325.1,g1,tick,1000.0,0.000
1325.1,g2,tick,1000.0,0.000
1325.1,g4,tick,1000.0,0.000
1330.1,g1,tick,1000.0,0.000
1330.1,g2,tick,1000.0,0.000
1330.1,g4,tick,1000.0,0.000
1335.1,g1,tick,1000.0,0.000
1335.1,g2,tick,1000.0,0.000
1335.1,g4,tick,1000.0,0.000
1340.1,g1,tick,1000.0,0.000
1340.1,g2,tick,1000.0,0.000
1340.1,g4,tick,1000.0,0.000
1345.5,g1,tick,1000.0,0.000
1345.5,g2,tick,1000.0,0.000
1345.5,g4,tick,1000.0,0.000
1350.1,g1,tick,1000.0,0.000
1350.1,g2,tick,1000.0,0.000
1350.1,g4,tick,1000.0,0.000
1355.1,g1,tick,1000.0,0.000
1355.1,g2,tick,1000.0,0.000
1355.1,g4,tick,1000.0,0.000
1360.1,g1,tick,1000.0,0.000
1360.1,g2,tick,1000.0,0.000
1360.1,g4,tick,1000.0,0.000
1365.1,g1,tick,1000.0,0.000
1365.1,g2,tick,1000.0,0.000
1365.1,g4,tick,1000.0,0.000
1371.0,g1,tick,1000.0,0.000
1371.0,g2,tick,1000.0,0.000
1371.0,g4,tick,1000.0,0.000
1375.5,g1,tick,1000.0,0.000
1375.5,g2,tick,1000.0,0.000
1375.5,g4,tick,1000.0,0.000
1380.1,g1,tick,1000.0,0.000
1380.1,g2,tick,1000.0,0.000
1380.1,g4,tick,1000.0,0.000
1385.1,g1,tick,1000.0,0.000
1385.1,g2,tick,1000.0,0.000
1385.1,g4,tick,1000.0,0.000
1390.1,g1,tick,1000.0,0.000
1390.1,g2,tick,1000.0,0.000
1390.1,g4,tick,1000.0,0.000
1395.2,g1,tick,1000.0,0.000
1395.2,g2,tick,1000.0,0.000
1395.2,g4,tick,1000.0,0.000
1400.1,g1,tick,1000.0,0.000
1400.1,g2,tick,1000.0,0.000
1400.1,g4,tick,1000.0,0.000
1405.1,g1,tick,1000.0,0.000
1405.1,g2,tick,1000.0,0.000
1405.1,g4,tick,1000.0,0.000
1410.1,g1,tick,1000.0,0.000
1410.1,g2,tick,1000.0,0.000
1410.1,g4,tick,1000.0,0.000
1415.1,g1,tick,1000.0,0.000
1415.1,g2,tick,1000.0,0.000
1415.1,g4,tick,1000.0,0.000
1420.6,g1,tick,1000.0,0.000
1420.6,g2,tick,1000.0,0.000
1420.6,g4,tick,1000.0,0.000
1425.0,g1,tick,1000.0,0.000
1425.0,g2,tick,1000.0,0.000
1425.0,g4,tick,1000.0,0.000
1430.1,g1,tick,1000.0,0.000
1430.1,g2,tick,1000.0,0.000
1430.1,g4,tick,1000.0,0.000
1435.8,g1,tick,1000.0,0.000
1435.8,g2,tick,1000.0,0.000
1435.8,g4,tick,1000.0,0.000
1440.2,g1,tick,1000.0,0.000
1440.2,g2,tick,1000.0,0.000
1440.2,g4,tick,1000.0,0.000
1445.7,g1,tick,1000.0,0.000
1445.7,g2,tick,1000.0,0.000
1445.7,g4,tick,1000.0,0.000
1450.1,g1,tick,1000.0,0.000
1450.1,g2,tick,1000.0,0.000
1450.1,g4,tick,1000.0,0.000
1455.1,g1,tick,1000.0,0.000
1455.1,g2,tick,1000.0,0.000
1455.1,g4,tick,1000.0,0.000
1460.1,g1,tick,1000.0,0.000
1460.1,g2,tick,1000.0,0.000
1460.1,g4,tick,1000.0,0.000
1465.3,g1,tick,1000.0,0.000
1465.4,g2,tick,1000.0,0.000
1465.4,g4,tick,1000.0,0.000
1470.1,g1,tick,1000.0,0.000
1470.1,g2,tick,1000.0,0.000
1470.1,g4,tick,1000.0,0.000
1475.1,g1,tick,1000.0,0.000
1475.1,g2,tick,1000.0,0.000
1475.1,g4,tick,1000.0,0.000
1480.1,g1,tick,1000.0,0.000
1480.1,g2,tick,1000.0,0.000
1480.1,g4,tick,1000.0,0.000
1485.1,g1,tick,1000.0,0.000
1485.1,g2,tick,1000.0,0.000
1485.1,g4,tick,1000.0,0.000
1492.0,g1,tick,1000.0,0.000
1492.0,g2,tick,1000.0,0.000
1492.0,g4,tick,1000.0,0.000
1495.1,g1,tick,1000.0,0.000
1495.1,g2,tick,1000.0,0.000
1495.1,g4,tick,1000.0,0.000
1500.1,g1,tick,1000.0,0.000
1500.1,g2,tick,1000.0,0.000
1500.1,g4,tick,1000.0,0.000
1505.1,g1,tick,1000.0,0.000
1505.1,g2,tick,1000.0,0.000
1505.1,g4,tick,1000.0,0.000
1510.6,g1,tick,1000.0,0.000
1510.6,g2,tick,1000.0,0.000
1510.6,g4,tick,1000.0,0.000
1515.1,g1,tick,1000.0,0.000
1515.1,g2,tick,1000.0,0.000
1515.1,g4,tick,1000.0,0.000
1520.1,g1,tick,1000.0,0.000
1520.1,g2,tick,1000.0,0.000
1520.1,g4,tick,1000.0,0.000
1525.1,g1,tick,1000.0,0.000
1525.1,g2,tick,1000.0,0.000
1525.1,g4,tick,1000.0,0.000
1530.1,g1,tick,1000.0,0.000
1530.1,g2,tick,1000.0,0.000
1530.1,g4,tick,1000.0,0.000
1535.5,g1,tick,1000.0,0.000
1535.5,g2,tick,1000.0,0.000
1535.5,g4,tick,1000.0,0.000
1540.1,g1,tick,1000.0,0.000
1540.1,g2,tick,1000.0,0.000
1540.1,g4,tick,1000.0,0.000
1545.1,g1,tick,1000.0,0.000
1545.1,g2,tick,1000.0,0.000
1545.1,g4,tick,1000.0,0.000
1550.1,g1,tick,1000.0,0.000
1550.1,g2,tick,1000.0,0.000
1550.1,g4,tick,1000.0,0.000
1555.1,g1,tick,1000.0,0.000
1555.1,g2,tick,1000.0,0.000
1555.1,g4,tick,1000.0,0.000
1560.1,g1,tick,1000.0,0.000
1560.1,g2,tick,1000.0,0.000
1560.1,g4,tick,1000.0,0.000
1565.1,g1,tick,1000.0,0.000
1565.1,g2,tick,1000.0,0.000
1565.1,g4,tick,1000.0,0.000
1570.1,g1,tick,1000.0,0.000
1570.1,g2,tick,1000.0,0.000
1570.1,g4,tick,1000.0,0.000
1576.8,g1,tick,1000.0,0.000
1576.8,g2,tick,1000.0,0.000
1576.8,g4,tick,1000.0,0.000
1580.1,g1,tick,1000.0,0.000
1580.1,g2,tick,1000.0,0.000
1580.1,g4,tick,1000.0,0.000
1585.1,g1,tick,1000.0,0.000
1585.1,g2,tick,1000.0,0.000
1585.1,g4,tick,1000.0,0.000
1590.7,g1,tick,1000.0,0.000
1590.7,g2,tick,1000.0,0.000
1590.7,g4,tick,1000.0,0.000
1595.3,g1,tick,1000.0,0.000
1595.3,g2,tick,1000.0,0.000
1595.3,g4,tick,1000.0,0.000
1600.1,g1,tick,1000.0,0.000
1600.1,g2,tick,1000.0,0.000
1600.1,g4,tick,1000.0,0.000
1605.1,g1,tick,1000.0,0.000
1605.1,g2,tick,1000.0,0.000
1605.1,g4,tick,1000.0,0.000
1610.1,g1,tick,1000.0,0.000
1610.1,g2,tick,1000.0,0.000
1610.1,g4,tick,1000.0,0.000
1615.1,g1,tick,1000.0,0.000
1615.1,g2,tick,1000.0,0.000
1615.1,g4,tick,1000.0,0.000
1620.1,g1,tick,1000.0,0.000
1620.1,g2,tick,1000.0,0.000
1620.1,g4,tick,1000.0,0.000
1625.1,g1,tick,1000.0,0.000
1625.1,g2,tick,1000.0,0.000
1625.1,g4,tick,1000.0,0.000
1630.1,g1,tick,1000.0,0.000
1630.1,g2,tick,1000.0,0.000
1630.1,g4,tick,1000.0,0.000
1635.1,g1,tick,1000.0,0.000
1635.1,g2,tick,1000.0,0.000
1635.1,g4,tick,1000.0,0.000
1640.1,g1,tick,1000.0,0.000
1640.1,g2,tick,1000.0,0.000
1640.1,g4,tick,1000.0,0.000
1645.1,g1,tick,1000.0,0.000
1645.1,g2,tick,1000.0,0.000
1645.1,g4,tick,1000.0,0.000
1650.4,g1,tick,1000.0,0.000
1650.4,g2,tick,1000.0,0.000
1650.4,g4,tick,1000.0,0.000
1655.1,g1,tick,1000.0,0.000
1655.1,g2,tick,1000.0,0.000
1655.1,g4,tick,1000.0,0.000
1660.1,g1,tick,1000.0,0.000
1660.1,g2,tick,1000.0,0.000
1660.1,g4,tick,1000.0,0.000
1665.1,g1,tick,1000.0,0.000
1665.1,g2,tick,1000.0,0.000
1665.1,g4,tick,1000.0,0.000
1670.1,g1,tick,1000.0,0.000
1670.1,g2,tick,1000.0,0.000
1670.1,g4,tick,1000.0,0.000
1676.9,g1,tick,1000.0,0.000
1676.9,g2,tick,1000.0,0.000
1676.9,g4,tick,1000.0,0.000
1680.1,g1,tick,1000.0,0.000
1680.1,g2,tick,1000.0,0.000
1680.1,g4,tick,1000.0,0.000
1685.1,g1,tick,1000.0,0.000
1685.1,g2,tick,1000.0,0.000
1685.1,g4,tick,1000.0,0.000
1690.1,g1,tick,1000.0,0.000
1690.1,g2,tick,1000.0,0.000
1690.1,g4,tick,1000.0,0.000
1695.1,g1,tick,1000.0,0.000
1695.1,g2,tick,1000.0,0.000
1695.1,g4,tick,1000.0,0.000
1700.1,g1,tick,1000.0,0.000
1700.1,g2,tick,1000.0,0.000
1700.1,g4,tick,1000.0,0.000
1705.3,g1,tick,1000.0,0.000
1705.3,g2,tick,1000.0,0.000
1705.3,g4,tick,1000.0,0.000
1710.1,g1,tick,1000.0,0.000
1710.1,g2,tick,1000.0,0.000
1710.1,g4,tick,1000.0,0.000
1715.1,g1,tick,1000.0,0.000
1715.1,g2,tick,1000.0,0.000
1715.1,g4,tick,1000.0,0.000
1720.1,g1,tick,1000.0,0.000
1720.1,g2,tick,1000.0,0.000
1720.1,g4,tick,1000.0,0.000
1725.4,g1,tick,1000.0,0.000
1725.4,g2,tick,1000.0,0.000
1725.4,g4,tick,1000.0,0.000
1731.6,g1,tick,1000.0,0.000
1731.6,g2,tick,1000.0,0.000
1731.6,g4,tick,1000.0,0.000
1735.1,g1,tick,1000.0,0.000
1735.1,g2,tick,1000.0,0.000
1735.1,g4,tick,1000.0,0.000
1741.6,g1,tick,1000.0,0.000
1741.6,g2,tick,1000.0,0.000
1741.6,g4,tick,1000.0,0.000
1745.1,g1,tick,1000.0,0.000
1745.1,g2,tick,1000.0,0.000
1745.1,g4,tick,1000.0,0.000
1750.1,g1,tick,1000.0,0.000
1750.1,g2,tick,1000.0,0.000
1750.1,g4,tick,1000.0,0.000
1755.1,g1,tick,1000.0,0.000
1755.1,g2,tick,1000.0,0.000
1755.1,g4,tick,1000.0,0.000
1760.1,g1,tick,1000.0,0.000
1760.1,g2,tick,1000.0,0.000
1760.1,g4,tick,1000.0,0.000
1765.1,g1,tick,1000.0,0.000
1765.1,g2,tick,1000.0,0.000
1765.1,g4,tick,1000.0,0.000
1770.1,g1,tick,1000.0,0.000
1770.1,g2,tick,1000.0,0.000
1770.1,g4,tick,1000.0,0.000
1775.4,g1,tick,1000.0,0.000
1775.4,g2,tick,1000.0,0.000
1775.4,g4,tick,1000.0,0.000
1780.1,g1,tick,1000.0,0.000
1780.1,g2,tick,1000.0,0.000
1780.1,g4,tick,1000.0,0.000
1785.1,g1,tick,1000.0,0.000
1785.1,g2,tick,1000.0,0.000
1785.1,g4,tick,1000.0,0.000
1790.0,g1,tick,1000.0,0.000
1790.1,g2,tick,1000.0,0.000
1790.1,g4,tick,1000.0,0.000
1795.1,g1,tick,1000.0,0.000
1795.1,g2,tick,1000.0,0.000
1795.1,g4,tick,1000.0,0.000
1800.1,g1,tick,1000.0,0.000
1800.1,g2,tick,1000.0,0.000
1800.1,g4,tick,1000.0,0.000
1805.1,g1,tick,1000.0,0.000
1805.1,g2,tick,1000.0,0.000
1805.1,g4,tick,1000.0,0.000
1811.0,g1,tick,1000.0,0.000
1811.0,g2,tick,1000.0,0.000
1811.0,g4,tick,1000.0,0.000
1815.1,g1,tick,1000.0,0.000
1815.1,g2,tick,1000.0,0.000
1815.1,g4,tick,1000.0,0.000
1820.1,g1,tick,1000.0,0.000
1820.1,g2,tick,1000.0,0.000
1820.1,g4,tick,1000.0,0.000
1825.1,g1,tick,1000.0,0.000
1825.1,g2,tick,1000.0,0.000
1825.1,g4,tick,1000.0,0.000
1830.1,g1,tick,1000.0,0.000
1830.1,g2,tick,1000.0,0.000
1830.1,g4,tick,1000.0,0.000
1836.0,g1,tick,1000.0,0.000
1836.0,g2,tick,1000.0,0.000
1836.0,g4,tick,1000.0,0.000
1840.1,g1,tick,1000.0,0.000
1840.1,g2,tick,1000.0,0.000
1840.1,g4,tick,1000.0,0.000
1845.1,g1,tick,1000.0,0.000
1845.1,g2,tick,1000.0,0.000
1845.1,g4,tick,1000.0,0.000
1850.2,g1,tick,1000.0,0.000
1850.2,g2,tick,1000.0,0.000
1850.2,g4,tick,1000.0,0.000
1855.1,g1,tick,1000.0,0.000
1855.1,g2,tick,1000.0,0.000
1855.1,g4,tick,1000.0,0.000
1860.2,g1,tick,1000.0,0.000
1860.2,g2,tick,1000.0,0.000
1860.2,g4,tick,1000.0,0.000
1865.1,g1,tick,1000.0,0.000
1865.1,g2,tick,1000.0,0.000
1865.1,g4,tick,1000.0,0.000
1870.1,g1,tick,1000.0,0.000
1870.1,g2,tick,1000.0,0.000
1870.1,g4,tick,1000.0,0.000
1875.1,g1,tick,1000.0,0.000
1875.1,g2,tick,1000.0,0.000
1875.1,g4,tick,1000.0,0.000
1880.1,g1,tick,1000.0,0.000
1880.1,g2,tick,1000.0,0.000
1880.1,g4,tick,1000.0,0.000
1885.9,g1,tick,1000.0,0.000
1885.9,g2,tick,1000.0,0.000
1885.9,g4,tick,1000.0,0.000
1890.1,g1,tick,1000.0,0.000
1890.1,g2,tick,1000.0,0.000
1890.1,g4,tick,1000.0,0.000
1895.1,g1,tick,1000.0,0.000
1895.1,g2,tick,1000.0,0.000
1895.1,g4,tick,1000.0,0.000
1900.1,g1,tick,1000.0,0.000
1900.1,g2,tick,1000.0,0.000
1900.1,g4,tick,1000.0,0.000
1905.1,g1,tick,1000.0,0.000
1905.1,g2,tick,1000.0,0.000
1905.1,g4,tick,1000.0,0.000
1910.1,g1,tick,1000.0,0.000
1910.1,g2,tick,1000.0,0.000
1910.1,g4,tick,1000.0,0.000
1915.9,g1,tick,1000.0,0.000
1915.9,g2,tick,1000.0,0.000
1915.9,g4,tick,1000.0,0.000
1920.1,g1,tick,1000.0,0.000
1920.1,g2,tick,1000.0,0.000
1920.1,g4,tick,1000.0,0.000
1925.1,g1,tick,1000.0,0.000
1925.1,g2,tick,1000.0,0.000
1925.1,g4,tick,1000.0,0.000
1930.1,g1,tick,1000.0,0.000
1930.1,g2,tick,1000.0,0.000
1930.1,g4,tick,1000.0,0.000
1935.1,g1,tick,1000.0,0.000
1935.1,g2,tick,1000.0,0.000
1935.1,g4,tick,1000.0,0.000
1940.1,g1,tick,1000.0,0.000
1940.1,g2,tick,1000.0,0.000
1940.1,g4,tick,1000.0,0.000
1945.1,g1,tick,1000.0,0.000
1945.1,g2,tick,1000.0,0.000
1945.1,g4,tick,1000.0,0.000
1950.1,g1,tick,1000.0,0.000
1950.1,g2,tick,1000.0,0.000
1950.1,g4,tick,1000.0,0.000
1955.1,g1,tick,1000.0,0.000
1955.1,g2,tick,1000.0,0.000
1955.1,g4,tick,1000.0,0.000
1960.1,g1,tick,1000.0,0.000
1960.1,g2,tick,1000.0,0.000
1960.1,g4,tick,1000.0,0.000
1966.1,g1,tick,1000.0,0.000
1966.1,g2,tick,1000.0,0.000
1966.1,g4,tick,1000.0,0.000
1970.1,g1,tick,1000.0,0.000
1970.1,g2,tick,1000.0,0.000
1970.1,g4,tick,1000.0,0.000
1976.1,g1,tick,1000.0,0.000
1976.2,g2,tick,1000.0,0.000
1976.2,g4,tick,1000.0,0.000
1980.1,g1,tick,1000.0,0.000
1980.1,g2,tick,1000.0,0.000
1980.1,g4,tick,1000.0,0.000
1985.1,g1,tick,1000.0,0.000
1985.2,g2,tick,1000.0,0.000
1985.2,g4,tick,1000.0,0.000
1990.1,g1,tick,1000.0,0.000
1990.1,g2,tick,1000.0,0.000
1990.1,g4,tick,1000.0,0.000
1995.1,g1,tick,1000.0,0.000
1995.1,g2,tick,1000.0,0.000
1995.1,g4,tick,1000.0,0.000
2000.1,g1,tick,1000.0,0.000
2000.1,g2,tick,1000.0,0.000
2000.1,g4,tick,1000.0,0.000
2005.1,g1,tick,1000.0,0.000
2005.1,g2,tick,1000.0,0.000
2005.1,g4,tick,1000.0,0.000
2010.1,g1,tick,1000.0,0.000
2010.1,g2,tick,1000.0,0.000
2010.1,g4,tick,1000.0,0.000
2015.1,g1,tick,1000.0,0.000
2015.1,g2,tick,1000.0,0.000
2015.1,g4,tick,1000.0,0.000
2020.1,g1,tick,1000.0,0.000
2020.1,g2,tick,1000.0,0.000
2020.1,g4,tick,1000.0,0.000
2026.0,g1,tick,1000.0,0.000
2026.0,g2,tick,1000.0,0.000
2026.0,g4,tick,1000.0,0.000
2032.4,g1,tick,1000.0,0.000
2032.5,g2,tick,1000.0,0.000
2032.5,g4,tick,1000.0,0.000
2035.1,g1,tick,1000.0,0.000
2035.1,g2,tick,1000.0,0.000
2035.1,g4,tick,1000.0,0.000
2040.1,g1,tick,1000.0,0.000
2040.1,g2,tick,1000.0,0.000
2040.1,g4,tick,1000.0,0.000
2045.1,g1,tick,1000.0,0.000
2045.1,g2,tick,1000.0,0.000
2045.1,g4,tick,1000.0,0.000
2050.1,g1,tick,1000.0,0.000
2050.1,g2,tick,1000.0,0.000
2050.1,g4,tick,1000.0,0.000
2055.1,g1,tick,1000.0,0.000
2055.1,g2,tick,1000.0,0.000
2055.1,g4,tick,1000.0,0.000
2060.1,g1,tick,1000.0,0.000
2060.1,g2,tick,1000.0,0.000
2060.1,g4,tick,1000.0,0.000
2065.1,g1,tick,1000.0,0.000
2065.1,g2,tick,1000.0,0.000
2065.1,g4,tick,1000.0,0.000
2070.7,g1,tick,1000.0,0.000
2070.7,g2,tick,1000.0,0.000
2070.7,g4,tick,1000.0,0.000
2075.1,g1,tick,1000.0,0.000
2075.1,g2,tick,1000.0,0.000
2075.1,g4,tick,1000.0,0.000
2081.1,g1,tick,1000.0,0.000
2081.1,g2,tick,1000.0,0.000
2081.1,g4,tick,1000.0,0.000
2085.1,g1,tick,1000.0,0.000
2085.1,g2,tick,1000.0,0.000
2085.1,g4,tick,1000.0,0.000
2090.1,g1,tick,1000.0,0.000
2090.1,g2,tick,1000.0,0.000
2090.1,g4,tick,1000.0,0.000
2095.1,g1,tick,1000.0,0.000
2095.1,g2,tick,1000.0,0.000
2095.1,g4,tick,1000.0,0.000
2100.1,g1,tick,1000.0,0.000
2100.1,g2,tick,1000.0,0.000
2100.1,g4,tick,1000.0,0.000
2105.1,g1,tick,1000.0,0.000
2105.1,g2,tick,1000.0,0.000
2105.1,g4,tick,1000.0,0.000
2110.1,g1,tick,1000.0,0.000
2110.1,g2,tick,1000.0,0.000
2110.1,g4,tick,1000.0,0.000
2115.1,g1,tick,1000.0,0.000
2115.1,g2,tick,1000.0,0.000
2115.1,g4,tick,1000.0,0.000
2120.1,g1,tick,1000.0,0.000
2120.1,g2,tick,1000.0,0.000
2120.1,g4,tick,1000.0,0.000
2125.1,g1,tick,1000.0,0.000
2125.1,g2,tick,1000.0,0.000
2125.1,g4,tick,1000.0,0.000
2130.1,g1,tick,1000.0,0.000
2130.1,g2,tick,1000.0,0.000
2130.1,g4,tick,1000.0,0.000
2135.1,g1,tick,1000.0,0.000
2135.1,g2,tick,1000.0,0.000
2135.1,g4,tick,1000.0,0.000
2141.3,g1,tick,1000.0,0.000
2141.3,g2,tick,1000.0,0.000
2141.3,g4,tick,1000.0,0.000
2145.2,g1,tick,1000.0,0.000
2145.2,g2,tick,1000.0,0.000
2145.2,g4,tick,1000.0,0.000
2150.1,g1,tick,1000.0,0.000
2150.1,g2,tick,1000.0,0.000
2150.1,g4,tick,1000.0,0.000
2155.1,g1,tick,1000.0,0.000
2155.1,g2,tick,1000.0,0.000
2155.1,g4,tick,1000.0,0.000
2160.9,g1,tick,1000.0,0.000
2160.9,g2,tick,1000.0,0.000
2160.9,g4,tick,1000.0,0.000
2165.1,g1,tick,1000.0,0.000
2165.2,g2,tick,1000.0,0.000
2165.2,g4,tick,1000.0,0.000
2170.5,g1,tick,1000.0,0.000
2170.5,g2,tick,1000.0,0.000
2170.5,g4,tick,1000.0,0.000
2175.1,g1,tick,1000.0,0.000
2175.1,g2,tick,1000.0,0.000
2175.1,g4,tick,1000.0,0.000
2180.1,g1,tick,1000.0,0.000
2180.1,g2,tick,1000.0,0.000
2180.1,g4,tick,1000.0,0.000
2185.1,g1,tick,1000.0,0.000
2185.1,g2,tick,1000.0,0.000
2185.1,g4,tick,1000.0,0.000
2190.1,g1,tick,1000.0,0.000
2190.1,g2,tick,1000.0,0.000
2190.1,g4,tick,1000.0,0.000
2195.1,g1,tick,1000.0,0.000
2195.1,g2,tick,1000.0,0.000
2195.1,g4,tick,1000.0,0.000
2201.0,g1,tick,1000.0,0.000
2201.0,g2,tick,1000.0,0.000
2201.0,g4,tick,1000.0,0.000
2205.3,g1,tick,1000.0,0.000
2205.3,g2,tick,1000.0,0.000
2205.3,g4,tick,1000.0,0.000
2210.1,g1,tick,1000.0,0.000
2210.1,g2,tick,1000.0,0.000
2210.1,g4,tick,1000.0,0.000
2215.1,g1,tick,1000.0,0.000
2215.1,g2,tick,1000.0,0.000
2215.1,g4,tick,1000.0,0.000
2220.1,g1,tick,1000.0,0.000
2220.1,g2,tick,1000.0,0.000
2220.1,g4,tick,1000.0,0.000
2225.5,g1,tick,1000.0,0.000
2225.5,g2,tick,1000.0,0.000
2225.5,g4,tick,1000.0,0.000
2232.8,g1,tick,1000.0,0.000
2232.8,g2,tick,1000.0,0.000
2232.8,g4,tick,1000.0,0.000
2235.1,g1,tick,1000.0,0.000
2235.1,g2,tick,1000.0,0.000
2235.1,g4,tick,1000.0,0.000
2241.9,g1,tick,1000.0,0.000
2241.9,g2,tick,1000.0,0.000
2241.9,g4,tick,1000.0,0.000
2246.1,g1,tick,1000.0,0.000
2246.1,g2,tick,1000.0,0.000
2246.1,g4,tick,1000.0,0.000
2250.1,g1,tick,1000.0,0.000
2250.1,g2,tick,1000.0,0.000
2250.1,g4,tick,1000.0,0.000
2255.1,g1,tick,1000.0,0.000
2255.1,g2,tick,1000.0,0.000
2255.1,g4,tick,1000.0,0.000
2260.3,g1,tick,1000.0,0.000
2260.3,g2,tick,1000.0,0.000
2260.3,g4,tick,1000.0,0.000
2265.1,g1,tick,1000.0,0.000
2265.1,g2,tick,1000.0,0.000
2265.1,g4,tick,1000.0,0.000
2270.2,g1,tick,1000.0,0.000
2270.2,g2,tick,1000.0,0.000
2270.2,g4,tick,1000.0,0.000
2275.3,g1,tick,1000.0,0.000
2275.3,g2,tick,1000.0,0.000
2275.3,g4,tick,1000.0,0.000
2280.1,g1,tick,1000.0,0.000
2280.1,g2,tick,1000.0,0.000
2280.1,g4,tick,1000.0,0.000
2285.3,g1,tick,1000.0,0.000
2285.3,g2,tick,1000.0,0.000
2285.3,g4,tick,1000.0,0.000
2290.6,g1,tick,1000.0,0.000
2290.6,g2,tick,1000.0,0.000
2290.6,g4,tick,1000.0,0.000
2295.7,g1,tick,1000.0,0.000
2295.7,g2,tick,1000.0,0.000
2295.7,g4,tick,1000.0,0.000
2300.1,g1,tick,1000.0,0.000
2300.1,g2,tick,1000.0,0.000
2300.1,g4,tick,1000.0,0.000
2305.4,g1,tick,1000.0,0.000
2305.4,g2,tick,1000.0,0.000
2305.4,g4,tick,1000.0,0.000
2310.1,g1,tick,1000.0,0.000
2310.1,g2,tick,1000.0,0.000
2310.1,g4,tick,1000.0,0.000
2316.2,g1,tick,1000.0,0.000
2316.2,g2,tick,1000.0,0.000
2316.2,g4,tick,1000.0,0.000
2320.1,g1,tick,1000.0,0.000
2320.1,g2,tick,1000.0,0.000
2320.1,g4,tick,1000.0,0.000
2325.1,g1,tick,1000.0,0.000
2325.1,g2,tick,1000.0,0.000
2325.1,g4,tick,1000.0,0.000
2330.9,g1,tick,1000.0,0.000
2330.9,g2,tick,1000.0,0.000
2330.9,g4,tick,1000.0,0.000
2335.1,g1,tick,1000.0,0.000
2335.1,g2,tick,1000.0,0.000
2335.1,g4,tick,1000.0,0.000
2341.0,g1,tick,1000.0,0.000
2341.0,g2,tick,1000.0,0.000
2341.0,g4,tick,1000.0,0.000
2345.2,g1,tick,1000.0,0.000
2345.2,g2,tick,1000.0,0.000
2345.2,g4,tick,1000.0,0.000
2350.1,g1,tick,1000.0,0.000
2350.1,g2,tick,1000.0,0.000
2350.1,g4,tick,1000.0,0.000
2356.1,g1,tick,1000.0,0.000
2356.1,g2,tick,1000.0,0.000
2356.1,g4,tick,1000.0,0.000
2360.2,g1,tick,1000.0,0.000
2360.2,g2,tick,1000.0,0.000
2360.2,g4,tick,1000.0,0.000
2365.1,g1,tick,1000.0,0.000
2365.1,g2,tick,1000.0,0.000
2365.1,g4,tick,1000.0,0.000
2370.1,g1,tick,1000.0,0.000
2370.1,g2,tick,1000.0,0.000
2370.1,g4,tick,1000.0,0.000
2377.9,g1,tick,1000.0,0.000
2377.9,g2,tick,1000.0,0.000
2377.9,g4,tick,1000.0,0.000
2380.1,g1,tick,1000.0,0.000
2380.1,g2,tick,1000.0,0.000
2380.1,g4,tick,1000.0,0.000
2385.2,g1,tick,1000.0,0.000
2385.2,g2,tick,1000.0,0.000
2385.2,g4,tick,1000.0,0.000
2390.1,g1,tick,1000.0,0.000
2390.2,g2,tick,1000.0,0.000
2390.2,g4,tick,1000.0,0.000
2395.1,g1,tick,1000.0,0.000
2395.1,g2,tick,1000.0,0.000
2395.1,g4,tick,1000.0,0.000
2400.1,g1,tick,1000.0,0.000
2400.1,g2,tick,1000.0,0.000
2400.1,g4,tick,1000.0,0.000
2405.1,g1,tick,1000.0,0.000
2405.1,g2,tick,1000.0,0.000
2405.1,g4,tick,1000.0,0.000
2410.1,g1,tick,1000.0,0.000
2410.1,g2,tick,1000.0,0.000
2410.1,g4,tick,1000.0,0.000
2416.0,g1,tick,1000.0,0.000
2416.0,g2,tick,1000.0,0.000
2416.0,g4,tick,1000.0,0.000
2421.5,g1,tick,1000.0,0.000
2421.5,g2,tick,1000.0,0.000
2421.5,g4,tick,1000.0,0.000
2425.1,g1,tick,1000.0,0.000
2425.1,g2,tick,1000.0,0.000
2425.2,g4,tick,1000.0,0.000
2430.1,g1,tick,1000.0,0.000
2430.1,g2,tick,1000.0,0.000
2430.1,g4,tick,1000.0,0.000
2435.1,g1,tick,1000.0,0.000
2435.1,g2,tick,1000.0,0.000
2435.1,g4,tick,1000.0,0.000
2440.1,g1,tick,1000.0,0.000
2440.1,g2,tick,1000.0,0.000
2440.1,g4,tick,1000.0,0.000
2445.1,g1,tick,1000.0,0.000
2445.1,g2,tick,1000.0,0.000
2445.1,g4,tick,1000.0,0.000
2450.1,g1,tick,1000.0,0.000
2450.1,g2,tick,1000.0,0.000
2450.1,g4,tick,1000.0,0.000
2455.1,g1,tick,1000.0,0.000
2455.1,g2,tick,1000.0,0.000
2455.1,g4,tick,1000.0,0.000
2460.1,g1,tick,1000.0,0.000
2460.1,g2,tick,1000.0,0.000
2460.1,g4,tick,1000.0,0.000
2465.1,g1,tick,1000.0,0.000
2465.1,g2,tick,1000.0,0.000
2465.1,g4,tick,1000.0,0.000
2470.1,g1,tick,1000.0,0.000
2470.1,g2,tick,1000.0,0.000
2470.1,g4,tick,1000.0,0.000
2475.1,g1,tick,1000.0,0.000
2475.1,g2,tick,1000.0,0.000
2475.1,g4,tick,1000.0,0.000
2480.1,g1,tick,1000.0,0.000
2480.1,g2,tick,1000.0,0.000
2480.1,g4,tick,1000.0,0.000
2485.1,g1,tick,1000.0,0.000
2485.1,g2,tick,1000.0,0.000
2485.1,g4,tick,1000.0,0.000
2490.1,g1,tick,1000.0,0.000
2490.1,g2,tick,1000.0,0.000
2490.1,g4,tick,1000.0,0.000
2495.1,g1,tick,1000.0,0.000
2495.1,g2,tick,1000.0,0.000
2495.1,g4,tick,1000.0,0.000
2500.7,g1,tick,1000.0,0.000
2500.7,g2,tick,1000.0,0.000
2500.7,g4,tick,1000.0,0.000
2505.1,g1,tick,1000.0,0.000
2505.1,g2,tick,1000.0,0.000
2505.1,g4,tick,1000.0,0.000
2511.0,g1,tick,1000.0,0.000
2511.0,g2,tick,1000.0,0.000
2511.0,g4,tick,1000.0,0.000
2515.1,g1,tick,1000.0,0.000
2515.1,g2,tick,1000.0,0.000
2515.1,g4,tick,1000.0,0.000
2520.1,g1,tick,1000.0,0.000
2520.1,g2,tick,1000.0,0.000
2520.1,g4,tick,1000.0,0.000
2525.1,g1,tick,1000.0,0.000
2525.1,g2,tick,1000.0,0.000
2525.1,g4,tick,1000.0,0.000
2530.1,g1,tick,1000.0,0.000
2530.1,g2,tick,1000.0,0.000
2530.1,g4,tick,1000.0,0.000
2535.8,g1,tick,1000.0,0.000
2535.8,g2,tick,1000.0,0.000
2535.8,g4,tick,1000.0,0.000
2540.1,g1,tick,1000.0,0.000
2540.1,g2,tick,1000.0,0.000
2540.1,g4,tick,1000.0,0.000
2545.1,g1,tick,1000.0,0.000
2545.1,g2,tick,1000.0,0.000
2545.1,g4,tick,1000.0,0.000
2550.1,g1,tick,1000.0,0.000
2550.1,g2,tick,1000.0,0.000
2550.1,g4,tick,1000.0,0.000
2556.6,g1,tick,1000.0,0.000
2556.6,g2,tick,1000.0,0.000
2556.6,g4,tick,1000.0,0.000
2560.1,g1,tick,1000.0,0.000
2560.1,g2,tick,1000.0,0.000
2560.1,g4,tick,1000.0,0.000
2565.1,g1,tick,1000.0,0.000
2565.1,g2,tick,1000.0,0.000
2565.1,g4,tick,1000.0,0.000
2570.1,g1,tick,1000.0,0.000
2570.1,g2,tick,1000.0,0.000
2570.1,g4,tick,1000.0,0.000
2575.1,g1,tick,1000.0,0.000
2575.1,g2,tick,1000.0,0.000
2575.1,g4,tick,1000.0,0.000
2580.6,g1,tick,1000.0,0.000
2580.6,g2,tick,1000.0,0.000
2580.7,g4,tick,1000.0,0.000
2585.1,g1,tick,1000.0,0.000
2585.1,g2,tick,1000.0,0.000
2585.1,g4,tick,1000.0,0.000
2591.8,g1,tick,1000.0,0.000
2591.8,g2,tick,1000.0,0.000
2591.8,g4,tick,1000.0,0.000
2596.7,g1,tick,1000.0,0.000
2596.7,g2,tick,1000.0,0.000
2596.7,g4,tick,1000.0,0.000
2600.1,g1,tick,1000.0,0.000
2600.1,g2,tick,1000.0,0.000
2600.1,g4,tick,1000.0,0.000
2605.1,g1,tick,1000.0,0.000
2605.1,g2,tick,1000.0,0.000
2605.1,g4,tick,1000.0,0.000
2610.1,g1,tick,1000.0,0.000
2610.1,g2,tick,1000.0,0.000
2610.1,g4,tick,1000.0,0.000
2615.1,g1,tick,1000.0,0.000
2615.1,g2,tick,1000.0,0.000
2615.1,g4,tick,1000.0,0.000
2620.2,g1,tick,1000.0,0.000
2620.2,g2,tick,1000.0,0.000
2620.2,g4,tick,1000.0,0.000
2625.1,g1,tick,1000.0,0.000
2625.1,g2,tick,1000.0,0.000
2625.1,g4,tick,1000.0,0.000
2630.1,g1,tick,1000.0,0.000
2630.1,g2,tick,1000.0,0.000
2630.1,g4,tick,1000.0,0.000
2635.1,g1,tick,1000.0,0.000
2635.1,g2,tick,1000.0,0.000
2635.1,g4,tick,1000.0,0.000
2640.1,g1,tick,1000.0,0.000
2640.1,g2,tick,1000.0,0.000
2640.1,g4,tick,1000.0,0.000
2645.1,g1,tick,1000.0,0.000
2645.1,g2,tick,1000.0,0.000
2645.1,g4,tick,1000.0,0.000
2650.1,g1,tick,1000.0,0.000
2650.1,g2,tick,1000.0,0.000
2650.1,g4,tick,1000.0,0.000
2655.1,g1,tick,1000.0,0.000
2655.1,g2,tick,1000.0,0.000
2655.1,g4,tick,1000.0,0.000
2660.1,g1,tick,1000.0,0.000
2660.1,g2,tick,1000.0,0.000
2660.1,g4,tick,1000.0,0.000
2665.1,g1,tick,1000.0,0.000
2665.1,g2,tick,1000.0,0.000
2665.1,g4,tick,1000.0,0.000
2670.1,g1,tick,1000.0,0.000
2670.1,g2,tick,1000.0,0.000
2670.1,g4,tick,1000.0,0.000
2675.5,g1,tick,1000.0,0.000
2675.5,g2,tick,1000.0,0.000
2675.5,g4,tick,1000.0,0.000
2680.1,g1,tick,1000.0,0.000
2680.1,g2,tick,1000.0,0.000
2680.1,g4,tick,1000.0,0.000
2685.1,g1,tick,1000.0,0.000
2685.1,g2,tick,1000.0,0.000
2685.1,g4,tick,1000.0,0.000
2690.2,g1,tick,1000.0,0.000
2690.2,g2,tick,1000.0,0.000
2690.2,g4,tick,1000.0,0.000
2695.1,g1,tick,1000.0,0.000
2695.1,g2,tick,1000.0,0.000
2695.1,g4,tick,1000.0,0.000
2700.1,g1,tick,1000.0,0.000
2700.1,g2,tick,1000.0,0.000
2700.1,g4,tick,1000.0,0.000
2705.1,g1,tick,1000.0,0.000
2705.1,g2,tick,1000.0,0.000
2705.1,g4,tick,1000.0,0.000
2710.1,g1,tick,1000.0,0.000
2710.1,g2,tick,1000.0,0.000
2710.1,g4,tick,1000.0,0.000
2715.1,g1,tick,1000.0,0.000
2715.1,g2,tick,1000.0,0.000
2715.1,g4,tick,1000.0,0.000
2720.1,g1,tick,1000.0,0.000
2720.1,g2,tick,1000.0,0.000
2720.1,g4,tick,1000.0,0.000
2725.8,g1,tick,1000.0,0.000
2725.8,g2,tick,1000.0,0.000
2725.8,g4,tick,1000.0,0.000
2730.1,g1,tick,1000.0,0.000
2730.1,g2,tick,1000.0,0.000
2730.1,g4,tick,1000.0,0.000
2735.1,g1,tick,1000.0,0.000
2735.1,g2,tick,1000.0,0.000
2735.1,g4,tick,1000.0,0.000
2740.1,g1,tick,1000.0,0.000
2740.1,g2,tick,1000.0,0.000
2740.1,g4,tick,1000.0,0.000
2745.1,g1,tick,1000.0,0.000
2745.1,g2,tick,1000.0,0.000
2745.1,g4,tick,1000.0,0.000
2750.5,g1,tick,1000.0,0.000
2750.5,g2,tick,1000.0,0.000
2750.5,g4,tick,1000.0,0.000
2755.1,g1,tick,1000.0,0.000
2755.1,g2,tick,1000.0,0.000
2755.1,g4,tick,1000.0,0.000
2760.3,g1,tick,1000.0,0.000
2760.3,g2,tick,1000.0,0.000
2760.3,g4,tick,1000.0,0.000
2765.1,g1,tick,1000.0,0.000
2765.1,g2,tick,1000.0,0.000
2765.1,g4,tick,1000.0,0.000
2770.3,g1,tick,1000.0,0.000
2770.4,g2,tick,1000.0,0.000
2770.4,g4,tick,1000.0,0.000
2775.1,g1,tick,1000.0,0.000
2775.1,g2,tick,1000.0,0.000
2775.1,g4,tick,1000.0,0.000
2780.1,g1,tick,1000.0,0.000
2780.1,g2,tick,1000.0,0.000
2780.1,g4,tick,1000.0,0.000
2785.7,g1,tick,1000.0,0.000
2785.7,g2,tick,1000.0,0.000
2785.7,g4,tick,1000.0,0.000
2790.1,g1,tick,1000.0,0.000
2790.1,g2,tick,1000.0,0.000
2790.1,g4,tick,1000.0,0.000
2795.1,g1,tick,1000.0,0.000
2795.1,g2,tick,1000.0,0.000
2795.1,g4,tick,1000.0,0.000
2800.1,g1,tick,1000.0,0.000
2800.1,g2,tick,1000.0,0.000
2800.1,g4,tick,1000.0,0.000
2806.0,g1,tick,1000.0,0.000
2806.0,g2,tick,1000.0,0.000
2806.0,g4,tick,1000.0,0.000
2810.2,g1,tick,1000.0,0.000
2810.2,g2,tick,1000.0,0.000
2810.2,g4,tick,1000.0,0.000
2815.1,g1,tick,1000.0,0.000
2815.1,g2,tick,1000.0,0.000
2815.1,g4,tick,1000.0,0.000
2820.1,g1,tick,1000.0,0.000
2820.1,g2,tick,1000.0,0.000
2820.1,g4,tick,1000.0,0.000
2825.1,g1,tick,1000.0,0.000
2825.1,g2,tick,1000.0,0.000
2825.1,g4,tick,1000.0,0.000
2830.1,g1,tick,1000.0,0.000
2830.1,g2,tick,1000.0,0.000
2830.1,g4,tick,1000.0,0.000
2835.1,g1,tick,1000.0,0.000
2835.1,g2,tick,1000.0,0.000
2835.1,g4,tick,1000.0,0.000
2840.6,g1,tick,1000.0,0.000
2840.6,g2,tick,1000.0,0.000
2840.6,g4,tick,1000.0,0.000
2845.1,g1,tick,1000.0,0.000
2845.1,g2,tick,1000.0,0.000
2845.1,g4,tick,1000.0,0.000
2851.5,g1,tick,1000.0,0.000
2851.5,g2,tick,1000.0,0.000
2851.5,g4,tick,1000.0,0.000
2855.1,g1,tick,1000.0,0.000
2855.1,g2,tick,1000.0,0.000
2855.1,g4,tick,1000.0,0.000
2860.1,g1,tick,1000.0,0.000
2860.1,g2,tick,1000.0,0.000
2860.1,g4,tick,1000.0,0.000
2865.1,g1,tick,1000.0,0.000
2865.1,g2,tick,1000.0,0.000
2865.1,g4,tick,1000.0,0.000
2870.1,g1,tick,1000.0,0.000
2870.1,g2,tick,1000.0,0.000
2870.1,g4,tick,1000.0,0.000
2875.8,g1,tick,1000.0,0.000
2875.8,g2,tick,1000.0,0.000
2875.9,g4,tick,1000.0,0.000
2880.1,g1,tick,1000.0,0.000
2880.1,g2,tick,1000.0,0.000
2880.1,g4,tick,1000.0,0.000
2885.1,g1,tick,1000.0,0.000
2885.1,g2,tick,1000.0,0.000
2885.1,g4,tick,1000.0,0.000
2890.4,g1,tick,1000.0,0.000
2890.4,g2,tick,1000.0,0.000
2890.4,g4,tick,1000.0,0.000
2895.6,g1,tick,1000.0,0.000
2895.6,g2,tick,1000.0,0.000
2895.6,g4,tick,1000.0,0.000
2900.1,g1,tick,1000.0,0.000
2900.1,g2,tick,1000.0,0.000
2900.1,g4,tick,1000.0,0.000
2905.1,g1,tick,1000.0,0.000
2905.1,g2,tick,1000.0,0.000
2905.1,g4,tick,1000.0,0.000
2910.1,g1,tick,1000.0,0.000
2910.1,g2,tick,1000.0,0.000
2910.1,g4,tick,1000.0,0.000
2915.1,g1,tick,1000.0,0.000
2915.1,g2,tick,1000.0,0.000
2915.1,g4,tick,1000.0,0.000
2920.1,g1,tick,1000.0,0.000
2920.1,g2,tick,1000.0,0.000
2920.1,g4,tick,1000.0,0.000
2925.7,g1,tick,1000.0,0.000
2925.7,g2,tick,1000.0,0.000
2925.7,g4,tick,1000.0,0.000
2930.1,g1,tick,1000.0,0.000
2930.1,g2,tick,1000.0,0.000
2930.1,g4,tick,1000.0,0.000
2935.2,g1,tick,1000.0,0.000
2935.2,g2,tick,1000.0,0.000
2935.2,g4,tick,1000.0,0.000
2940.1,g1,tick,1000.0,0.000
2940.1,g2,tick,1000.0,0.000
2940.1,g4,tick,1000.0,0.000
2945.1,g1,tick,1000.0,0.000
2945.1,g2,tick,1000.0,0.000
2945.1,g4,tick,1000.0,0.000
2950.1,g1,tick,1000.0,0.000
2950.1,g2,tick,1000.0,0.000
2950.1,g4,tick,1000.0,0.000
2955.5,g1,tick,1000.0,0.000
2955.5,g2,tick,1000.0,0.000
2955.5,g4,tick,1000.0,0.000
2960.1,g1,tick,1000.0,0.000
2960.1,g2,tick,1000.0,0.000
2960.1,g4,tick,1000.0,0.000
2965.1,g1,tick,1000.0,0.000
2965.1,g2,tick,1000.0,0.000
2965.1,g4,tick,1000.0,0.000
2970.1,g1,tick,1000.0,0.000
2970.1,g2,tick,1000.0,0.000
2970.1,g4,tick,1000.0,0.000
2975.1,g1,tick,1000.0,0.000
2975.1,g2,tick,1000.0,0.000
2975.1,g4,tick,1000.0,0.000
2980.2,g1,tick,1000.0,0.000
2980.2,g2,tick,1000.0,0.000
2980.2,g4,tick,1000.0,0.000
2986.7,g1,tick,1000.0,0.000
2986.7,g2,tick,1000.0,0.000
2986.7,g4,tick,1000.0,0.000
2990.1,g1,tick,1000.0,0.000
2990.1,g2,tick,1000.0,0.000
2990.1,g4,tick,1000.0,0.000
2995.1,g1,tick,1000.0,0.000
2995.1,g2,tick,1000.0,0.000
2995.1,g4,tick,1000.0,0.000
3000.2,g1,tick,1000.0,0.000
3000.2,g2,tick,1000.0,0.000
3000.2,g4,tick,1000.0,0.000
3005.4,g1,tick,1000.0,0.000
3005.4,g2,tick,1000.0,0.000
3005.4,g4,tick,1000.0,0.000
3010.9,g1,tick,1000.0,0.000
3011.0,g2,tick,1000.0,0.000
3011.0,g4,tick,1000.0,0.000
3015.1,g1,tick,1000.0,0.000
3015.1,g2,tick,1000.0,0.000
3015.1,g4,tick,1000.0,0.000
3020.1,g1,tick,1000.0,0.000
3020.1,g2,tick,1000.0,0.000
3020.1,g4,tick,1000.0,0.000
3025.1,g1,tick,1000.0,0.000
3025.1,g2,tick,1000.0,0.000
3025.1,g4,tick,1000.0,0.000
3030.8,g1,tick,1000.0,0.000
3030.8,g2,tick,1000.0,0.000
3030.8,g4,tick,1000.0,0.000
3035.1,g1,tick,1000.0,0.000
3035.1,g2,tick,1000.0,0.000
3035.1,g4,tick,1000.0,0.000
3040.1,g1,tick,1000.0,0.000
3040.1,g2,tick,1000.0,0.000
3040.1,g4,tick,1000.0,0.000
3047.0,g1,tick,1000.0,0.000
3047.0,g2,tick,1000.0,0.000
3047.0,g4,tick,1000.0,0.000
3050.1,g1,tick,1000.0,0.000
3050.1,g2,tick,1000.0,0.000
3050.1,g4,tick,1000.0,0.000
3055.1,g1,tick,1000.0,0.000
3055.1,g2,tick,1000.0,0.000
3055.1,g4,tick,1000.0,0.000
3060.1,g1,tick,1000.0,0.000
3060.1,g2,tick,1000.0,0.000
3060.1,g4,tick,1000.0,0.000
3065.1,g1,tick,1000.0,0.000
3065.1,g2,tick,1000.0,0.000
3065.1,g4,tick,1000.0,0.000
3070.1,g1,tick,1000.0,0.000
3070.1,g2,tick,1000.0,0.000
3070.1,g4,tick,1000.0,0.000
3075.9,g1,tick,1000.0,0.000
3075.9,g2,tick,1000.0,0.000
3075.9,g4,tick,1000.0,0.000
3080.1,g1,tick,1000.0,0.000
3080.1,g2,tick,1000.0,0.000
3080.1,g4,tick,1000.0,0.000
3085.1,g1,tick,1000.0,0.000
3085.1,g2,tick,1000.0,0.000
3085.1,g4,tick,1000.0,0.000
3090.1,g1,tick,1000.0,0.000
3090.1,g2,tick,1000.0,0.000
3090.1,g4,tick,1000.0,0.000
3095.3,g1,tick,1000.0,0.000
3095.3,g2,tick,1000.0,0.000
3095.3,g4,tick,1000.0,0.000
3100.1,g1,tick,1000.0,0.000
3100.1,g2,tick,1000.0,0.000
3100.1,g4,tick,1000.0,0.000
3105.1,g1,tick,1000.0,0.000
3105.1,g2,tick,1000.0,0.000
3105.1,g4,tick,1000.0,0.000
3110.1,g1,tick,1000.0,0.000
3110.1,g2,tick,1000.0,0.000
3110.1,g4,tick,1000.0,0.000
3115.1,g1,tick,1000.0,0.000
3115.1,g2,tick,1000.0,0.000
3115.1,g4,tick,1000.0,0.000
3120.1,g1,tick,1000.0,0.000
3120.1,g2,tick,1000.0,0.000
3120.1,g4,tick,1000.0,0.000
3125.1,g1,tick,1000.0,0.000
3125.1,g2,tick,1000.0,0.000
3125.1,g4,tick,1000.0,0.000
3130.2,g1,tick,1000.0,0.000
3130.3,g2,tick,1000.0,0.000
3130.3,g4,tick,1000.0,0.000
3135.1,g1,tick,1000.0,0.000
3135.1,g2,tick,1000.0,0.000
3135.1,g4,tick,1000.0,0.000
3140.4,g1,tick,1000.0,0.000
3140.4,g2,tick,1000.0,0.000
3140.4,g4,tick,1000.0,0.000
3145.1,g1,tick,1000.0,0.000
3145.1,g2,tick,1000.0,0.000
3145.1,g4,tick,1000.0,0.000
3150.1,g1,tick,1000.0,0.000
3150.1,g2,tick,1000.0,0.000
3150.1,g4,tick,1000.0,0.000
3155.1,g1,tick,1000.0,0.000
3155.1,g2,tick,1000.0,0.000
3155.1,g4,tick,1000.0,0.000
3160.1,g1,tick,1000.0,0.000
3160.1,g2,tick,1000.0,0.000
3160.1,g4,tick,1000.0,0.000
3165.1,g1,tick,1000.0,0.000
3165.1,g2,tick,1000.0,0.000
3165.1,g4,tick,1000.0,0.000
3170.1,g1,tick,1000.0,0.000
3170.1,g2,tick,1000.0,0.000
3170.1,g4,tick,1000.0,0.000
3175.1,g1,tick,1000.0,0.000
3175.1,g2,tick,1000.0,0.000
3175.1,g4,tick,1000.0,0.000
3180.1,g1,tick,1000.0,0.000
3180.1,g2,tick,1000.0,0.000
3180.1,g4,tick,1000.0,0.000
3185.1,g1,tick,1000.0,0.000
3185.1,g2,tick,1000.0,0.000
3185.1,g4,tick,1000.0,0.000
3190.2,g1,tick,1000.0,0.000
3190.2,g2,tick,1000.0,0.000
3190.2,g4,tick,1000.0,0.000
3195.1,g1,tick,1000.0,0.000
3195.1,g2,tick,1000.0,0.000
3195.1,g4,tick,1000.0,0.000
3200.1,g1,tick,1000.0,0.000
3200.1,g2,tick,1000.0,0.000
3200.1,g4,tick,1000.0,0.000
3205.1,g1,tick,1000.0,0.000
3205.1,g2,tick,1000.0,0.000
3205.1,g4,tick,1000.0,0.000
3210.1,g1,tick,1000.0,0.000
3210.1,g2,tick,1000.0,0.000
3210.1,g4,tick,1000.0,0.000
3215.9,g1,tick,1000.0,0.000
3215.9,g2,tick,1000.0,0.000
3215.9,g4,tick,1000.0,0.000
3220.1,g1,tick,1000.0,0.000
3220.1,g2,tick,1000.0,0.000
3220.1,g4,tick,1000.0,0.000
3225.1,g1,tick,1000.0,0.000
3225.1,g2,tick,1000.0,0.000
3225.1,g4,tick,1000.0,0.000
3230.1,g1,tick,1000.0,0.000
3230.1,g2,tick,1000.0,0.000
3230.1,g4,tick,1000.0,0.000
3235.1,g1,tick,1000.0,0.000
3235.1,g2,tick,1000.0,0.000
3235.1,g4,tick,1000.0,0.000
3241.0,g1,tick,1000.0,0.000
3241.0,g2,tick,1000.0,0.000
3241.0,g4,tick,1000.0,0.000
3245.1,g1,tick,1000.0,0.000
3245.1,g2,tick,1000.0,0.000
3245.1,g4,tick,1000.0,0.000
3250.1,g1,tick,1000.0,0.000
3250.1,g2,tick,1000.0,0.000
3250.1,g4,tick,1000.0,0.000
3255.1,g1,tick,1000.0,0.000
3255.1,g2,tick,1000.0,0.000
3255.1,g4,tick,1000.0,0.000
3260.1,g1,tick,1000.0,0.000
3260.1,g2,tick,1000.0,0.000
3260.1,g4,tick,1000.0,0.000
3265.1,g1,tick,1000.0,0.000
3265.1,g2,tick,1000.0,0.000
3265.1,g4,tick,1000.0,0.000
3270.1,g1,tick,1000.0,0.000
3270.1,g2,tick,1000.0,0.000
3270.1,g4,tick,1000.0,0.000
3275.1,g1,tick,1000.0,0.000
3275.1,g2,tick,1000.0,0.000
3275.1,g4,tick,1000.0,0.000
3280.1,g1,tick,1000.0,0.000
3280.1,g2,tick,1000.0,0.000
3280.1,g4,tick,1000.0,0.000
3285.1,g1,tick,1000.0,0.000
3285.1,g2,tick,1000.0,0.000
3285.1,g4,tick,1000.0,0.000
3290.1,g1,tick,1000.0,0.000
3290.1,g2,tick,1000.0,0.000
3290.1,g4,tick,1000.0,0.000
3295.1,g1,tick,1000.0,0.000
3295.1,g2,tick,1000.0,0.000
3295.1,g4,tick,1000.0,0.000
3300.1,g1,tick,1000.0,0.000
3300.1,g2,tick,1000.0,0.000
3300.1,g4,tick,1000.0,0.000
3305.6,g1,tick,1000.0,0.000
3305.6,g2,tick,1000.0,0.000
3305.6,g4,tick,1000.0,0.000
3310.1,g1,tick,1000.0,0.000
3310.1,g2,tick,1000.0,0.000
3310.1,g4,tick,1000.0,0.000
3316.8,g1,tick,1000.0,0.000
3316.8,g2,tick,1000.0,0.000
3316.8,g4,tick,1000.0,0.000
3320.1,g1,tick,1000.0,0.000
3320.1,g2,tick,1000.0,0.000
3320.1,g4,tick,1000.0,0.000
3325.1,g1,tick,1000.0,0.000
3325.1,g2,tick,1000.0,0.000
3325.1,g4,tick,1000.0,0.000
3330.1,g1,tick,1000.0,0.000
3330.1,g2,tick,1000.0,0.000
3330.1,g4,tick,1000.0,0.000
3335.1,g1,tick,1000.0,0.000
3335.1,g2,tick,1000.0,0.000
3335.1,g4,tick,1000.0,0.000
3340.1,g1,tick,1000.0,0.000
3340.1,g2,tick,1000.0,0.000
3340.1,g4,tick,1000.0,0.000
3345.7,g1,tick,1000.0,0.000
3345.7,g2,tick,1000.0,0.000
3345.7,g4,tick,1000.0,0.000
3350.1,g1,tick,1000.0,0.000
3350.1,g2,tick,1000.0,0.000
3350.1,g4,tick,1000.0,0.000
3355.1,g1,tick,1000.0,0.000
3355.1,g2,tick,1000.0,0.000
3355.1,g4,tick,1000.0,0.000
3360.1,g1,tick,1000.0,0.000
3360.1,g2,tick,1000.0,0.000
3360.1,g4,tick,1000.0,0.000
3365.1,g1,tick,1000.0,0.000
3365.1,g2,tick,1000.0,0.000
3365.1,g4,tick,1000.0,0.000
3370.1,g1,tick,1000.0,0.000
3370.1,g2,tick,1000.0,0.000
3370.1,g4,tick,1000.0,0.000
3375.1,g1,tick,1000.0,0.000
3375.1,g2,tick,1000.0,0.000
3375.1,g4,tick,1000.0,0.000
3382.0,g1,tick,1000.0,0.000
3382.0,g2,tick,1000.0,0.000
3382.0,g4,tick,1000.0,0.000
3385.2,g1,tick,1000.0,0.000
3385.2,g2,tick,1000.0,0.000
3385.2,g4,tick,1000.0,0.000
3390.1,g1,tick,1000.0,0.000
3390.1,g2,tick,1000.0,0.000
3390.1,g4,tick,1000.0,0.000
3395.5,g1,tick,1000.0,0.000
3395.5,g2,tick,1000.0,0.000
3395.5,g4,tick,1000.0,0.000
3400.1,g1,tick,1000.0,0.000
3400.1,g2,tick,1000.0,0.000
3400.1,g4,tick,1000.0,0.000
3406.5,g1,tick,1000.0,0.000
3406.5,g2,tick,1000.0,0.000
3406.5,g4,tick,1000.0,0.000
3410.1,g1,tick,1000.0,0.000
3410.1,g2,tick,1000.0,0.000
3410.1,g4,tick,1000.0,0.000
3415.1,g1,tick,1000.0,0.000
3415.1,g2,tick,1000.0,0.000
3415.1,g4,tick,1000.0,0.000
3420.1,g1,tick,1000.0,0.000
3420.1,g2,tick,1000.0,0.000
3420.1,g4,tick,1000.0,0.000
3425.1,g1,tick,1000.0,0.000
3425.1,g2,tick,1000.0,0.000
3425.1,g4,tick,1000.0,0.000
3430.1,g1,tick,1000.0,0.000
3430.1,g2,tick,1000.0,0.000
3430.1,g4,tick,1000.0,0.000
3435.1,g1,tick,1000.0,0.000
3435.1,g2,tick,1000.0,0.000
3435.1,g4,tick,1000.0,0.000
3440.1,g1,tick,1000.0,0.000
3440.1,g2,tick,1000.0,0.000
3440.1,g4,tick,1000.0,0.000
3447.0,g1,tick,1000.0,0.000
3447.0,g2,tick,1000.0,0.000
3447.0,g4,tick,1000.0,0.000
3450.1,g1,tick,1000.0,0.000
3450.1,g2,tick,1000.0,0.000
3450.1,g4,tick,1000.0,0.000
3455.2,g1,tick,1000.0,0.000
3455.2,g2,tick,1000.0,0.000
3455.2,g4,tick,1000.0,0.000
3460.1,g1,tick,1000.0,0.000
3460.1,g2,tick,1000.0,0.000
3460.1,g4,tick,1000.0,0.000
3465.1,g1,tick,1000.0,0.000
3465.1,g2,tick,1000.0,0.000
3465.1,g4,tick,1000.0,0.000
3470.1,g1,tick,1000.0,0.000
3470.1,g2,tick,1000.0,0.000
3470.1,g4,tick,1000.0,0.000
3476.6,g1,tick,1000.0,0.000
3476.6,g2,tick,1000.0,0.000
3476.6,g4,tick,1000.0,0.000
3480.1,g1,tick,1000.0,0.000
3480.1,g2,tick,1000.0,0.000
3480.1,g4,tick,1000.0,0.000
3485.1,g1,tick,1000.0,0.000
3485.1,g2,tick,1000.0,0.000
3485.1,g4,tick,1000.0,0.000
3490.1,g1,tick,1000.0,0.000
3490.1,g2,tick,1000.0,0.000
3490.1,g4,tick,1000.0,0.000
3495.1,g1,tick,1000.0,0.000
3495.1,g2,tick,1000.0,0.000
3495.1,g4,tick,1000.0,0.000
3500.1,g1,tick,1000.0,0.000
3500.1,g2,tick,1000.0,0.000
3500.1,g4,tick,1000.0,0.000
3505.1,g1,tick,1000.0,0.000
3505.1,g2,tick,1000.0,0.000
3505.1,g4,tick,1000.0,0.000
3510.6,g1,tick,1000.0,0.000
3510.6,g2,tick,1000.0,0.000
3510.6,g4,tick,1000.0,0.000
3515.1,g1,tick,1000.0,0.000
3515.1,g2,tick,1000.0,0.000
3515.1,g4,tick,1000.0,0.000
3520.4,g1,tick,1000.0,0.000
3520.5,g2,tick,1000.0,0.000
3520.5,g4,tick,1000.0,0.000
3525.1,g1,tick,1000.0,0.000
3525.1,g2,tick,1000.0,0.000
3525.1,g4,tick,1000.0,0.000
3530.1,g1,tick,1000.0,0.000
3530.1,g2,tick,1000.0,0.000
3530.1,g4,tick,1000.0,0.000
3535.1,g1,tick,1000.0,0.000
3535.1,g2,tick,1000.0,0.000
3535.1,g4,tick,1000.0,0.000
3541.2,g1,tick,1000.0,0.000
3541.2,g2,tick,1000.0,0.000
3541.2,g4,tick,1000.0,0.000
3545.1,g1,tick,1000.0,0.000
3545.1,g2,tick,1000.0,0.000
3545.1,g4,tick,1000.0,0.000
3551.1,g1,tick,1000.0,0.000
3551.2,g2,tick,1000.0,0.000
3551.2,g4,tick,1000.0,0.000
3555.2,g1,tick,1000.0,0.000
3555.2,g2,tick,1000.0,0.000
3555.2,g4,tick,1000.0,0.000
3560.3,g1,tick,1000.0,0.000
3560.4,g2,tick,1000.0,0.000
3560.4,g4,tick,1000.0,0.000
3566.0,g1,tick,1000.0,0.000
3566.0,g2,tick,1000.0,0.000
3566.0,g4,tick,1000.0,0.000
3570.1,g1,tick,1000.0,0.000
3570.1,g2,tick,1000.0,0.000
3570.1,g4,tick,1000.0,0.000
3576.3,g1,tick,1000.0,0.000
3576.3,g2,tick,1000.0,0.000
3576.3,g4,tick,1000.0,0.000
3580.1,g1,tick,1000.0,0.000
3580.1,g2,tick,1000.0,0.000
3580.1,g4,tick,1000.0,0.000
3585.1,g1,tick,1000.0,0.000
3585.1,g2,tick,1000.0,0.000
3585.1,g4,tick,1000.0,0.000
3590.1,g1,tick,1000.0,0.000
3590.1,g2,tick,1000.0,0.000
3590.1,g4,tick,1000.0,0.000
3596.6,g1,tick,1000.0,0.000
3596.7,g2,tick,1000.0,0.000
3596.7,g4,tick,1000.0,0.000
3600.2,g1,tick,1000.0,0.000
3600.2,g2,tick,1000.0,0.000
3600.2,g4,tick,1000.0,0.000
3605.1,g1,tick,1000.0,0.000
3605.1,g2,tick,1000.0,0.000
3605.1,g4,tick,1000.0,0.000
3610.1,g1,tick,1000.0,0.000
3610.1,g2,tick,1000.0,0.000
3610.1,g4,tick,1000.0,0.000
3615.1,g1,tick,1000.0,0.000
3615.1,g2,tick,1000.0,0.000
3615.1,g4,tick,1000.0,0.000
3620.1,g1,tick,1000.0,0.000
3620.1,g2,tick,1000.0,0.000
3620.2,g4,tick,1000.0,0.000
3625.1,g1,tick,1000.0,0.000
3625.1,g2,tick,1000.0,0.000
3625.1,g4,tick,1000.0,0.000
3630.1,g1,tick,1000.0,0.000
3630.1,g2,tick,1000.0,0.000
3630.1,g4,tick,1000.0,0.000
3635.1,g1,tick,1000.0,0.000
3635.1,g2,tick,1000.0,0.000
3635.1,g4,tick,1000.0,0.000
3640.1,g1,tick,1000.0,0.000
3640.1,g2,tick,1000.0,0.000
3640.1,g4,tick,1000.0,0.000
3646.0,g1,tick,1000.0,0.000
3646.0,g2,tick,1000.0,0.000
3646.0,g4,tick,1000.0,0.000
3650.7,g1,tick,1000.0,0.000
3650.7,g2,tick,1000.0,0.000
3650.7,g4,tick,1000.0,0.000
3655.1,g1,tick,1000.0,0.000
3655.1,g2,tick,1000.0,0.000
3655.1,g4,tick,1000.0,0.000
3660.1,g1,tick,1000.0,0.000
3660.1,g2,tick,1000.0,0.000
3660.1,g4,tick,1000.0,0.000
3665.2,g1,tick,1000.0,0.000
3665.2,g2,tick,1000.0,0.000
3665.2,g4,tick,1000.0,0.000
3670.1,g1,tick,1000.0,0.000
3670.1,g2,tick,1000.0,0.000
3670.1,g4,tick,1000.0,0.000
3675.1,g1,tick,1000.0,0.000
3675.1,g2,tick,1000.0,0.000
3675.1,g4,tick,1000.0,0.000
3680.1,g1,tick,1000.0,0.000
3680.1,g2,tick,1000.0,0.000
3680.1,g4,tick,1000.0,0.000
3685.1,g1,tick,1000.0,0.000
3685.1,g2,tick,1000.0,0.000
3685.1,g4,tick,1000.0,0.000
3690.1,g1,tick,1000.0,0.000
3690.1,g2,tick,1000.0,0.000
3690.1,g4,tick,1000.0,0.000
3695.1,g1,tick,1000.0,0.000
3695.1,g2,tick,1000.0,0.000
3695.1,g4,tick,1000.0,0.000
3701.4,g1,tick,1000.0,0.000
3701.4,g2,tick,1000.0,0.000
3701.4,g4,tick,1000.0,0.000
3705.1,g1,tick,1000.0,0.000
3705.1,g2,tick,1000.0,0.000
3705.1,g4,tick,1000.0,0.000
3710.1,g1,tick,1000.0,0.000
3710.1,g2,tick,1000.0,0.000
3710.1,g4,tick,1000.0,0.000
3715.1,g1,tick,1000.0,0.000
3715.1,g2,tick,1000.0,0.000
3715.1,g4,tick,1000.0,0.000
3720.1,g1,tick,1000.0,0.000
3720.1,g2,tick,1000.0,0.000
3720.1,g4,tick,1000.0,0.000
3725.1,g1,tick,1000.0,0.000
3725.1,g2,tick,1000.0,0.000
3725.1,g4,tick,1000.0,0.000
3731.9,g1,tick,1000.0,0.000
3731.9,g2,tick,1000.0,0.000
3731.9,g4,tick,1000.0,0.000
3735.1,g1,tick,1000.0,0.000
3735.2,g2,tick,1000.0,0.000
3735.2,g4,tick,1000.0,0.000
3740.4,g1,tick,1000.0,0.000
3740.4,g2,tick,1000.0,0.000
3740.4,g4,tick,1000.0,0.000
3745.7,g1,tick,1000.0,0.000
3745.8,g2,tick,1000.0,0.000
3745.8,g4,tick,1000.0,0.000
3750.1,g1,tick,1000.0,0.000
3750.1,g2,tick,1000.0,0.000
3750.1,g4,tick,1000.0,0.000
3755.2,g1,tick,1000.0,0.000
3755.2,g2,tick,1000.0,0.000
3755.2,g4,tick,1000.0,0.000
3760.8,g1,tick,1000.0,0.000
3760.8,g2,tick,1000.0,0.000
3760.8,g4,tick,1000.0,0.000
3765.1,g1,tick,1000.0,0.000
3765.1,g2,tick,1000.0,0.000
3765.1,g4,tick,1000.0,0.000
3770.8,g1,tick,1000.0,0.000
3770.8,g2,tick,1000.0,0.000
3770.9,g4,tick,1000.0,0.000
3775.1,g1,tick,1000.0,0.000
3775.1,g2,tick,1000.0,0.000
3775.1,g4,tick,1000.0,0.000
3780.1,g1,tick,1000.0,0.000
3780.1,g2,tick,1000.0,0.000
3780.1,g4,tick,1000.0,0.000
3785.4,g1,tick,1000.0,0.000
3785.4,g2,tick,1000.0,0.000
3785.4,g4,tick,1000.0,0.000
3790.1,g1,tick,1000.0,0.000
3790.1,g2,tick,1000.0,0.000
3790.1,g4,tick,1000.0,0.000
3795.2,g1,tick,1000.0,0.000
3795.2,g2,tick,1000.0,0.000
3795.2,g4,tick,1000.0,0.000
3800.1,g1,tick,1000.0,0.000
3800.1,g2,tick,1000.0,0.000
3800.1,g4,tick,1000.0,0.000
3805.1,g1,tick,1000.0,0.000
3805.1,g2,tick,1000.0,0.000
3805.1,g4,tick,1000.0,0.000
3810.1,g1,tick,1000.0,0.000
3810.1,g2,tick,1000.0,0.000
3810.1,g4,tick,1000.0,0.000
3815.1,g1,tick,1000.0,0.000
3815.1,g2,tick,1000.0,0.000
3815.1,g4,tick,1000.0,0.000
3820.1,g1,tick,1000.0,0.000
3820.1,g2,tick,1000.0,0.000
3820.1,g4,tick,1000.0,0.000
3825.9,g1,tick,1000.0,0.000
3826.0,g2,tick,1000.0,0.000
3826.0,g4,tick,1000.0,0.000
3830.1,g1,tick,1000.0,0.000
3830.1,g2,tick,1000.0,0.000
3830.1,g4,tick,1000.0,0.000
3835.1,g1,tick,1000.0,0.000
3835.1,g2,tick,1000.0,0.000
3835.1,g4,tick,1000.0,0.000
3840.1,g1,tick,1000.0,0.000
3840.1,g2,tick,1000.0,0.000
3840.1,g4,tick,1000.0,0.000
3845.1,g1,tick,1000.0,0.000
3845.2,g2,tick,1000.0,0.000
3845.2,g4,tick,1000.0,0.000
3850.1,g1,tick,1000.0,0.000
3850.1,g2,tick,1000.0,0.000
3850.1,g4,tick,1000.0,0.000
3855.1,g1,tick,1000.0,0.000
3855.1,g2,tick,1000.0,0.000
3855.1,g4,tick,1000.0,0.000
3860.7,g1,tick,1000.0,0.000
3860.7,g2,tick,1000.0,0.000
3860.7,g4,tick,1000.0,0.000
3865.1,g1,tick,1000.0,0.000
3865.1,g2,tick,1000.0,0.000
3865.1,g4,tick,1000.0,0.000
3870.1,g1,tick,1000.0,0.000
3870.1,g2,tick,1000.0,0.000
3870.1,g4,tick,1000.0,0.000
3875.1,g1,tick,1000.0,0.000
3875.1,g2,tick,1000.0,0.000
3875.1,g4,tick,1000.0,0.000
3880.1,g1,tick,1000.0,0.000
3880.1,g2,tick,1000.0,0.000
3880.1,g4,tick,1000.0,0.000
3885.1,g1,tick,1000.0,0.000
3885.1,g2,tick,1000.0,0.000
3885.1,g4,tick,1000.0,0.000
3890.1,g1,tick,1000.0,0.000
3890.1,g2,tick,1000.0,0.000
3890.1,g4,tick,1000.0,0.000
3896.0,g1,tick,1000.0,0.000
3896.0,g2,tick,1000.0,0.000
3896.0,g4,tick,1000.0,0.000
3900.1,g1,tick,1000.0,0.000
3900.1,g2,tick,1000.0,0.000
3900.1,g4,tick,1000.0,0.000
3905.1,g1,tick,1000.0,0.000
3905.1,g2,tick,1000.0,0.000
3905.1,g4,tick,1000.0,0.000
3910.5,g1,tick,1000.0,0.000
3910.5,g2,tick,1000.0,0.000
3910.5,g4,tick,1000.0,0.000
3915.1,g1,tick,1000.0,0.000
3915.1,g2,tick,1000.0,0.000
3915.1,g4,tick,1000.0,0.000
3920.1,g1,tick,1000.0,0.000
3920.1,g2,tick,1000.0,0.000
3920.1,g4,tick,1000.0,0.000
3925.1,g1,tick,1000.0,0.000
3925.1,g2,tick,1000.0,0.000
3925.1,g4,tick,1000.0,0.000
3930.1,g1,tick,1000.0,0.000
3930.1,g2,tick,1000.0,0.000
3930.1,g4,tick,1000.0,0.000
3935.1,g1,tick,1000.0,0.000
3935.1,g2,tick,1000.0,0.000
3935.1,g4,tick,1000.0,0.000
3940.1,g1,tick,1000.0,0.000
3940.1,g2,tick,1000.0,0.000
3940.1,g4,tick,1000.0,0.000
3945.1,g1,tick,1000.0,0.000
3945.1,g2,tick,1000.0,0.000
3945.1,g4,tick,1000.0,0.000
3950.1,g1,tick,1000.0,0.000
3950.1,g2,tick,1000.0,0.000
3950.1,g4,tick,1000.0,0.000
3955.1,g1,tick,1000.0,0.000
3955.1,g2,tick,1000.0,0.000
3955.1,g4,tick,1000.0,0.000
3960.2,g1,tick,1000.0,0.000
3960.2,g2,tick,1000.0,0.000
3960.2,g4,tick,1000.0,0.000
3965.1,g1,tick,1000.0,0.000
3965.1,g2,tick,1000.0,0.000
3965.1,g4,tick,1000.0,0.000
3970.1,g1,tick,1000.0,0.000
3970.1,g2,tick,1000.0,0.000
3970.1,g4,tick,1000.0,0.000
3975.1,g1,tick,1000.0,0.000
3975.1,g2,tick,1000.0,0.000
3975.1,g4,tick,1000.0,0.000
3980.1,g1,tick,1000.0,0.000
3980.1,g2,tick,1000.0,0.000
3980.1,g4,tick,1000.0,0.000
3985.1,g1,tick,1000.0,0.000
3985.1,g2,tick,1000.0,0.000
3985.1,g4,tick,1000.0,0.000
3990.1,g1,tick,1000.0,0.000
3990.1,g2,tick,1000.0,0.000
3990.1,g4,tick,1000.0,0.000
3995.1,g1,tick,1000.0,0.000
3995.1,g2,tick,1000.0,0.000
3995.1,g4,tick,1000.0,0.000
4000.1,g1,tick,1000.0,0.000
4000.1,g2,tick,1000.0,0.000
4000.1,g4,tick,1000.0,0.000
4005.1,g1,tick,1000.0,0.000
4005.1,g2,tick,1000.0,0.000
4005.1,g4,tick,1000.0,0.000
4010.1,g1,tick,1000.0,0.000
4010.1,g2,tick,1000.0,0.000
4010.1,g4,tick,1000.0,0.000
4015.5,g1,tick,1000.0,0.000
4015.5,g2,tick,1000.0,0.000
4015.5,g4,tick,1000.0,0.000
4020.2,g1,tick,1000.0,0.000
4020.2,g2,tick,1000.0,0.000
4020.2,g4,tick,1000.0,0.000
4025.1,g1,tick,1000.0,0.000
4025.1,g2,tick,1000.0,0.000
4025.1,g4,tick,1000.0,0.000
4030.1,g1,tick,1000.0,0.000
4030.1,g2,tick,1000.0,0.000
4030.1,g4,tick,1000.0,0.000
4035.2,g1,tick,1000.0,0.000
4035.2,g2,tick,1000.0,0.000
4035.2,g4,tick,1000.0,0.000
4040.1,g1,tick,1000.0,0.000
4040.1,g2,tick,1000.0,0.000
4040.1,g4,tick,1000.0,0.000
4045.2,g1,tick,1000.0,0.000
4045.2,g2,tick,1000.0,0.000
4045.2,g4,tick,1000.0,0.000
4050.1,g1,tick,1000.0,0.000
4050.1,g2,tick,1000.0,0.000
4050.1,g4,tick,1000.0,0.000
4055.1,g1,tick,1000.0,0.000
4055.1,g2,tick,1000.0,0.000
4055.1,g4,tick,1000.0,0.000
4060.1,g1,tick,1000.0,0.000
4060.1,g2,tick,1000.0,0.000
4060.1,g4,tick,1000.0,0.000
4065.1,g1,tick,1000.0,0.000
4065.1,g2,tick,1000.0,0.000
4065.1,g4,tick,1000.0,0.000
4070.1,g1,tick,1000.0,0.000
4070.1,g2,tick,1000.0,0.000
4070.1,g4,tick,1000.0,0.000
4075.1,g1,tick,1000.0,0.000
4075.1,g2,tick,1000.0,0.000
4075.1,g4,tick,1000.0,0.000
4080.1,g1,tick,1000.0,0.000
4080.1,g2,tick,1000.0,0.000
4080.1,g4,tick,1000.0,0.000
4085.1,g1,tick,1000.0,0.000
4085.1,g2,tick,1000.0,0.000
4085.1,g4,tick,1000.0,0.000
4093.8,g1,tick,1000.0,0.000
4093.8,g2,tick,1000.0,0.000
4093.8,g4,tick,1000.0,0.000
4095.1,g1,tick,1000.0,0.000
4095.1,g2,tick,1000.0,0.000
4095.1,g4,tick,1000.0,0.000
4100.1,g1,tick,1000.0,0.000
4100.1,g2,tick,1000.0,0.000
4100.1,g4,tick,1000.0,0.000
4105.1,g1,tick,1000.0,0.000
4105.1,g2,tick,1000.0,0.000
4105.1,g4,tick,1000.0,0.000
4110.1,g1,tick,1000.0,0.000
4110.1,g2,tick,1000.0,0.000
4110.1,g4,tick,1000.0,0.000
4115.1,g1,tick,1000.0,0.000
4115.1,g2,tick,1000.0,0.000
4115.1,g4,tick,1000.0,0.000
4120.2,g1,tick,1000.0,0.000
4120.2,g2,tick,1000.0,0.000
4120.2,g4,tick,1000.0,0.000
4125.1,g1,tick,1000.0,0.000
4125.1,g2,tick,1000.0,0.000
4125.1,g4,tick,1000.0,0.000
4130.1,g1,tick,1000.0,0.000
4130.1,g2,tick,1000.0,0.000
4130.1,g4,tick,1000.0,0.000
4135.1,g1,tick,1000.0,0.000
4135.1,g2,tick,1000.0,0.000
4135.1,g4,tick,1000.0,0.000
4140.1,g1,tick,1000.0,0.000
4140.1,g2,tick,1000.0,0.000
4140.1,g4,tick,1000.0,0.000
4145.1,g1,tick,1000.0,0.000
4145.1,g2,tick,1000.0,0.000
4145.1,g4,tick,1000.0,0.000
4150.1,g1,tick,1000.0,0.000
4150.1,g2,tick,1000.0,0.000
4150.1,g4,tick,1000.0,0.000
4155.1,g1,tick,1000.0,0.000
4155.1,g2,tick,1000.0,0.000
4155.1,g4,tick,1000.0,0.000
4160.1,g1,tick,1000.0,0.000
4160.1,g2,tick,1000.0,0.000
4160.1,g4,tick,1000.0,0.000
4165.1,g1,tick,1000.0,0.000
4165.1,g2,tick,1000.0,0.000
4165.1,g4,tick,1000.0,0.000
4170.1,g1,tick,1000.0,0.000
4170.1,g2,tick,1000.0,0.000
4170.1,g4,tick,1000.0,0.000
4175.1,g1,tick,1000.0,0.000
4175.1,g2,tick,1000.0,0.000
4175.1,g4,tick,1000.0,0.000
4180.1,g1,tick,1000.0,0.000
4180.1,g2,tick,1000.0,0.000
4180.1,g4,tick,1000.0,0.000
4185.1,g1,tick,1000.0,0.000
4185.1,g2,tick,1000.0,0.000
4185.1,g4,tick,1000.0,0.000
4190.1,g1,tick,1000.0,0.000
4190.1,g2,tick,1000.0,0.000
4190.1,g4,tick,1000.0,0.000
4195.4,g1,tick,1000.0,0.000
4195.4,g2,tick,1000.0,0.000
4195.4,g4,tick,1000.0,0.000
4200.1,g1,tick,1000.0,0.000
4200.1,g2,tick,1000.0,0.000
4200.1,g4,tick,1000.0,0.000
4205.1,g1,tick,1000.0,0.000
4205.1,g2,tick,1000.0,0.000
4205.1,g4,tick,1000.0,0.000
4210.1,g1,tick,1000.0,0.000
4210.1,g2,tick,1000.0,0.000
4210.1,g4,tick,1000.0,0.000
4215.3,g1,tick,1000.0,0.000
4215.3,g2,tick,1000.0,0.000
4215.3,g4,tick,1000.0,0.000
4221.2,g1,tick,1000.0,0.000
4221.2,g2,tick,1000.0,0.000
4221.2,g4,tick,1000.0,0.000
4225.0,g1,tick,1000.0,0.000
4225.0,g2,tick,1000.0,0.000
4225.0,g4,tick,1000.0,0.000
4230.1,g1,tick,1000.0,0.000
4230.1,g2,tick,1000.0,0.000
4230.1,g4,tick,1000.0,0.000
4235.2,g1,tick,1000.0,0.000
4235.2,g2,tick,1000.0,0.000
4235.2,g4,tick,1000.0,0.000
4240.1,g1,tick,1000.0,0.000
4240.1,g2,tick,1000.0,0.000
4240.1,g4,tick,1000.0,0.000
4245.1,g1,tick,1000.0,0.000
4245.1,g2,tick,1000.0,0.000
4245.1,g4,tick,1000.0,0.000
4251.8,g1,tick,1000.0,0.000
4251.8,g2,tick,1000.0,0.000
4251.8,g4,tick,1000.0,0.000
4255.1,g1,tick,1000.0,0.000
4255.1,g2,tick,1000.0,0.000
4255.1,g4,tick,1000.0,0.000
4260.1,g1,tick,1000.0,0.000
4260.1,g2,tick,1000.0,0.000
4260.1,g4,tick,1000.0,0.000
4265.1,g1,tick,1000.0,0.000
4265.1,g2,tick,1000.0,0.000
4265.1,g4,tick,1000.0,0.000
4270.1,g1,tick,1000.0,0.000
4270.1,g2,tick,1000.0,0.000
4270.1,g4,tick,1000.0,0.000
4275.1,g1,tick,1000.0,0.000
4275.1,g2,tick,1000.0,0.000
4275.1,g4,tick,1000.0,0.000
4280.2,g1,tick,1000.0,0.000
4280.3,g2,tick,1000.0,0.000
4280.3,g4,tick,1000.0,0.000
4285.1,g1,tick,1000.0,0.000
4285.1,g2,tick,1000.0,0.000
4285.1,g4,tick,1000.0,0.000
4290.1,g1,tick,1000.0,0.000
4290.1,g2,tick,1000.0,0.000
4290.1,g4,tick,1000.0,0.000
4295.1,g1,tick,1000.0,0.000
4295.1,g2,tick,1000.0,0.000
4295.1,g4,tick,1000.0,0.000
4300.7,g1,tick,1000.0,0.000
4300.7,g2,tick,1000.0,0.000
4300.7,g4,tick,1000.0,0.000
4305.1,g1,tick,1000.0,0.000
4305.1,g2,tick,1000.0,0.000
4305.1,g4,tick,1000.0,0.000
4310.1,g1,tick,1000.0,0.000
4310.1,g2,tick,1000.0,0.000
4310.1,g4,tick,1000.0,0.000
4315.1,g1,tick,1000.0,0.000
4315.1,g2,tick,1000.0,0.000
4315.1,g4,tick,1000.0,0.000
4320.6,g1,tick,1000.0,0.000
4320.6,g2,tick,1000.0,0.000
4320.6,g4,tick,1000.0,0.000
4325.1,g1,tick,1000.0,0.000
4325.1,g2,tick,1000.0,0.000
4325.1,g4,tick,1000.0,0.000
4330.1,g1,tick,1000.0,0.000
4330.1,g2,tick,1000.0,0.000
4330.1,g4,tick,1000.0,0.000
4335.1,g1,tick,1000.0,0.000
4335.1,g2,tick,1000.0,0.000
4335.1,g4,tick,1000.0,0.000
4340.1,g1,tick,1000.0,0.000
4340.1,g2,tick,1000.0,0.000
4340.1,g4,tick,1000.0,0.000
4345.1,g1,tick,1000.0,0.000
4345.1,g2,tick,1000.0,0.000
4345.1,g4,tick,1000.0,0.000
4350.1,g1,tick,1000.0,0.000
4350.1,g2,tick,1000.0,0.000
4350.1,g4,tick,1000.0,0.000
4355.1,g1,tick,1000.0,0.000
4355.1,g2,tick,1000.0,0.000
4355.1,g4,tick,1000.0,0.000
4360.1,g1,tick,1000.0,0.000
4360.1,g2,tick,1000.0,0.000
4360.1,g4,tick,1000.0,0.000
4365.1,g1,tick,1000.0,0.000
4365.1,g2,tick,1000.0,0.000
4365.1,g4,tick,1000.0,0.000
4372.2,g1,tick,1000.0,0.000
4372.2,g2,tick,1000.0,0.000
4372.2,g4,tick,1000.0,0.000
4375.1,g1,tick,1000.0,0.000
4375.1,g2,tick,1000.0,0.000
4375.1,g4,tick,1000.0,0.000
4380.1,g1,tick,1000.0,0.000
4380.1,g2,tick,1000.0,0.000
4380.1,g4,tick,1000.0,0.000
4385.1,g1,tick,1000.0,0.000
4385.1,g2,tick,1000.0,0.000
4385.1,g4,tick,1000.0,0.000
4390.1,g1,tick,1000.0,0.000
4390.1,g2,tick,1000.0,0.000
4390.1,g4,tick,1000.0,0.000
4395.1,g1,tick,1000.0,0.000
4395.1,g2,tick,1000.0,0.000
4395.1,g4,tick,1000.0,0.000
4400.1,g1,tick,1000.0,0.000
4400.1,g2,tick,1000.0,0.000
4400.1,g4,tick,1000.0,0.000
4405.1,g1,tick,1000.0,0.000
4405.1,g2,tick,1000.0,0.000
4405.1,g4,tick,1000.0,0.000
4410.2,g1,tick,1000.0,0.000
4410.2,g2,tick,1000.0,0.000
4410.2,g4,tick,1000.0,0.000
4415.1,g1,tick,1000.0,0.000
4415.1,g2,tick,1000.0,0.000
4415.1,g4,tick,1000.0,0.000
4420.1,g1,tick,1000.0,0.000
4420.1,g2,tick,1000.0,0.000
4420.1,g4,tick,1000.0,0.000
4425.1,g1,tick,1000.0,0.000
4425.1,g2,tick,1000.0,0.000
4425.1,g4,tick,1000.0,0.000
4430.8,g1,tick,1000.0,0.000
4430.8,g2,tick,1000.0,0.000
4430.9,g4,tick,1000.0,0.000
4435.1,g1,tick,1000.0,0.000
4435.1,g2,tick,1000.0,0.000
4435.1,g4,tick,1000.0,0.000
4440.1,g1,tick,1000.0,0.000
4440.1,g2,tick,1000.0,0.000
4440.1,g4,tick,1000.0,0.000
4445.9,g1,tick,1000.0,0.000
4445.9,g2,tick,1000.0,0.000
4445.9,g4,tick,1000.0,0.000
4450.1,g1,tick,1000.0,0.000
4450.1,g2,tick,1000.0,0.000
4450.1,g4,tick,1000.0,0.000
4456.5,g1,tick,1000.0,0.000
4456.5,g2,tick,1000.0,0.000
4456.5,g4,tick,1000.0,0.000
4460.1,g1,tick,1000.0,0.000
4460.1,g2,tick,1000.0,0.000
4460.1,g4,tick,1000.0,0.000
4466.6,g1,tick,1000.0,0.000
4466.6,g2,tick,1000.0,0.000
4466.6,g4,tick,1000.0,0.000
4470.1,g1,tick,1000.0,0.000
4470.1,g2,tick,1000.0,0.000
4470.1,g4,tick,1000.0,0.000
4475.1,g1,tick,1000.0,0.000
4475.1,g2,tick,1000.0,0.000
4475.1,g4,tick,1000.0,0.000
4480.1,g1,tick,1000.0,0.000
4480.1,g2,tick,1000.0,0.000
4480.1,g4,tick,1000.0,0.000
4485.1,g1,tick,1000.0,0.000
4485.1,g2,tick,1000.0,0.000
4485.1,g4,tick,1000.0,0.000
4490.9,g1,tick,1000.0,0.000
4490.9,g2,tick,1000.0,0.000
4491.0,g4,tick,1000.0,0.000
4495.1,g1,tick,1000.0,0.000
4495.1,g2,tick,1000.0,0.000
4495.1,g4,tick,1000.0,0.000
4500.1,g1,tick,1000.0,0.000
4500.1,g2,tick,1000.0,0.000
4500.1,g4,tick,1000.0,0.000
4505.7,g1,tick,1000.0,0.000
4505.7,g2,tick,1000.0,0.000
4505.7,g4,tick,1000.0,0.000
4511.0,g1,tick,1000.0,0.000
4511.0,g2,tick,1000.0,0.000
4511.0,g4,tick,1000.0,0.000
4515.1,g1,tick,1000.0,0.000
4515.1,g2,tick,1000.0,0.000
4515.1,g4,tick,1000.0,0.000
4520.1,g1,tick,1000.0,0.000
4520.1,g2,tick,1000.0,0.000
4520.1,g4,tick,1000.0,0.000
4525.1,g1,tick,1000.0,0.000
4525.1,g2,tick,1000.0,0.000
4525.1,g4,tick,1000.0,0.000
4530.4,g1,tick,1000.0,0.000
4530.4,g2,tick,1000.0,0.000
4530.4,g4,tick,1000.0,0.000
4535.1,g1,tick,1000.0,0.000
4535.1,g2,tick,1000.0,0.000
4535.1,g4,tick,1000.0,0.000
4540.1,g1,tick,1000.0,0.000
4540.1,g2,tick,1000.0,0.000
4540.1,g4,tick,1000.0,0.000
4545.1,g1,tick,1000.0,0.000
4545.1,g2,tick,1000.0,0.000
4545.1,g4,tick,1000.0,0.000
4551.7,g1,tick,1000.0,0.000
4551.7,g2,tick,1000.0,0.000
4551.7,g4,tick,1000.0,0.000
4555.1,g1,tick,1000.0,0.000
4555.1,g2,tick,1000.0,0.000
4555.1,g4,tick,1000.0,0.000
4560.2,g1,tick,1000.0,0.000
4560.2,g2,tick,1000.0,0.000
4560.2,g4,tick,1000.0,0.000
4565.1,g1,tick,1000.0,0.000
4565.1,g2,tick,1000.0,0.000
4565.1,g4,tick,1000.0,0.000
4570.1,g1,tick,1000.0,0.000
4570.1,g2,tick,1000.0,0.000
4570.1,g4,tick,1000.0,0.000
4575.1,g1,tick,1000.0,0.000
4575.1,g2,tick,1000.0,0.000
4575.1,g4,tick,1000.0,0.000
4580.1,g1,tick,1000.0,0.000
4580.1,g2,tick,1000.0,0.000
4580.1,g4,tick,1000.0,0.000
4585.1,g1,tick,1000.0,0.000
4585.1,g2,tick,1000.0,0.000
4585.1,g4,tick,1000.0,0.000
4590.1,g1,tick,1000.0,0.000
4590.1,g2,tick,1000.0,0.000
4590.1,g4,tick,1000.0,0.000
4595.1,g1,tick,1000.0,0.000
4595.1,g2,tick,1000.0,0.000
4595.1,g4,tick,1000.0,0.000
4600.1,g1,tick,1000.0,0.000
4600.1,g2,tick,1000.0,0.000
4600.1,g4,tick,1000.0,0.000
4605.1,g1,tick,1000.0,0.000
4605.1,g2,tick,1000.0,0.000
4605.1,g4,tick,1000.0,0.000
4610.2,g1,tick,1000.0,0.000
4610.2,g2,tick,1000.0,0.000
4610.2,g4,tick,1000.0,0.000
4615.1,g1,tick,1000.0,0.000
4615.1,g2,tick,1000.0,0.000
4615.1,g4,tick,1000.0,0.000
4620.1,g1,tick,1000.0,0.000
4620.1,g2,tick,1000.0,0.000
4620.1,g4,tick,1000.0,0.000
4625.7,g1,tick,1000.0,0.000
4625.7,g2,tick,1000.0,0.000
4625.7,g4,tick,1000.0,0.000
4630.1,g1,tick,1000.0,0.000
4630.1,g2,tick,1000.0,0.000
4630.1,g4,tick,1000.0,0.000
4635.1,g1,tick,1000.0,0.000
4635.1,g2,tick,1000.0,0.000
4635.1,g4,tick,1000.0,0.000
4640.1,g1,tick,1000.0,0.000
4640.1,g2,tick,1000.0,0.000
4640.1,g4,tick,1000.0,0.000
4645.1,g1,tick,1000.0,0.000
4645.1,g2,tick,1000.0,0.000
4645.1,g4,tick,1000.0,0.000
4650.1,g1,tick,1000.0,0.000
4650.1,g2,tick,1000.0,0.000
4650.1,g4,tick,1000.0,0.000
4655.1,g1,tick,1000.0,0.000
4655.1,g2,tick,1000.0,0.000
4655.1,g4,tick,1000.0,0.000
4660.9,g1,tick,1000.0,0.000
4660.9,g2,tick,1000.0,0.000
4660.9,g4,tick,1000.0,0.000
4665.1,g1,tick,1000.0,0.000
4665.1,g2,tick,1000.0,0.000
4665.1,g4,tick,1000.0,0.000
4670.1,g1,tick,1000.0,0.000
4670.1,g2,tick,1000.0,0.000
4670.1,g4,tick,1000.0,0.000
4675.8,g1,tick,1000.0,0.000
4675.8,g2,tick,1000.0,0.000
4675.8,g4,tick,1000.0,0.000
4680.1,g1,tick,1000.0,0.000
4680.1,g2,tick,1000.0,0.000
4680.1,g4,tick,1000.0,0.000
4685.3,g1,tick,1000.0,0.000
4685.3,g2,tick,1000.0,0.000
4685.3,g4,tick,1000.0,0.000
4690.1,g1,tick,1000.0,0.000
4690.1,g2,tick,1000.0,0.000
4690.1,g4,tick,1000.0,0.000
4695.1,g1,tick,1000.0,0.000
4695.1,g2,tick,1000.0,0.000
4695.1,g4,tick,1000.0,0.000
4700.1,g1,tick,1000.0,0.000
4700.1,g2,tick,1000.0,0.000
4700.1,g4,tick,1000.0,0.000
4705.1,g1,tick,1000.0,0.000
4705.1,g2,tick,1000.0,0.000
4705.1,g4,tick,1000.0,0.000
4711.1,g1,tick,1000.0,0.000
4711.1,g2,tick,1000.0,0.000
4711.1,g4,tick,1000.0,0.000
4715.1,g1,tick,1000.0,0.000
4715.1,g2,tick,1000.0,0.000
4715.1,g4,tick,1000.0,0.000
4720.2,g1,tick,1000.0,0.000
4720.2,g2,tick,1000.0,0.000
4720.2,g4,tick,1000.0,0.000
4725.1,g1,tick,1000.0,0.000
4725.1,g2,tick,1000.0,0.000
4725.1,g4,tick,1000.0,0.000
4730.1,g1,tick,1000.0,0.000
4730.1,g2,tick,1000.0,0.000
4730.1,g4,tick,1000.0,0.000
4735.1,g1,tick,1000.0,0.000
4735.1,g2,tick,1000.0,0.000
4735.1,g4,tick,1000.0,0.000
4740.1,g1,tick,1000.0,0.000
4740.1,g2,tick,1000.0,0.000
4740.1,g4,tick,1000.0,0.000
4745.1,g1,tick,1000.0,0.000
4745.1,g2,tick,1000.0,0.000
4745.1,g4,tick,1000.0,0.000
4750.6,g1,tick,1000.0,0.000
4750.6,g2,tick,1000.0,0.000
4750.6,g4,tick,1000.0,0.000
4755.1,g1,tick,1000.0,0.000
4755.2,g2,tick,1000.0,0.000
4755.2,g4,tick,1000.0,0.000
4761.2,g1,tick,1000.0,0.000
4761.2,g2,tick,1000.0,0.000
4761.2,g4,tick,1000.0,0.000
4765.1,g1,tick,1000.0,0.000
4765.1,g2,tick,1000.0,0.000
4765.1,g4,tick,1000.0,0.000
4771.9,g1,tick,1000.0,0.000
4771.9,g2,tick,1000.0,0.000
4771.9,g4,tick,1000.0,0.000
4775.1,g1,tick,1000.0,0.000
4775.1,g2,tick,1000.0,0.000
4775.1,g4,tick,1000.0,0.000
4780.1,g1,tick,1000.0,0.000
4780.1,g2,tick,1000.0,0.000
4780.1,g4,tick,1000.0,0.000
4786.2,g1,tick,1000.0,0.000
4786.4,g2,tick,1000.0,0.000
4786.5,g4,tick,1000.0,0.000
4790.1,g1,tick,1000.0,0.000
4790.1,g2,tick,1000.0,0.000
4790.1,g4,tick,1000.0,0.000
4798.6,g1,tick,1000.0,0.000
4798.6,g2,tick,1000.0,0.000
4798.6,g4,tick,1000.0,0.000
4800.1,g1,tick,1000.0,0.000
4800.1,g2,tick,1000.0,0.000
4800.1,g4,tick,1000.0,0.000
4805.1,g1,tick,1000.0,0.000
4805.1,g2,tick,1000.0,0.000
4805.1,g4,tick,1000.0,0.000
4810.7,g1,tick,1000.0,0.000
4810.7,g2,tick,1000.0,0.000
4810.7,g4,tick,1000.0,0.000
4815.2,g1,tick,1000.0,0.000
4815.2,g2,tick,1000.0,0.000
4815.2,g4,tick,1000.0,0.000
4820.1,g1,tick,1000.0,0.000
4820.1,g2,tick,1000.0,0.000
4820.1,g4,tick,1000.0,0.000
4825.8,g1,tick,1000.0,0.000
4825.8,g2,tick,1000.0,0.000
4825.8,g4,tick,1000.0,0.000
4830.4,g1,tick,1000.0,0.000
4830.4,g2,tick,1000.0,0.000
4830.4,g4,tick,1000.0,0.000
4835.2,g1,tick,1000.0,0.000
4835.2,g2,tick,1000.0,0.000
4835.2,g4,tick,1000.0,0.000
4840.1,g1,tick,1000.0,0.000
4840.2,g2,tick,1000.0,0.000
4840.2,g4,tick,1000.0,0.000
4845.1,g1,tick,1000.0,0.000
4845.1,g2,tick,1000.0,0.000
4845.1,g4,tick,1000.0,0.000
4851.8,g1,tick,1000.0,0.000
4851.8,g2,tick,1000.0,0.000
4851.8,g4,tick,1000.0,0.000
4855.1,g1,tick,1000.0,0.000
4855.1,g2,tick,1000.0,0.000
4855.1,g4,tick,1000.0,0.000
4860.2,g1,tick,1000.0,0.000
4860.2,g2,tick,1000.0,0.000
4860.2,g4,tick,1000.0,0.000
4865.2,g1,tick,1000.0,0.000
4865.2,g2,tick,1000.0,0.000
4865.2,g4,tick,1000.0,0.000
4870.1,g1,tick,1000.0,0.000
4870.1,g2,tick,1000.0,0.000
4870.1,g4,tick,1000.0,0.000
4875.1,g1,tick,1000.0,0.000
4875.1,g2,tick,1000.0,0.000
4875.1,g4,tick,1000.0,0.000
4880.1,g1,tick,1000.0,0.000
4880.1,g2,tick,1000.0,0.000
4880.1,g4,tick,1000.0,0.000
4885.2,g1,tick,1000.0,0.000
4885.2,g2,tick,1000.0,0.000
4885.2,g4,tick,1000.0,0.000
4890.1,g1,tick,1000.0,0.000
4890.2,g2,tick,1000.0,0.000
4890.2,g4,tick,1000.0,0.000
4895.1,g1,tick,1000.0,0.000
4895.1,g2,tick,1000.0,0.000
4895.1,g4,tick,1000.0,0.000
4900.2,g1,tick,1000.0,0.000
4900.2,g2,tick,1000.0,0.000
4900.2,g4,tick,1000.0,0.000
4901.9,g4,cut,1000.0,0.062
4906.4,g2,cut,1000.0,0.062
4906.4,g1,tick,1000.0,0.000
4906.4,g2,tick,1000.0,0.062
4906.4,g4,tick,1000.0,0.062
4910.6,g1,tick,1000.0,0.000
4910.6,g2,tick,1000.0,0.059
4910.6,g4,tick,1000.0,0.059
4915.0,g1,tick,1000.0,0.000
4915.1,g2,tick,1000.0,0.055
4915.1,g4,tick,1000.0,0.055
4920.1,g1,tick,1000.0,0.000
4920.2,g2,tick,1000.0,0.051
4920.2,g4,tick,1000.0,0.051
4925.2,g1,tick,1000.0,0.000
4925.2,g2,tick,1000.0,0.048
4925.4,g4,tick,1000.0,0.048
4930.1,g1,tick,1000.0,0.000
4930.1,g2,tick,1000.0,0.045
4930.1,g4,tick,1000.0,0.045
4935.2,g1,tick,1000.0,0.000
4935.2,g2,tick,1000.0,0.042
4935.2,g4,tick,1000.0,0.042
4940.1,g1,tick,1000.0,0.000
4940.1,g2,tick,1000.0,0.040
4940.1,g4,tick,1000.0,0.040
4945.1,g1,tick,1000.0,0.000
4945.1,g2,tick,1000.0,0.037
4945.1,g4,tick,1000.0,0.037
4947.7,g2,cut,981.4,0.097
4950.4,g2,cnp,981.4,0.097
4950.7,g1,tick,1000.0,0.000
4950.7,g2,tick,981.4,0.097
4950.7,g4,tick,1000.0,0.035
4952.3,g1,cut,1000.0,0.062
4955.1,g1,tick,1000.0,0.062
4955.1,g2,tick,990.7,0.091
4955.1,g4,tick,1000.0,0.033
4955.8,g1,cnp,1000.0,0.062
4960.1,g1,tick,1000.0,0.062
4960.1,g2,tick,995.3,0.086
4960.1,g4,tick,1000.0,0.031
4961.7,g2,cut,952.7,0.143
4965.1,g1,tick,1000.0,0.059
4965.1,g2,tick,952.7,0.143
4965.1,g4,tick,1000.0,0.029
4972.3,g1,tick,1000.0,0.055
4974.5,g2,tick,974.0,0.134
4974.5,g4,tick,1000.0,0.027
4975.1,g1,tick,1000.0,0.051
4975.1,g2,tick,984.7,0.126
4975.1,g4,tick,1000.0,0.025
4980.7,g1,tick,1000.0,0.048
4980.7,g2,tick,990.0,0.118
4980.7,g4,tick,1000.0,0.024
4985.1,g1,tick,1000.0,0.045
4985.1,g2,tick,992.7,0.110
4985.1,g4,tick,1000.0,0.022
4994.0,g1,tick,1000.0,0.042
4997.7,g2,tick,994.0,0.103
4997.7,g4,tick,1000.0,0.021
4997.7,g1,tick,1000.0,0.040
4997.7,g2,tick,997.0,0.097
4997.7,g4,tick,1000.0,0.020
5000.1,g1,tick,1000.0,0.037
5000.1,g2,tick,998.5,0.091
5000.1,g4,tick,1000.0,0.018
5006.0,g1,tick,1000.0,0.035
5006.0,g2,tick,999.3,0.085
5006.0,g4,tick,1000.0,0.017
5007.3,g2,cut,956.7,0.142
5009.0,g1,cut,982.5,0.095
5010.1,g1,tick,982.5,0.095
5010.1,g2,tick,956.7,0.142
5010.1,g4,tick,1000.0,0.016
5010.5,g1,cnp,982.5,0.095
5013.5,g1,cnp,982.5,0.095
5014.0,g2,cnp,956.7,0.142
5014.0,g4,cut,991.9,0.078
5015.3,g1,tick,982.5,0.095
5015.3,g2,tick,956.7,0.142
5015.3,g4,tick,991.9,0.078
5017.0,g4,cnp,991.9,0.078
5020.1,g1,tick,991.3,0.089
5022.5,g2,tick,978.0,0.133
5022.5,g4,tick,991.9,0.078
5025.1,g1,tick,995.6,0.084
5026.1,g2,tick,988.6,0.125
5026.1,g4,tick,996.0,0.073
5026.1,g4,cut,959.7,0.131
5029.9,g4,cnp,959.7,0.131
5030.1,g1,cut,953.9,0.141
5031.7,g1,tick,953.9,0.141
5031.7,g2,tick,993.9,0.117
5031.7,g4,tick,959.7,0.131
5031.7,g2,cut,935.6,0.172
5037.1,g1,tick,974.8,0.132
5037.1,g2,tick,935.6,0.172
5037.1,g4,tick,977.9,0.123
5037.1,g2,cnp,935.6,0.172
5037.7,g2,cnp,935.6,0.172
5039.8,g2,cnp,935.6,0.172
5040.1,g1,tick,985.2,0.124
5040.1,g2,tick,935.6,0.172
5041.6,g4,tick,986.9,0.115
5045.1,g1,tick,990.4,0.116
5049.7,g2,tick,964.8,0.162
5049.7,g4,tick,991.4,0.108
5049.7,g1,cut,932.9,0.171
5051.2,g2,cut,886.8,0.214
5051.2,g2,cnp,886.8,0.214
5051.2,g2,cnp,886.8,0.214
5052.8,g1,tick,932.9,0.171
5052.8,g2,tick,886.8,0.214
5052.8,g4,tick,993.7,0.101
5058.2,g1,tick,961.7,0.161
5060.6,g2,tick,925.8,0.201
5060.7,g4,tick,994.8,0.095
5060.7,g1,tick,976.0,0.151
5062.3,g2,tick,945.3,0.188
5062.4,g4,tick,997.4,0.089
5067.1,g1,tick,983.2,0.141
5067.1,g2,tick,955.0,0.176
5067.1,g4,tick,998.7,0.083
5070.2,g1,tick,986.8,0.132
5070.2,g2,tick,959.9,0.165
5070.2,g4,tick,999.4,0.078
5075.1,g1,tick,988.6,0.124
5075.1,g2,tick,962.3,0.155
5075.1,g4,tick,999.7,0.073
5080.1,g1,tick,994.3,0.116
5085.7,g2,tick,968.6,0.145
5085.7,g4,tick,999.8,0.069
5085.7,g1,tick,997.2,0.109
5085.7,g2,tick,976.7,0.136
5085.7,g4,tick,999.9,0.064
5086.6,g2,cut,910.1,0.190
5090.8,g1,tick,998.6,0.102
5090.8,g2,tick,910.1,0.190
5090.8,g4,tick,1000.0,0.060
5091.1,g1,cut,947.5,0.158
5098.5,g1,tick,947.5,0.158
5100.4,g2,tick,943.4,0.178
5100.4,g4,tick,1000.0,0.056
5100.4,g2,cut,859.3,0.230
5100.4,g2,cnp,859.3,0.230
5100.4,g2,cnp,859.3,0.230
5100.4,g2,cnp,859.3,0.230
5103.0,g4,cut,971.7,0.115
5103.0,g4,cnp,971.7,0.115
5104.2,g1,tick,973.0,0.148
5104.2,g2,tick,859.3,0.230
5104.2,g4,tick,971.7,0.115
5104.2,g4,cnp,971.7,0.115
5107.1,g1,tick,985.8,0.139
5111.5,g2,tick,901.3,0.215
5111.5,g4,tick,971.7,0.115
5111.6,g4,cnp,971.7,0.115
5111.6,g1,tick,992.2,0.131
5115.6,g2,tick,922.4,0.202
5115.6,g4,tick,971.7,0.115
5115.6,g1,cut,927.4,0.185
5117.3,g4,cut,915.6,0.171
5119.4,g1,tick,927.4,0.185
5119.4,g2,tick,932.9,0.189
5119.4,g4,tick,915.6,0.171
5119.4,g1,cnp,927.4,0.185
5119.4,g1,cnp,927.4,0.185
5120.7,g1,cnp,927.4,0.185
5120.7,g1,tick,927.4,0.185
5120.7,g2,tick,938.1,0.177
5123.0,g4,tick,943.7,0.160
5123.0,g1,cnp,927.4,0.185
5124.1,g2,cut,854.9,0.229
5127.9,g1,tick,927.4,0.185
5127.9,g2,tick,854.9,0.229
5127.9,g4,tick,957.7,0.150
5127.9,g2,cnp,854.9,0.229
5128.5,g2,cnp,854.9,0.229
5133.0,g1,tick,959.8,0.173
5133.0,g2,tick,854.9,0.229
5135.2,g4,tick,964.7,0.141
5135.2,g2,cut,757.1,0.277
5135.2,g2,cnp,757.1,0.277
5136.5,g1,tick,976.0,0.162
5136.5,g2,tick,757.1,0.277
5136.5,g4,tick,968.2,0.132
5136.6,g2,cnp,757.1,0.277
5142.3,g1,tick,984.1,0.152
5142.4,g2,tick,757.1,0.277
5142.4,g4,tick,970.0,0.124
5145.9,g1,tick,988.1,0.143
5152.7,g2,tick,806.0,0.260
5152.7,g4,tick,975.9,0.116
5152.8,g1,tick,990.2,0.134
5155.9,g2,tick,830.4,0.244
5155.9,g4,tick,983.8,0.109
5155.9,g1,tick,995.1,0.126
5155.9,g2,tick,842.7,0.228
5157.6,g4,tick,991.9,0.102
5160.1,g1,tick,997.5,0.118
5161.8,g2,tick,848.8,0.214
5161.8,g4,tick,995.9,0.096
5169.4,g1,tick,998.8,0.110
5169.4,g2,tick,851.8,0.201
5169.4,g4,tick,998.0,0.090
5170.1,g1,tick,999.4,0.103
5170.1,g2,tick,858.4,0.188
5170.1,g4,tick,999.0,0.084
5174.2,g4,cut,957.1,0.141
5177.7,g1,tick,999.7,0.097
5180.6,g2,tick,866.6,0.176
5180.7,g4,tick,957.1,0.141
5180.7,g4,cnp,957.1,0.141
5180.7,g4,cnp,957.1,0.141
5180.7,g1,tick,999.8,0.091
5180.7,g2,tick,875.8,0.165
5180.7,g4,tick,957.1,0.141
5182.1,g4,cnp,957.1,0.141
5184.4,g4,cut,889.5,0.195
5186.7,g1,tick,999.9,0.085
5188.0,g2,tick,885.3,0.155
5188.0,g4,tick,889.5,0.195
5188.0,g4,cnp,889.5,0.195
5188.7,g4,cnp,889.5,0.195
5190.1,g1,tick,1000.0,0.080
5190.1,g2,tick,895.1,0.145
5190.1,g4,tick,889.5,0.195
5190.9,g2,cut,830.1,0.199
5192.9,g4,cnp,889.5,0.195
5198.7,g1,cut,960.0,0.137
5204.7,g2,cut,747.6,0.249
5209.0,g4,cut,802.8,0.245
5210.8,g1,tick,960.0,0.137
5210.9,g2,tick,747.6,0.249
5210.9,g4,tick,802.8,0.245
5210.9,g1,cut,894.1,0.191
5210.9,g1,cnp,894.1,0.191
5210.9,g1,cnp,894.1,0.191
5212.2,g1,tick,894.1,0.191
5213.4,g2,tick,788.8,0.233
5215.6,g4,tick,846.2,0.230
5217.0,g1,tick,927.0,0.179
5221.0,g2,tick,809.5,0.219
5229.1,g4,tick,867.8,0.216
5229.1,g1,tick,943.5,0.168
5229.1,g2,tick,819.8,0.205
5229.1,g4,tick,878.7,0.202
5230.9,g1,tick,951.8,0.158
5230.9,g2,tick,824.9,0.192
5230.9,g4,tick,884.1,0.189
5230.9,g1,tick,955.9,0.148
5233.8,g2,tick,827.5,0.180
5239.4,g4,tick,886.8,0.178
5239.4,g1,tick,958.0,0.139
5239.4,g2,tick,833.8,0.169
5239.4,g4,tick,893.1,0.166
5239.4,g1,tick,964.0,0.130
5239.4,g2,tick,841.9,0.158
5239.4,g4,tick,901.3,0.156
5241.1,g1,tick,972.0,0.122
5242.7,g2,tick,851.0,0.148
5246.3,g4,tick,910.4,0.146
5246.3,g1,tick,981.0,0.114
5246.3,g2,tick,860.5,0.139
5246.3,g4,tick,919.9,0.137
5246.3,g1,tick,990.5,0.107
5248.2,g2,tick,870.3,0.130
5250.1,g4,tick,929.7,0.129
5255.4,g1,tick,995.3,0.100
5261.7,g2,tick,900.2,0.122
5265.1,g4,tick,959.6,0.121
5265.1,g1,tick,997.6,0.094
5267.1,g2,tick,940.1,0.115
5271.3,g4,tick,979.8,0.113
5271.3,g1,tick,998.8,0.088
5272.6,g2,tick,970.1,0.108
5272.6,g4,tick,989.9,0.106
5272.6,g1,tick,999.4,0.083
5272.6,g2,tick,985.0,0.101
5272.7,g4,tick,994.9,0.099
5272.7,g1,tick,999.7,0.078
5276.1,g2,tick,992.5,0.094
5276.1,g4,tick,997.5,0.093
5276.1,g1,tick,999.9,0.073
5276.1,g2,tick,996.3,0.089
5276.1,g4,tick,998.7,0.087
5280.2,g1,tick,999.9,0.068
5280.2,g2,tick,998.1,0.083
5280.2,g4,tick,999.4,0.082
5285.1,g1,tick,1000.0,0.064
5285.1,g2,tick,999.1,0.078
5291.4,g4,tick,999.7,0.077
5291.4,g1,tick,1000.0,0.060
5291.4,g2,tick,999.5,0.073
5291.4,g4,tick,999.8,0.072
5295.1,g1,tick,1000.0,0.056
5295.1,g2,tick,999.8,0.068
5295.1,g4,tick,999.9,0.067
5300.1,g1,tick,1000.0,0.053
5300.1,g2,tick,999.9,0.064
5300.1,g4,tick,1000.0,0.063
5305.0,g1,tick,1000.0,0.049
5305.0,g2,tick,999.9,0.060
5305.0,g4,tick,1000.0,0.059
5310.1,g1,tick,1000.0,0.046
5310.1,g2,tick,1000.0,0.056
5310.1,g4,tick,1000.0,0.056
5315.1,g1,tick,1000.0,0.043
5315.1,g2,tick,1000.0,0.053
5315.1,g4,tick,1000.0,0.052
5320.1,g1,tick,1000.0,0.041
5320.1,g2,tick,1000.0,0.050
5320.1,g4,tick,1000.0,0.049
5322.2,g2,cut,975.2,0.109
5325.4,g1,tick,1000.0,0.038
5325.4,g2,tick,975.2,0.109
5325.4,g4,tick,1000.0,0.046
5330.2,g1,tick,1000.0,0.036
5330.2,g2,tick,987.6,0.102
5330.2,g4,tick,1000.0,0.043
5335.1,g1,tick,1000.0,0.033
5335.1,g2,tick,993.8,0.096
5335.1,g4,tick,1000.0,0.040
5340.8,g1,tick,1000.0,0.031
5340.8,g2,tick,996.9,0.090
5340.8,g4,tick,1000.0,0.038
5345.4,g1,tick,1000.0,0.029
5345.4,g2,tick,998.4,0.084
5345.4,g4,tick,1000.0,0.035
5350.1,g1,tick,1000.0,0.028
5350.1,g2,tick,999.2,0.079
5350.1,g4,tick,1000.0,0.033
5355.1,g1,tick,1000.0,0.026
5355.1,g2,tick,999.6,0.074
5355.1,g4,tick,1000.0,0.031
5360.3,g1,tick,1000.0,0.024
5360.3,g2,tick,999.8,0.069
5360.3,g4,tick,1000.0,0.029
5365.1,g1,tick,1000.0,0.023
5365.1,g2,tick,999.9,0.065
5365.1,g4,tick,1000.0,0.027
5370.2,g1,tick,1000.0,0.021
5370.2,g2,tick,1000.0,0.061
5370.2,g4,tick,1000.0,0.026
5371.1,g4,cut,987.2,0.087
5375.1,g1,tick,1000.0,0.020
5375.1,g2,tick,1000.0,0.057
5375.1,g4,tick,987.2,0.087
5380.6,g1,tick,1000.0,0.019
5380.6,g2,tick,1000.0,0.054
5380.6,g4,tick,993.6,0.081
5386.0,g1,tick,1000.0,0.018
5386.0,g2,tick,1000.0,0.050
5386.0,g4,tick,996.8,0.076
5390.1,g1,tick,1000.0,0.016
5390.1,g2,tick,1000.0,0.047
5390.1,g4,tick,998.4,0.071
5395.2,g1,tick,1000.0,0.015
5395.2,g2,tick,1000.0,0.044
5395.2,g4,tick,999.2,0.067
5400.2,g1,tick,1000.0,0.014
5400.2,g2,tick,1000.0,0.041
5400.2,g4,tick,999.6,0.063
5405.1,g1,tick,1000.0,0.014
5405.1,g2,tick,1000.0,0.039
5405.1,g4,tick,999.8,0.059
5410.1,g1,tick,1000.0,0.013
5410.1,g2,tick,1000.0,0.036
5410.1,g4,tick,999.9,0.055
5414.0,g4,cut,972.4,0.114
5415.7,g1,tick,1000.0,0.012
5415.7,g2,tick,1000.0,0.034
5415.7,g4,tick,972.4,0.114
5420.2,g1,tick,1000.0,0.011
5420.2,g2,tick,1000.0,0.032
5420.2,g4,tick,986.1,0.107
5425.2,g1,tick,1000.0,0.010
5425.2,g2,tick,1000.0,0.030
5429.3,g4,tick,993.0,0.100
5431.9,g1,tick,1000.0,0.010
5431.9,g2,tick,1000.0,0.028
5431.9,g4,tick,996.5,0.094
5435.1,g1,tick,1000.0,0.009
5435.1,g2,tick,1000.0,0.026
5435.1,g4,tick,998.2,0.088
5441.8,g1,tick,1000.0,0.009
5441.8,g2,tick,1000.0,0.025
5441.8,g4,tick,999.0,0.083
5445.1,g1,tick,1000.0,0.008
5445.1,g2,tick,1000.0,0.023
5445.1,g4,tick,999.5,0.077
5450.1,g1,tick,1000.0,0.008
5450.1,g2,tick,1000.0,0.022
5450.1,g4,tick,999.8,0.073
5455.1,g1,tick,1000.0,0.007
5455.1,g2,tick,1000.0,0.020
5455.1,g4,tick,999.9,0.068
5455.5,g4,cut,965.8,0.126
5461.4,g1,tick,1000.0,0.007
5461.4,g2,tick,1000.0,0.019
5461.4,g4,tick,965.8,0.126
5461.4,g1,cut,996.7,0.069
5465.1,g1,tick,996.7,0.069
5465.1,g2,tick,1000.0,0.018
5465.1,g4,tick,982.9,0.118
5470.3,g1,tick,998.3,0.064
5470.3,g2,tick,1000.0,0.017
5472.1,g4,tick,991.4,0.111
5475.1,g1,tick,999.2,0.060
5475.1,g2,tick,1000.0,0.016
5475.1,g4,tick,995.6,0.104
5480.1,g1,tick,999.6,0.057
5480.2,g2,tick,1000.0,0.015
5480.2,g4,tick,997.8,0.098
5485.1,g1,tick,999.8,0.053
5485.1,g2,tick,1000.0,0.014
5485.1,g4,tick,998.8,0.091
5490.1,g1,tick,999.9,0.050
5490.1,g2,tick,1000.0,0.013
5490.1,g4,tick,999.4,0.086
5495.1,g1,tick,999.9,0.047
5495.1,g2,tick,1000.0,0.012
5495.1,g4,tick,999.7,0.080
5500.3,g4,cut,959.5,0.138
5509.2,g1,tick,1000.0,0.044
5509.2,g2,tick,1000.0,0.011
5509.2,g4,tick,959.5,0.138
5509.2,g1,cut,978.1,0.104
5509.3,g1,cnp,978.1,0.104
5509.3,g1,tick,978.1,0.104
5509.3,g2,tick,1000.0,0.011
5512.0,g4,tick,979.6,0.129
5512.0,g2,cut,994.7,0.073
5512.0,g1,tick,989.0,0.097
5512.0,g2,tick,994.7,0.073
5512.0,g4,tick,989.7,0.121
5515.6,g1,tick,994.5,0.091
5515.6,g2,tick,997.3,0.068
5515.6,g4,tick,994.7,0.114
5520.7,g1,tick,997.2,0.085
5520.7,g2,tick,998.7,0.064
5520.7,g4,tick,997.2,0.107
5525.1,g1,tick,998.6,0.080
5525.1,g2,tick,999.3,0.060
5525.1,g4,tick,998.4,0.100
5530.1,g1,tick,999.3,0.075
5530.1,g2,tick,999.7,0.056
5535.3,g4,tick,999.2,0.094
5535.3,g1,tick,999.6,0.070
5535.3,g2,tick,999.8,0.053
5535.3,g4,tick,999.6,0.088
5540.7,g1,tick,999.8,0.066
5540.7,g2,tick,999.9,0.049
5540.7,g4,tick,999.8,0.082
5546.5,g1,tick,999.9,0.062
5546.5,g2,tick,1000.0,0.046
5546.5,g4,tick,999.9,0.077
5550.4,g1,tick,1000.0,0.058
5550.4,g2,tick,1000.0,0.043
5550.4,g4,tick,1000.0,0.072
5556.1,g1,tick,1000.0,0.054
5556.1,g2,tick,1000.0,0.041
5556.1,g4,tick,1000.0,0.068
5557.3,g4,cut,966.1,0.126
5561.7,g1,tick,1000.0,0.051
5561.7,g2,tick,1000.0,0.038
5561.7,g4,tick,966.1,0.126
5561.8,g4,cnp,966.1,0.126
5562.4,g4,cnp,966.1,0.126
5565.3,g2,cut,981.0,0.098
5565.3,g1,tick,1000.0,0.048
5565.3,g2,tick,981.0,0.098
5565.3,g4,tick,966.1,0.126
5565.9,g2,cnp,981.0,0.098
5568.2,g2,cnp,981.0,0.098
5570.1,g1,tick,1000.0,0.045
5570.1,g2,tick,981.0,0.098
5570.1,g4,tick,983.0,0.118
5570.6,g2,cnp,981.0,0.098
5573.7,g2,cnp,981.0,0.098
5575.1,g1,tick,1000.0,0.042
5575.1,g2,tick,981.0,0.098
5577.2,g4,tick,991.5,0.111
5577.2,g2,cut,932.8,0.155
5580.4,g1,tick,1000.0,0.039
5580.4,g2,tick,932.8,0.155
5580.4,g4,tick,995.7,0.104
5585.3,g1,tick,1000.0,0.037
5587.1,g2,tick,956.9,0.145
5587.1,g4,tick,997.9,0.097
5591.1,g1,tick,1000.0,0.035
5591.1,g2,tick,968.9,0.136
5591.1,g4,tick,998.9,0.091
5595.1,g1,tick,1000.0,0.032
5595.1,g2,tick,975.0,0.127
5595.1,g4,tick,999.5,0.086
5600.1,g1,tick,1000.0,0.030
5602.1,g2,tick,978.0,0.119
5602.1,g4,tick,999.7,0.080
5605.1,g1,tick,1000.0,0.028
5605.1,g2,tick,979.5,0.112
5605.1,g4,tick,999.9,0.075
5610.1,g1,tick,1000.0,0.027
5610.2,g2,tick,985.2,0.105
5610.2,g4,tick,999.9,0.071
5615.0,g1,tick,1000.0,0.025
5615.0,g2,tick,992.6,0.098
5615.0,g4,tick,1000.0,0.066
5620.8,g1,tick,1000.0,0.023
5620.8,g2,tick,996.3,0.092
5620.8,g4,tick,1000.0,0.062
5625.0,g1,tick,1000.0,0.022
5626.8,g2,tick,998.2,0.086
5626.8,g4,tick,1000.0,0.058
5630.0,g1,tick,1000.0,0.021
5630.0,g2,tick,999.1,0.081
5630.0,g4,tick,1000.0,0.054
5635.2,g1,tick,1000.0,0.019
5635.2,g2,tick,999.5,0.076
5635.2,g4,tick,1000.0,0.051
5641.5,g1,tick,1000.0,0.018
5641.5,g2,tick,999.8,0.071
5641.5,g4,tick,1000.0,0.048
5645.1,g1,tick,1000.0,0.017
5645.1,g2,tick,999.9,0.067
5645.1,g4,tick,1000.0,0.045
5650.2,g1,tick,1000.0,0.016
5650.2,g2,tick,999.9,0.063
5650.2,g4,tick,1000.0,0.042
5655.1,g1,tick,1000.0,0.015
5655.1,g2,tick,1000.0,0.059
5655.1,g4,tick,1000.0,0.039
5660.5,g1,tick,1000.0,0.014
5660.5,g2,tick,1000.0,0.055
5660.5,g4,tick,1000.0,0.037
5665.1,g1,tick,1000.0,0.013
5665.1,g2,tick,1000.0,0.052
5665.1,g4,tick,1000.0,0.035
5670.1,g1,tick,1000.0,0.012
5670.1,g2,tick,1000.0,0.048
5670.1,g4,tick,1000.0,0.033
5676.0,g1,tick,1000.0,0.012
5676.0,g2,tick,1000.0,0.045
5676.0,g4,tick,1000.0,0.030
5680.1,g1,tick,1000.0,0.011
5680.1,g2,tick,1000.0,0.043
5680.1,g4,tick,1000.0,0.029
5685.1,g1,tick,1000.0,0.010
5685.1,g2,tick,1000.0,0.040
5685.1,g4,tick,1000.0,0.027
5690.3,g1,tick,1000.0,0.010
5690.3,g2,tick,1000.0,0.037
5690.3,g4,tick,1000.0,0.025
5695.1,g1,tick,1000.0,0.009
5695.1,g2,tick,1000.0,0.035
5695.1,g4,tick,1000.0,0.024
5700.1,g1,tick,1000.0,0.008
5700.1,g2,tick,1000.0,0.033
5700.1,g4,tick,1000.0,0.022
5705.1,g1,tick,1000.0,0.008
5705.1,g2,tick,1000.0,0.031
5705.1,g4,tick,1000.0,0.021
5710.1,g1,tick,1000.0,0.007
5710.1,g2,tick,1000.0,0.029
5710.1,g4,tick,1000.0,0.019
5717.1,g1,tick,1000.0,0.007
5717.1,g2,tick,1000.0,0.027
5717.1,g4,tick,1000.0,0.018
5720.1,g1,tick,1000.0,0.006
5720.1,g2,tick,1000.0,0.025
5720.1,g4,tick,1000.0,0.017
5725.1,g1,tick,1000.0,0.006
5725.1,g2,tick,1000.0,0.024
5725.1,g4,tick,1000.0,0.016
5731.7,g1,tick,1000.0,0.006
5731.7,g2,tick,1000.0,0.022
5731.7,g4,tick,1000.0,0.015
5735.1,g1,tick,1000.0,0.005
5735.1,g2,tick,1000.0,0.021
5735.1,g4,tick,1000.0,0.014
5740.1,g1,tick,1000.0,0.005
5740.1,g2,tick,1000.0,0.020
5740.1,g4,tick,1000.0,0.013
5745.1,g1,tick,1000.0,0.005
5745.1,g2,tick,1000.0,0.018
5745.1,g4,tick,1000.0,0.012
5750.1,g1,tick,1000.0,0.004
5750.1,g2,tick,1000.0,0.017
5750.1,g4,tick,1000.0,0.012
5755.1,g1,tick,1000.0,0.004
5755.1,g2,tick,1000.0,0.016
5755.1,g4,tick,1000.0,0.011
5757.6,g2,cut,991.9,0.078
5760.4,g1,tick,1000.0,0.004
5760.4,g2,tick,991.9,0.078
5760.4,g4,tick,1000.0,0.010
5765.1,g1,tick,1000.0,0.004
5765.1,g2,tick,996.0,0.073
5765.1,g4,tick,1000.0,0.010
5770.2,g1,tick,1000.0,0.003
5770.2,g2,tick,998.0,0.068
5770.2,g4,tick,1000.0,0.009
5776.1,g1,tick,1000.0,0.003
5776.1,g2,tick,999.0,0.064
5776.1,g4,tick,1000.0,0.008
5780.1,g1,tick,1000.0,0.003
5780.1,g2,tick,999.5,0.060
5780.2,g4,tick,1000.0,0.008
5787.3,g1,tick,1000.0,0.003
5787.3,g2,tick,999.7,0.056
5787.3,g4,tick,1000.0,0.007
5790.1,g1,tick,1000.0,0.003
5790.1,g2,tick,999.9,0.053
5790.1,g4,tick,1000.0,0.007
5795.1,g1,tick,1000.0,0.002
5795.1,g2,tick,999.9,0.049
5795.1,g4,tick,1000.0,0.006
5800.1,g1,tick,1000.0,0.002
5800.1,g2,tick,1000.0,0.046
5800.1,g4,tick,1000.0,0.006
5805.1,g1,tick,1000.0,0.002
5805.1,g2,tick,1000.0,0.043
5805.1,g4,tick,1000.0,0.006
5812.2,g1,tick,1000.0,0.002
5812.2,g2,tick,1000.0,0.041
5812.2,g4,tick,1000.0,0.005
5815.2,g1,tick,1000.0,0.002
5815.2,g2,tick,1000.0,0.038
5815.2,g4,tick,1000.0,0.005
5821.3,g1,tick,1000.0,0.002
5821.3,g2,tick,1000.0,0.036
5821.3,g4,tick,1000.0,0.005
5825.1,g1,tick,1000.0,0.002
5825.1,g2,tick,1000.0,0.034
5825.1,g4,tick,1000.0,0.004
5830.1,g1,tick,1000.0,0.002
5830.1,g2,tick,1000.0,0.031
5830.1,g4,tick,1000.0,0.004
5836.5,g1,tick,1000.0,0.001
5836.6,g2,tick,1000.0,0.029
5836.6,g4,tick,1000.0,0.004
5840.8,g1,tick,1000.0,0.001
5840.8,g2,tick,1000.0,0.028
5840.8,g4,tick,1000.0,0.004
5845.1,g1,tick,1000.0,0.001
5845.1,g2,tick,1000.0,0.026
5845.1,g4,tick,1000.0,0.003
5850.1,g1,tick,1000.0,0.001
5850.1,g2,tick,1000.0,0.024
5850.1,g4,tick,1000.0,0.003
5855.5,g1,tick,1000.0,0.001
5855.5,g2,tick,1000.0,0.023
5855.5,g4,tick,1000.0,0.003
5858.0,g4,cut,998.5,0.065
5860.1,g1,tick,1000.0,0.001
5860.1,g2,tick,1000.0,0.021
5860.1,g4,tick,998.5,0.065
5861.5,g1,cut,999.5,0.063
5865.1,g1,tick,999.5,0.063
5865.1,g2,tick,1000.0,0.020
5865.1,g4,tick,999.3,0.061
5869.8,g2,cut,990.0,0.081
5870.1,g1,tick,999.7,0.060
5870.1,g2,tick,990.0,0.081
5870.1,g4,tick,999.6,0.057
5872.2,g2,cnp,990.0,0.081
5875.1,g1,tick,999.9,0.056
5875.1,g2,tick,990.0,0.081
5875.1,g4,tick,999.8,0.054
5880.5,g1,tick,999.9,0.052
5880.5,g2,tick,995.0,0.076
5880.5,g4,tick,999.9,0.050
5885.1,g1,tick,1000.0,0.049
5885.1,g2,tick,997.5,0.071
5885.1,g4,tick,1000.0,0.047
5890.1,g1,tick,1000.0,0.046
5890.1,g2,tick,998.7,0.067
5890.1,g4,tick,1000.0,0.044
5895.5,g1,tick,1000.0,0.043
5895.6,g2,tick,999.4,0.063
5895.6,g4,tick,1000.0,0.042
5901.6,g1,tick,1000.0,0.040
5901.6,g2,tick,999.7,0.059
5901.6,g4,tick,1000.0,0.039
5905.1,g1,tick,1000.0,0.038
5905.1,g2,tick,999.8,0.055
5905.1,g4,tick,1000.0,0.037
5910.1,g1,tick,1000.0,0.036
5910.1,g2,tick,999.9,0.052
5910.1,g4,tick,1000.0,0.034
5917.2,g1,tick,1000.0,0.033
5917.2,g2,tick,1000.0,0.048
5917.2,g4,tick,1000.0,0.032
5920.6,g2,cut,975.7,0.108
5926.0,g1,tick,1000.0,0.031
5926.0,g2,tick,975.7,0.108
5926.0,g4,tick,1000.0,0.030
5926.0,g2,cnp,975.7,0.108
5926.0,g1,tick,1000.0,0.029
5926.0,g2,tick,975.7,0.108
5926.0,g4,tick,1000.0,0.028
5926.3,g2,cnp,975.7,0.108
5928.5,g2,cnp,975.7,0.108
5931.2,g2,cut,923.0,0.164
5940.6,g1,tick,1000.0,0.027
5940.6,g2,tick,923.0,0.164
5940.6,g4,tick,1000.0,0.026
5940.7,g1,cut,986.3,0.088
5940.7,g1,cnp,986.3,0.088
5940.7,g1,cnp,986.3,0.088
5940.7,g2,cnp,923.0,0.164
5940.7,g1,tick,986.3,0.088
5940.7,g2,tick,923.0,0.164
5940.7,g4,tick,1000.0,0.025
5940.7,g1,tick,993.1,0.083
5942.8,g2,tick,949.4,0.153
5942.8,g4,tick,1000.0,0.023
5942.9,g1,cnp,993.1,0.083
5943.7,g1,cnp,993.1,0.083
5945.4,g1,tick,993.1,0.083
5945.4,g2,tick,962.5,0.144
5945.4,g4,tick,1000.0,0.022
5950.1,g1,tick,996.6,0.078
5952.1,g2,tick,969.1,0.135
5952.1,g4,tick,1000.0,0.020
5955.1,g1,tick,998.3,0.073
5955.1,g2,tick,972.4,0.126
5955.1,g4,tick,1000.0,0.019
5960.1,g1,tick,999.1,0.068
5960.1,g2,tick,974.1,0.119
5960.1,g4,tick,1000.0,0.018
5966.2,g1,tick,999.6,0.064
5966.2,g2,tick,979.9,0.111
5966.3,g4,tick,1000.0,0.017
5970.1,g1,tick,999.8,0.060
5970.1,g2,tick,987.8,0.104
5970.1,g4,tick,1000.0,0.016
5975.1,g1,tick,999.9,0.056
5977.9,g2,tick,993.9,0.098
5978.0,g4,tick,1000.0,0.015
5980.2,g1,tick,999.9,0.053
5980.2,g2,tick,997.0,0.092
5980.2,g4,tick,1000.0,0.014
5987.2,g1,tick,1000.0,0.049
5987.2,g2,tick,998.5,0.086
5987.2,g4,tick,1000.0,0.013
5989.1,g4,cut,993.5,0.075
5990.2,g1,tick,1000.0,0.046
5990.2,g2,tick,999.2,0.080
5990.2,g4,tick,993.5,0.075
5991.2,g4,cnp,993.5,0.075
5994.1,g4,cnp,993.5,0.075
5996.1,g4,cnp,993.5,0.075
5996.1,g1,tick,1000.0,0.043
5996.2,g2,tick,999.6,0.075
5996.2,g4,tick,993.5,0.075
5998.2,g4,cnp,993.5,0.075
5998.7,g2,cut,961.9,0.133
6000.6,g1,tick,1000.0,0.041
6000.6,g2,tick,961.9,0.133
6000.6,g4,tick,993.5,0.075
6001.3,g2,cnp,961.9,0.133
6003.8,g2,cnp,961.9,0.133
6005.1,g1,tick,1000.0,0.038
6005.1,g2,tick,961.9,0.133
6005.1,g4,tick,996.7,0.070
6007.5,g2,cnp,961.9,0.133
6009.8,g2,cut,897.8,0.187
6013.6,g1,tick,1000.0,0.036
6013.6,g2,tick,897.8,0.187
6013.6,g4,tick,998.4,0.066
6013.6,g2,cnp,897.8,0.187
6015.1,g1,tick,1000.0,0.034
6015.1,g2,tick,897.8,0.187
6015.1,g4,tick,999.2,0.062
6020.1,g1,tick,1000.0,0.031
6022.5,g2,tick,929.9,0.176
6022.5,g4,tick,999.6,0.058
6025.1,g1,tick,1000.0,0.029
6025.1,g2,tick,945.9,0.165
6025.1,g4,tick,999.8,0.054
6030.1,g1,tick,1000.0,0.028
6034.8,g2,tick,953.9,0.154
6034.8,g4,tick,999.9,0.051
6035.5,g1,tick,1000.0,0.026
6035.5,g2,tick,957.9,0.145
6035.5,g4,tick,999.9,0.048
6040.1,g1,tick,1000.0,0.024
6040.3,g2,tick,959.9,0.136
6040.3,g4,tick,1000.0,0.045
6045.8,g1,tick,1000.0,0.023
6045.8,g2,tick,965.9,0.127
6045.8,g4,tick,1000.0,0.042
6050.1,g1,tick,1000.0,0.021
6052.2,g2,tick,973.9,0.119
6052.2,g4,tick,1000.0,0.039
6055.1,g1,tick,1000.0,0.020
6055.1,g2,tick,982.9,0.112
6055.1,g4,tick,1000.0,0.037
6060.1,g1,tick,1000.0,0.019
6060.1,g2,tick,991.5,0.105
6060.1,g4,tick,1000.0,0.034
6065.1,g1,tick,1000.0,0.018
6072.6,g2,tick,995.7,0.098
6072.6,g4,tick,1000.0,0.032
6072.6,g1,tick,1000.0,0.016
6072.6,g2,tick,997.9,0.092
6072.6,g4,tick,1000.0,0.030
6075.1,g1,tick,1000.0,0.015
6075.1,g2,tick,998.9,0.086
6075.1,g4,tick,1000.0,0.028
6078.9,g2,cut,955.8,0.143
6082.4,g1,tick,1000.0,0.014
6082.4,g2,tick,955.8,0.143
6082.4,g4,tick,1000.0,0.027
6083.4,g2,cnp,955.8,0.143
6085.2,g1,tick,1000.0,0.014
6085.2,g2,tick,955.8,0.143
6085.2,g4,tick,1000.0,0.025
6085.4,g2,cnp,955.8,0.143
6090.1,g1,tick,1000.0,0.013
6090.1,g2,tick,955.8,0.143
6090.1,g4,tick,1000.0,0.023
6092.4,g4,cut,988.3,0.084
6095.1,g1,tick,1000.0,0.012
6097.3,g2,tick,977.4,0.135
6097.3,g4,tick,988.3,0.084
6100.1,g1,tick,1000.0,0.011
6100.1,g2,tick,988.1,0.126
6100.1,g4,tick,994.2,0.079
6105.1,g1,tick,1000.0,0.010
6105.1,g2,tick,993.5,0.118
6105.1,g4,tick,997.1,0.074
6110.2,g1,tick,1000.0,0.010
6110.2,g2,tick,996.2,0.111
6110.2,g4,tick,998.5,0.070
6115.1,g1,tick,1000.0,0.009
6116.7,g2,tick,997.6,0.104
6116.7,g4,tick,999.3,0.065
6120.1,g1,tick,1000.0,0.009
6120.1,g2,tick,998.8,0.097
6120.1,g4,tick,999.6,0.061
6125.2,g1,tick,1000.0,0.008
6125.2,g2,tick,999.4,0.091
6125.2,g4,tick,999.8,0.057
6130.1,g1,tick,1000.0,0.008
6130.1,g2,tick,999.7,0.086
6130.1,g4,tick,999.9,0.054
6135.1,g1,tick,1000.0,0.007
6135.1,g2,tick,999.8,0.080
6135.1,g4,tick,1000.0,0.050
6140.1,g1,tick,1000.0,0.007
6140.1,g2,tick,999.9,0.075
6140.1,g4,tick,1000.0,0.047
6141.4,g4,cut,976.4,0.107
6145.3,g1,tick,1000.0,0.006
6145.3,g2,tick,1000.0,0.071
6145.3,g4,tick,976.4,0.107
6146.5,g1,cut,996.9,0.068
6148.7,g1,cnp,996.9,0.068
6150.1,g1,tick,996.9,0.068
6150.1,g2,tick,1000.0,0.066
6150.1,g4,tick,988.2,0.100
6155.1,g1,tick,998.4,0.064
6155.1,g2,tick,1000.0,0.062
6155.1,g4,tick,994.1,0.094
6160.2,g1,tick,999.2,0.060
6160.2,g2,tick,1000.0,0.058
6160.2,g4,tick,997.0,0.088
6165.1,g1,tick,999.6,0.056
6165.1,g2,tick,1000.0,0.055
6165.1,g4,tick,998.5,0.082
6170.1,g1,tick,999.8,0.053
6170.1,g2,tick,1000.0,0.051
6170.1,g4,tick,999.2,0.077
6175.1,g1,tick,999.9,0.050
6175.1,g2,tick,1000.0,0.048
6175.1,g4,tick,999.6,0.072
6180.1,g1,tick,1000.0,0.046
6180.1,g2,tick,1000.0,0.045
6180.1,g4,tick,999.8,0.068
6185.1,g1,tick,1000.0,0.044
6185.1,g2,tick,1000.0,0.042
6185.1,g4,tick,999.9,0.064
6190.1,g1,tick,1000.0,0.041
6190.1,g2,tick,1000.0,0.039
6190.1,g4,tick,1000.0,0.060
6195.1,g1,tick,1000.0,0.038
6195.1,g2,tick,1000.0,0.037
6195.1,g4,tick,1000.0,0.056
6201.1,g2,cut,981.5,0.097
6201.2,g1,tick,1000.0,0.036
6201.2,g2,tick,981.5,0.097
6201.2,g4,tick,1000.0,0.052
6201.7,g1,cut,982.1,0.096
6202.2,g2,cnp,981.5,0.097
6204.4,g2,cnp,981.5,0.097
6205.1,g1,tick,982.1,0.096
6205.1,g2,tick,981.5,0.097
6205.1,g4,tick,1000.0,0.049
6206.7,g2,cnp,981.5,0.097
6208.9,g2,cnp,981.5,0.097
6210.0,g1,tick,991.0,0.090
6210.0,g2,tick,981.5,0.097
6210.1,g4,tick,1000.0,0.046
6210.9,g2,cnp,981.5,0.097
6213.5,g2,cut,933.8,0.154
6220.7,g1,tick,995.5,0.084
6220.7,g2,tick,933.8,0.154
6220.7,g4,tick,1000.0,0.043
6220.7,g2,cnp,933.8,0.154
6220.7,g2,cnp,933.8,0.154
6220.7,g1,tick,997.8,0.079
6220.7,g2,tick,933.8,0.154
6220.7,g4,tick,1000.0,0.041
6223.0,g2,cnp,933.8,0.154
6224.5,g2,cut,862.1,0.207
6228.2,g1,tick,998.9,0.074
6228.2,g2,tick,862.1,0.207
6228.2,g4,tick,1000.0,0.038
6229.7,g2,cnp,862.1,0.207
6230.1,g1,tick,999.4,0.070
6230.1,g2,tick,862.1,0.207
6230.1,g4,tick,1000.0,0.036
6235.1,g1,tick,999.7,0.065
6236.5,g2,tick,897.9,0.194
6236.5,g4,tick,1000.0,0.033
6240.1,g1,tick,999.9,0.061
6240.1,g2,tick,915.9,0.182
6240.1,g4,tick,1000.0,0.031
6245.1,g1,tick,999.9,0.057
6246.9,g2,tick,924.8,0.170
6246.9,g4,tick,1000.0,0.029
6250.1,g1,tick,1000.0,0.054
6250.1,g2,tick,929.3,0.160
6250.1,g4,tick,1000.0,0.028
6255.1,g1,tick,1000.0,0.050
6255.1,g2,tick,931.6,0.150
6255.1,g4,tick,1000.0,0.026
6260.6,g1,tick,1000.0,0.047
6260.6,g2,tick,937.7,0.140
6260.6,g4,tick,1000.0,0.024
6265.4,g1,tick,1000.0,0.044
6268.3,g2,tick,945.7,0.131
6268.3,g4,tick,1000.0,0.023
6270.0,g1,tick,1000.0,0.042
6270.1,g2,tick,954.8,0.123
6270.1,g4,tick,1000.0,0.021
6270.6,g4,cut,989.4,0.082
6275.1,g1,tick,1000.0,0.039
6275.1,g2,tick,964.3,0.116
6275.1,g4,tick,989.4,0.082
6276.7,g4,cnp,989.4,0.082
6280.1,g1,tick,1000.0,0.037
6288.7,g2,tick,974.0,0.108
6288.7,g4,tick,989.4,0.082
6288.8,g1,tick,1000.0,0.034
6288.8,g2,tick,987.0,0.102
6288.8,g4,tick,994.7,0.077
6290.1,g1,tick,1000.0,0.032
6290.1,g2,tick,993.5,0.095
6290.1,g4,tick,997.3,0.072
6295.1,g1,tick,1000.0,0.030
6296.8,g2,tick,996.8,0.089
6296.8,g4,tick,998.7,0.068
6300.1,g1,tick,1000.0,0.028
6300.1,g2,tick,998.4,0.084
6300.1,g4,tick,999.3,0.064
6309.6,g1,tick,1000.0,0.026
6309.6,g2,tick,999.2,0.078
6309.6,g4,tick,999.7,0.060
6310.1,g1,tick,1000.0,0.025
6310.1,g2,tick,999.6,0.074
6310.1,g4,tick,999.8,0.056
6321.7,g1,tick,1000.0,0.023
6321.7,g2,tick,999.8,0.069
6321.7,g4,tick,999.9,0.052
6321.7,g1,tick,1000.0,0.022
6321.7,g2,tick,999.9,0.065
6321.7,g4,tick,1000.0,0.049
6325.1,g1,tick,1000.0,0.020
6325.1,g2,tick,999.9,0.061
6325.1,g4,tick,1000.0,0.046
6330.1,g1,tick,1000.0,0.019
6330.1,g2,tick,1000.0,0.057
6330.1,g4,tick,1000.0,0.043
6333.1,g2,cut,971.6,0.116
6337.2,g1,tick,1000.0,0.018
6337.2,g2,tick,971.6,0.116
6337.2,g4,tick,1000.0,0.041
6338.4,g1,cut,991.0,0.079
6341.4,g1,tick,991.0,0.079
6341.4,g2,tick,985.8,0.109
6341.4,g4,tick,1000.0,0.038
6345.1,g1,tick,995.5,0.074
6347.5,g2,tick,992.9,0.102
6347.5,g4,tick,1000.0,0.036
6350.1,g1,tick,997.8,0.070
6350.1,g2,tick,996.4,0.095
6350.1,g4,tick,1000.0,0.033
6355.0,g1,tick,998.9,0.065
6355.0,g2,tick,998.2,0.089
6355.0,g4,tick,1000.0,0.031
6360.2,g1,tick,999.4,0.061
6360.2,g2,tick,999.1,0.084
6360.2,g4,tick,1000.0,0.029
6365.1,g1,tick,999.7,0.057
6365.1,g2,tick,999.5,0.079
6365.1,g4,tick,1000.0,0.028
6370.6,g1,tick,999.9,0.054
6370.6,g2,tick,999.8,0.074
6370.6,g4,tick,1000.0,0.026
6375.5,g1,tick,999.9,0.050
6375.5,g2,tick,999.9,0.069
6375.5,g4,tick,1000.0,0.024
6380.2,g1,tick,1000.0,0.047
6380.2,g2,tick,999.9,0.065
6380.2,g4,tick,1000.0,0.023
6386.1,g1,tick,1000.0,0.044
6386.1,g2,tick,1000.0,0.061
6386.1,g4,tick,1000.0,0.021
6390.1,g1,tick,1000.0,0.042
6390.1,g2,tick,1000.0,0.057
6390.1,g4,tick,1000.0,0.020
6395.1,g1,tick,1000.0,0.039
6395.1,g2,tick,1000.0,0.053
6395.1,g4,tick,1000.0,0.019
6400.0,g1,tick,1000.0,0.037
6400.0,g2,tick,1000.0,0.050
6400.1,g4,tick,1000.0,0.018
6405.2,g1,tick,1000.0,0.034
6405.2,g2,tick,1000.0,0.047
6405.2,g4,tick,1000.0,0.016
6410.2,g1,tick,1000.0,0.032
6410.2,g2,tick,1000.0,0.044
6410.2,g4,tick,1000.0,0.015
6415.3,g1,tick,1000.0,0.030
6415.3,g2,tick,1000.0,0.041
6415.3,g4,tick,1000.0,0.014
6420.1,g1,tick,1000.0,0.028
6420.1,g2,tick,1000.0,0.039
6420.1,g4,tick,1000.0,0.014
6425.1,g1,tick,1000.0,0.026
6425.1,g2,tick,1000.0,0.036
6425.1,g4,tick,1000.0,0.013
6427.6,g1,cut,986.8,0.087
6430.1,g1,tick,986.8,0.087
6430.1,g2,tick,1000.0,0.034
6430.1,g4,tick,1000.0,0.012
6432.0,g1,cnp,986.8,0.087
6435.1,g1,tick,986.8,0.087
6435.1,g2,tick,1000.0,0.032
6435.1,g4,tick,1000.0,0.011
6437.7,g1,cut,943.7,0.144
6441.4,g1,tick,943.7,0.144
6441.4,g2,tick,1000.0,0.030
6441.4,g4,tick,1000.0,0.010
6446.6,g1,tick,965.2,0.135
6446.6,g2,tick,1000.0,0.028
6446.6,g4,tick,1000.0,0.010
6450.1,g1,tick,976.0,0.127
6450.1,g2,tick,1000.0,0.026
6450.1,g4,tick,1000.0,0.009
6455.5,g1,tick,981.4,0.119
6455.5,g2,tick,1000.0,0.025
6455.5,g4,tick,1000.0,0.009
6460.1,g1,tick,984.1,0.112
6460.1,g2,tick,1000.0,0.023
6460.1,g4,tick,1000.0,0.008
6469.2,g1,tick,985.4,0.105
6469.2,g2,tick,1000.0,0.022
6469.2,g4,tick,1000.0,0.008
6470.7,g1,tick,991.1,0.098
6470.7,g2,tick,1000.0,0.020
6470.7,g4,tick,1000.0,0.007
6471.7,g2,cut,989.9,0.081
6475.0,g2,cnp,989.9,0.081
6475.0,g1,tick,995.5,0.092
6475.0,g2,tick,989.9,0.081
6475.0,g4,tick,1000.0,0.007
6477.7,g2,cnp,989.9,0.081
6480.0,g2,cnp,989.9,0.081
6480.1,g1,tick,997.8,0.086
6480.1,g2,tick,989.9,0.081
6480.1,g4,tick,1000.0,0.006
6483.3,g2,cut,949.5,0.139
6486.8,g1,tick,998.9,0.081
6486.8,g2,tick,949.5,0.139
6486.8,g4,tick,1000.0,0.006
6486.8,g2,cnp,949.5,0.139
6487.6,g2,cnp,949.5,0.139
6489.7,g2,cnp,949.5,0.139
6490.0,g4,cut,997.1,0.068
6490.1,g1,tick,999.4,0.076
6490.1,g2,tick,949.5,0.139
6490.1,g4,tick,997.1,0.068
6492.3,g4,cnp,997.1,0.068
6494.5,g4,cnp,997.1,0.068
6495.1,g1,tick,999.7,0.071
6498.7,g2,tick,969.7,0.130
6498.7,g4,tick,997.1,0.068
6498.8,g4,cnp,997.1,0.068
6498.9,g4,cnp,997.1,0.068
6500.1,g1,tick,999.9,0.067
6500.1,g2,tick,979.8,0.122
6500.1,g4,tick,997.1,0.068
6500.9,g4,cut,963.2,0.126
6504.2,g4,cnp,963.2,0.126
6504.3,g1,cut,966.6,0.125
6505.1,g1,tick,966.6,0.125
6505.1,g2,tick,984.8,0.114
6505.1,g4,tick,963.2,0.126
6506.5,g1,cnp,966.6,0.125
6508.7,g1,cnp,966.6,0.125
6510.1,g1,tick,966.6,0.125
6510.1,g2,tick,987.3,0.107
6510.1,g4,tick,980.1,0.118
6510.9,g1,cnp,966.6,0.125
6512.9,g1,cnp,966.6,0.125
6515.3,g1,cut,906.2,0.180
6519.1,g1,tick,906.2,0.180
6519.1,g2,tick,988.6,0.101
6522.7,g4,tick,988.6,0.111
6522.7,g1,cnp,906.2,0.180
6522.7,g2,cut,938.9,0.157
6522.7,g2,cnp,938.9,0.157
6526.1,g1,tick,906.2,0.180
6526.1,g2,tick,938.9,0.157
6526.1,g4,tick,992.8,0.104
6526.1,g2,cnp,938.9,0.157
6527.7,g1,tick,936.4,0.168
6527.7,g2,tick,938.9,0.157
6527.7,g4,tick,995.0,0.098
6527.7,g2,cnp,938.9,0.157
6528.4,g2,cnp,938.9,0.157
6530.4,g1,tick,951.5,0.158
6530.4,g2,tick,938.9,0.157
6530.4,g4,tick,996.0,0.091
6536.7,g1,tick,959.0,0.148
6538.9,g2,tick,963.7,0.147
6538.9,g4,tick,998.0,0.086
6540.1,g1,tick,962.8,0.139
6540.1,g2,tick,976.2,0.138
6540.1,g4,tick,999.0,0.080
6545.5,g1,tick,964.7,0.130
6545.5,g2,tick,982.4,0.129
6545.5,g4,tick,999.5,0.075
6550.2,g1,tick,970.6,0.122
6552.8,g2,tick,985.5,0.121
6552.8,g4,tick,999.8,0.071
6559.5,g1,tick,978.6,0.114
6559.5,g2,tick,987.1,0.114
6559.5,g4,tick,999.9,0.066
6560.1,g1,tick,987.6,0.107
6560.1,g2,tick,992.8,0.106
6560.1,g4,tick,999.9,0.062
6565.1,g1,tick,993.8,0.100
6565.1,g2,tick,996.4,0.100
6565.1,g4,tick,1000.0,0.058
6570.1,g1,tick,996.9,0.094
6570.1,g2,tick,998.2,0.094
6570.1,g4,tick,1000.0,0.055
6579.3,g1,tick,998.5,0.088
6579.3,g2,tick,999.1,0.088
6579.3,g4,tick,1000.0,0.051
6580.7,g1,tick,999.2,0.083
6580.8,g2,tick,999.6,0.082
6580.8,g4,tick,1000.0,0.048
6581.2,g2,cut,958.5,0.140
6588.2,g1,tick,999.6,0.078
6588.2,g2,tick,958.5,0.140
6588.2,g4,tick,1000.0,0.045
6588.2,g1,cut,960.8,0.135
6592.5,g1,tick,960.8,0.135
6594.6,g2,tick,979.0,0.131
6594.6,g4,tick,1000.0,0.042
6605.7,g1,tick,980.2,0.127
6605.7,g2,tick,989.3,0.123
6605.7,g4,tick,1000.0,0.040
6605.7,g1,tick,989.9,0.119
6605.7,g2,tick,994.4,0.115
6605.7,g4,tick,1000.0,0.037
6605.7,g1,tick,994.8,0.111
6605.7,g2,tick,997.0,0.108
6605.7,g4,tick,1000.0,0.035
6617.7,g1,tick,997.2,0.104
6617.7,g2,tick,998.3,0.101
6617.7,g4,tick,1000.0,0.033
6617.7,g1,tick,998.4,0.098
6619.3,g2,tick,999.1,0.095
6619.4,g4,tick,1000.0,0.031
6620.1,g1,tick,999.2,0.092
6620.1,g2,tick,999.6,0.089
6620.1,g4,tick,1000.0,0.029
6625.1,g1,tick,999.6,0.086
6625.1,g2,tick,999.8,0.083
6625.1,g4,tick,1000.0,0.027
6630.1,g1,tick,999.8,0.081
6630.1,g2,tick,999.9,0.078
6630.1,g4,tick,1000.0,0.025
6631.2,g2,cut,960.8,0.136
6634.1,g2,cnp,960.8,0.136
6638.8,g1,tick,999.9,0.076
6638.8,g2,tick,960.8,0.136
6638.8,g4,tick,1000.0,0.024
6638.8,g2,cnp,960.8,0.136
6639.7,g2,cnp,960.8,0.136
6640.3,g1,tick,1000.0,0.071
6640.3,g2,tick,960.8,0.136
6640.3,g4,tick,1000.0,0.022
6643.4,g2,cut,895.6,0.190
6647.3,g1,tick,1000.0,0.067
6647.3,g2,tick,895.6,0.190
6647.3,g4,tick,1000.0,0.021
6647.3,g2,cnp,895.6,0.190
6647.5,g4,cut,989.6,0.082
6650.2,g4,cnp,989.6,0.082
6650.2,g1,tick,1000.0,0.062
6650.2,g2,tick,895.6,0.190
6650.2,g4,tick,989.6,0.082
6652.2,g4,cnp,989.6,0.082
6654.3,g4,cnp,989.6,0.082
6655.2,g1,tick,1000.0,0.058
6656.5,g2,tick,928.2,0.178
6656.5,g4,tick,989.6,0.082
6656.5,g4,cnp,989.6,0.082
6659.4,g4,cut,949.1,0.139
6662.2,g1,tick,1000.0,0.055
6662.2,g2,tick,944.5,0.167
6662.2,g4,tick,949.1,0.139
6662.2,g1,cut,972.6,0.114
6670.8,g4,cut,883.0,0.193
6674.7,g1,tick,972.6,0.114
6680.3,g2,tick,952.7,0.156
6680.3,g4,tick,883.0,0.193
6680.4,g1,cut,917.2,0.169
6680.4,g1,cnp,917.2,0.169
6680.4,g1,cnp,917.2,0.169
6680.4,g1,cnp,917.2,0.169
6680.4,g1,cnp,917.2,0.169
6682.1,g2,cut,878.2,0.209
6682.2,g2,cnp,878.2,0.209
6682.2,g2,cnp,878.2,0.209
6685.5,g1,tick,917.2,0.169
6685.5,g2,tick,878.2,0.209
6689.0,g4,tick,916.0,0.181
6689.0,g2,cnp,878.2,0.209
6690.8,g1,tick,944.9,0.159
6690.8,g2,tick,878.2,0.209
6690.8,g4,tick,932.6,0.170
6690.8,g1,tick,958.8,0.149
6692.7,g2,tick,915.5,0.196
6694.6,g4,tick,940.8,0.159
6696.1,g1,tick,965.7,0.139
6698.5,g2,tick,934.1,0.184
6698.5,g4,tick,945.0,0.149
6698.5,g1,tick,969.1,0.131
6698.5,g2,tick,943.4,0.172
6698.5,g4,tick,947.0,0.140
6698.5,g1,tick,970.9,0.123
6698.5,g2,tick,948.0,0.161
6698.5,g4,tick,953.1,0.131
6700.5,g1,tick,976.7,0.115
6700.5,g2,tick,950.4,0.151
6703.6,g4,tick,961.1,0.123
6705.1,g1,tick,984.7,0.108
6711.4,g2,tick,956.5,0.142
6711.4,g4,tick,970.1,0.115
6720.0,g1,tick,992.3,0.101
6720.0,g2,tick,964.6,0.133
6720.1,g4,tick,979.6,0.108
6720.1,g1,tick,996.2,0.095
6720.1,g2,tick,973.7,0.125
6722.6,g4,tick,989.4,0.101
6722.6,g1,tick,998.1,0.089
6725.7,g2,tick,983.2,0.117
6725.7,g4,tick,994.7,0.095
6725.8,g1,tick,999.0,0.083
6725.8,g2,tick,991.6,0.110
6725.8,g4,tick,997.3,0.089
6730.2,g1,tick,999.5,0.078
6730.2,g2,tick,995.8,0.103
6730.2,g4,tick,998.7,0.083
6734.2,g4,cut,957.0,0.141
6737.1,g1,tick,999.8,0.073
6737.1,g2,tick,997.9,0.096
6737.1,g4,tick,957.0,0.141
6737.2,g4,cnp,957.0,0.141
6741.4,g4,cnp,957.0,0.141
6741.4,g1,tick,999.9,0.069
6741.4,g2,tick,998.9,0.090
6741.4,g4,tick,957.0,0.141
6742.0,g1,cut,965.6,0.127
6744.7,g1,cnp,965.6,0.127
6745.1,g1,tick,965.6,0.127
6745.1,g2,tick,999.5,0.085
6748.3,g4,tick,977.8,0.132
6748.9,g1,cnp,965.6,0.127
6750.8,g1,tick,965.6,0.127
6750.9,g2,tick,999.7,0.079
6750.9,g4,tick,988.3,0.124
6755.6,g1,tick,982.7,0.119
6755.6,g2,tick,999.9,0.074
6755.6,g4,tick,993.5,0.116
6769.7,g1,tick,991.3,0.111
6769.8,g2,tick,999.9,0.070
6769.8,g4,tick,996.1,0.109
6769.8,g1,tick,995.6,0.104
6769.8,g2,tick,1000.0,0.065
6769.8,g4,tick,997.4,0.102
6771.0,g1,tick,997.7,0.098
6771.0,g2,tick,1000.0,0.061
6772.5,g4,tick,998.7,0.096
6775.3,g1,tick,998.8,0.092
6775.3,g2,tick,1000.0,0.058
6775.3,g4,tick,999.3,0.090
6780.0,g1,tick,999.4,0.086
6780.1,g2,tick,1000.0,0.054
6780.1,g4,tick,999.7,0.084
6785.1,g1,tick,999.7,0.081
6785.1,g2,tick,1000.0,0.051
6785.1,g4,tick,999.8,0.079
6790.1,g1,tick,999.9,0.076
6790.1,g2,tick,1000.0,0.047
6790.1,g4,tick,999.9,0.074
6795.3,g1,tick,999.9,0.071
6795.3,g2,tick,1000.0,0.044
6795.3,g4,tick,1000.0,0.069
6800.1,g1,tick,1000.0,0.066
6800.1,g2,tick,1000.0,0.042
6800.1,g4,tick,1000.0,0.065
6805.1,g1,tick,1000.0,0.062
6805.1,g2,tick,1000.0,0.039
6805.1,g4,tick,1000.0,0.061
6813.7,g1,tick,1000.0,0.058
6813.7,g2,tick,1000.0,0.037
6813.7,g4,tick,1000.0,0.057
6815.2,g1,tick,1000.0,0.055
6815.2,g2,tick,1000.0,0.034
6815.2,g4,tick,1000.0,0.053
6820.1,g1,tick,1000.0,0.051
6820.1,g2,tick,1000.0,0.032
6820.1,g4,tick,1000.0,0.050
6825.1,g1,tick,1000.0,0.048
6825.1,g2,tick,1000.0,0.030
6825.1,g4,tick,1000.0,0.047
6830.1,g1,tick,1000.0,0.045
6830.1,g2,tick,1000.0,0.028
6830.1,g4,tick,1000.0,0.044
6835.3,g1,tick,1000.0,0.042
6835.3,g2,tick,1000.0,0.027
6835.3,g4,tick,1000.0,0.041
6837.6,g2,cut,986.7,0.087
6839.6,g2,cnp,986.7,0.087
6840.1,g1,tick,1000.0,0.040
6840.1,g2,tick,986.7,0.087
6840.1,g4,tick,1000.0,0.039
6846.2,g1,tick,1000.0,0.037
6846.2,g2,tick,993.4,0.082
6846.2,g4,tick,1000.0,0.036
6850.1,g1,tick,1000.0,0.035
6850.1,g2,tick,996.7,0.077
6850.1,g4,tick,1000.0,0.034
6856.5,g1,tick,1000.0,0.033
6856.5,g2,tick,998.3,0.072
6856.5,g4,tick,1000.0,0.032
6860.1,g1,tick,1000.0,0.031
6860.1,g2,tick,999.2,0.067
6860.1,g4,tick,1000.0,0.030
6865.1,g1,tick,1000.0,0.029
6865.1,g2,tick,999.6,0.063
6865.1,g4,tick,1000.0,0.028
6870.1,g1,tick,1000.0,0.027
6870.1,g2,tick,999.8,0.059
6870.1,g4,tick,1000.0,0.026
6875.1,g2,cut,970.1,0.118
6875.1,g1,tick,1000.0,0.025
6875.1,g2,tick,970.1,0.118
6875.1,g4,tick,1000.0,0.025
6879.6,g1,cut,987.4,0.086
6879.7,g2,cnp,970.1,0.118
6880.1,g1,tick,987.4,0.086
6880.1,g2,tick,970.1,0.118
6880.1,g4,tick,1000.0,0.023
6882.0,g2,cnp,970.1,0.118
6882.9,g1,cnp,987.4,0.086
6884.7,g2,cnp,970.1,0.118
6885.1,g1,tick,987.4,0.086
6885.1,g2,tick,970.1,0.118
6885.1,g4,tick,1000.0,0.022
6885.1,g1,cnp,987.4,0.086
6886.8,g2,cut,912.9,0.173
6893.7,g1,tick,987.4,0.086
6893.7,g2,tick,912.9,0.173
6893.7,g4,tick,1000.0,0.020
6893.7,g1,cut,944.8,0.143
6893.8,g1,cnp,944.8,0.143
6896.1,g2,cnp,912.9,0.173
6896.1,g2,cnp,912.9,0.173
6896.1,g2,cnp,912.9,0.173
6896.2,g1,tick,944.8,0.143
6896.2,g2,tick,912.9,0.173
6896.2,g4,tick,1000.0,0.019
6896.2,g1,cnp,944.8,0.143
6896.3,g1,cnp,944.8,0.143
6899.8,g1,cnp,944.8,0.143
6900.0,g1,tick,944.8,0.143
6902.5,g2,tick,941.5,0.162
6902.5,g4,tick,1000.0,0.018
6902.5,g1,cnp,944.8,0.143
6902.5,g4,cut,991.1,0.079
6904.7,g4,cnp,991.1,0.079
6905.0,g1,tick,944.8,0.143
6905.0,g2,tick,955.8,0.152
6905.0,g4,tick,991.1,0.079
6907.8,g4,cnp,991.1,0.079
6910.6,g4,cnp,991.1,0.079
6912.3,g1,tick,966.1,0.134
6914.0,g2,tick,963.0,0.143
6914.0,g4,tick,991.1,0.079
6914.1,g4,cut,951.8,0.137
6917.2,g1,tick,976.7,0.126
6917.2,g2,tick,966.6,0.134
6917.2,g4,tick,951.8,0.137
6917.2,g4,cnp,951.8,0.137
6920.1,g1,tick,982.1,0.118
6920.1,g2,tick,968.4,0.125
6920.1,g4,tick,951.8,0.137
6925.1,g1,tick,984.7,0.111
6925.1,g2,tick,974.3,0.118
6931.2,g4,tick,971.4,0.128
6933.2,g1,tick,986.0,0.104
6933.2,g2,tick,982.2,0.110
6933.2,g4,tick,981.3,0.120
6935.1,g1,tick,991.7,0.097
6940.3,g2,tick,991.1,0.103
6940.3,g4,tick,986.2,0.113
6940.3,g1,tick,995.9,0.091
6940.3,g2,tick,995.5,0.097
6940.3,g4,tick,988.6,0.106
6945.1,g1,tick,997.9,0.086
6945.1,g2,tick,997.8,0.091
6945.1,g4,tick,989.9,0.099
6951.4,g1,tick,999.0,0.080
6951.4,g2,tick,998.9,0.085
6959.2,g4,tick,994.9,0.093
6959.2,g4,cut,948.7,0.150
6965.6,g1,tick,999.5,0.075
6965.6,g2,tick,999.4,0.080
6965.6,g4,tick,948.7,0.150
6965.7,g4,cnp,948.7,0.150
6965.7,g4,cnp,948.7,0.150
6965.7,g4,cnp,948.7,0.150
6965.7,g1,tick,999.7,0.070
6965.7,g2,tick,999.7,0.075
6965.7,g4,tick,948.7,0.150
6965.7,g1,tick,999.9,0.066
6965.7,g2,tick,999.9,0.070
6967.4,g4,tick,971.8,0.140
6968.5,g4,cnp,971.8,0.140
6969.5,g4,cut,903.7,0.194
6971.4,g1,tick,999.9,0.062
6971.4,g2,tick,999.9,0.066
6971.4,g4,tick,903.7,0.194
6971.4,g1,cut,969.0,0.121
6974.3,g1,cnp,969.0,0.121
6975.1,g1,tick,969.0,0.121
6975.1,g2,tick,1000.0,0.062
6977.8,g4,tick,937.8,0.182
6977.8,g1,cnp,969.0,0.121
6977.8,g2,cut,969.1,0.120
6979.9,g2,cnp,969.1,0.120
6980.1,g1,tick,969.0,0.121
6980.1,g2,tick,969.1,0.120
6980.1,g4,tick,954.8,0.170
6984.1,g1,cut,910.6,0.176
6986.1,g2,cnp,969.1,0.120
6986.1,g1,tick,910.6,0.176
6986.1,g2,tick,969.1,0.120
6991.4,g4,tick,963.3,0.160
6991.4,g1,cnp,910.6,0.176
6991.4,g1,tick,910.6,0.176
6991.4,g2,tick,984.5,0.113
6991.4,g4,tick,967.6,0.150
6996.8,g1,tick,939.8,0.165
7000.5,g2,tick,992.3,0.106
7000.5,g4,tick,969.7,0.140
7000.6,g1,tick,954.4,0.154
7000.6,g2,tick,996.1,0.099
7000.6,g4,tick,975.8,0.132
7009.2,g1,tick,961.7,0.145
7009.3,g2,tick,998.0,0.093
7011.7,g4,tick,983.8,0.123
7011.7,g1,tick,965.3,0.136
7011.7,g2,tick,999.0,0.087
7011.7,g4,tick,991.9,0.116
7015.1,g1,tick,967.2,0.127
7015.1,g2,tick,999.5,0.082
7015.1,g4,tick,995.9,0.108
7020.1,g1,tick,973.1,0.119
7020.1,g2,tick,999.8,0.077
7020.1,g4,tick,998.0,0.102
7027.5,g1,tick,981.0,0.112
7027.5,g2,tick,999.9,0.072
7027.5,g4,tick,999.0,0.095
7027.5,g1,cut,926.2,0.167
7029.5,g2,cut,964.0,0.130
7032.8,g1,tick,926.2,0.167
7032.8,g2,tick,964.0,0.130
7032.8,g4,tick,999.5,0.089
7033.9,g2,cnp,964.0,0.130
7034.0,g1,cnp,926.2,0.167
7035.1,g1,tick,926.2,0.167
7035.1,g2,tick,964.0,0.130
7035.1,g4,tick,999.7,0.084
7036.1,g2,cnp,964.0,0.130
7038.2,g2,cnp,964.0,0.130
7038.3,g1,cut,848.8,0.219
7044.2,g1,tick,848.8,0.219
7044.2,g2,tick,964.0,0.130
7044.2,g4,tick,999.9,0.079
7044.2,g1,cnp,848.8,0.219
7044.2,g2,cut,901.4,0.184
7053.4,g4,cut,960.6,0.136
7053.4,g4,cnp,960.6,0.136
7053.4,g4,cnp,960.6,0.136
7053.4,g4,cnp,960.6,0.136
7053.4,g4,cnp,960.6,0.136
7057.3,g1,tick,848.8,0.219
7057.3,g2,tick,901.4,0.184
7057.3,g4,tick,960.6,0.136
7057.4,g4,cnp,960.6,0.136
7060.7,g1,tick,887.5,0.206
7062.8,g2,tick,932.7,0.173
7062.8,g4,tick,960.6,0.136
7065.7,g1,tick,906.9,0.193
7065.7,g2,tick,948.3,0.162
7069.4,g4,tick,980.2,0.128
7069.4,g1,tick,916.5,0.181
7072.4,g2,tick,956.2,0.152
7072.4,g4,tick,990.1,0.120
7072.4,g1,tick,921.4,0.169
7072.4,g2,tick,960.1,0.142
7072.4,g4,tick,995.0,0.112
7072.4,g1,tick,923.8,0.159
7072.4,g2,tick,962.0,0.133
7072.4,g4,tick,997.4,0.105
7078.5,g1,tick,930.0,0.149
7078.5,g2,tick,968.0,0.125
7078.5,g4,tick,998.6,0.099
7080.1,g1,tick,938.1,0.140
7083.0,g2,tick,976.0,0.117
7083.0,g4,tick,999.3,0.092
7085.1,g1,tick,947.2,0.131
7085.1,g2,tick,985.0,0.110
7085.1,g4,tick,999.7,0.087
7093.2,g1,tick,956.7,0.123
7093.2,g2,tick,992.5,0.103
7093.2,g4,tick,999.8,0.081
7095.1,g1,tick,966.5,0.115
7097.6,g2,tick,996.2,0.097
7100.4,g4,tick,999.9,0.076
7100.4,g2,cut,948.1,0.153
7103.1,g4,cut,961.8,0.134
7103.1,g4,cnp,961.8,0.134
7110.3,g1,tick,983.2,0.108
7110.3,g2,tick,948.1,0.153
7110.3,g4,tick,961.8,0.134
7110.4,g4,cnp,961.8,0.134
7110.4,g4,cnp,961.8,0.134
7110.4,g4,cnp,961.8,0.134
7110.4,g1,tick,991.6,0.101
7114.5,g2,tick,972.2,0.144
7114.5,g4,tick,961.8,0.134
7114.5,g4,cut,897.4,0.188
7116.4,g1,tick,995.8,0.095
7116.4,g2,tick,984.2,0.135
7116.4,g4,tick,897.4,0.188
7116.4,g4,cnp,897.4,0.188
7116.4,g1,tick,997.9,0.089
7116.4,g2,tick,990.2,0.126
7116.4,g4,tick,897.4,0.188
7118.0,g4,cnp,897.4,0.188
7120.0,g4,cnp,897.4,0.188
7120.0,g1,tick,999.0,0.083
7121.8,g2,tick,993.2,0.118
7121.8,g4,tick,897.4,0.188
7122.5,g4,cnp,897.4,0.188
7124.3,g4,cnp,897.4,0.188
7127.2,g1,cut,957.4,0.141
7130.3,g1,tick,957.4,0.141
7130.3,g2,tick,994.7,0.111
7130.3,g4,tick,897.4,0.188
7130.3,g1,cnp,957.4,0.141
7130.3,g2,cut,939.6,0.166
7133.6,g1,tick,957.4,0.141
7133.6,g2,tick,939.6,0.166
7135.6,g4,tick,929.6,0.176
7135.6,g2,cnp,939.6,0.166
7135.6,g2,cnp,939.6,0.166
7137.3,g1,tick,978.2,0.132
7137.3,g2,tick,939.6,0.166
7137.3,g4,tick,945.7,0.165
7138.0,g2,cnp,939.6,0.166
7138.1,g1,cut,913.7,0.186
7141.3,g1,tick,913.7,0.186
7141.3,g2,tick,939.6,0.166
7143.3,g4,tick,953.8,0.155
7143.4,g1,cnp,913.7,0.186
7143.4,g1,cnp,913.7,0.186
7145.1,g1,tick,913.7,0.186
7147.3,g2,tick,967.2,0.156
7147.3,g4,tick,957.8,0.145
7155.0,g1,tick,945.9,0.174
7155.0,g2,tick,981.0,0.146
7155.0,g4,tick,959.8,0.136
7155.1,g1,tick,962.0,0.164
7159.6,g2,tick,987.9,0.137
7159.6,g4,tick,965.8,0.128
7165.2,g1,tick,970.1,0.153
7165.2,g2,tick,991.3,0.129
7167.8,g4,tick,973.8,0.120
7167.8,g1,tick,974.1,0.144
7167.8,g2,tick,993.0,0.121
7167.8,g4,tick,982.8,0.112
7170.2,g1,tick,976.1,0.135
7170.2,g2,tick,996.5,0.113
7170.2,g4,tick,991.4,0.105
7177.7,g1,tick,982.1,0.126
7177.7,g2,tick,998.3,0.106
7180.9,g4,tick,995.7,0.099
7183.1,g1,tick,990.1,0.118
7183.1,g2,tick,999.1,0.099
7183.1,g4,tick,997.9,0.092
7186.0,g1,tick,995.1,0.111
7186.0,g2,tick,999.6,0.093
7186.0,g4,tick,998.9,0.087
7190.1,g1,tick,997.5,0.104
7190.1,g2,tick,999.8,0.087
7190.1,g4,tick,999.5,0.081
7195.1,g1,tick,998.8,0.098
7195.1,g2,tick,999.9,0.082
7195.1,g4,tick,999.7,0.076
7200.1,g1,tick,999.4,0.091
7200.1,g2,tick,999.9,0.077
7200.1,g4,tick,999.9,0.071
7205.6,g1,tick,999.7,0.086
7205.7,g2,tick,1000.0,0.072
7205.7,g4,tick,999.9,0.067
7213.6,g1,tick,999.8,0.080
7213.6,g2,tick,1000.0,0.067
7213.6,g4,tick,1000.0,0.063
7215.1,g1,tick,999.9,0.075
7215.1,g2,tick,1000.0,0.063
7215.1,g4,tick,1000.0,0.059
7217.1,g4,cut,970.6,0.118
7224.4,g1,tick,1000.0,0.071
7224.4,g2,tick,1000.0,0.059
7224.4,g4,tick,970.6,0.118
7224.4,g4,cnp,970.6,0.118
7225.1,g1,tick,1000.0,0.066
7225.1,g2,tick,1000.0,0.056
7225.1,g4,tick,970.6,0.118
7230.2,g1,tick,1000.0,0.062
7230.2,g2,tick,1000.0,0.052
7230.2,g4,tick,985.3,0.110
7235.8,g1,tick,1000.0,0.058
7235.8,g2,tick,1000.0,0.049
7238.0,g4,tick,992.6,0.103
7240.1,g1,tick,1000.0,0.055
7240.1,g2,tick,1000.0,0.046
7240.1,g4,tick,996.3,0.097
7245.9,g1,tick,1000.0,0.051
7245.9,g2,tick,1000.0,0.043
7245.9,g4,tick,998.1,0.091
7250.1,g1,tick,1000.0,0.048
7250.1,g2,tick,1000.0,0.040
7250.1,g4,tick,999.1,0.085
7255.1,g1,tick,1000.0,0.045
7255.1,g2,tick,1000.0,0.038
7255.1,g4,tick,999.5,0.080
7260.5,g2,cut,981.1,0.098
7260.5,g1,tick,1000.0,0.042
7260.5,g2,tick,981.1,0.098
7260.5,g4,tick,999.8,0.075
7261.3,g2,cnp,981.1,0.098
7263.3,g2,cnp,981.1,0.098
7265.9,g2,cnp,981.1,0.098
7265.9,g1,tick,1000.0,0.040
7265.9,g2,tick,981.1,0.098
7265.9,g4,tick,999.9,0.070
7268.4,g2,cnp,981.1,0.098
7270.1,g1,tick,1000.0,0.037
7270.1,g2,tick,981.1,0.098
7270.1,g4,tick,999.9,0.066
7270.6,g2,cut,933.1,0.154
7272.7,g2,cnp,933.1,0.154
7274.9,g2,cnp,933.1,0.154
7274.9,g4,cut,967.0,0.124
7277.4,g1,tick,1000.0,0.035
7277.4,g2,tick,933.1,0.154
7277.4,g4,tick,967.0,0.124
7277.7,g4,cnp,967.0,0.124
7279.7,g4,cnp,967.0,0.124
7280.0,g1,tick,1000.0,0.033
7283.1,g2,tick,957.1,0.145
7283.1,g4,tick,967.0,0.124
7283.1,g4,cnp,967.0,0.124
7284.4,g4,cnp,967.0,0.124
7285.1,g1,tick,1000.0,0.031
7285.1,g2,tick,969.1,0.136
7285.1,g4,tick,967.0,0.124
7286.4,g4,cut,907.0,0.179
7289.2,g1,cut,984.7,0.091
7289.2,g4,cnp,907.0,0.179
7290.0,g1,tick,984.7,0.091
7290.1,g2,tick,975.1,0.127
7290.1,g4,tick,907.0,0.179
7291.2,g1,cnp,984.7,0.091
7293.9,g1,cnp,984.7,0.091
7295.1,g1,tick,984.7,0.091
7297.8,g2,tick,978.1,0.119
7299.5,g4,tick,937.0,0.168
7299.5,g1,cut,939.9,0.148
7302.2,g1,tick,939.9,0.148
7302.2,g2,tick,979.6,0.112
7302.2,g4,tick,952.0,0.157
7307.2,g1,tick,962.3,0.139
7307.2,g2,tick,985.4,0.105
7308.8,g4,tick,959.5,0.147
7310.1,g1,tick,973.5,0.130
7310.1,g2,tick,992.7,0.098
7310.1,g4,tick,963.3,0.138
7315.1,g1,tick,979.1,0.122
7315.1,g2,tick,996.3,0.092
7315.1,g4,tick,965.2,0.130
7322.8,g1,tick,981.9,0.114
7324.2,g2,tick,998.2,0.086
7324.2,g4,tick,971.1,0.121
7326.1,g1,tick,983.3,0.107
7326.1,g2,tick,999.1,0.081
7332.1,g4,tick,979.1,0.114
7332.1,g1,tick,989.0,0.100
7332.1,g2,tick,999.5,0.076
7332.1,g4,tick,988.0,0.107
7336.2,g1,tick,994.5,0.094
7336.2,g2,tick,999.8,0.071
7336.2,g4,tick,994.0,0.100
7340.1,g1,tick,997.3,0.088
7340.1,g2,tick,999.9,0.067
7340.1,g4,tick,997.0,0.094
7345.1,g1,tick,998.6,0.083
7345.1,g2,tick,999.9,0.062
7345.1,g4,tick,998.5,0.088
7345.9,g4,cut,954.6,0.145
7350.9,g1,tick,999.3,0.078
7351.0,g2,tick,1000.0,0.059
7351.0,g4,tick,954.6,0.145
7351.1,g2,cut,970.7,0.117
7356.0,g1,tick,999.7,0.073
7356.0,g2,tick,970.7,0.117
7358.3,g4,tick,976.5,0.136
7358.3,g2,cnp,970.7,0.117
7360.1,g1,tick,999.8,0.068
7360.1,g2,tick,970.7,0.117
7360.1,g4,tick,987.5,0.127
7365.2,g1,tick,999.9,0.064
7365.2,g2,tick,985.3,0.110
7365.2,g4,tick,993.0,0.119
7370.2,g1,tick,1000.0,0.060
7372.9,g2,tick,992.6,0.103
7372.9,g4,tick,995.8,0.112
7375.1,g1,tick,1000.0,0.056
7375.1,g2,tick,996.3,0.097
7383.0,g4,tick,997.1,0.105
7383.0,g1,tick,1000.0,0.053
7383.0,g2,tick,998.1,0.091
7383.0,g4,tick,998.6,0.098
7385.1,g1,tick,1000.0,0.049
7385.1,g2,tick,999.1,0.085
7385.1,g4,tick,999.3,0.092
7390.1,g1,tick,1000.0,0.046
7390.1,g2,tick,999.5,0.080
7390.1,g4,tick,999.6,0.087
7396.2,g1,tick,1000.0,0.043
7396.2,g2,tick,999.8,0.075
7396.2,g4,tick,999.8,0.081
7401.7,g1,tick,1000.0,0.041
7401.7,g2,tick,999.9,0.070
7401.7,g4,tick,999.9,0.076
7402.0,g1,cut,979.7,0.101
7405.7,g1,tick,979.7,0.101
7405.7,g2,tick,999.9,0.066
7405.8,g4,tick,1000.0,0.071
7410.1,g1,tick,989.8,0.094
7410.1,g2,tick,1000.0,0.062
7410.1,g4,tick,1000.0,0.067
7415.5,g1,tick,994.9,0.088
7415.5,g2,tick,1000.0,0.058
7415.5,g4,tick,1000.0,0.063
7416.8,g1,cut,950.9,0.145
7420.1,g1,tick,950.9,0.145
7420.1,g2,tick,1000.0,0.054
7420.1,g4,tick,1000.0,0.059
7427.8,g1,tick,972.9,0.136
7427.8,g2,tick,1000.0,0.051
7427.8,g4,tick,1000.0,0.055
7430.1,g1,tick,983.9,0.128
7430.1,g2,tick,1000.0,0.048
7430.1,g4,tick,1000.0,0.052
7435.9,g1,tick,989.4,0.120
7435.9,g2,tick,1000.0,0.045
7435.9,g4,tick,1000.0,0.048
7440.0,g1,tick,992.2,0.112
7440.0,g2,tick,1000.0,0.042
7440.0,g4,tick,1000.0,0.045
7448.9,g1,tick,993.5,0.105
7448.9,g2,tick,1000.0,0.039
7448.9,g4,tick,1000.0,0.043
7450.1,g1,tick,996.8,0.099
7450.1,g2,tick,1000.0,0.037
7450.1,g4,tick,1000.0,0.040
7450.7,g4,cut,980.1,0.100
7455.1,g1,tick,998.4,0.093
7455.1,g2,tick,1000.0,0.034
7455.1,g4,tick,980.1,0.100
7460.6,g1,tick,999.2,0.087
7460.6,g2,tick,1000.0,0.032
7460.6,g4,tick,990.0,0.094
7465.5,g1,tick,999.6,0.081
7465.5,g2,tick,1000.0,0.030
7465.5,g4,tick,995.0,0.088
7471.1,g1,tick,999.8,0.076
7471.1,g2,tick,1000.0,0.028
7471.1,g4,tick,997.5,0.082
7475.2,g1,tick,999.9,0.072
7475.2,g2,tick,1000.0,0.027
7475.2,g4,tick,998.8,0.077
7480.1,g1,tick,999.9,0.067
7480.1,g2,tick,1000.0,0.025
7480.1,g4,tick,999.4,0.072
7485.1,g1,tick,1000.0,0.063
7485.1,g2,tick,1000.0,0.023
7485.1,g4,tick,999.7,0.068
7491.4,g1,tick,1000.0,0.059
7491.4,g2,tick,1000.0,0.022
7491.4,g4,tick,999.8,0.064
7495.1,g1,tick,1000.0,0.055
7495.1,g2,tick,1000.0,0.021
7495.1,g4,tick,999.9,0.060
7500.1,g1,tick,1000.0,0.052
7500.1,g2,tick,1000.0,0.019
7500.1,g4,tick,1000.0,0.056
7505.1,g1,tick,1000.0,0.049
7505.1,g2,tick,1000.0,0.018
7505.1,g4,tick,1000.0,0.052
7510.1,g1,tick,1000.0,0.046
7510.1,g2,tick,1000.0,0.017
7510.1,g4,tick,1000.0,0.049
7514.9,g2,cut,991.5,0.078
7515.1,g1,tick,1000.0,0.043
7515.1,g2,tick,991.5,0.078
7515.1,g4,tick,1000.0,0.046
7520.1,g1,tick,1000.0,0.040
7520.1,g2,tick,995.8,0.073
7520.1,g4,tick,1000.0,0.043
7525.1,g1,tick,1000.0,0.038
7525.1,g2,tick,997.9,0.069
7525.1,g4,tick,1000.0,0.040
7530.1,g1,tick,1000.0,0.035
7530.1,g2,tick,998.9,0.065
7530.1,g4,tick,1000.0,0.038
7535.1,g1,tick,1000.0,0.033
7535.1,g2,tick,999.5,0.061
7535.1,g4,tick,1000.0,0.036
7540.2,g1,tick,1000.0,0.031
7540.2,g2,tick,999.7,0.057
7540.2,g4,tick,1000.0,0.033
7546.2,g1,tick,1000.0,0.029
7546.2,g2,tick,999.9,0.053
7546.2,g4,tick,1000.0,0.031
7550.1,g1,tick,1000.0,0.027
7550.1,g2,tick,999.9,0.050
7550.1,g4,tick,1000.0,0.029
7555.1,g1,tick,1000.0,0.025
7555.1,g2,tick,1000.0,0.047
7555.1,g4,tick,1000.0,0.027
7560.1,g1,tick,1000.0,0.024
7560.1,g2,tick,1000.0,0.044
7560.1,g4,tick,1000.0,0.026
7565.1,g1,tick,1000.0,0.022
7565.1,g2,tick,1000.0,0.041
7565.1,g4,tick,1000.0,0.024
7570.1,g1,tick,1000.0,0.021
7570.1,g2,tick,1000.0,0.039
7570.1,g4,tick,1000.0,0.023
7575.1,g1,tick,1000.0,0.020
7575.1,g2,tick,1000.0,0.036
7575.1,g4,tick,1000.0,0.021
7580.3,g1,tick,1000.0,0.018
7580.3,g2,tick,1000.0,0.034
7580.3,g4,tick,1000.0,0.020
7585.2,g1,tick,1000.0,0.017
7585.2,g2,tick,1000.0,0.032
7585.2,g4,tick,1000.0,0.019
7590.1,g1,tick,1000.0,0.016
7590.1,g2,tick,1000.0,0.030
7590.1,g4,tick,1000.0,0.017
7595.1,g1,tick,1000.0,0.015
7595.1,g2,tick,1000.0,0.028
7595.1,g4,tick,1000.0,0.016
7600.5,g1,tick,1000.0,0.014
7600.5,g2,tick,1000.0,0.026
7600.5,g4,tick,1000.0,0.015
7605.1,g1,tick,1000.0,0.013
7605.1,g2,tick,1000.0,0.025
7605.1,g4,tick,1000.0,0.014
7610.3,g1,tick,1000.0,0.013
7610.3,g2,tick,1000.0,0.023
7610.3,g4,tick,1000.0,0.014
7615.1,g1,tick,1000.0,0.012
7615.1,g2,tick,1000.0,0.022
7615.1,g4,tick,1000.0,0.013
7620.3,g1,tick,1000.0,0.011
7620.3,g2,tick,1000.0,0.020
7620.3,g4,tick,1000.0,0.012
7625.1,g1,tick,1000.0,0.010
7625.1,g2,tick,1000.0,0.019
7625.1,g4,tick,1000.0,0.011
7630.1,g1,tick,1000.0,0.010
7630.1,g2,tick,1000.0,0.018
7630.1,g4,tick,1000.0,0.010
7635.1,g1,tick,1000.0,0.009
7635.1,g2,tick,1000.0,0.017
7635.1,g4,tick,1000.0,0.010
7640.1,g1,tick,1000.0,0.008
7640.1,g2,tick,1000.0,0.016
7640.1,g4,tick,1000.0,0.009
7645.4,g1,tick,1000.0,0.008
7645.4,g2,tick,1000.0,0.015
7645.4,g4,tick,1000.0,0.009
7649.2,g4,cut,995.7,0.071
7650.2,g1,tick,1000.0,0.007
7650.2,g2,tick,1000.0,0.014
7650.2,g4,tick,995.7,0.071
7651.8,g4,cnp,995.7,0.071
7654.1,g4,cnp,995.7,0.071
7655.1,g1,tick,1000.0,0.007
7655.1,g2,tick,1000.0,0.013
7655.1,g4,tick,995.7,0.071
7657.3,g1,cut,996.5,0.069
7657.3,g4,cnp,995.7,0.071
7660.4,g1,tick,996.5,0.069
7660.4,g2,tick,1000.0,0.012
7660.4,g4,tick,995.7,0.071
7662.6,g1,cnp,996.5,0.069
7662.6,g4,cut,960.6,0.129
7669.7,g1,tick,996.5,0.069
7669.7,g2,tick,1000.0,0.011
7669.7,g4,tick,960.6,0.129
7669.7,g1,cut,962.1,0.127
7669.7,g1,cnp,962.1,0.127
7669.7,g1,cnp,962.1,0.127
7672.7,g1,tick,962.1,0.127
7672.7,g2,tick,1000.0,0.011
7672.7,g4,tick,978.1,0.121
7674.3,g1,cnp,962.1,0.127
7675.1,g1,tick,962.1,0.127
7675.1,g2,tick,1000.0,0.010
7677.2,g4,tick,986.9,0.113
7677.2,g1,cnp,962.1,0.127
7678.0,g1,cnp,962.1,0.127
7680.0,g1,cut,900.9,0.182
7683.0,g1,tick,900.9,0.182
7683.0,g2,tick,1000.0,0.009
7683.0,g4,tick,991.3,0.106
7683.0,g1,cnp,900.9,0.182
7685.1,g1,tick,900.9,0.182
7685.1,g2,tick,1000.0,0.009
7685.1,g4,tick,993.5,0.099
7693.2,g1,tick,931.5,0.170
7693.2,g2,tick,1000.0,0.008
7693.2,g4,tick,994.6,0.093
7695.1,g1,tick,946.8,0.160
7695.1,g2,tick,1000.0,0.008
7695.1,g4,tick,997.3,0.087
7702.9,g1,tick,954.4,0.150
7702.9,g2,tick,1000.0,0.007
7702.9,g4,tick,998.7,0.082
7705.4,g1,tick,958.3,0.140
7705.4,g2,tick,1000.0,0.007
7705.4,g4,tick,999.3,0.077
7710.6,g1,tick,960.2,0.132
7710.6,g2,tick,1000.0,0.006
7710.6,g4,tick,999.7,0.072
7715.1,g1,tick,966.1,0.123
7715.1,g2,tick,1000.0,0.006
7715.1,g4,tick,999.8,0.067
7727.4,g1,tick,974.1,0.116
7727.4,g2,tick,1000.0,0.006
7727.4,g4,tick,999.9,0.063
7727.4,g1,tick,983.1,0.108
7727.4,g2,tick,1000.0,0.005
7727.4,g4,tick,1000.0,0.059
7730.2,g1,tick,991.5,0.102
7730.2,g2,tick,1000.0,0.005
7730.2,g4,tick,1000.0,0.056
7749.7,g1,tick,995.8,0.095
7749.7,g2,tick,1000.0,0.005
7749.7,g4,tick,1000.0,0.052
7749.8,g1,tick,997.9,0.089
7749.8,g2,tick,1000.0,0.004
7749.8,g4,tick,1000.0,0.049
7749.8,g1,tick,998.9,0.084
7749.8,g2,tick,1000.0,0.004
7749.8,g4,tick,1000.0,0.046
7750.1,g1,tick,999.5,0.079
7750.1,g2,tick,1000.0,0.004
7750.1,g4,tick,1000.0,0.043
7756.4,g1,tick,999.7,0.074
7756.4,g2,tick,1000.0,0.004
7756.4,g4,tick,1000.0,0.040
7760.1,g1,tick,999.9,0.069
7760.1,g2,tick,1000.0,0.003
7760.1,g4,tick,1000.0,0.038
7765.1,g1,tick,999.9,0.065
7765.1,g2,tick,1000.0,0.003
7765.1,g4,tick,1000.0,0.035
7766.8,g1,cut,967.6,0.123
7771.6,g1,cnp,967.6,0.123
7771.6,g1,tick,967.6,0.123
7771.6,g2,tick,1000.0,0.003
7771.6,g4,tick,1000.0,0.033
7775.1,g1,tick,983.8,0.115
7775.1,g2,tick,1000.0,0.003
7775.1,g4,tick,1000.0,0.031
7777.1,g1,cut,926.9,0.171
7783.0,g1,tick,926.9,0.171
7783.0,g2,tick,1000.0,0.003
7783.0,g4,tick,1000.0,0.029
7788.3,g1,tick,955.3,0.160
7788.3,g2,tick,1000.0,0.002
7788.3,g4,tick,1000.0,0.027
7790.2,g1,tick,969.6,0.150
7790.2,g2,tick,1000.0,0.002
7790.2,g4,tick,1000.0,0.026
7796.9,g1,tick,976.7,0.141
7796.9,g2,tick,1000.0,0.002
7796.9,g4,tick,1000.0,0.024
7800.7,g1,tick,980.2,0.132
7800.7,g2,tick,1000.0,0.002
7800.8,g4,tick,1000.0,0.023
7805.1,g1,tick,982.0,0.124
7805.1,g2,tick,1000.0,0.002
7805.1,g4,tick,1000.0,0.021
7810.1,g1,tick,987.9,0.116
7810.1,g2,tick,1000.0,0.002
7810.1,g4,tick,1000.0,0.020
7815.1,g1,tick,993.9,0.109
7815.1,g2,tick,1000.0,0.002
7815.1,g4,tick,1000.0,0.019
7823.0,g1,tick,997.0,0.102
7823.0,g2,tick,1000.0,0.002
7823.0,g4,tick,1000.0,0.017
7825.4,g1,tick,998.5,0.096
7825.4,g2,tick,1000.0,0.001
7825.4,g4,tick,1000.0,0.016
7826.9,g2,cut,999.3,0.064
7830.1,g1,tick,999.2,0.090
7830.1,g2,tick,999.3,0.064
7830.1,g4,tick,1000.0,0.015
7831.1,g2,cnp,999.3,0.064
7834.0,g2,cnp,999.3,0.064
7835.3,g1,tick,999.6,0.084
7835.3,g2,tick,999.3,0.064
7835.3,g4,tick,1000.0,0.014
7835.7,g1,cut,957.7,0.141
7839.8,g1,cnp,957.7,0.141
7840.1,g1,tick,957.7,0.141
7840.1,g2,tick,999.6,0.060
7840.1,g4,tick,1000.0,0.013
7849.7,g1,tick,978.6,0.132
7849.7,g2,tick,999.8,0.056
7849.7,g4,tick,1000.0,0.013
7850.1,g1,tick,989.1,0.124
7850.1,g2,tick,999.9,0.053
7850.1,g4,tick,1000.0,0.012
7855.1,g1,tick,994.4,0.116
7855.1,g2,tick,1000.0,0.049
7855.1,g4,tick,1000.0,0.011
7860.1,g1,tick,997.0,0.109
7860.1,g2,tick,1000.0,0.046
7860.1,g4,tick,1000.0,0.010
7867.3,g1,tick,998.3,0.102
7867.3,g2,tick,1000.0,0.043
7867.3,g4,tick,1000.0,0.010
7870.1,g1,tick,999.2,0.096
7870.1,g2,tick,1000.0,0.041
7870.1,g4,tick,1000.0,0.009
7875.8,g1,tick,999.6,0.090
7875.8,g2,tick,1000.0,0.038
7875.8,g4,tick,1000.0,0.009
7880.8,g1,tick,999.8,0.084
7880.8,g2,tick,1000.0,0.036
7880.8,g4,tick,1000.0,0.008
7885.3,g1,cut,957.7,0.142
7889.4,g1,tick,957.7,0.142
7889.4,g2,tick,1000.0,0.033
7889.4,g4,tick,1000.0,0.008
7889.5,g1,cnp,957.7,0.142
7890.7,g1,tick,957.7,0.142
7890.7,g2,tick,1000.0,0.031
7890.7,g4,tick,1000.0,0.007
7896.8,g1,tick,978.7,0.133
7896.8,g2,tick,1000.0,0.029
7896.8,g4,tick,1000.0,0.007
7900.1,g1,tick,989.3,0.124
7900.1,g2,tick,1000.0,0.028
7900.1,g4,tick,1000.0,0.006
7906.2,g1,tick,994.5,0.117
7906.2,g2,tick,1000.0,0.026
7906.2,g4,tick,1000.0,0.006
7910.2,g1,tick,997.2,0.109
7910.2,g2,tick,1000.0,0.024
7910.2,g4,tick,1000.0,0.005
7922.2,g1,tick,998.5,0.102
7922.2,g2,tick,1000.0,0.023
7922.2,g4,tick,1000.0,0.005
7922.2,g1,tick,999.2,0.096
7922.2,g2,tick,1000.0,0.021
7922.2,g4,tick,1000.0,0.005
7929.7,g1,cut,951.2,0.153
7931.2,g1,tick,951.2,0.153
7931.2,g2,tick,1000.0,0.020
7931.2,g4,tick,1000.0,0.004
7937.9,g1,tick,975.2,0.143
7937.9,g2,tick,1000.0,0.019
7937.9,g4,tick,1000.0,0.004
7938.0,g1,cnp,975.2,0.143
7938.0,g1,cnp,975.2,0.143
7938.0,g1,tick,975.2,0.143
7938.0,g2,tick,1000.0,0.018
7938.0,g4,tick,1000.0,0.004
7940.2,g2,cut,991.2,0.079
7940.2,g1,tick,987.2,0.134
7940.2,g2,tick,991.2,0.079
7940.2,g4,tick,1000.0,0.004
7945.1,g1,tick,993.2,0.126
7945.1,g2,tick,995.6,0.074
7945.1,g4,tick,1000.0,0.003
7955.3,g1,tick,996.2,0.118
7955.3,g2,tick,997.8,0.069
7955.3,g4,tick,1000.0,0.003
7955.3,g1,tick,997.7,0.110
7955.3,g2,tick,998.9,0.065
7955.3,g4,tick,1000.0,0.003
7960.5,g1,tick,998.9,0.104
7960.5,g2,tick,999.5,0.061
7960.5,g4,tick,1000.0,0.003
7965.1,g1,tick,999.4,0.097
7965.1,g2,tick,999.7,0.057
7965.1,g4,tick,1000.0,0.003
7970.1,g1,tick,999.7,0.091
7970.1,g2,tick,999.9,0.054
7970.1,g4,tick,1000.0,0.003
7975.3,g1,tick,999.9,0.085
7975.3,g2,tick,999.9,0.050
7975.3,g4,tick,1000.0,0.002
7980.1,g1,tick,999.9,0.080
7980.1,g2,tick,1000.0,0.047
7980.1,g4,tick,1000.0,0.002
7985.1,g1,tick,1000.0,0.075
7985.1,g2,tick,1000.0,0.044
7985.1,g4,tick,1000.0,0.002
7991.2,g1,tick,1000.0,0.070
7991.2,g2,tick,1000.0,0.041
7991.2,g4,tick,1000.0,0.002
7995.2,g1,tick,1000.0,0.066
7995.2,g2,tick,1000.0,0.039
7995.2,g4,tick,1000.0,0.002
8000.1,g1,tick,1000.0,0.062
8000.1,g2,tick,1000.0,0.036
8000.1,g4,tick,1000.0,0.002
8005.1,g1,tick,1000.0,0.058
8005.1,g2,tick,1000.0,0.034
8005.1,g4,tick,1000.0,0.002
8010.1,g1,tick,1000.0,0.054
8010.1,g2,tick,1000.0,0.032
8010.1,g4,tick,1000.0,0.001
8016.3,g1,tick,1000.0,0.051
8016.4,g2,tick,1000.0,0.030
8016.4,g4,tick,1000.0,0.001
8020.1,g1,tick,1000.0,0.048
8020.1,g2,tick,1000.0,0.028
8020.1,g4,tick,1000.0,0.001
8025.1,g1,tick,1000.0,0.045
8025.1,g2,tick,1000.0,0.026
8025.1,g4,tick,1000.0,0.001
8030.1,g1,tick,1000.0,0.042
8030.1,g2,tick,1000.0,0.025
8030.1,g4,tick,1000.0,0.001
8037.7,g1,tick,1000.0,0.039
8037.7,g2,tick,1000.0,0.023
8037.7,g4,tick,1000.0,0.001
8041.0,g1,tick,1000.0,0.037
8041.0,g2,tick,1000.0,0.022
8041.0,g4,tick,1000.0,0.001
8045.4,g1,tick,1000.0,0.035
8045.5,g2,tick,1000.0,0.020
8045.5,g4,tick,1000.0,0.001
8050.1,g1,tick,1000.0,0.032
8050.1,g2,tick,1000.0,0.019
8050.1,g4,tick,1000.0,0.001
8055.2,g1,tick,1000.0,0.030
8055.2,g2,tick,1000.0,0.018
8055.2,g4,tick,1000.0,0.001
8060.1,g1,tick,1000.0,0.028
8060.1,g2,tick,1000.0,0.017
8060.1,g4,tick,1000.0,0.001
8065.1,g1,tick,1000.0,0.027
8065.1,g2,tick,1000.0,0.016
8065.1,g4,tick,1000.0,0.001
8070.1,g1,tick,1000.0,0.025
8070.1,g2,tick,1000.0,0.015
8070.1,g4,tick,1000.0,0.001
8075.2,g1,tick,1000.0,0.023
8075.2,g2,tick,1000.0,0.014
8075.2,g4,tick,1000.0,0.001
8076.5,g2,cut,993.1,0.075
8078.6,g2,cnp,993.1,0.075
8079.5,g1,cut,988.3,0.085
8080.1,g1,tick,988.3,0.085
8080.1,g2,tick,993.1,0.075
8080.1,g4,tick,1000.0,0.001
8081.6,g1,cnp,988.3,0.085
8085.2,g1,tick,988.3,0.085
8085.3,g2,tick,996.5,0.071
8085.3,g4,tick,1000.0,0.001
8085.4,g1,cnp,988.3,0.085
8087.4,g1,cnp,988.3,0.085
8089.5,g1,cnp,988.3,0.085
8090.1,g1,tick,988.3,0.085
8090.1,g2,tick,998.3,0.066
8090.1,g4,tick,1000.0,0.001
8091.7,g1,cut,946.5,0.142
8093.6,g4,cut,999.7,0.063
8094.0,g4,cnp,999.7,0.063
8096.4,g4,cnp,999.7,0.063
8096.4,g1,tick,946.5,0.142
8096.4,g2,tick,999.1,0.062
8096.4,g4,tick,999.7,0.063
8099.1,g4,cnp,999.7,0.063
8102.1,g1,tick,967.4,0.133
8102.1,g2,tick,999.6,0.058
8102.1,g4,tick,999.7,0.063
8102.2,g4,cnp,999.7,0.063
8102.8,g4,cnp,999.7,0.063
8104.9,g4,cut,968.2,0.122
8105.1,g1,tick,977.8,0.125
8105.1,g2,tick,999.8,0.055
8105.1,g4,tick,968.2,0.122
8107.1,g4,cnp,968.2,0.122
8109.4,g4,cnp,968.2,0.122
8110.1,g1,tick,983.0,0.117
8110.1,g2,tick,999.9,0.051
8110.1,g4,tick,968.2,0.122
8111.4,g4,cnp,968.2,0.122
8113.6,g4,cnp,968.2,0.122
8115.1,g1,tick,985.7,0.109
8115.1,g2,tick,999.9,0.048
8115.1,g4,tick,968.2,0.122
8115.6,g4,cut,909.4,0.176
8117.8,g4,cnp,909.4,0.176
8119.9,g4,cnp,909.4,0.176
8123.2,g1,tick,987.0,0.103
8123.2,g2,tick,1000.0,0.045
8123.2,g4,tick,909.4,0.176
8123.2,g4,cnp,909.4,0.176
8124.2,g4,cnp,909.4,0.176
8125.1,g1,tick,992.6,0.096
8125.1,g2,tick,1000.0,0.042
8125.1,g4,tick,909.4,0.176
8126.3,g4,cut,829.2,0.228
8128.3,g4,cnp,829.2,0.228
8130.1,g1,tick,996.3,0.090
8130.1,g2,tick,1000.0,0.040
8130.1,g4,tick,829.2,0.228
8131.5,g4,cnp,829.2,0.228
8132.5,g4,cnp,829.2,0.228
8134.6,g4,cnp,829.2,0.228
8135.2,g1,tick,998.2,0.085
8135.2,g2,tick,1000.0,0.037
8135.2,g4,tick,829.2,0.228
8137.5,g4,cut,734.7,0.276
8139.5,g4,cnp,734.7,0.276
8140.1,g1,tick,999.1,0.079
8140.1,g2,tick,1000.0,0.035
8140.1,g4,tick,734.7,0.276
8141.6,g4,cnp,734.7,0.276
8145.5,g4,cnp,734.7,0.276
8145.5,g1,tick,999.5,0.074
8145.5,g2,tick,1000.0,0.033
8145.5,g4,tick,734.7,0.276
8145.7,g1,cut,962.4,0.132
8147.9,g1,cnp,962.4,0.132
8150.3,g1,tick,962.4,0.132
8150.3,g2,tick,1000.0,0.031
8152.9,g4,tick,781.9,0.259
8155.1,g1,tick,981.0,0.124
8155.1,g2,tick,1000.0,0.029
8157.9,g4,tick,805.5,0.243
8161.5,g1,tick,990.3,0.116
8161.5,g2,tick,1000.0,0.027
8161.5,g4,tick,817.3,0.228
8165.1,g1,tick,994.9,0.109
8165.1,g2,tick,1000.0,0.025
8166.5,g4,tick,823.2,0.213
8170.1,g1,tick,997.2,0.102
8170.1,g2,tick,1000.0,0.024
8170.1,g4,tick,826.2,0.200
8175.8,g1,tick,998.4,0.096
8175.8,g2,tick,1000.0,0.022
8175.8,g4,tick,832.7,0.188
8180.1,g1,tick,999.2,0.090
8180.1,g2,tick,1000.0,0.021
8181.6,g4,tick,840.9,0.176
8185.1,g1,tick,999.6,0.084
8185.1,g2,tick,1000.0,0.019
8185.1,g4,tick,850.0,0.165
8190.1,g1,tick,999.8,0.079
8190.1,g2,tick,1000.0,0.018
8192.2,g4,tick,859.6,0.155
8192.2,g1,cut,960.4,0.136
8195.3,g1,tick,960.4,0.136
8195.3,g2,tick,1000.0,0.017
8195.3,g4,tick,869.4,0.145
8195.3,g2,cut,991.4,0.079
8197.2,g2,cnp,991.4,0.079
8199.3,g1,cnp,960.4,0.136
8200.1,g1,tick,960.4,0.136
8200.1,g2,tick,991.4,0.079
8205.0,g4,tick,899.3,0.136
8205.0,g1,cut,894.8,0.190
8206.8,g2,cut,952.5,0.136
8206.8,g2,cnp,952.5,0.136
8219.0,g1,tick,894.8,0.190
8219.0,g2,tick,952.5,0.136
8221.4,g4,tick,939.2,0.127
8221.4,g1,cut,809.6,0.241
8221.4,g1,cnp,809.6,0.241
8221.4,g1,cnp,809.6,0.241
8221.4,g1,cnp,809.6,0.241
8224.1,g2,cut,887.7,0.190
8224.1,g2,cnp,887.7,0.190
8224.1,g2,cnp,887.7,0.190
8225.6,g1,tick,809.6,0.241
8225.6,g2,tick,887.7,0.190
8228.1,g4,tick,969.6,0.119
8229.4,g1,tick,852.2,0.226
8233.6,g2,tick,920.1,0.178
8233.6,g4,tick,984.8,0.112
8235.3,g1,tick,873.5,0.212
8235.3,g2,tick,936.3,0.167
8236.8,g4,tick,992.4,0.105
8236.8,g1,tick,884.2,0.199
8241.5,g2,tick,944.4,0.157
8241.5,g4,tick,996.2,0.098
8241.5,g1,tick,889.5,0.186
8241.5,g2,tick,948.5,0.147
8241.5,g4,tick,998.1,0.092
8245.7,g1,tick,892.2,0.175
8245.7,g2,tick,950.5,0.138
8245.7,g4,tick,999.1,0.086
8245.7,g1,tick,898.5,0.164
8245.7,g2,tick,956.5,0.129
8245.7,g4,tick,999.5,0.081
8245.7,g1,tick,906.7,0.153
8250.0,g2,tick,964.5,0.121
8250.1,g4,tick,999.8,0.076
8255.3,g1,tick,915.8,0.144
8255.3,g2,tick,973.5,0.113
8255.3,g4,tick,999.9,0.071
8255.3,g1,tick,925.3,0.135
8255.3,g2,tick,983.0,0.106
8255.3,g4,tick,999.9,0.067
8257.5,g1,cut,862.9,0.189
8260.3,g1,tick,862.9,0.189
8262.0,g2,tick,991.5,0.100
8262.0,g4,tick,1000.0,0.063
8262.0,g2,cut,942.1,0.156
8267.7,g1,tick,894.1,0.177
8267.7,g2,tick,942.1,0.156
8267.7,g4,tick,1000.0,0.059
8267.7,g2,cnp,942.1,0.156
8268.8,g2,cnp,942.1,0.156
8273.7,g1,tick,909.7,0.166
8273.7,g2,tick,942.1,0.156
8273.7,g4,tick,1000.0,0.055
8280.4,g1,tick,917.5,0.156
8284.2,g2,tick,966.8,0.146
8284.2,g4,tick,1000.0,0.052
8284.2,g1,tick,921.4,0.146
8284.2,g2,tick,979.2,0.137
8284.2,g4,tick,1000.0,0.048
8285.1,g1,tick,923.4,0.137
8285.1,g2,tick,985.3,0.129
8285.1,g4,tick,1000.0,0.045
8290.8,g1,tick,929.3,0.128
8293.8,g2,tick,988.4,0.120
8293.9,g4,tick,1000.0,0.042
8296.9,g1,tick,937.3,0.120
8296.9,g2,tick,990.0,0.113
8296.9,g4,tick,1000.0,0.040
8300.8,g1,tick,946.3,0.113
8300.8,g2,tick,995.0,0.106
8300.8,g4,tick,1000.0,0.037
8305.1,g1,tick,955.8,0.106
8305.1,g2,tick,997.5,0.099
8305.1,g4,tick,1000.0,0.035
8314.2,g1,tick,965.6,0.099
8314.2,g2,tick,998.7,0.093
8314.2,g4,tick,1000.0,0.033
8314.2,g2,cut,952.3,0.150
8319.0,g1,tick,982.8,0.093
8319.0,g2,tick,952.3,0.150
8319.1,g4,tick,1000.0,0.031
8319.1,g1,cut,937.1,0.150
8324.6,g1,tick,937.1,0.150
8326.4,g2,tick,975.5,0.140
8326.5,g4,tick,1000.0,0.029
8326.5,g1,cnp,937.1,0.150
8326.5,g1,tick,937.1,0.150
8326.5,g2,tick,987.1,0.132
8326.5,g4,tick,1000.0,0.027
8328.9,g1,cnp,937.1,0.150
8330.4,g1,tick,937.1,0.150
8330.4,g2,tick,992.9,0.123
8330.4,g4,tick,1000.0,0.025
8331.3,g2,cut,931.7,0.178
8342.4,g1,tick,960.0,0.140
8342.4,g2,tick,931.7,0.178
8342.4,g4,tick,1000.0,0.024
8342.5,g1,tick,971.4,0.131
8345.6,g2,tick,962.3,0.167
8345.6,g4,tick,1000.0,0.022
8345.6,g1,tick,977.1,0.123
8345.6,g2,tick,977.6,0.157
8345.6,g4,tick,1000.0,0.021
8352.2,g1,tick,979.9,0.116
8354.5,g2,tick,985.3,0.147
8354.5,g4,tick,1000.0,0.020
8355.3,g1,tick,981.4,0.108
8355.3,g2,tick,989.1,0.138
8355.3,g4,tick,1000.0,0.018
8360.1,g1,tick,987.1,0.102
8360.1,g2,tick,991.0,0.129
8360.1,g4,tick,1000.0,0.017
8365.5,g1,tick,993.5,0.095
8365.5,g2,tick,995.5,0.121
8365.5,g4,tick,1000.0,0.016
8370.7,g1,tick,996.8,0.089
8370.7,g2,tick,997.8,0.113
8370.7,g4,tick,1000.0,0.015
8375.7,g1,tick,998.4,0.084
8375.7,g2,tick,998.9,0.106
8375.7,g4,tick,1000.0,0.014
8381.0,g1,tick,999.2,0.078
8381.1,g2,tick,999.4,0.100
8381.1,g4,tick,1000.0,0.013
8384.0,g2,cut,949.6,0.156
8399.0,g1,tick,999.6,0.074
8399.0,g2,tick,949.6,0.156
8399.0,g4,tick,1000.0,0.012
8399.1,g2,cut,875.6,0.209
8400.8,g1,tick,999.8,0.069
8400.9,g2,tick,875.6,0.209
8400.9,g4,tick,1000.0,0.012
8400.9,g1,tick,999.9,0.065
8402.7,g2,tick,912.6,0.196
8402.7,g4,tick,1000.0,0.011
8402.7,g1,tick,999.9,0.061
8405.6,g2,tick,931.1,0.183
8405.6,g4,tick,1000.0,0.010
8405.6,g1,tick,1000.0,0.057
8405.6,g2,tick,940.4,0.172
8405.6,g4,tick,1000.0,0.010
8410.2,g1,tick,1000.0,0.053
8410.2,g2,tick,945.0,0.161
8410.2,g4,tick,1000.0,0.009
8415.1,g1,tick,1000.0,0.050
8415.1,g2,tick,947.3,0.151
8415.1,g4,tick,1000.0,0.008
8420.1,g1,tick,1000.0,0.047
8422.5,g2,tick,953.5,0.142
8422.5,g4,tick,1000.0,0.008
8425.2,g1,tick,1000.0,0.044
8425.2,g2,tick,961.5,0.133
8425.2,g4,tick,1000.0,0.007
8430.1,g1,tick,1000.0,0.041
8430.1,g2,tick,970.6,0.125
8430.1,g4,tick,1000.0,0.007
8437.6,g1,tick,1000.0,0.039
8441.1,g2,tick,980.1,0.117
8441.1,g4,tick,1000.0,0.007
8441.2,g1,cut,980.7,0.099
8441.2,g1,tick,980.7,0.099
8441.2,g2,tick,989.9,0.109
8441.2,g4,tick,1000.0,0.006
8444.2,g1,cnp,980.7,0.099
8445.1,g1,tick,980.7,0.099
8445.1,g2,tick,994.9,0.103
8445.1,g4,tick,1000.0,0.006
8449.1,g1,cnp,980.7,0.099
8450.1,g1,tick,980.7,0.099
8450.1,g2,tick,997.5,0.096
8450.1,g4,tick,1000.0,0.005
8451.3,g2,cut,949.5,0.153
8455.1,g1,tick,990.4,0.092
8455.1,g2,tick,949.5,0.153
8455.1,g4,tick,1000.0,0.005
8462.2,g1,tick,995.2,0.087
8463.9,g2,tick,973.5,0.143
8463.9,g4,tick,1000.0,0.005
8465.7,g1,tick,997.6,0.081
8465.7,g2,tick,985.5,0.134
8465.7,g4,tick,1000.0,0.004
8470.2,g1,tick,998.8,0.076
8470.2,g2,tick,991.5,0.126
8470.2,g4,tick,1000.0,0.004
8475.0,g1,tick,999.4,0.071
8477.4,g2,tick,994.5,0.118
8477.4,g4,tick,1000.0,0.004
8480.0,g1,tick,999.7,0.067
8480.0,g2,tick,996.0,0.111
8480.0,g4,tick,1000.0,0.004
8485.1,g1,tick,999.8,0.063
8485.1,g2,tick,998.0,0.104
8485.1,g4,tick,1000.0,0.003
8490.1,g1,tick,999.9,0.059
8490.1,g2,tick,999.0,0.097
8490.1,g4,tick,1000.0,0.003
8495.1,g1,tick,1000.0,0.055
8495.1,g2,tick,999.5,0.091
8495.1,g4,tick,1000.0,0.003
8496.6,g2,cut,954.0,0.148
8500.2,g1,tick,1000.0,0.052
8500.3,g2,tick,954.0,0.148
8500.3,g4,tick,1000.0,0.003
8500.9,g2,cnp,954.0,0.148
8503.5,g2,cnp,954.0,0.148
8505.0,g1,cut,974.1,0.111
8506.4,g1,tick,974.1,0.111
8506.5,g2,tick,954.0,0.148
8506.5,g4,tick,1000.0,0.003
8507.4,g1,cnp,974.1,0.111
8509.7,g1,cnp,974.1,0.111
8510.1,g1,tick,974.1,0.111
8517.5,g2,tick,976.7,0.139
8517.5,g4,tick,1000.0,0.002
8517.5,g1,cut,920.0,0.167
8517.5,g1,cnp,920.0,0.167
8517.5,g1,cnp,920.0,0.167
8520.5,g2,cut,909.0,0.193
8520.5,g2,cnp,909.0,0.193
8522.3,g1,tick,920.0,0.167
8522.3,g2,tick,909.0,0.193
8522.3,g4,tick,1000.0,0.002
8522.3,g1,cnp,920.0,0.167
8522.3,g1,cnp,920.0,0.167
8522.3,g1,tick,920.0,0.167
8525.2,g2,tick,942.9,0.180
8525.2,g4,tick,1000.0,0.002
8525.2,g1,cnp,920.0,0.167
8525.2,g1,tick,920.0,0.167
8525.2,g2,tick,959.8,0.169
8525.2,g4,tick,1000.0,0.002
8531.9,g1,cut,843.4,0.219
8533.6,g1,tick,843.4,0.219
8538.3,g2,tick,968.3,0.159
8538.3,g4,tick,1000.0,0.002
8538.3,g1,cnp,843.4,0.219
8538.3,g1,cnp,843.4,0.219
8538.3,g1,cnp,843.4,0.219
8538.3,g1,tick,843.4,0.219
8538.3,g2,tick,972.5,0.149
8538.3,g4,tick,1000.0,0.002
8539.8,g1,cnp,843.4,0.219
8540.1,g1,tick,843.4,0.219
8540.1,g2,tick,974.6,0.139
8540.1,g4,tick,1000.0,0.002
8543.9,g1,cut,751.2,0.267
8555.2,g1,tick,751.2,0.267
8555.3,g2,tick,980.7,0.131
8555.3,g4,tick,1000.0,0.002
8555.3,g1,cut,650.7,0.313
8555.3,g1,cnp,650.7,0.313
8555.3,g1,cnp,650.7,0.313
8555.3,g1,cnp,650.7,0.313
8555.3,g1,cnp,650.7,0.313
8556.6,g2,cut,916.6,0.185
8556.6,g2,cnp,916.6,0.185
8561.1,g4,cut,999.2,0.064
8561.1,g1,tick,650.7,0.313
8561.1,g2,tick,916.6,0.185
8561.1,g4,tick,999.2,0.064
8565.3,g1,tick,701.0,0.294
8570.2,g2,tick,948.6,0.173
8570.2,g4,tick,999.6,0.060
8570.2,g4,cnp,999.6,0.060
8571.9,g1,tick,726.1,0.275
8571.9,g2,tick,964.6,0.163
8571.9,g4,tick,999.6,0.060
8571.9,g1,tick,738.6,0.258
8573.8,g2,tick,972.7,0.152
8573.9,g4,tick,999.8,0.056
8575.7,g1,tick,744.9,0.242
8575.7,g2,tick,976.7,0.143
8575.7,g4,tick,999.9,0.053
8575.7,g1,tick,748.1,0.227
8575.7,g2,tick,978.7,0.134
8575.7,g4,tick,1000.0,0.049
8580.1,g1,tick,754.6,0.213
8580.1,g2,tick,984.7,0.126
8580.1,g4,tick,1000.0,0.046
8587.3,g1,tick,762.9,0.199
8588.7,g2,tick,992.3,0.118
8588.7,g4,tick,1000.0,0.043
8590.9,g1,tick,772.1,0.187
8590.9,g2,tick,996.2,0.110
8590.9,g4,tick,1000.0,0.041
8605.7,g1,tick,781.6,0.175
8605.7,g2,tick,998.1,0.104
8605.7,g4,tick,1000.0,0.038
8605.7,g1,tick,791.4,0.164
8605.7,g2,tick,999.0,0.097
8605.7,g4,tick,1000.0,0.036
8607.8,g1,tick,821.3,0.154
8607.8,g2,tick,999.5,0.091
8607.8,g4,tick,1000.0,0.034
8613.1,g1,tick,861.3,0.144
8613.1,g2,tick,999.8,0.085
8613.1,g4,tick,1000.0,0.031
8613.2,g1,cut,799.1,0.198
8615.1,g1,tick,799.1,0.198
8615.1,g2,tick,999.9,0.080
8615.1,g4,tick,1000.0,0.029
8624.8,g1,tick,830.2,0.186
8624.8,g2,tick,999.9,0.075
8624.8,g4,tick,1000.0,0.028
8625.1,g1,tick,845.7,0.174
8625.1,g2,tick,1000.0,0.070
8625.1,g4,tick,1000.0,0.026
8635.3,g1,tick,853.5,0.163
8635.4,g2,tick,1000.0,0.066
8635.4,g4,tick,1000.0,0.024
8635.4,g1,tick,857.4,0.153
8635.4,g2,tick,1000.0,0.062
8635.4,g4,tick,1000.0,0.023
8640.1,g1,tick,859.3,0.143
8640.1,g2,tick,1000.0,0.058
8640.1,g4,tick,1000.0,0.021
8645.1,g1,tick,865.3,0.134
8645.1,g2,tick,1000.0,0.054
8645.1,g4,tick,1000.0,0.020
8652.4,g1,tick,873.3,0.126
8652.4,g2,tick,1000.0,0.051
8652.4,g4,tick,1000.0,0.019
8655.1,g1,tick,882.3,0.118
8655.2,g2,tick,1000.0,0.048
8655.2,g4,tick,1000.0,0.018
8657.4,g4,cut,991.2,0.079
8663.4,g1,tick,891.8,0.111
8663.4,g2,tick,1000.0,0.045
8663.4,g4,tick,991.2,0.079
8663.4,g4,cnp,991.2,0.079
8663.4,g4,cnp,991.2,0.079
8664.6,g4,cnp,991.2,0.079
8665.1,g1,tick,901.5,0.104
8665.1,g2,tick,1000.0,0.042
8665.1,g4,tick,991.2,0.079
8666.9,g1,cut,854.7,0.160
8669.1,g1,cnp,854.7,0.160
8670.1,g1,tick,854.7,0.160
8670.1,g2,tick,1000.0,0.039
8670.1,g4,tick,995.6,0.074
8677.3,g1,tick,878.1,0.150
8677.3,g2,tick,1000.0,0.037
8677.3,g4,tick,997.8,0.069
8680.5,g1,tick,889.8,0.140
8680.5,g2,tick,1000.0,0.035
8680.5,g4,tick,998.9,0.065
8685.1,g1,tick,895.7,0.132
8685.2,g2,tick,1000.0,0.032
8685.2,g4,tick,999.5,0.061
8693.9,g1,tick,898.6,0.123
8693.9,g2,tick,1000.0,0.030
8693.9,g4,tick,999.7,0.057
8695.2,g1,tick,900.0,0.116
8695.2,g2,tick,1000.0,0.028
8695.2,g4,tick,999.9,0.054
8700.1,g1,tick,905.8,0.108
8700.1,g2,tick,1000.0,0.027
8700.1,g4,tick,999.9,0.050
8705.3,g1,tick,913.6,0.102
8705.3,g2,tick,1000.0,0.025
8705.3,g4,tick,1000.0,0.047
8712.9,g1,tick,922.6,0.095
8712.9,g2,tick,1000.0,0.023
8712.9,g4,tick,1000.0,0.044
8715.1,g1,tick,932.0,0.089
8715.1,g2,tick,1000.0,0.022
8715.1,g4,tick,1000.0,0.041
8725.6,g1,tick,941.8,0.084
8725.7,g2,tick,1000.0,0.021
8726.1,g4,tick,1000.0,0.039
8727.6,g1,tick,970.9,0.079
8727.6,g2,tick,1000.0,0.019
8727.6,g4,tick,1000.0,0.036
8730.1,g1,tick,985.4,0.074
8730.1,g2,tick,1000.0,0.018
8730.1,g4,tick,1000.0,0.034
8738.9,g1,tick,992.7,0.069
8738.9,g2,tick,1000.0,0.017
8738.9,g4,tick,1000.0,0.032
8740.1,g1,tick,996.4,0.065
8740.1,g2,tick,1000.0,0.016
8740.1,g4,tick,1000.0,0.030
8745.1,g1,tick,998.2,0.061
8745.1,g2,tick,1000.0,0.015
8745.1,g4,tick,1000.0,0.028
8750.1,g1,tick,999.1,0.057
8750.1,g2,tick,1000.0,0.014
8750.1,g4,tick,1000.0,0.026
8755.3,g1,tick,999.5,0.053
8755.4,g2,tick,1000.0,0.013
8755.4,g4,tick,1000.0,0.025
8763.5,g1,tick,999.8,0.050
8763.5,g2,tick,1000.0,0.012
8763.5,g4,tick,1000.0,0.023
8765.1,g1,tick,999.9,0.047
8765.1,g2,tick,1000.0,0.012
8765.1,g4,tick,1000.0,0.022
8766.1,g2,cut,994.2,0.073
8770.3,g2,cnp,994.2,0.073
8770.4,g1,tick,999.9,0.044
8770.4,g2,tick,994.2,0.073
8770.4,g4,tick,1000.0,0.020
8775.2,g1,tick,1000.0,0.041
8775.2,g2,tick,997.1,0.069
8775.2,g4,tick,1000.0,0.019
8780.1,g1,tick,1000.0,0.039
8780.1,g2,tick,998.6,0.064
8780.1,g4,tick,1000.0,0.018
8785.9,g1,tick,1000.0,0.036
8785.9,g2,tick,999.3,0.060
8785.9,g4,tick,1000.0,0.017
8790.1,g1,tick,1000.0,0.034
8790.1,g2,tick,999.6,0.057
8790.1,g4,tick,1000.0,0.016
8795.1,g1,tick,1000.0,0.032
8795.1,g2,tick,999.8,0.053
8795.1,g4,tick,1000.0,0.015
8800.1,g1,tick,1000.0,0.030
8800.1,g2,tick,999.9,0.050
8800.1,g4,tick,1000.0,0.014
8805.0,g1,tick,1000.0,0.028
8805.0,g2,tick,1000.0,0.047
8805.0,g4,tick,1000.0,0.013
8808.5,g4,cut,993.5,0.075
8810.1,g1,tick,1000.0,0.026
8810.1,g2,tick,1000.0,0.044
8810.1,g4,tick,993.5,0.075
8810.9,g2,cut,978.1,0.104
8816.9,g1,tick,1000.0,0.025
8816.9,g2,tick,978.1,0.104
8816.9,g4,tick,996.8,0.070
8817.8,g2,cnp,978.1,0.104
8820.1,g1,tick,1000.0,0.023
8820.1,g2,tick,978.1,0.104
8820.1,g4,tick,998.4,0.066
8826.1,g1,tick,1000.0,0.022
8826.1,g2,tick,989.0,0.097
8826.1,g4,tick,999.2,0.062
8830.1,g1,tick,1000.0,0.020
8830.1,g2,tick,994.5,0.091
8830.1,g4,tick,999.6,0.058
8835.1,g1,tick,1000.0,0.019
8835.1,g2,tick,997.2,0.085
8835.2,g4,tick,999.8,0.054
8840.1,g1,tick,1000.0,0.018
8840.1,g2,tick,998.6,0.080
8840.1,g4,tick,999.9,0.051
8845.8,g1,tick,1000.0,0.017
8845.8,g2,tick,999.3,0.075
8845.8,g4,tick,999.9,0.048
8850.1,g1,tick,1000.0,0.016
8850.1,g2,tick,999.6,0.070
8850.1,g4,tick,1000.0,0.045
8855.6,g1,tick,1000.0,0.015
8855.6,g2,tick,999.8,0.066
8855.6,g4,tick,1000.0,0.042
8862.3,g2,cut,966.9,0.124
8863.9,g1,tick,1000.0,0.014
8863.9,g2,tick,966.9,0.124
8863.9,g4,tick,1000.0,0.039
8865.1,g1,tick,1000.0,0.013
8865.1,g2,tick,983.4,0.117
8865.1,g4,tick,1000.0,0.037
8870.2,g1,tick,1000.0,0.012
8873.8,g2,tick,991.6,0.109
8873.8,g4,tick,1000.0,0.034
8876.2,g1,tick,1000.0,0.011
8876.2,g2,tick,995.7,0.102
8876.2,g4,tick,1000.0,0.032
8880.3,g1,tick,1000.0,0.011
8880.3,g2,tick,997.8,0.096
8880.3,g4,tick,1000.0,0.030
8885.1,g1,tick,1000.0,0.010
8885.1,g2,tick,998.8,0.090
8885.1,g4,tick,1000.0,0.028
8890.1,g1,tick,1000.0,0.009
8890.1,g2,tick,999.4,0.084
8890.1,g4,tick,1000.0,0.027
8898.3,g1,tick,1000.0,0.009
8898.3,g2,tick,999.7,0.079
8898.3,g4,tick,1000.0,0.025
8900.0,g1,tick,1000.0,0.008
8900.1,g2,tick,999.8,0.074
8900.1,g4,tick,1000.0,0.023
8905.7,g1,tick,1000.0,0.008
8905.7,g2,tick,999.9,0.070
8905.7,g4,tick,1000.0,0.022
8906.4,g2,cut,965.2,0.128
8911.7,g1,tick,1000.0,0.007
8911.7,g2,tick,965.2,0.128
8911.7,g4,tick,1000.0,0.021
8911.7,g1,cut,996.4,0.069
8913.2,g1,cnp,996.4,0.069
8915.1,g1,tick,996.4,0.069
8915.1,g2,tick,982.5,0.120
8915.1,g4,tick,1000.0,0.019
8917.2,g1,cnp,996.4,0.069
8920.1,g1,tick,996.4,0.069
8923.2,g2,tick,991.2,0.112
8923.3,g4,tick,1000.0,0.018
8925.7,g1,tick,998.2,0.065
8925.7,g2,tick,995.6,0.105
8925.8,g4,tick,1000.0,0.017
8931.1,g1,tick,999.1,0.061
8931.2,g2,tick,997.8,0.099
8931.2,g4,tick,1000.0,0.016
8935.1,g1,tick,999.5,0.057
8935.1,g2,tick,998.8,0.092
8935.1,g4,tick,1000.0,0.015
8940.1,g1,tick,999.8,0.054
8940.1,g2,tick,999.4,0.087
8940.1,g4,tick,1000.0,0.014
8945.1,g1,tick,999.9,0.050
8945.1,g2,tick,999.7,0.081
8945.1,g4,tick,1000.0,0.013
8950.1,g1,tick,999.9,0.047
8950.1,g2,tick,999.9,0.076
8950.1,g4,tick,1000.0,0.012
8955.1,g1,tick,1000.0,0.044
8955.1,g2,tick,999.9,0.071
8955.1,g4,tick,1000.0,0.011
8960.4,g1,tick,1000.0,0.041
8960.5,g2,tick,1000.0,0.067
8960.5,g4,tick,1000.0,0.011
8961.4,g1,cut,979.3,0.101
8965.0,g1,tick,979.3,0.101
8965.0,g2,tick,1000.0,0.063
8965.0,g4,tick,1000.0,0.010
8971.1,g1,tick,989.7,0.095
8971.1,g2,tick,1000.0,0.059
8971.1,g4,tick,1000.0,0.009
8975.0,g1,tick,994.8,0.089
8975.0,g2,tick,1000.0,0.055
8975.0,g4,tick,1000.0,0.009
8981.0,g1,tick,997.4,0.083
8981.1,g2,tick,1000.0,0.052
8981.1,g4,tick,1000.0,0.008
8985.1,g1,tick,998.7,0.078
8985.1,g2,tick,1000.0,0.048
8985.1,g4,tick,1000.0,0.008
8990.1,g1,tick,999.3,0.073
8990.1,g2,tick,1000.0,0.045
8990.1,g4,tick,1000.0,0.007
8995.1,g1,tick,999.7,0.069
8995.1,g2,tick,1000.0,0.043
8995.1,g4,tick,1000.0,0.007
9001.0,g1,tick,999.8,0.064
9001.0,g2,tick,1000.0,0.040
9001.0,g4,tick,1000.0,0.006
9005.0,g1,cut,967.6,0.123
9006.9,g1,tick,967.6,0.123
9006.9,g2,tick,1000.0,0.037
9006.9,g4,tick,1000.0,0.006
9007.3,g2,cut,981.3,0.098
9010.1,g1,tick,983.7,0.115
9010.1,g2,tick,981.3,0.098
9010.1,g4,tick,1000.0,0.006
9010.5,g2,cnp,981.3,0.098
9020.9,g1,tick,991.8,0.108
9020.9,g2,tick,981.3,0.098
9020.9,g4,tick,1000.0,0.005
9020.9,g1,tick,995.8,0.101
9020.9,g2,tick,990.6,0.092
9020.9,g4,tick,1000.0,0.005
9025.1,g1,tick,997.8,0.095
9025.1,g2,tick,995.3,0.086
9025.1,g4,tick,1000.0,0.005
9030.1,g1,tick,998.8,0.089
9030.1,g2,tick,997.7,0.080
9030.1,g4,tick,1000.0,0.004
9035.1,g1,tick,999.4,0.083
9035.1,g2,tick,998.8,0.075
9035.1,g4,tick,1000.0,0.004
9040.1,g1,tick,999.7,0.078
9040.1,g2,tick,999.4,0.071
9040.1,g4,tick,1000.0,0.004
9045.1,g1,tick,999.9,0.073
9045.1,g2,tick,999.7,0.066
9045.1,g4,tick,1000.0,0.004
9050.1,g1,tick,999.9,0.069
9050.1,g2,tick,999.9,0.062
9050.1,g4,tick,1000.0,0.003
9055.1,g1,tick,1000.0,0.064
9055.1,g2,tick,999.9,0.058
9055.1,g4,tick,1000.0,0.003
9057.8,g4,cut,998.4,0.065
9060.8,g1,tick,1000.0,0.060
9060.8,g2,tick,1000.0,0.055
9060.8,g4,tick,998.4,0.065
9061.2,g4,cnp,998.4,0.065
9063.4,g4,cnp,998.4,0.065
9065.9,g1,cut,969.8,0.119
9067.4,g1,tick,969.8,0.119
9067.4,g2,tick,1000.0,0.051
9067.4,g4,tick,998.4,0.065
9067.4,g1,cnp,969.8,0.119
9069.6,g2,cut,974.4,0.110
9070.1,g1,tick,969.8,0.119
9070.1,g2,tick,974.4,0.110
9070.1,g4,tick,999.2,0.061
9071.8,g2,cnp,974.4,0.110
9073.9,g2,cnp,974.4,0.110
9075.1,g1,tick,984.9,0.112
9075.1,g2,tick,974.4,0.110
9075.1,g4,tick,999.6,0.058
9076.0,g2,cnp,974.4,0.110
9077.0,g1,cut,929.9,0.167
9080.1,g1,tick,929.9,0.167
9080.1,g2,tick,974.4,0.110
9080.1,g4,tick,999.8,0.054
9093.2,g1,tick,957.4,0.157
9093.2,g2,tick,987.2,0.104
9093.2,g4,tick,999.9,0.051
9093.2,g1,tick,971.1,0.147
9093.2,g2,tick,993.6,0.097
9093.2,g4,tick,1000.0,0.047
9096.7,g1,tick,978.0,0.138
9096.7,g2,tick,996.8,0.091
9096.7,g4,tick,1000.0,0.044
9100.2,g1,tick,981.4,0.129
9100.2,g2,tick,998.4,0.085
9100.2,g4,tick,1000.0,0.042
9105.1,g1,tick,983.2,0.121
9105.1,g2,tick,999.2,0.080
9105.1,g4,tick,1000.0,0.039
9110.1,g1,tick,989.0,0.114
9110.1,g2,tick,999.6,0.075
9110.1,g4,tick,1000.0,0.037
9115.1,g1,tick,994.5,0.106
9115.1,g2,tick,999.8,0.070
9115.1,g4,tick,1000.0,0.034
9118.3,g4,cut,982.8,0.095
9121.2,g2,cut,964.6,0.128
9124.4,g4,cnp,982.8,0.095
9124.4,g4,cnp,982.8,0.095
9124.4,g1,tick,997.3,0.100
9124.5,g2,tick,964.6,0.128
9124.5,g4,tick,982.8,0.095
9127.6,g1,tick,998.6,0.094
9127.6,g2,tick,982.2,0.120
9127.6,g4,tick,991.4,0.089
9127.6,g4,cnp,991.4,0.089
9128.4,g4,cut,947.4,0.146
9131.0,g1,tick,999.3,0.088
9133.3,g2,tick,991.0,0.113
9133.3,g4,tick,947.4,0.146
9133.3,g2,cut,935.1,0.168
9135.2,g4,cnp,947.4,0.146
9135.2,g1,tick,999.7,0.082
9135.2,g2,tick,935.1,0.168
9135.2,g4,tick,947.4,0.146
9135.2,g2,cnp,935.1,0.168
9135.3,g1,cut,958.6,0.140
9138.5,g2,cnp,935.1,0.168
9138.5,g2,cnp,935.1,0.168
9139.7,g1,cnp,958.6,0.140
9140.1,g1,tick,958.6,0.140
9140.1,g2,tick,935.1,0.168
9144.9,g4,tick,969.4,0.137
9144.9,g1,cnp,958.6,0.140
9144.9,g1,cnp,958.6,0.140
9145.7,g1,tick,958.6,0.140
9147.8,g2,tick,963.0,0.158
9147.8,g4,tick,980.4,0.128
9147.8,g1,cut,891.7,0.193
9149.5,g1,cnp,891.7,0.193
9150.1,g1,tick,891.7,0.193
9150.1,g2,tick,977.0,0.148
9150.1,g4,tick,985.9,0.120
9157.3,g1,tick,925.1,0.181
9159.3,g2,tick,984.0,0.139
9159.3,g4,tick,988.7,0.113
9160.1,g1,tick,941.8,0.170
9160.1,g2,tick,987.5,0.130
9161.9,g4,tick,990.0,0.106
9177.9,g1,tick,950.2,0.159
9177.9,g2,tick,989.3,0.122
9177.9,g4,tick,995.0,0.099
9178.0,g1,tick,954.4,0.149
9178.0,g2,tick,994.6,0.114
9178.0,g4,tick,997.5,0.093
9178.0,g1,tick,956.5,0.140
9178.0,g2,tick,997.3,0.107
9178.0,g4,tick,998.8,0.087
9180.1,g1,tick,962.5,0.131
9180.1,g2,tick,998.7,0.100
9180.1,g4,tick,999.4,0.082
9192.9,g1,tick,970.5,0.123
9192.9,g2,tick,999.3,0.094
9192.9,g4,tick,999.7,0.076
9192.9,g1,tick,979.5,0.115
9192.9,g2,tick,999.7,0.088
9192.9,g4,tick,999.8,0.072
9195.1,g1,tick,989.1,0.108
9195.1,g2,tick,999.8,0.083
9195.1,g4,tick,999.9,0.067
9206.9,g1,tick,994.5,0.101
9206.9,g2,tick,999.9,0.078
9206.9,g4,tick,1000.0,0.063
9206.9,g1,tick,997.3,0.095
9206.9,g2,tick,1000.0,0.073
9206.9,g4,tick,1000.0,0.059
9210.1,g1,tick,998.6,0.089
9210.1,g2,tick,1000.0,0.068
9210.1,g4,tick,1000.0,0.055
9215.1,g1,tick,999.3,0.084
9215.1,g2,tick,1000.0,0.064
9215.1,g4,tick,1000.0,0.052
9220.1,g1,tick,999.7,0.078
9220.1,g2,tick,1000.0,0.060
9220.1,g4,tick,1000.0,0.049
9225.7,g1,tick,999.8,0.073
9225.7,g2,tick,1000.0,0.056
9225.7,g4,tick,1000.0,0.046
9230.3,g1,tick,999.9,0.069
9230.3,g2,tick,1000.0,0.053
9230.3,g4,tick,1000.0,0.043
9235.8,g1,tick,1000.0,0.065
9235.8,g2,tick,1000.0,0.049
9235.8,g4,tick,1000.0,0.040
9236.1,g1,cut,967.7,0.123
9240.8,g1,cnp,967.7,0.123
9240.8,g1,tick,967.7,0.123
9240.9,g2,tick,1000.0,0.046
9240.9,g4,tick,1000.0,0.038
9245.1,g1,tick,983.8,0.115
9245.1,g2,tick,1000.0,0.043
9245.1,g4,tick,1000.0,0.035
9257.0,g1,tick,991.9,0.108
9257.0,g2,tick,1000.0,0.041
9257.0,g4,tick,1000.0,0.033
9257.1,g1,tick,995.9,0.101
9257.1,g2,tick,1000.0,0.038
9257.1,g4,tick,1000.0,0.031
9260.1,g1,tick,997.9,0.095
9260.1,g2,tick,1000.0,0.036
9260.1,g4,tick,1000.0,0.029
9265.2,g1,tick,998.9,0.089
9265.2,g2,tick,1000.0,0.034
9265.2,g4,tick,1000.0,0.027
9270.4,g1,tick,999.5,0.084
9270.4,g2,tick,1000.0,0.031
9270.4,g4,tick,1000.0,0.026
9275.1,g1,tick,999.7,0.078
9275.1,g2,tick,1000.0,0.029
9275.1,g4,tick,1000.0,0.024
9280.1,g1,tick,999.9,0.073
9280.1,g2,tick,1000.0,0.028
9280.1,g4,tick,1000.0,0.022
9285.1,g1,tick,999.9,0.069
9285.1,g2,tick,1000.0,0.026
9285.1,g4,tick,1000.0,0.021
9290.1,g1,tick,1000.0,0.065
9290.1,g2,tick,1000.0,0.024
9290.1,g4,tick,1000.0,0.020
9295.1,g1,tick,1000.0,0.060
9295.1,g2,tick,1000.0,0.023
9295.1,g4,tick,1000.0,0.018
9302.3,g1,tick,1000.0,0.057
9302.3,g2,tick,1000.0,0.021
9302.3,g4,tick,1000.0,0.017
9305.1,g1,tick,1000.0,0.053
9305.1,g2,tick,1000.0,0.020
9305.1,g4,tick,1000.0,0.016
9310.3,g1,tick,1000.0,0.050
9310.3,g2,tick,1000.0,0.019
9310.3,g4,tick,1000.0,0.015
9321.7,g1,tick,1000.0,0.047
9321.7,g2,tick,1000.0,0.018
9321.7,g4,tick,1000.0,0.014
9321.7,g1,tick,1000.0,0.044
9321.7,g2,tick,1000.0,0.016
9321.7,g4,tick,1000.0,0.013
9325.1,g1,tick,1000.0,0.041
9325.1,g2,tick,1000.0,0.015
9325.1,g4,tick,1000.0,0.013
9328.6,g1,cut,979.5,0.101
9330.1,g1,tick,979.5,0.101
9330.1,g2,tick,1000.0,0.014
9330.1,g4,tick,1000.0,0.012
9332.3,g1,cnp,979.5,0.101
9335.3,g1,tick,979.5,0.101
9335.3,g2,tick,1000.0,0.014
9335.3,g4,tick,1000.0,0.011
9340.1,g1,tick,989.7,0.095
9340.1,g2,tick,1000.0,0.013
9340.1,g4,tick,1000.0,0.010
9345.1,g1,tick,994.9,0.089
9345.1,g2,tick,1000.0,0.012
9345.1,g4,tick,1000.0,0.010
9351.2,g1,tick,997.4,0.083
9351.2,g2,tick,1000.0,0.011
9351.2,g4,tick,1000.0,0.009
9355.1,g1,tick,998.7,0.078
9355.1,g2,tick,1000.0,0.010
9355.1,g4,tick,1000.0,0.009
9360.1,g1,tick,999.4,0.073
9360.1,g2,tick,1000.0,0.010
9360.1,g4,tick,1000.0,0.008
9365.2,g1,tick,999.7,0.069
9365.2,g2,tick,1000.0,0.009
9365.2,g4,tick,1000.0,0.007
9370.1,g1,tick,999.8,0.064
9370.1,g2,tick,1000.0,0.009
9370.1,g4,tick,1000.0,0.007
9375.2,g1,tick,999.9,0.060
9375.2,g2,tick,1000.0,0.008
9375.2,g4,tick,1000.0,0.007
9380.1,g1,tick,1000.0,0.057
9380.1,g2,tick,1000.0,0.008
9380.1,g4,tick,1000.0,0.006
9385.0,g1,tick,1000.0,0.053
9385.0,g2,tick,1000.0,0.007
9385.0,g4,tick,1000.0,0.006
9388.5,g2,cut,996.4,0.069
9390.0,g1,tick,1000.0,0.050
9390.0,g2,tick,996.4,0.069
9390.1,g4,tick,1000.0,0.005
9393.7,g2,cnp,996.4,0.069
9395.1,g1,tick,1000.0,0.047
9395.1,g2,tick,996.4,0.069
9395.1,g4,tick,1000.0,0.005
9397.9,g2,cnp,996.4,0.069
9400.1,g1,tick,1000.0,0.044
9400.1,g2,tick,996.4,0.069
9400.1,g4,tick,1000.0,0.005
9405.1,g1,tick,1000.0,0.041
9405.1,g2,tick,998.2,0.065
9405.1,g4,tick,1000.0,0.004
9410.1,g1,tick,1000.0,0.038
9410.1,g2,tick,999.1,0.061
9410.1,g4,tick,1000.0,0.004
9415.1,g1,tick,1000.0,0.036
9415.1,g2,tick,999.6,0.057
9415.1,g4,tick,1000.0,0.004
9420.7,g1,tick,1000.0,0.034
9420.7,g2,tick,999.8,0.053
9420.7,g4,tick,1000.0,0.004
9425.1,g1,tick,1000.0,0.032
9425.1,g2,tick,999.9,0.050
9425.1,g4,tick,1000.0,0.003
9430.3,g1,tick,1000.0,0.030
9430.3,g2,tick,999.9,0.047
9430.3,g4,tick,1000.0,0.003
9436.3,g1,tick,1000.0,0.028
9436.3,g2,tick,1000.0,0.044
9436.3,g4,tick,1000.0,0.003
9441.7,g1,tick,1000.0,0.026
9441.7,g2,tick,1000.0,0.041
9441.7,g4,tick,1000.0,0.003
9445.1,g1,tick,1000.0,0.024
9445.1,g2,tick,1000.0,0.039
9445.1,g4,tick,1000.0,0.003
9445.9,g1,cut,987.8,0.085
9450.1,g1,tick,987.8,0.085
9450.1,g2,tick,1000.0,0.036
9450.1,g4,tick,1000.0,0.002
9455.1,g1,tick,993.9,0.080
9455.1,g2,tick,1000.0,0.034
9455.1,g4,tick,1000.0,0.002
9461.3,g1,tick,996.9,0.075
9461.3,g2,tick,1000.0,0.032
9461.3,g4,tick,1000.0,0.002
9465.2,g1,tick,998.5,0.070
9465.2,g2,tick,1000.0,0.030
9465.2,g4,tick,1000.0,0.002
9470.4,g1,tick,999.2,0.066
9470.4,g2,tick,1000.0,0.028
9470.4,g4,tick,1000.0,0.002
9475.2,g1,tick,999.6,0.062
9475.2,g2,tick,1000.0,0.026
9475.2,g4,tick,1000.0,0.002
9480.1,g1,tick,999.8,0.058
9480.1,g2,tick,1000.0,0.025
9480.1,g4,tick,1000.0,0.002
9485.1,g1,tick,999.9,0.054
9485.1,g2,tick,1000.0,0.023
9485.1,g4,tick,1000.0,0.002
9490.5,g1,tick,1000.0,0.051
9490.5,g2,tick,1000.0,0.022
9490.5,g4,tick,1000.0,0.001
9495.1,g1,tick,1000.0,0.048
9495.1,g2,tick,1000.0,0.020
9495.1,g4,tick,1000.0,0.001
9501.3,g1,tick,1000.0,0.045
9501.3,g2,tick,1000.0,0.019
9501.3,g4,tick,1000.0,0.001
9505.1,g1,tick,1000.0,0.042
9505.1,g2,tick,1000.0,0.018
9505.1,g4,tick,1000.0,0.001
9511.2,g1,tick,1000.0,0.039
9511.2,g2,tick,1000.0,0.017
9511.2,g4,tick,1000.0,0.001
9515.1,g1,tick,1000.0,0.037
9515.1,g2,tick,1000.0,0.016
9515.1,g4,tick,1000.0,0.001
9520.2,g1,tick,1000.0,0.035
9520.2,g2,tick,1000.0,0.015
9520.2,g4,tick,1000.0,0.001
9526.0,g1,tick,1000.0,0.032
9526.0,g2,tick,1000.0,0.014
9526.0,g4,tick,1000.0,0.001
9530.1,g1,tick,1000.0,0.030
9530.1,g2,tick,1000.0,0.013
9530.1,g4,tick,1000.0,0.001
9535.3,g1,tick,1000.0,0.029
9535.3,g2,tick,1000.0,0.012
9535.3,g4,tick,1000.0,0.001
9542.2,g1,tick,1000.0,0.027
9542.2,g2,tick,1000.0,0.011
9542.2,g4,tick,1000.0,0.001
9545.1,g1,tick,1000.0,0.025
9545.1,g2,tick,1000.0,0.011
9545.1,g4,tick,1000.0,0.001
9549.9,g1,cut,987.5,0.086
9551.2,g1,tick,987.5,0.086
9551.2,g2,tick,1000.0,0.010
9551.2,g4,tick,1000.0,0.001
9555.1,g1,tick,993.7,0.081
9555.1,g2,tick,1000.0,0.009
9555.1,g4,tick,1000.0,0.001
9558.1,g2,cut,995.3,0.071
9560.2,g1,tick,996.9,0.076
9560.3,g2,tick,995.3,0.071
9560.3,g4,tick,1000.0,0.001
9565.7,g1,tick,998.4,0.071
9565.8,g2,tick,997.7,0.067
9565.8,g4,tick,1000.0,0.001
9570.2,g1,tick,999.2,0.066
9570.2,g2,tick,998.8,0.063
9570.2,g4,tick,1000.0,0.001
9576.2,g1,tick,999.6,0.062
9576.3,g2,tick,999.4,0.059
9576.3,g4,tick,1000.0,0.000
9581.5,g1,tick,999.8,0.058
9581.5,g2,tick,999.7,0.055
9581.5,g4,tick,1000.0,0.000
9585.1,g1,tick,999.9,0.055
9585.1,g2,tick,999.9,0.052
9585.1,g4,tick,1000.0,0.000
9590.1,g1,tick,1000.0,0.051
9590.1,g2,tick,999.9,0.048
9590.1,g4,tick,1000.0,0.000
9595.2,g2,cut,975.7,0.108
9595.2,g1,tick,1000.0,0.048
9595.2,g2,tick,975.7,0.108
9595.2,g4,tick,1000.0,0.000
9599.8,g2,cnp,975.7,0.108
9600.2,g1,tick,1000.0,0.045
9600.2,g2,tick,975.7,0.108
9600.2,g4,tick,1000.0,0.000
9605.0,g1,cut,977.4,0.105
9605.0,g1,tick,977.4,0.105
9605.0,g2,tick,987.8,0.101
9605.0,g4,tick,1000.0,0.000
9607.5,g1,cnp,977.4,0.105
9609.5,g1,cnp,977.4,0.105
9610.1,g1,tick,977.4,0.105
9610.1,g2,tick,993.9,0.095
9610.1,g4,tick,1000.0,0.000
9612.1,g1,cnp,977.4,0.105
9616.7,g1,tick,977.4,0.105
9616.7,g2,tick,996.9,0.089
9616.7,g4,tick,1000.0,0.000
9620.1,g1,tick,988.7,0.098
9620.1,g2,tick,998.4,0.083
9620.1,g4,tick,1000.0,0.000
9625.7,g1,tick,994.4,0.092
9625.7,g2,tick,999.2,0.078
9625.7,g4,tick,1000.0,0.000
9630.7,g1,tick,997.2,0.086
9630.7,g2,tick,999.6,0.073
9630.7,g4,tick,1000.0,0.000
9635.1,g1,tick,998.6,0.081
9635.1,g2,tick,999.8,0.069
9635.1,g4,tick,1000.0,0.000
9640.1,g1,tick,999.3,0.076
9640.1,g2,tick,999.9,0.064
9640.1,g4,tick,1000.0,0.000
9645.1,g1,tick,999.6,0.071
9645.1,g2,tick,999.9,0.060
9645.1,g4,tick,1000.0,0.000
9650.2,g1,tick,999.8,0.067
9650.2,g2,tick,1000.0,0.057
9650.2,g4,tick,1000.0,0.000
9651.3,g1,cut,966.5,0.125
9653.3,g1,cnp,966.5,0.125
9655.1,g1,tick,966.5,0.125
9655.1,g2,tick,1000.0,0.053
9655.1,g4,tick,1000.0,0.000
9655.7,g1,cnp,966.5,0.125
9658.7,g1,cnp,966.5,0.125
9659.5,g2,cut,973.5,0.112
9660.1,g1,tick,966.5,0.125
9660.1,g2,tick,973.5,0.112
9660.1,g4,tick,1000.0,0.000
9663.3,g1,cut,906.1,0.180
9666.4,g2,cnp,973.5,0.112
9666.4,g1,tick,906.1,0.180
9666.4,g2,tick,973.5,0.112
9666.4,g4,tick,1000.0,0.000
9666.4,g1,cnp,906.1,0.180
9666.4,g4,cut,999.9,0.063
9668.3,g4,cnp,999.9,0.063
9670.1,g1,tick,906.1,0.180
9670.1,g2,tick,986.7,0.105
9670.1,g4,tick,999.9,0.063
9670.5,g4,cnp,999.9,0.063
9672.9,g4,cnp,999.9,0.063
9676.9,g1,tick,936.3,0.168
9676.9,g2,tick,993.4,0.099
9676.9,g4,tick,999.9,0.063
9676.9,g4,cut,968.6,0.121
9678.6,g4,cnp,968.6,0.121
9680.2,g1,cut,857.4,0.220
9682.5,g1,tick,857.4,0.220
9682.5,g2,tick,996.7,0.092
9682.5,g4,tick,968.6,0.121
9682.5,g1,cnp,857.4,0.220
9684.3,g1,cnp,857.4,0.220
9685.1,g1,tick,857.4,0.220
9685.1,g2,tick,998.3,0.087
9685.1,g4,tick,984.3,0.114
9689.7,g1,cnp,857.4,0.220
9690.1,g1,tick,857.4,0.220
9690.1,g2,tick,999.2,0.081
9694.4,g4,tick,992.1,0.107
9694.4,g1,cut,762.9,0.269
9698.0,g2,cut,958.6,0.139
9698.0,g2,cnp,958.6,0.139
9698.0,g2,cnp,958.6,0.139
9699.3,g1,tick,762.9,0.269
9699.3,g2,tick,958.6,0.139
9699.3,g4,tick,996.0,0.100
9699.3,g2,cnp,958.6,0.139
9702.9,g1,tick,810.1,0.252
9702.9,g2,tick,958.6,0.139
9702.9,g4,tick,998.0,0.094
9702.9,g2,cnp,958.6,0.139
9703.2,g1,cnp,810.1,0.252
9705.1,g1,tick,810.1,0.252
9705.1,g2,tick,958.6,0.139
9705.1,g4,tick,998.9,0.088
9705.2,g1,cut,707.9,0.299
9710.2,g1,tick,707.9,0.299
9713.1,g2,tick,978.9,0.130
9713.1,g4,tick,999.5,0.082
9718.7,g1,tick,759.0,0.280
9718.7,g2,tick,989.0,0.122
9718.7,g4,tick,999.7,0.077
9728.8,g1,tick,784.6,0.263
9728.8,g2,tick,994.1,0.114
9728.8,g4,tick,999.9,0.072
9728.8,g1,tick,797.4,0.246
9728.8,g2,tick,996.6,0.107
9728.8,g4,tick,999.9,0.068
9731.9,g1,tick,803.8,0.231
9731.9,g2,tick,997.9,0.100
9731.9,g4,tick,1000.0,0.064
9735.1,g1,tick,807.0,0.217
9736.8,g2,tick,998.9,0.094
9736.8,g4,tick,1000.0,0.060
9740.1,g1,tick,813.6,0.203
9740.1,g2,tick,999.5,0.088
9740.1,g4,tick,1000.0,0.056
9742.1,g4,cut,972.1,0.115
9747.9,g1,tick,821.9,0.190
9747.9,g2,tick,999.7,0.083
9747.9,g4,tick,972.1,0.115
9747.9,g4,cnp,972.1,0.115
9747.9,g4,cnp,972.1,0.115
9752.4,g4,cut,916.2,0.170
9754.6,g1,tick,831.0,0.178
9754.6,g2,tick,999.9,0.078
9754.6,g4,tick,916.2,0.170
9754.6,g4,cnp,916.2,0.170
9754.7,g4,cnp,916.2,0.170
9757.2,g1,tick,840.6,0.167
9757.2,g2,tick,999.9,0.073
9757.2,g4,tick,916.2,0.170
9757.2,g2,cut,963.6,0.131
9775.0,g1,tick,850.4,0.157
9775.0,g2,tick,963.6,0.131
9778.2,g4,tick,944.1,0.160
9778.2,g1,cut,783.7,0.210
9780.2,g2,cut,900.6,0.185
9783.2,g1,tick,783.7,0.210
9783.2,g2,tick,900.6,0.185
9783.2,g4,tick,958.1,0.150
9786.9,g1,tick,817.0,0.196
9792.6,g2,tick,932.1,0.173
9798.9,g4,tick,965.1,0.140
9802.2,g1,tick,833.7,0.184
9802.2,g2,tick,947.8,0.163
9802.2,g4,tick,968.6,0.131
9802.2,g1,tick,842.0,0.173
9805.6,g2,tick,955.7,0.152
9805.6,g4,tick,970.3,0.123
9805.7,g1,tick,846.2,0.162
9806.0,g2,tick,959.6,0.143
9806.0,g4,tick,976.2,0.116
9806.0,g1,tick,848.3,0.152
9806.0,g2,tick,961.6,0.134
9806.0,g4,tick,984.1,0.108
9807.6,g1,tick,854.3,0.142
9807.6,g2,tick,967.6,0.126
9810.0,g4,tick,992.1,0.102
9810.1,g1,tick,862.3,0.133
9813.1,g2,tick,975.6,0.118
9813.1,g4,tick,996.0,0.095
9813.1,g1,tick,871.4,0.125
9813.1,g2,tick,984.6,0.110
9813.1,g4,tick,998.0,0.089
9817.0,g1,tick,880.9,0.117
9817.0,g2,tick,992.3,0.104
9817.0,g4,tick,999.0,0.084
9817.0,g1,tick,890.6,0.110
9820.8,g2,tick,996.1,0.097
9820.8,g4,tick,999.5,0.078
9823.9,g1,tick,920.5,0.103
9823.9,g2,tick,998.1,0.091
9823.9,g4,tick,999.8,0.074
9829.5,g1,tick,960.2,0.097
9829.5,g2,tick,999.0,0.085
9829.5,g4,tick,999.9,0.069
9832.2,g1,tick,980.1,0.091
9832.2,g2,tick,999.5,0.080
9832.2,g4,tick,999.9,0.065
9835.5,g1,tick,990.1,0.085
9835.5,g2,tick,999.8,0.075
9835.5,g4,tick,1000.0,0.061
9841.9,g1,tick,995.0,0.080
9841.9,g2,tick,999.9,0.070
9841.9,g4,tick,1000.0,0.057
9845.1,g1,tick,997.5,0.075
9845.1,g2,tick,999.9,0.066
9845.1,g4,tick,1000.0,0.053
9850.1,g1,tick,998.8,0.070
9850.1,g2,tick,1000.0,0.062
9850.1,g4,tick,1000.0,0.050
9855.1,g1,tick,999.4,0.066
9855.1,g2,tick,1000.0,0.058
9855.2,g4,tick,1000.0,0.047
9860.1,g1,tick,999.7,0.061
9860.1,g2,tick,1000.0,0.054
9860.1,g4,tick,1000.0,0.044
9871.2,g1,tick,999.8,0.058
9871.2,g2,tick,1000.0,0.051
9871.2,g4,tick,1000.0,0.041
9871.3,g1,tick,999.9,0.054
9871.3,g2,tick,1000.0,0.048
9871.3,g4,tick,1000.0,0.039
9875.1,g1,tick,1000.0,0.051
9875.1,g2,tick,1000.0,0.045
9875.1,g4,tick,1000.0,0.036
9880.1,g1,tick,1000.0,0.047
9880.1,g2,tick,1000.0,0.042
9880.1,g4,tick,1000.0,0.034
9885.8,g1,tick,1000.0,0.045
9885.8,g2,tick,1000.0,0.039
9885.8,g4,tick,1000.0,0.032
9891.6,g1,tick,1000.0,0.042
9891.6,g2,tick,1000.0,0.037
9891.6,g4,tick,1000.0,0.030
9896.7,g1,tick,1000.0,0.039
9896.7,g2,tick,1000.0,0.035
9896.7,g4,tick,1000.0,0.028
9900.1,g1,tick,1000.0,0.037
9900.1,g2,tick,1000.0,0.032
9900.1,g4,tick,1000.0,0.026
9902.2,g2,cut,983.8,0.093
9905.1,g1,tick,1000.0,0.034
9905.1,g2,tick,983.8,0.093
9905.1,g4,tick,1000.0,0.025
9905.9,g2,cnp,983.8,0.093
9910.3,g1,tick,1000.0,0.032
9910.3,g2,tick,983.8,0.093
9910.3,g4,tick,1000.0,0.023
9910.9,g2,cnp,983.8,0.093
9916.1,g1,tick,1000.0,0.030
9916.1,g2,tick,983.8,0.093
9916.1,g4,tick,1000.0,0.022
9920.0,g1,tick,1000.0,0.028
9920.0,g2,tick,991.9,0.087
9920.0,g4,tick,1000.0,0.020
9925.3,g1,tick,1000.0,0.027
9925.3,g2,tick,996.0,0.082
9925.3,g4,tick,1000.0,0.019
9930.1,g1,tick,1000.0,0.025
9930.1,g2,tick,998.0,0.077
9930.1,g4,tick,1000.0,0.018
9935.1,g1,tick,1000.0,0.023
9935.1,g2,tick,999.0,0.072
9935.1,g4,tick,1000.0,0.017
9940.3,g1,tick,1000.0,0.022
9940.3,g2,tick,999.5,0.067
9940.3,g4,tick,1000.0,0.016
9945.1,g1,tick,1000.0,0.021
9945.1,g2,tick,999.7,0.063
9945.1,g4,tick,1000.0,0.015
9950.1,g1,tick,1000.0,0.019
9950.1,g2,tick,999.9,0.059
9950.1,g4,tick,1000.0,0.014
9955.1,g1,tick,1000.0,0.018
9955.1,g2,tick,999.9,0.055
9955.1,g4,tick,1000.0,0.013
9960.3,g1,tick,1000.0,0.017
9960.4,g2,tick,1000.0,0.052
9960.4,g4,tick,1000.0,0.012
9967.9,g1,tick,1000.0,0.016
9967.9,g2,tick,1000.0,0.049
9967.9,g4,tick,1000.0,0.011
9970.1,g1,tick,1000.0,0.015
9970.1,g2,tick,1000.0,0.046
9970.1,g4,tick,1000.0,0.011
9975.1,g1,tick,1000.0,0.014
9975.1,g2,tick,1000.0,0.043
9975.1,g4,tick,1000.0,0.010
9980.1,g1,tick,1000.0,0.013
9980.1,g2,tick,1000.0,0.040
9980.1,g4,tick,1000.0,0.009
9985.1,g1,tick,1000.0,0.012
9985.1,g2,tick,1000.0,0.038
9985.1,g4,tick,1000.0,0.009
9990.1,g1,tick,1000.0,0.011
9990.1,g2,tick,1000.0,0.035
9990.1,g4,tick,1000.0,0.008
9995.1,g1,tick,1000.0,0.011
9995.1,g2,tick,1000.0,0.033
9995.1,g4,tick,1000.0,0.008
10000.5,g1,tick,1000.0,0.010
10000.5,g2,tick,1000.0,0.031
10000.5,g4,tick,1000.0,0.007
10005.1,g1,tick,1000.0,0.009
10005.1,g2,tick,1000.0,0.029
10005.1,g4,tick,1000.0,0.007
10006.6,g1,cut,995.3,0.071
10009.8,g1,cnp,995.3,0.071
10010.1,g1,tick,995.3,0.071
10010.1,g2,tick,1000.0,0.027
10010.1,g4,tick,1000.0,0.006
10012.0,g1,cnp,995.3,0.071
10012.4,g4,cut,996.8,0.068
10015.1,g1,tick,995.3,0.071
10015.1,g2,tick,1000.0,0.026
10015.1,g4,tick,996.8,0.068
10015.2,g4,cnp,996.8,0.068
10017.9,g4,cnp,996.8,0.068
10019.7,g4,cnp,996.8,0.068
10020.1,g1,tick,997.6,0.067
10020.1,g2,tick,1000.0,0.024
10020.1,g4,tick,996.8,0.068
10022.0,g4,cnp,996.8,0.068
10024.3,g4,cut,962.7,0.127
10035.3,g1,tick,998.8,0.063
10035.3,g2,tick,1000.0,0.022
10035.3,g4,tick,962.7,0.127
10035.3,g2,cut,988.8,0.084
10035.3,g2,cnp,988.8,0.084
10035.3,g2,cnp,988.8,0.084
10035.3,g2,cnp,988.8,0.084
10035.3,g1,tick,999.4,0.059
10035.3,g2,tick,988.8,0.084
10035.3,g4,tick,979.8,0.119
10035.3,g1,tick,999.7,0.055
10035.3,g2,tick,994.4,0.078
10045.7,g4,tick,988.3,0.111
10045.7,g1,tick,999.9,0.052
10045.7,g2,tick,997.2,0.073
10045.7,g4,tick,992.6,0.104
10045.7,g1,tick,999.9,0.048
10045.7,g2,tick,998.6,0.069
10045.7,g4,tick,994.7,0.098
10050.1,g1,tick,1000.0,0.045
10050.1,g2,tick,999.3,0.065
10050.1,g4,tick,995.8,0.092
10055.1,g1,tick,1000.0,0.043
10055.1,g2,tick,999.6,0.061
10055.1,g4,tick,997.9,0.086
10064.8,g1,tick,1000.0,0.040
10064.8,g2,tick,999.8,0.057
10064.8,g4,tick,998.9,0.081
10065.1,g1,tick,1000.0,0.037
10065.1,g2,tick,999.9,0.053
10065.1,g4,tick,999.5,0.076
10070.1,g2,cut,973.3,0.112
10075.0,g1,tick,1000.0,0.035
10075.0,g2,tick,973.3,0.112
10075.0,g4,tick,999.7,0.071
10075.0,g1,cut,982.5,0.095
10075.0,g1,cnp,982.5,0.095
10075.0,g1,tick,982.5,0.095
10075.0,g2,tick,986.6,0.105
10075.0,g4,tick,999.9,0.066
10076.1,g1,cnp,982.5,0.095
10078.6,g1,cnp,982.5,0.095
10080.1,g1,tick,982.5,0.095
10081.5,g2,tick,993.3,0.099
10081.5,g4,tick,999.9,0.062
10082.0,g1,cnp,982.5,0.095
10084.1,g1,cnp,982.5,0.095
10085.1,g1,tick,982.5,0.095
10085.1,g2,tick,996.6,0.093
10085.1,g4,tick,1000.0,0.058
10087.7,g1,cut,935.6,0.152
10091.9,g1,cnp,935.6,0.152
10091.9,g1,tick,935.6,0.152
10091.9,g2,tick,998.3,0.087
10091.9,g4,tick,1000.0,0.055
10092.5,g1,cnp,935.6,0.152
10095.9,g1,cnp,935.6,0.152
10096.0,g1,tick,935.6,0.152
10096.0,g2,tick,999.1,0.081
10096.0,g4,tick,1000.0,0.051
10096.6,g1,cnp,935.6,0.152
10098.7,g1,cut,864.5,0.205
10104.0,g1,tick,864.5,0.205
10104.0,g2,tick,999.5,0.076
10104.0,g4,tick,1000.0,0.048
10104.0,g4,cut,975.9,0.108
10104.0,g4,cnp,975.9,0.108
10104.0,g4,cnp,975.9,0.108
10113.2,g1,tick,900.1,0.192
10113.2,g2,tick,999.8,0.072
10113.2,g4,tick,975.9,0.108
10113.3,g2,cut,964.0,0.130
10115.3,g4,cut,923.4,0.163
10115.3,g4,cnp,923.4,0.163
10115.3,g4,cnp,923.4,0.163
10115.3,g4,cnp,923.4,0.163
10117.1,g1,tick,917.8,0.180
10117.1,g2,tick,964.0,0.130
10117.1,g4,tick,923.4,0.163
10117.1,g2,cnp,964.0,0.130
10119.6,g1,tick,926.7,0.169
10119.6,g2,tick,964.0,0.130
10122.1,g4,tick,949.7,0.153
10122.1,g1,cut,848.5,0.221
10123.7,g2,cut,901.6,0.184
10123.7,g2,cnp,901.6,0.184
10131.5,g1,tick,848.5,0.221
10131.5,g2,tick,901.6,0.184
10131.5,g4,tick,962.8,0.144
10131.5,g1,cnp,848.5,0.221
10131.6,g1,tick,848.5,0.221
10133.8,g2,tick,932.8,0.172
10137.2,g4,tick,969.4,0.135
10139.8,g1,tick,887.6,0.207
10139.8,g2,tick,948.4,0.162
10139.8,g4,tick,972.7,0.126
10143.1,g1,tick,907.1,0.194
10151.1,g2,tick,956.2,0.152
10151.1,g4,tick,974.3,0.118
10151.1,g1,tick,916.9,0.182
10151.1,g2,tick,960.1,0.142
10151.1,g4,tick,980.1,0.111
10151.1,g1,tick,921.8,0.171
10151.1,g2,tick,962.1,0.133
10151.1,g4,tick,988.0,0.104
10151.1,g1,tick,924.3,0.160
10151.1,g2,tick,968.0,0.125
10152.5,g4,tick,994.0,0.097
10157.5,g1,tick,930.5,0.150
10159.3,g2,tick,976.0,0.117
10159.5,g4,tick,997.0,0.091
10161.6,g1,tick,938.6,0.141
10161.6,g2,tick,985.0,0.110
10161.6,g4,tick,998.5,0.086
10165.1,g1,tick,947.7,0.132
10165.1,g2,tick,992.5,0.103
10165.1,g4,tick,999.3,0.080
10172.1,g1,tick,957.2,0.124
10179.9,g2,tick,996.3,0.096
10179.9,g4,tick,999.6,0.075
10179.9,g4,cut,962.0,0.133
10179.9,g4,cnp,962.0,0.133
10184.3,g1,tick,966.9,0.116
10184.3,g2,tick,998.1,0.090
10184.3,g4,tick,962.0,0.133
10184.3,g4,cnp,962.0,0.133
10187.6,g1,tick,983.5,0.109
10187.6,g2,tick,999.1,0.085
10187.6,g4,tick,962.0,0.133
10187.7,g1,tick,991.7,0.102
10187.7,g2,tick,999.5,0.079
10187.7,g4,tick,980.8,0.125
10190.7,g1,tick,995.9,0.095
10190.7,g2,tick,999.8,0.075
10193.7,g4,tick,990.2,0.117
10195.1,g1,tick,997.9,0.089
10195.1,g2,tick,999.9,0.070
10195.1,g4,tick,994.9,0.110
10200.1,g1,tick,999.0,0.084
10200.1,g2,tick,999.9,0.065
10200.1,g4,tick,997.3,0.103
10205.1,g1,tick,999.5,0.079
10205.1,g2,tick,1000.0,0.061
10205.1,g4,tick,998.4,0.096
10210.1,g1,tick,999.7,0.074
10210.1,g2,tick,1000.0,0.058
10210.1,g4,tick,999.2,0.090
10215.3,g1,tick,999.9,0.069
10215.3,g2,tick,1000.0,0.054
10215.3,g4,tick,999.6,0.085
10220.1,g1,tick,999.9,0.065
10220.1,g2,tick,1000.0,0.051
10220.1,g4,tick,999.8,0.079
10225.0,g4,cut,960.1,0.137
10228.7,g1,tick,1000.0,0.061
10228.7,g2,tick,1000.0,0.047
10228.7,g4,tick,960.1,0.137
10228.7,g1,cut,969.6,0.119
10230.1,g1,tick,969.6,0.119
10230.1,g2,tick,1000.0,0.044
10233.4,g4,tick,980.0,0.128
10235.3,g1,tick,984.8,0.112
10235.3,g2,tick,1000.0,0.042
10235.3,g4,tick,989.9,0.120
10240.9,g1,tick,992.4,0.105
10240.9,g2,tick,1000.0,0.039
10240.9,g4,tick,994.8,0.113
10249.7,g1,tick,996.2,0.098
10249.7,g2,tick,1000.0,0.037
10249.7,g4,tick,997.3,0.106
10250.1,g1,tick,998.1,0.092
10250.1,g2,tick,1000.0,0.034
10250.1,g4,tick,998.6,0.099
10261.7,g1,tick,999.0,0.086
10261.7,g2,tick,1000.0,0.032
10261.7,g4,tick,999.3,0.093
10261.7,g1,tick,999.5,0.081
10261.7,g2,tick,1000.0,0.030
10264.3,g4,tick,999.6,0.087
10265.1,g1,tick,999.8,0.076
10265.1,g2,tick,1000.0,0.028
10265.1,g4,tick,999.8,0.082
10270.2,g1,tick,999.9,0.071
10270.2,g2,tick,1000.0,0.027
10270.2,g4,tick,999.9,0.077
10275.1,g1,tick,999.9,0.067
10275.1,g2,tick,1000.0,0.025
10275.1,g4,tick,1000.0,0.072
10280.2,g1,tick,1000.0,0.063
10280.2,g2,tick,1000.0,0.023
10280.2,g4,tick,1000.0,0.067
10284.2,g4,cut,966.3,0.126
10287.6,g1,tick,1000.0,0.059
10287.6,g2,tick,1000.0,0.022
10287.6,g4,tick,966.3,0.126
10289.9,g4,cnp,966.3,0.126
10290.1,g1,tick,1000.0,0.055
10290.1,g2,tick,1000.0,0.020
10290.1,g4,tick,966.3,0.126
10295.1,g1,tick,1000.0,0.052
10295.1,g2,tick,1000.0,0.019
10295.1,g4,tick,983.1,0.118
10300.3,g1,tick,1000.0,0.048
10300.3,g2,tick,1000.0,0.018
10303.6,g4,tick,991.6,0.110
10305.6,g1,tick,1000.0,0.045
10305.6,g2,tick,1000.0,0.017
10305.6,g4,tick,995.8,0.104
10310.1,g1,tick,1000.0,0.043
10310.1,g2,tick,1000.0,0.016
10310.1,g4,tick,997.9,0.097
10315.1,g1,tick,1000.0,0.040
10315.1,g2,tick,1000.0,0.015
10315.1,g4,tick,998.9,0.091
10320.2,g1,tick,1000.0,0.037
10320.2,g2,tick,1000.0,0.014
10320.2,g4,tick,999.5,0.085
10325.5,g1,tick,1000.0,0.035
10325.5,g2,tick,1000.0,0.013
10325.5,g4,tick,999.7,0.080
10330.0,g4,cut,959.8,0.137
10331.4,g1,tick,1000.0,0.033
10331.4,g2,tick,1000.0,0.012
10331.4,g4,tick,959.8,0.137
10335.1,g2,cut,993.9,0.074
10335.1,g1,tick,1000.0,0.031
10335.1,g2,tick,993.9,0.074
10336.5,g4,tick,979.7,0.129
10337.4,g2,cnp,993.9,0.074
10340.1,g1,tick,1000.0,0.029
10340.1,g2,tick,993.9,0.074
10340.1,g4,tick,989.7,0.121
10340.6,g2,cnp,993.9,0.074
10345.1,g1,tick,1000.0,0.027
10345.1,g2,tick,993.9,0.074
10345.1,g4,tick,994.7,0.113
10352.0,g1,tick,1000.0,0.025
10352.0,g2,tick,996.9,0.069
10352.0,g4,tick,997.2,0.106
10355.1,g1,tick,1000.0,0.024
10355.1,g2,tick,998.5,0.065
10355.1,g4,tick,998.5,0.100
10360.1,g1,tick,1000.0,0.022
10360.1,g2,tick,999.2,0.061
10360.1,g4,tick,999.2,0.093
10365.1,g1,tick,1000.0,0.021
10365.1,g2,tick,999.6,0.057
10366.6,g4,tick,999.6,0.087
10370.1,g1,tick,1000.0,0.020
10370.1,g2,tick,999.8,0.054
10370.1,g4,tick,999.8,0.082
10375.1,g1,tick,1000.0,0.018
10375.1,g2,tick,999.9,0.050
10375.1,g4,tick,999.9,0.077
10380.9,g1,tick,1000.0,0.017
10380.9,g2,tick,1000.0,0.047
10380.9,g4,tick,1000.0,0.072
10382.7,g2,cut,976.4,0.107
10385.1,g1,tick,1000.0,0.016
10385.1,g2,tick,976.4,0.107
10385.1,g4,tick,1000.0,0.068
10385.2,g2,cnp,976.4,0.107
10388.8,g1,cut,991.9,0.078
10390.1,g1,tick,991.9,0.078
10390.1,g2,tick,976.4,0.107
10390.1,g4,tick,1000.0,0.063
10391.0,g1,cnp,991.9,0.078
10395.1,g1,tick,991.9,0.078
10395.1,g2,tick,988.2,0.100
10395.1,g4,tick,1000.0,0.059
10400.1,g1,tick,996.0,0.073
10400.1,g2,tick,994.1,0.094
10400.1,g4,tick,1000.0,0.056
10405.2,g1,tick,998.0,0.068
10405.3,g2,tick,997.0,0.088
10405.3,g4,tick,1000.0,0.052
10410.8,g1,tick,999.0,0.064
10410.8,g2,tick,998.5,0.082
10410.8,g4,tick,1000.0,0.049
10419.0,g1,tick,999.5,0.060
10419.0,g2,tick,999.2,0.077
10419.0,g4,tick,1000.0,0.046
10420.1,g1,tick,999.7,0.056
10420.1,g2,tick,999.6,0.072
10420.1,g4,tick,1000.0,0.043
10425.1,g1,tick,999.9,0.053
10425.1,g2,tick,999.8,0.068
10425.1,g4,tick,1000.0,0.040
10430.1,g1,tick,999.9,0.049
10430.1,g2,tick,999.9,0.064
10430.1,g4,tick,1000.0,0.038
10435.1,g1,tick,1000.0,0.046
10435.1,g2,tick,1000.0,0.060
10435.1,g4,tick,1000.0,0.035
10436.6,g1,cut,976.8,0.106
10440.9,g1,tick,976.8,0.106
10440.9,g2,tick,1000.0,0.056
10440.9,g4,tick,1000.0,0.033
10445.1,g1,tick,988.4,0.099
10445.1,g2,tick,1000.0,0.052
10445.1,g4,tick,1000.0,0.031
10450.1,g1,tick,994.2,0.093
10450.1,g2,tick,1000.0,0.049
10450.1,g4,tick,1000.0,0.029
10455.1,g1,tick,997.1,0.087
10455.1,g2,tick,1000.0,0.046
10455.1,g4,tick,1000.0,0.027
10460.1,g1,tick,998.5,0.082
10460.1,g2,tick,1000.0,0.043
10460.1,g4,tick,1000.0,0.026
10465.1,g1,tick,999.2,0.077
10465.3,g2,tick,1000.0,0.041
10465.3,g4,tick,1000.0,0.024
10470.1,g1,tick,999.6,0.072
10470.1,g2,tick,1000.0,0.038
10470.1,g4,tick,1000.0,0.023
10475.0,g1,tick,999.8,0.067
10475.0,g2,tick,1000.0,0.036
10475.0,g4,tick,1000.0,0.021
10481.2,g1,tick,999.9,0.063
10481.2,g2,tick,1000.0,0.033
10481.2,g4,tick,1000.0,0.020
10484.4,g2,cut,983.3,0.094
10485.1,g1,tick,1000.0,0.059
10485.1,g2,tick,983.3,0.094
10485.1,g4,tick,1000.0,0.019
10486.1,g1,cut,970.3,0.118
10490.7,g1,tick,970.3,0.118
10490.7,g2,tick,991.7,0.088
10490.7,g4,tick,1000.0,0.017
10493.0,g2,cnp,991.7,0.088
10495.1,g1,tick,985.1,0.111
10495.1,g2,tick,991.7,0.088
10495.1,g4,tick,1000.0,0.016
10501.1,g1,tick,992.5,0.104
10501.1,g2,tick,995.8,0.082
10501.1,g4,tick,1000.0,0.015
10505.1,g1,tick,996.2,0.097
10505.1,g2,tick,997.9,0.077
10505.1,g4,tick,1000.0,0.014
10510.1,g1,tick,998.1,0.091
10510.1,g2,tick,999.0,0.072
10510.1,g4,tick,1000.0,0.013
10515.5,g1,tick,999.0,0.085
10515.5,g2,tick,999.5,0.068
10515.5,g4,tick,1000.0,0.013
10520.1,g1,tick,999.5,0.080
10520.1,g2,tick,999.7,0.064
10520.1,g4,tick,1000.0,0.012
10525.1,g1,tick,999.8,0.075
10525.1,g2,tick,999.9,0.060
10525.1,g4,tick,1000.0,0.011
10530.1,g1,tick,999.9,0.070
10530.1,g2,tick,999.9,0.056
10530.1,g4,tick,1000.0,0.010
10532.4,g1,cut,964.7,0.129
10534.7,g1,cnp,964.7,0.129
10535.1,g1,tick,964.7,0.129
10535.1,g2,tick,1000.0,0.052
10535.1,g4,tick,1000.0,0.010
10539.4,g1,cnp,964.7,0.129
10540.1,g1,tick,964.7,0.129
10540.1,g2,tick,1000.0,0.049
10540.1,g4,tick,1000.0,0.009
10542.3,g1,cnp,964.7,0.129
10542.6,g2,cut,975.4,0.109
10546.8,g1,tick,964.7,0.129
10546.8,g2,tick,975.4,0.109
10546.8,g4,tick,1000.0,0.009
10546.8,g1,cut,902.7,0.183
10548.7,g2,cnp,975.4,0.109
10548.7,g2,cnp,975.4,0.109
10548.7,g1,cnp,902.7,0.183
10550.4,g1,tick,902.7,0.183
10550.4,g2,tick,975.4,0.109
10550.4,g4,tick,1000.0,0.008
10550.8,g2,cnp,975.4,0.109
10552.9,g2,cut,922.4,0.164
10556.3,g2,cnp,922.4,0.164
10563.3,g1,tick,933.7,0.172
10563.3,g2,tick,922.4,0.164
10563.3,g4,tick,1000.0,0.008
10563.4,g1,tick,949.2,0.161
10567.2,g2,tick,948.9,0.154
10567.2,g4,tick,1000.0,0.007
10568.7,g1,tick,956.9,0.151
10568.7,g2,tick,962.1,0.144
10568.7,g4,tick,1000.0,0.007
10571.7,g1,tick,960.8,0.141
10573.9,g2,tick,968.8,0.135
10574.0,g4,tick,1000.0,0.006
10575.1,g1,tick,962.7,0.133
10575.1,g2,tick,972.1,0.127
10575.1,g4,tick,1000.0,0.006
10580.1,g1,tick,968.7,0.124
10580.1,g2,tick,973.7,0.119
10580.1,g4,tick,1000.0,0.005
10588.2,g1,tick,976.7,0.116
10588.3,g2,tick,979.6,0.112
10588.3,g4,tick,1000.0,0.005
10590.1,g1,tick,985.7,0.109
10590.1,g2,tick,987.5,0.105
10590.1,g4,tick,1000.0,0.005
10597.7,g1,tick,992.8,0.102
10599.8,g2,tick,993.7,0.098
10599.8,g4,tick,1000.0,0.004
10599.8,g2,cut,945.0,0.154
10606.3,g1,tick,996.4,0.096
10606.3,g2,tick,945.0,0.154
10606.3,g4,tick,1000.0,0.004
10606.3,g1,cut,948.6,0.152
10607.7,g2,cnp,945.0,0.154
10607.7,g1,tick,948.6,0.152
10607.7,g2,tick,945.0,0.154
10607.7,g4,tick,1000.0,0.004
10609.6,g1,cnp,948.6,0.152
10610.9,g1,tick,948.6,0.152
10615.1,g2,tick,969.4,0.145
10615.1,g4,tick,1000.0,0.004
10617.6,g1,tick,972.5,0.143
10617.6,g2,tick,981.6,0.136
10617.6,g4,tick,1000.0,0.003
10620.1,g1,tick,984.5,0.134
10620.1,g2,tick,987.6,0.127
10620.1,g4,tick,1000.0,0.003
10626.3,g1,tick,990.4,0.126
10629.1,g2,tick,990.7,0.119
10629.1,g4,tick,1000.0,0.003
10639.7,g1,tick,993.4,0.118
10639.7,g2,tick,992.2,0.112
10639.7,g4,tick,1000.0,0.003
10639.7,g1,tick,994.9,0.110
10639.7,g2,tick,996.1,0.105
10639.7,g4,tick,1000.0,0.003
10640.1,g1,tick,997.5,0.104
10640.1,g2,tick,998.1,0.098
10640.1,g4,tick,1000.0,0.003
10645.1,g1,tick,998.7,0.097
10645.1,g2,tick,999.0,0.092
10645.1,g4,tick,1000.0,0.002
10650.1,g1,tick,999.4,0.091
10650.1,g2,tick,999.5,0.086
10650.1,g4,tick,1000.0,0.002
10655.1,g1,tick,999.7,0.085
10655.1,g2,tick,999.8,0.081
10655.1,g4,tick,1000.0,0.002
10660.1,g1,tick,999.8,0.080
10660.1,g2,tick,999.9,0.076
10660.1,g4,tick,1000.0,0.002
10665.1,g1,tick,999.9,0.075
10665.1,g2,tick,999.9,0.071
10665.1,g4,tick,1000.0,0.002
10666.7,g2,cut,964.3,0.129
10673.5,g1,tick,1000.0,0.070
10673.5,g2,tick,964.3,0.129
10673.5,g4,tick,1000.0,0.002
10673.5,g2,cnp,964.3,0.129
10677.6,g1,tick,1000.0,0.066
10677.6,g2,tick,964.3,0.129
10677.6,g4,tick,1000.0,0.002
10680.1,g1,tick,1000.0,0.062
10680.1,g2,tick,982.1,0.121
10680.1,g4,tick,1000.0,0.002
10685.1,g1,tick,1000.0,0.058
10689.6,g2,tick,991.0,0.114
10689.6,g4,tick,1000.0,0.001
10690.1,g1,tick,1000.0,0.054
10690.1,g2,tick,995.5,0.106
10690.1,g4,tick,1000.0,0.001
10695.1,g1,tick,1000.0,0.051
10695.1,g2,tick,997.7,0.100
10695.1,g4,tick,1000.0,0.001
10700.1,g1,tick,1000.0,0.048
10700.1,g2,tick,998.8,0.094
10700.1,g4,tick,1000.0,0.001
10705.2,g1,tick,1000.0,0.045
10705.2,g2,tick,999.4,0.088
10705.2,g4,tick,1000.0,0.001
10710.9,g1,tick,1000.0,0.042
10711.0,g2,tick,999.7,0.082
10711.0,g4,tick,1000.0,0.001
10716.2,g1,cut,979.0,0.102
10716.2,g1,tick,979.0,0.102
10716.2,g2,tick,999.9,0.077
10716.2,g4,tick,1000.0,0.001
10720.0,g1,cnp,979.0,0.102
10720.1,g1,tick,979.0,0.102
10720.1,g2,tick,999.9,0.072
10720.1,g4,tick,1000.0,0.001
10725.1,g1,tick,989.5,0.095
10725.1,g2,tick,1000.0,0.068
10725.1,g4,tick,1000.0,0.001
10731.0,g1,tick,994.8,0.089
10731.0,g2,tick,1000.0,0.064
10731.0,g4,tick,1000.0,0.001
10735.1,g1,tick,997.4,0.084
10735.1,g2,tick,1000.0,0.060
10735.1,g4,tick,1000.0,0.001
10740.1,g1,tick,998.7,0.079
10740.1,g2,tick,1000.0,0.056
10740.1,g4,tick,1000.0,0.001
10745.2,g1,tick,999.3,0.074
10745.2,g2,tick,1000.0,0.052
10745.2,g4,tick,1000.0,0.001
10750.1,g1,tick,999.7,0.069
10750.1,g2,tick,1000.0,0.049
10750.1,g4,tick,1000.0,0.001
10755.1,g1,tick,999.8,0.065
10755.1,g2,tick,1000.0,0.046
10755.1,g4,tick,1000.0,0.001
10761.8,g1,tick,999.9,0.061
10761.8,g2,tick,1000.0,0.043
10761.8,g4,tick,1000.0,0.001
10767.8,g1,tick,1000.0,0.057
10767.8,g2,tick,1000.0,0.040
10767.8,g4,tick,1000.0,0.001
10768.1,g2,cut,979.8,0.100
10768.6,g1,cut,971.5,0.116
10772.2,g1,tick,971.5,0.116
10772.3,g2,tick,979.8,0.100
10772.3,g4,tick,1000.0,0.000
10772.3,g2,cnp,979.8,0.100
10772.8,g4,cut,999.8,0.063
10775.0,g1,tick,985.7,0.109
10775.0,g2,tick,979.8,0.100
10775.0,g4,tick,999.8,0.063
10776.7,g4,cnp,999.8,0.063
10778.7,g4,cnp,999.8,0.063
10782.0,g1,tick,992.8,0.102
10782.0,g2,tick,989.9,0.094
10782.0,g4,tick,999.8,0.063
10782.0,g4,cnp,999.8,0.063
10783.6,g4,cut,968.3,0.122
10787.0,g1,tick,996.4,0.095
10787.0,g2,tick,994.9,0.088
10787.0,g4,tick,968.3,0.122
10787.0,g1,cut,948.8,0.152
10793.7,g4,cut,909.5,0.176
10797.7,g1,tick,948.8,0.152
10797.7,g2,tick,997.5,0.083
10797.7,g4,tick,909.5,0.176
10797.7,g1,cut,876.7,0.205
10797.8,g1,cnp,876.7,0.205
10797.8,g1,cnp,876.7,0.205
10797.8,g1,cnp,876.7,0.205
10801.9,g2,cut,956.2,0.140
10801.9,g2,cnp,956.2,0.140
10801.9,g2,cnp,956.2,0.140
10804.7,g1,tick,876.7,0.205
10804.7,g2,tick,956.2,0.140
10806.6,g4,tick,938.9,0.165
10806.6,g2,cnp,956.2,0.140
10806.6,g2,cnp,956.2,0.140
10812.1,g1,tick,912.8,0.192
10812.1,g2,tick,956.2,0.140
10812.1,g4,tick,953.6,0.155
10812.1,g2,cut,889.2,0.194
10818.3,g1,tick,930.8,0.180
10818.3,g2,tick,889.2,0.194
10820.1,g4,tick,960.9,0.145
10821.4,g1,tick,939.8,0.169
10824.6,g2,tick,922.7,0.182
10824.6,g4,tick,964.6,0.136
10824.6,g1,tick,944.3,0.158
10824.6,g2,tick,939.5,0.170
10824.6,g4,tick,966.5,0.128
10824.7,g1,tick,946.6,0.148
10827.4,g2,tick,947.8,0.160
10827.4,g4,tick,972.4,0.120
10827.4,g1,tick,952.7,0.139
10827.4,g2,tick,952.0,0.150
10830.5,g4,tick,980.3,0.112
10833.3,g1,tick,960.8,0.131
10833.3,g2,tick,954.1,0.140
10833.3,g4,tick,989.3,0.105
10835.1,g1,tick,969.8,0.122
10835.3,g2,tick,960.2,0.132
10835.3,g4,tick,994.7,0.099
10840.4,g1,tick,979.3,0.115
10842.2,g2,tick,968.2,0.123
10842.2,g4,tick,997.3,0.093
10847.5,g1,tick,989.1,0.108
10847.5,g2,tick,977.2,0.116
10847.5,g4,tick,998.7,0.087
10851.8,g1,tick,994.5,0.101
10851.8,g2,tick,986.7,0.108
10851.8,g4,tick,999.3,0.081
10855.0,g1,tick,997.3,0.095
10858.4,g2,tick,993.4,0.102
10858.4,g4,tick,999.7,0.076
10858.4,g4,cut,961.6,0.134
10858.6,g4,cnp,961.6,0.134
10860.1,g1,tick,998.6,0.089
10860.1,g2,tick,996.7,0.095
10860.1,g4,tick,961.6,0.134
10860.8,g4,cnp,961.6,0.134
10863.2,g4,cnp,961.6,0.134
10864.0,g2,cut,949.2,0.152
10866.4,g1,tick,999.3,0.083
10866.4,g2,tick,949.2,0.152
10866.4,g4,tick,961.6,0.134
10866.4,g2,cnp,949.2,0.152
10868.8,g2,cnp,949.2,0.152
10870.1,g1,tick,999.7,0.078
10870.1,g2,tick,949.2,0.152
10870.1,g4,tick,980.6,0.126
10870.9,g2,cnp,949.2,0.152
10873.2,g2,cnp,949.2,0.152
10875.1,g1,tick,999.8,0.073
10875.1,g2,tick,949.2,0.152
10875.1,g4,tick,990.1,0.118
10875.2,g2,cut,877.1,0.205
10877.3,g2,cnp,877.1,0.205
10880.2,g1,tick,999.9,0.068
10880.2,g2,tick,877.1,0.205
10880.2,g4,tick,994.9,0.110
10881.3,g2,cnp,877.1,0.205
10883.5,g2,cnp,877.1,0.205
10885.4,g2,cut,787.3,0.255
10890.7,g1,tick,1000.0,0.064
10890.7,g2,tick,787.3,0.255
10890.7,g4,tick,997.3,0.103
10890.7,g2,cnp,787.3,0.255
10890.8,g2,cnp,787.3,0.255
10890.8,g1,tick,1000.0,0.060
10890.8,g2,tick,787.3,0.255
10890.8,g4,tick,998.5,0.097
10891.6,g2,cnp,787.3,0.255
10893.9,g2,cnp,787.3,0.255
10895.1,g1,tick,1000.0,0.056
10895.1,g2,tick,787.3,0.255
10895.1,g4,tick,999.2,0.091
10896.0,g2,cut,687.1,0.301
10907.7,g1,tick,1000.0,0.053
10907.7,g2,tick,687.1,0.301
10907.7,g4,tick,999.6,0.085
10907.7,g2,cut,583.6,0.345
10907.7,g2,cnp,583.6,0.345
10909.5,g1,tick,1000.0,0.050
10909.6,g2,tick,583.6,0.345
10909.6,g4,tick,999.8,0.080
10910.2,g1,tick,1000.0,0.046
10913.2,g2,tick,635.4,0.323
10913.2,g4,tick,999.9,0.075
10915.1,g1,tick,1000.0,0.044
10919.3,g2,tick,661.2,0.303
10921.1,g4,tick,1000.0,0.070
10921.1,g1,tick,1000.0,0.041
10921.1,g2,tick,674.2,0.284
10921.1,g4,tick,1000.0,0.066
10925.5,g1,tick,1000.0,0.038
10927.0,g2,tick,680.6,0.266
10927.0,g4,tick,1000.0,0.062
10930.1,g1,tick,1000.0,0.036
10930.1,g2,tick,683.9,0.250
10930.1,g4,tick,1000.0,0.058
10935.1,g1,tick,1000.0,0.034
10935.1,g2,tick,690.5,0.234
10935.1,g4,tick,1000.0,0.054
10938.4,g4,cut,972.9,0.113
10941.6,g1,tick,1000.0,0.032
10943.3,g2,tick,698.8,0.219
10943.3,g4,tick,972.9,0.113
10943.4,g4,cnp,972.9,0.113
10943.4,g4,cnp,972.9,0.113
10945.1,g1,tick,1000.0,0.030
10945.1,g2,tick,707.9,0.206
10945.1,g4,tick,972.9,0.113
10946.1,g4,cnp,972.9,0.113
10948.5,g4,cut,917.7,0.169
10950.3,g1,tick,1000.0,0.028
10952.0,g2,tick,717.5,0.193
10952.1,g4,tick,917.7,0.169
10952.1,g2,cut,648.3,0.243
10952.1,g2,cnp,648.3,0.243
10954.3,g2,cnp,648.3,0.243
10955.1,g1,tick,1000.0,0.026
10955.1,g2,tick,648.3,0.243
10957.6,g4,tick,945.3,0.158
10957.6,g1,cut,987.0,0.087
10958.1,g1,cnp,987.0,0.087
10960.1,g1,tick,987.0,0.087
10963.1,g2,tick,682.9,0.228
10963.1,g4,tick,959.1,0.148
10963.1,g1,cnp,987.0,0.087
10963.1,g1,cnp,987.0,0.087
10965.1,g1,tick,987.0,0.087
10969.4,g2,tick,700.2,0.214
10970.8,g4,tick,966.0,0.139
10970.8,g1,cut,944.1,0.144
10970.8,g1,cnp,944.1,0.144
10974.0,g1,tick,944.1,0.144
10974.0,g2,tick,708.9,0.201
10974.0,g4,tick,969.4,0.130
10979.2,g1,tick,965.6,0.135
10979.2,g2,tick,713.2,0.188
10979.2,g4,tick,971.1,0.122
10980.1,g1,tick,976.3,0.127
10981.8,g2,tick,715.3,0.176
10981.8,g4,tick,977.0,0.115
10985.1,g1,tick,981.6,0.119
10985.1,g2,tick,721.4,0.165
10985.1,g4,tick,984.9,0.107
10990.1,g1,tick,984.3,0.111
10990.1,g2,tick,729.5,0.155
10991.4,g4,tick,992.5,0.101
10999.6,g1,tick,985.7,0.104
11001.4,g2,tick,738.5,0.145
11001.4,g4,tick,996.2,0.094
11001.4,g1,tick,991.3,0.098
11001.4,g2,tick,748.0,0.136
11001.4,g4,tick,998.1,0.089
11005.3,g1,tick,995.7,0.092
11007.8,g2,tick,757.8,0.128
11007.8,g4,tick,999.1,0.083
11007.8,g1,cut,950.1,0.148
11010.1,g1,tick,950.1,0.148
11011.7,g2,tick,787.6,0.120
11011.7,g4,tick,999.5,0.078
11011.7,g1,cnp,950.1,0.148
11015.1,g1,tick,950.1,0.148
11016.5,g2,tick,827.6,0.112
11016.5,g4,tick,999.8,0.073
11017.8,g1,cnp,950.1,0.148
11020.0,g1,cut,879.6,0.202
11026.7,g1,tick,879.6,0.202
11028.1,g2,tick,872.5,0.105
11028.1,g4,tick,999.9,0.068
11030.8,g1,tick,914.8,0.189
11032.2,g2,tick,920.0,0.099
11032.2,g4,tick,999.9,0.064
11032.2,g1,cut,828.4,0.240
11032.2,g1,cnp,828.4,0.240
11038.5,g2,cut,874.7,0.155
11038.5,g2,cnp,874.7,0.155
11039.8,g1,tick,828.4,0.240
11039.8,g2,tick,874.7,0.155
11039.8,g4,tick,1000.0,0.060
11039.8,g1,cnp,828.4,0.240
11039.9,g1,cnp,828.4,0.240
11039.9,g1,tick,828.4,0.240
11045.3,g2,tick,897.3,0.145
11045.3,g4,tick,1000.0,0.056
11045.3,g1,cut,729.1,0.287
11046.8,g2,cnp,897.3,0.145
11046.8,g2,cnp,897.3,0.145
11046.8,g1,tick,729.1,0.287
11046.8,g2,tick,897.3,0.145
11046.8,g4,tick,1000.0,0.053
11056.4,g1,tick,778.7,0.269
11056.4,g2,tick,908.7,0.136
11056.4,g4,tick,1000.0,0.050
11058.3,g1,tick,803.5,0.252
11058.3,g2,tick,914.4,0.128
11058.3,g4,tick,1000.0,0.046
11058.3,g1,tick,815.9,0.237
11060.2,g2,tick,917.2,0.120
11060.2,g4,tick,1000.0,0.044
11061.8,g1,tick,822.1,0.222
11061.8,g2,tick,918.6,0.112
11061.8,g4,tick,1000.0,0.041
11065.1,g1,tick,825.3,0.208
11065.1,g2,tick,924.3,0.105
11065.1,g4,tick,1000.0,0.038
11071.3,g1,tick,831.8,0.195
11071.3,g2,tick,932.2,0.099
11071.3,g4,tick,1000.0,0.036
11078.8,g1,tick,840.1,0.183
11083.9,g2,tick,941.1,0.092
11083.9,g4,tick,1000.0,0.034
11083.9,g1,tick,849.2,0.171
11083.9,g2,tick,950.6,0.087
11083.9,g4,tick,1000.0,0.032
11089.4,g1,tick,858.8,0.161
11091.0,g2,tick,960.3,0.081
11091.0,g4,tick,1000.0,0.030
11091.1,g1,tick,868.6,0.151
11092.6,g2,tick,980.1,0.076
11092.6,g4,tick,1000.0,0.028
11092.6,g4,cut,986.1,0.088
11094.1,g2,cut,942.8,0.134
11101.5,g1,tick,898.5,0.141
11101.5,g2,tick,942.8,0.134
11101.5,g4,tick,986.1,0.088
11101.6,g1,cut,835.0,0.195
11101.6,g1,cnp,835.0,0.195
11101.6,g1,cnp,835.0,0.195
11105.2,g1,tick,835.0,0.195
11105.3,g2,tick,961.5,0.126
11105.3,g4,tick,993.1,0.083
11105.3,g1,cnp,835.0,0.195
11105.3,g1,cnp,835.0,0.195
11105.3,g1,tick,835.0,0.195
11106.7,g2,tick,970.8,0.118
11106.7,g4,tick,996.5,0.078
11106.7,g1,cnp,835.0,0.195
11106.7,g2,cut,913.7,0.173
11114.0,g1,tick,835.0,0.195
11114.0,g2,tick,913.7,0.173
11114.0,g4,tick,998.3,0.073
11114.0,g1,cut,753.6,0.245
11114.0,g1,cnp,753.6,0.245
11122.2,g2,cut,834.7,0.225
11135.4,g1,tick,753.6,0.245
11135.4,g2,tick,834.7,0.225
11135.4,g4,tick,999.1,0.068
11137.6,g1,tick,794.3,0.230
11145.7,g2,tick,874.2,0.211
11145.7,g4,tick,999.6,0.064
11151.7,g1,tick,814.7,0.216
11153.2,g2,tick,893.9,0.197
11153.2,g4,tick,999.8,0.060
11153.2,g1,tick,824.8,0.202
11153.2,g2,tick,903.8,0.185
11153.2,g4,tick,999.9,0.056
11153.2,g1,tick,829.9,0.189
11153.2,g2,tick,908.7,0.173
11153.2,g4,tick,999.9,0.053
11154.6,g1,tick,832.5,0.178
11154.7,g2,tick,911.2,0.163
11154.7,g4,tick,1000.0,0.049
11154.7,g1,tick,838.7,0.166
11159.1,g2,tick,917.4,0.152
11159.1,g4,tick,1000.0,0.046
11159.1,g4,cut,976.8,0.106
11159.1,g1,tick,846.9,0.156
11159.1,g2,tick,925.6,0.143
11159.1,g4,tick,976.8,0.106
11160.6,g1,tick,856.0,0.146
11160.6,g2,tick,934.6,0.134
11160.6,g4,tick,988.4,0.099
11160.6,g4,cnp,988.4,0.099
11160.6,g1,tick,865.5,0.137
11167.4,g2,tick,944.2,0.126
11167.4,g4,tick,988.4,0.099
11167.4,g4,cnp,988.4,0.099
11167.4,g4,cnp,988.4,0.099
11169.6,g1,tick,875.3,0.129
11169.6,g2,tick,953.9,0.118
11169.6,g4,tick,988.4,0.099
11169.6,g4,cut,939.3,0.156
11174.5,g1,tick,905.1,0.121
11181.8,g2,tick,977.0,0.110
11181.8,g4,tick,939.3,0.156
11181.8,g4,cut,866.2,0.208
11181.8,g4,cnp,866.2,0.208
11181.8,g4,cnp,866.2,0.208
11181.8,g4,cnp,866.2,0.208
11185.0,g1,tick,945.1,0.113
11185.0,g2,tick,988.5,0.104
11185.0,g4,tick,866.2,0.208
11186.7,g1,tick,972.5,0.106
11186.7,g2,tick,994.2,0.097
11188.2,g4,tick,902.7,0.195
11188.2,g1,tick,986.3,0.099
11190.7,g2,tick,997.1,0.091
11194.2,g4,tick,921.0,0.183
11195.6,g1,tick,993.1,0.093
11195.6,g2,tick,998.6,0.085
11195.6,g4,tick,930.1,0.172
11195.6,g1,tick,996.6,0.087
11195.6,g2,tick,999.3,0.080
11195.6,g4,tick,934.7,0.161
11200.1,g1,tick,998.3,0.082
11200.1,g2,tick,999.6,0.075
11200.1,g4,tick,937.0,0.151
11205.1,g1,tick,999.1,0.077
11205.1,g2,tick,999.8,0.070
11208.2,g4,tick,943.1,0.142
11210.0,g1,tick,999.6,0.072
11210.1,g2,tick,999.9,0.066
11210.1,g4,tick,951.2,0.133
11215.1,g1,tick,999.8,0.067
11215.1,g2,tick,1000.0,0.062
11215.1,g4,tick,960.2,0.124
11220.4,g1,tick,999.9,0.063
11220.4,g2,tick,1000.0,0.058
11224.2,g4,tick,969.8,0.117
11224.2,g4,cut,913.2,0.172
11227.3,g1,tick,999.9,0.059
11227.3,g2,tick,1000.0,0.054
11227.3,g4,tick,913.2,0.172
11227.3,g1,cut,970.3,0.118
11228.9,g1,cnp,970.3,0.118
11230.3,g1,tick,970.3,0.118
11230.3,g2,tick,1000.0,0.051
11231.9,g4,tick,941.5,0.161
11235.1,g1,tick,985.1,0.111
11235.1,g2,tick,1000.0,0.048
11235.1,g4,tick,955.6,0.151
11243.6,g1,tick,992.5,0.104
11243.6,g2,tick,1000.0,0.045
11245.7,g4,tick,962.7,0.142
11245.8,g1,tick,996.2,0.097
11245.8,g2,tick,1000.0,0.042
11245.8,g4,tick,966.2,0.133
11251.2,g1,tick,998.1,0.091
11251.2,g2,tick,1000.0,0.039
11251.2,g4,tick,968.0,0.124
11255.1,g1,tick,999.0,0.086
11255.1,g2,tick,1000.0,0.037
11255.1,g4,tick,973.9,0.117
11260.2,g1,tick,999.5,0.080
11260.2,g2,tick,1000.0,0.035
11260.2,g4,tick,981.8,0.109
11265.3,g1,tick,999.8,0.075
11265.3,g2,tick,1000.0,0.032
11273.9,g4,tick,990.8,0.103
11273.9,g1,tick,999.9,0.070
11273.9,g2,tick,1000.0,0.030
11273.9,g4,tick,995.4,0.096
11275.1,g1,tick,999.9,0.066
11275.1,g2,tick,1000.0,0.028
11275.1,g4,tick,997.7,0.090
11275.5,g2,cut,985.8,0.089
11279.6,g2,cnp,985.8,0.089
11280.1,g1,tick,1000.0,0.062
11280.1,g2,tick,985.8,0.089
11280.1,g4,tick,998.8,0.084
11285.1,g1,tick,1000.0,0.058
11285.1,g2,tick,992.9,0.084
11285.1,g4,tick,999.4,0.079
11290.2,g1,tick,1000.0,0.054
11290.2,g2,tick,996.4,0.078
11290.2,g4,tick,999.7,0.074
11295.1,g1,tick,1000.0,0.051
11295.1,g2,tick,998.2,0.073
11295.1,g4,tick,999.9,0.070
11300.1,g1,tick,1000.0,0.048
11300.1,g2,tick,999.1,0.069
11300.1,g4,tick,999.9,0.065
11305.1,g1,tick,1000.0,0.045
11305.1,g2,tick,999.6,0.065
11305.1,g4,tick,1000.0,0.061
11310.2,g1,tick,1000.0,0.042
11310.2,g2,tick,999.8,0.061
11310.2,g4,tick,1000.0,0.057
11315.1,g1,tick,1000.0,0.039
11315.1,g2,tick,999.9,0.057
11315.1,g4,tick,1000.0,0.054
11320.1,g1,tick,1000.0,0.037
11320.1,g2,tick,999.9,0.053
11320.1,g4,tick,1000.0,0.050
11325.1,g1,tick,1000.0,0.035
11325.1,g2,tick,1000.0,0.050
11325.1,g4,tick,1000.0,0.047
11327.3,g1,cut,982.7,0.095
11329.9,g1,cnp,982.7,0.095
11329.9,g2,cut,975.0,0.109
11333.5,g1,tick,982.7,0.095
11333.5,g2,tick,975.0,0.109
11333.5,g4,tick,1000.0,0.044
11335.1,g1,tick,991.3,0.089
11335.1,g2,tick,987.5,0.102
11335.1,g4,tick,1000.0,0.042
11342.3,g1,tick,995.7,0.083
11342.3,g2,tick,993.7,0.096
11342.3,g4,tick,1000.0,0.039
11345.1,g1,tick,997.8,0.078
11347.6,g2,tick,996.9,0.090
11347.6,g4,tick,1000.0,0.037
11350.0,g1,tick,998.9,0.073
11350.0,g2,tick,998.4,0.084
11350.1,g4,tick,1000.0,0.034
11355.0,g1,tick,999.5,0.069
11355.0,g2,tick,999.2,0.079
11355.0,g4,tick,1000.0,0.032
11360.2,g1,tick,999.7,0.064
11360.2,g2,tick,999.6,0.074
11360.2,g4,tick,1000.0,0.030
11365.1,g1,tick,999.9,0.060
11365.1,g2,tick,999.8,0.070
11365.1,g4,tick,1000.0,0.028
11370.3,g1,tick,999.9,0.057
11370.3,g2,tick,999.9,0.065
11370.3,g4,tick,1000.0,0.026
11373.7,g2,cut,967.3,0.124
11383.3,g1,tick,1000.0,0.053
11383.3,g2,tick,967.3,0.124
11383.3,g4,tick,1000.0,0.025
11383.3,g1,cut,973.4,0.112
11383.3,g1,cnp,973.4,0.112
11383.3,g2,cnp,967.3,0.124
11383.3,g1,tick,973.4,0.112
11383.3,g2,tick,967.3,0.124
11383.3,g4,tick,1000.0,0.023
11385.1,g1,tick,986.7,0.105
11385.1,g2,tick,983.6,0.116
11385.1,g4,tick,1000.0,0.022
11390.1,g1,tick,993.3,0.099
11392.8,g2,tick,991.7,0.109
11392.9,g4,tick,1000.0,0.020
11396.8,g1,tick,996.6,0.093
11396.8,g2,tick,995.8,0.102
11396.8,g4,tick,1000.0,0.019
11400.1,g1,tick,998.3,0.087
11400.1,g2,tick,997.9,0.096
11400.1,g4,tick,1000.0,0.018
11405.1,g1,tick,999.1,0.081
11405.1,g2,tick,998.9,0.090
11405.1,g4,tick,1000.0,0.017
11411.8,g1,tick,999.6,0.076
11411.8,g2,tick,999.4,0.084
11411.8,g4,tick,1000.0,0.016
11415.1,g1,tick,999.8,0.071
11415.1,g2,tick,999.7,0.079
11415.1,g4,tick,1000.0,0.015
11420.3,g1,tick,999.9,0.067
11420.4,g2,tick,999.9,0.074
11420.4,g4,tick,1000.0,0.014
11425.1,g1,tick,999.9,0.063
11425.1,g2,tick,999.9,0.069
11425.1,g4,tick,1000.0,0.013
11430.4,g1,tick,1000.0,0.059
11430.4,g2,tick,1000.0,0.065
11430.4,g4,tick,1000.0,0.012
11435.4,g1,tick,1000.0,0.055
11435.4,g2,tick,1000.0,0.061
11435.4,g4,tick,1000.0,0.011
11440.1,g1,tick,1000.0,0.052
11440.1,g2,tick,1000.0,0.057
11440.1,g4,tick,1000.0,0.011
11445.2,g1,tick,1000.0,0.049
11445.2,g2,tick,1000.0,0.053
11445.2,g4,tick,1000.0,0.010
11453.7,g1,tick,1000.0,0.046
11453.7,g2,tick,1000.0,0.050
11453.7,g4,tick,1000.0,0.009
11456.2,g1,tick,1000.0,0.043
11456.2,g2,tick,1000.0,0.047
11456.2,g4,tick,1000.0,0.009
11460.1,g1,tick,1000.0,0.040
11460.1,g2,tick,1000.0,0.044
11460.1,g4,tick,1000.0,0.008
11465.1,g1,tick,1000.0,0.037
11465.1,g2,tick,1000.0,0.041
11465.1,g4,tick,1000.0,0.008
11470.8,g1,tick,1000.0,0.035
11470.8,g2,tick,1000.0,0.039
11470.8,g4,tick,1000.0,0.007
11476.0,g4,cut,996.4,0.069
11476.0,g1,tick,1000.0,0.033
11476.0,g2,tick,1000.0,0.036
11476.0,g4,tick,996.4,0.069
11480.1,g1,tick,1000.0,0.031
11480.1,g2,tick,1000.0,0.034
11480.1,g4,tick,998.2,0.065
11485.1,g1,tick,1000.0,0.029
11485.1,g2,tick,1000.0,0.032
11485.1,g4,tick,999.1,0.061
11490.1,g1,tick,1000.0,0.027
11490.1,g2,tick,1000.0,0.030
11490.1,g4,tick,999.5,0.057
11495.1,g1,tick,1000.0,0.025
11495.1,g2,tick,1000.0,0.028
11495.1,g4,tick,999.8,0.054
11500.1,g1,tick,1000.0,0.024
11500.1,g2,tick,1000.0,0.026
11500.1,g4,tick,999.9,0.050
11505.1,g1,tick,1000.0,0.022
11505.1,g2,tick,1000.0,0.025
11505.1,g4,tick,999.9,0.047
11510.1,g1,tick,1000.0,0.021
11510.1,g2,tick,1000.0,0.023
11510.1,g4,tick,1000.0,0.044
11515.1,g1,tick,1000.0,0.020
11515.1,g2,tick,1000.0,0.022
11515.1,g4,tick,1000.0,0.041
11520.6,g1,tick,1000.0,0.018
11520.7,g2,tick,1000.0,0.020
11520.7,g4,tick,1000.0,0.039
11521.3,g1,cut,990.8,0.080
11525.0,g1,tick,990.8,0.080
11525.1,g2,tick,1000.0,0.019
11525.1,g4,tick,1000.0,0.036
11530.2,g1,tick,995.4,0.075
11530.2,g2,tick,1000.0,0.018
11530.2,g4,tick,1000.0,0.034
11535.9,g1,tick,997.7,0.070
11535.9,g2,tick,1000.0,0.017
11535.9,g4,tick,1000.0,0.032
11541.0,g1,tick,998.8,0.066
11541.0,g2,tick,1000.0,0.016
11541.0,g4,tick,1000.0,0.030
11545.1,g1,tick,999.4,0.062
11545.1,g2,tick,1000.0,0.015
11545.1,g4,tick,1000.0,0.028
11550.1,g1,tick,999.7,0.058
11550.1,g2,tick,1000.0,0.014
11550.1,g4,tick,1000.0,0.026
11555.1,g1,tick,999.9,0.054
11555.1,g2,tick,1000.0,0.013
11555.1,g4,tick,1000.0,0.025
11560.1,g1,tick,999.9,0.051
11560.1,g2,tick,1000.0,0.012
11560.1,g4,tick,1000.0,0.023
11566.1,g1,tick,1000.0,0.048
11566.1,g2,tick,1000.0,0.011
11566.1,g4,tick,1000.0,0.022
11571.2,g1,tick,1000.0,0.045
11571.2,g2,tick,1000.0,0.011
11571.2,g4,tick,1000.0,0.020
11572.7,g1,cut,977.7,0.104
11575.1,g1,tick,977.7,0.104
11575.1,g2,tick,1000.0,0.010
11575.1,g4,tick,1000.0,0.019
11575.2,g2,cut,995.0,0.072
11579.0,g2,cnp,995.0,0.072
11580.2,g1,tick,988.8,0.098
11580.2,g2,tick,995.0,0.072
11580.2,g4,tick,1000.0,0.018
11582.0,g2,cnp,995.0,0.072
11585.1,g1,tick,994.4,0.092
11585.1,g2,tick,995.0,0.072
11585.1,g4,tick,1000.0,0.017
11588.6,g2,cut,959.3,0.130
11588.6,g2,cnp,959.3,0.130
11592.9,g1,tick,997.2,0.086
11593.0,g2,tick,959.3,0.130
11593.0,g4,tick,1000.0,0.016
11593.0,g2,cnp,959.3,0.130
11593.0,g2,cnp,959.3,0.130
11594.7,g1,cut,954.3,0.143
11596.7,g1,tick,954.3,0.143
11596.7,g2,tick,959.3,0.130
11596.7,g4,tick,1000.0,0.015
11596.7,g2,cnp,959.3,0.130
11598.0,g1,cnp,954.3,0.143
11598.1,g2,cnp,959.3,0.130
11600.8,g1,tick,954.3,0.143
11600.8,g2,tick,959.3,0.130
11600.8,g4,tick,1000.0,0.014
11601.9,g1,cnp,954.3,0.143
11604.0,g1,cnp,954.3,0.143
11605.1,g1,tick,954.3,0.143
11605.1,g2,tick,977.1,0.122
11605.1,g4,tick,1000.0,0.013
11616.9,g1,tick,975.8,0.134
11618.9,g2,tick,986.1,0.114
11618.9,g4,tick,1000.0,0.012
11618.9,g1,tick,986.5,0.126
11618.9,g2,tick,990.5,0.107
11618.9,g4,tick,1000.0,0.011
11620.1,g1,tick,991.8,0.118
11620.1,g2,tick,992.8,0.100
11620.1,g4,tick,1000.0,0.011
11625.1,g1,tick,994.5,0.111
11625.1,g2,tick,993.9,0.094
11625.1,g4,tick,1000.0,0.010
11634.0,g1,tick,995.9,0.104
11634.0,g2,tick,996.9,0.088
11634.0,g4,tick,1000.0,0.009
11635.1,g1,tick,997.9,0.097
11635.1,g2,tick,998.5,0.083
11635.1,g4,tick,1000.0,0.009
11640.1,g1,tick,999.0,0.091
11640.1,g2,tick,999.2,0.077
11640.1,g4,tick,1000.0,0.008
11645.6,g1,tick,999.5,0.085
11645.6,g2,tick,999.6,0.073
11645.7,g4,tick,1000.0,0.008
11650.2,g1,tick,999.7,0.080
11650.2,g2,tick,999.8,0.068
11650.2,g4,tick,1000.0,0.007
11655.1,g1,tick,999.9,0.075
11655.1,g2,tick,999.9,0.064
11655.1,g4,tick,1000.0,0.007
11660.1,g1,tick,999.9,0.070
11660.1,g2,tick,1000.0,0.060
11660.1,g4,tick,1000.0,0.006
11660.2,g1,cut,964.8,0.128
11662.3,g1,cnp,964.8,0.128
11665.1,g1,tick,964.8,0.128
11665.1,g2,tick,1000.0,0.056
11665.1,g4,tick,1000.0,0.006
11665.4,g1,cnp,964.8,0.128
11667.4,g2,cut,971.9,0.115
11669.7,g2,cnp,971.9,0.115
11670.2,g1,tick,964.8,0.128
11670.2,g2,tick,971.9,0.115
11670.2,g4,tick,1000.0,0.006
11672.0,g2,cnp,971.9,0.115
11675.1,g1,tick,982.3,0.120
11675.1,g2,tick,971.9,0.115
11675.1,g4,tick,1000.0,0.005
11682.7,g1,tick,991.1,0.113
11682.7,g2,tick,985.9,0.108
11682.7,g4,tick,1000.0,0.005
11685.4,g1,tick,995.5,0.106
11685.4,g2,tick,993.0,0.101
11685.4,g4,tick,1000.0,0.005
11690.1,g1,tick,997.7,0.099
11690.1,g2,tick,996.5,0.095
11690.1,g4,tick,1000.0,0.004
11697.9,g1,tick,998.8,0.093
11697.9,g2,tick,998.2,0.089
11697.9,g4,tick,1000.0,0.004
11700.0,g1,tick,999.4,0.087
11700.1,g2,tick,999.1,0.083
11700.1,g4,tick,1000.0,0.004
11705.1,g1,tick,999.7,0.082
11705.1,g2,tick,999.5,0.078
11705.2,g4,tick,1000.0,0.004
11710.1,g1,tick,999.9,0.077
11710.1,g2,tick,999.8,0.073
11710.1,g4,tick,1000.0,0.003
11711.7,g4,cut,998.3,0.066
11714.6,g4,cnp,998.3,0.066
11715.1,g1,tick,999.9,0.072
11715.1,g2,tick,999.9,0.069
11715.1,g4,tick,998.3,0.066
11718.1,g4,cnp,998.3,0.066
11720.5,g4,cnp,998.3,0.066
11720.5,g1,tick,1000.0,0.067
11720.5,g2,tick,999.9,0.064
11720.5,g4,tick,998.3,0.066
11722.5,g4,cut,965.6,0.124
11725.2,g1,tick,1000.0,0.063
11725.2,g2,tick,1000.0,0.060
11725.2,g4,tick,965.6,0.124
11725.3,g2,cut,969.8,0.119
11725.3,g4,cnp,965.6,0.124
11728.0,g2,cnp,969.8,0.119
11729.7,g2,cnp,969.8,0.119
11730.1,g1,tick,1000.0,0.059
11730.1,g2,tick,969.8,0.119
11730.1,g4,tick,965.6,0.124
11731.7,g2,cnp,969.8,0.119
11735.3,g1,tick,1000.0,0.056
11735.3,g2,tick,969.8,0.119
11735.3,g4,tick,982.0,0.116
11740.1,g1,tick,1000.0,0.052
11740.1,g2,tick,984.9,0.112
11750.0,g4,tick,990.1,0.109
11750.1,g1,tick,1000.0,0.049
11750.1,g2,tick,992.4,0.105
11750.1,g4,tick,994.2,0.102
11750.1,g1,tick,1000.0,0.046
11750.1,g2,tick,996.2,0.098
11750.1,g4,tick,996.3,0.096
11756.1,g1,tick,1000.0,0.043
11756.1,g2,tick,998.1,0.092
11756.1,g4,tick,997.3,0.090
11761.6,g1,tick,1000.0,0.040
11761.6,g2,tick,999.0,0.086
11761.6,g4,tick,998.7,0.084
11765.1,g1,tick,1000.0,0.038
11765.1,g2,tick,999.5,0.081
11765.1,g4,tick,999.3,0.079
11770.1,g1,tick,1000.0,0.035
11770.1,g2,tick,999.8,0.076
11770.1,g4,tick,999.7,0.074
11775.0,g1,tick,1000.0,0.033
11775.0,g2,tick,999.9,0.071
11775.0,g4,tick,999.8,0.069
11777.9,g2,cut,964.3,0.129
11781.6,g1,tick,1000.0,0.031
11781.6,g2,tick,964.3,0.129
11781.6,g4,tick,999.9,0.065
11781.6,g2,cnp,964.3,0.129
11785.3,g1,tick,1000.0,0.029
11785.3,g2,tick,964.3,0.129
11785.3,g4,tick,1000.0,0.061
11790.0,g1,tick,1000.0,0.027
11790.0,g2,tick,982.1,0.121
11790.0,g4,tick,1000.0,0.057
11795.0,g1,tick,1000.0,0.026
11796.5,g2,tick,991.0,0.113
11796.5,g4,tick,1000.0,0.054
11800.1,g1,tick,1000.0,0.024
11800.1,g2,tick,995.4,0.106
11800.1,g4,tick,1000.0,0.050
11805.1,g1,tick,1000.0,0.022
11805.1,g2,tick,997.7,0.100
11805.1,g4,tick,1000.0,0.047
11810.1,g1,tick,1000.0,0.021
11810.1,g2,tick,998.8,0.094
11810.1,g4,tick,1000.0,0.044
11815.3,g1,tick,1000.0,0.020
11815.3,g2,tick,999.4,0.088
11815.3,g4,tick,1000.0,0.041
11819.3,g4,cut,979.3,0.101
11819.9,g2,cut,955.6,0.145
11822.9,g1,tick,1000.0,0.019
11822.9,g2,tick,955.6,0.145
11822.9,g4,tick,979.3,0.101
11823.4,g2,cnp,955.6,0.145
11824.0,g1,cut,990.7,0.080
11825.1,g1,tick,990.7,0.080
11825.1,g2,tick,955.6,0.145
11825.1,g4,tick,989.6,0.095
11828.2,g1,cnp,990.7,0.080
11830.1,g1,tick,990.7,0.080
11838.7,g2,tick,977.5,0.136
11838.7,g4,tick,994.8,0.089
11838.7,g1,tick,995.4,0.075
11838.7,g2,tick,988.4,0.127
11838.7,g4,tick,997.4,0.083
11842.9,g1,tick,997.7,0.070
11842.9,g2,tick,993.9,0.119
11842.9,g4,tick,998.7,0.078
11846.2,g1,tick,998.8,0.066
11846.3,g2,tick,996.6,0.112
11846.3,g4,tick,999.4,0.073
11850.1,g1,tick,999.4,0.062
11852.5,g2,tick,998.0,0.105
11852.5,g4,tick,999.7,0.069
11858.1,g1,tick,999.7,0.058
11858.2,g2,tick,999.0,0.098
11858.2,g4,tick,999.8,0.064
11860.1,g1,tick,999.9,0.054
11860.1,g2,tick,999.5,0.092
11860.1,g4,tick,999.9,0.060
11865.1,g1,tick,999.9,0.051
11865.1,g2,tick,999.8,0.086
11865.1,g4,tick,1000.0,0.057
11870.6,g1,tick,1000.0,0.048
11870.6,g2,tick,999.9,0.081
11870.6,g4,tick,1000.0,0.053
11873.3,g4,cut,973.4,0.112
11874.8,g1,cut,976.1,0.107
11877.0,g1,tick,976.1,0.107
11877.0,g2,tick,999.9,0.076
11877.0,g4,tick,973.4,0.112
11880.1,g1,tick,988.0,0.100
11880.1,g2,tick,1000.0,0.071
11880.1,g4,tick,986.7,0.105
11881.5,g2,cut,964.4,0.129
11887.2,g1,tick,994.0,0.094
11887.2,g2,tick,964.4,0.129
11887.2,g4,tick,993.3,0.099
11887.2,g2,cnp,964.4,0.129
11889.0,g2,cnp,964.4,0.129
11890.1,g1,tick,997.0,0.088
11890.1,g2,tick,964.4,0.129
11890.1,g4,tick,996.7,0.093
11893.7,g2,cut,902.1,0.184
11897.0,g1,tick,998.5,0.083
11897.0,g2,tick,902.1,0.184
11897.0,g4,tick,998.3,0.087
11900.1,g1,tick,999.2,0.078
11902.8,g2,tick,933.3,0.172
11902.8,g4,tick,999.1,0.081
11905.6,g1,tick,999.6,0.073
11905.6,g2,tick,948.8,0.161
11905.6,g4,tick,999.6,0.076
11910.4,g1,tick,999.8,0.068
11913.9,g2,tick,956.6,0.151
11913.9,g4,tick,999.8,0.071
11915.1,g1,tick,999.9,0.064
11915.1,g2,tick,960.5,0.142
11915.1,g4,tick,999.9,0.067
11920.1,g1,tick,1000.0,0.060
11920.1,g2,tick,962.5,0.133
11920.1,g4,tick,999.9,0.063
11925.1,g1,tick,1000.0,0.056
11925.2,g2,tick,968.4,0.125
11925.2,g4,tick,1000.0,0.059
11931.1,g1,tick,1000.0,0.053
11933.0,g2,tick,976.4,0.117
11933.0,g4,tick,1000.0,0.055
11935.6,g1,tick,1000.0,0.049
11935.6,g2,tick,985.4,0.110
11935.6,g4,tick,1000.0,0.052
11938.1,g2,cut,931.4,0.165
11941.5,g1,tick,1000.0,0.046
11941.5,g2,tick,931.4,0.165
11941.5,g4,tick,1000.0,0.049
11942.9,g1,cut,976.8,0.106
11945.1,g1,cnp,976.8,0.106
11945.1,g1,tick,976.8,0.106
11947.6,g2,tick,958.4,0.155
11947.6,g4,tick,1000.0,0.046
11947.6,g1,cnp,976.8,0.106
11950.7,g1,tick,976.8,0.106
11950.7,g2,tick,971.9,0.145
11950.7,g4,tick,1000.0,0.043
11955.1,g1,tick,988.4,0.099
11958.1,g2,tick,978.7,0.136
11958.1,g4,tick,1000.0,0.040
11960.1,g1,tick,994.2,0.093
11960.1,g2,tick,982.0,0.128
11960.1,g4,tick,1000.0,0.037
11965.1,g1,tick,997.1,0.087
11965.1,g2,tick,983.7,0.120
11965.1,g4,tick,1000.0,0.035
11970.2,g1,tick,998.5,0.082
11970.3,g2,tick,989.6,0.112
11970.3,g4,tick,1000.0,0.033
11975.4,g1,tick,999.3,0.077
11975.4,g2,tick,994.8,0.105
11975.4,g4,tick,1000.0,0.031
11980.0,g1,tick,999.6,0.072
11980.0,g2,tick,997.4,0.099
11980.0,g4,tick,1000.0,0.029
11986.9,g1,tick,999.8,0.067
11989.5,g2,tick,998.7,0.092
11989.5,g4,tick,1000.0,0.027
11990.1,g1,tick,999.9,0.063
11990.1,g2,tick,999.3,0.087
11990.1,g4,tick,1000.0,0.025
11995.1,g1,tick,1000.0,0.059
11995.1,g2,tick,999.7,0.081
11995.1,g4,tick,1000.0,0.024
12000.1,g1,tick,1000.0,0.056
12000.1,g2,tick,999.8,0.076
12000.1,g4,tick,1000.0,0.022
12005.1,g1,tick,1000.0,0.052
12005.1,g2,tick,999.9,0.071
12005.1,g4,tick,1000.0,0.021
12010.1,g1,tick,1000.0,0.049
12010.1,g2,tick,1000.0,0.067
12010.1,g4,tick,1000.0,0.020
12014.3,g1,cut,975.6,0.108
12015.2,g1,tick,975.6,0.108
12015.2,g2,tick,1000.0,0.063
12015.2,g4,tick,1000.0,0.018
12017.7,g1,cnp,975.6,0.108
12020.1,g1,tick,975.6,0.108
12020.1,g2,tick,1000.0,0.059
12020.1,g4,tick,1000.0,0.017
12023.1,g1,cnp,975.6,0.108
12025.1,g1,tick,975.6,0.108
12025.1,g2,tick,1000.0,0.055
12025.1,g4,tick,1000.0,0.016
12029.0,g2,cut,972.4,0.114
12030.9,g1,tick,987.8,0.102
12030.9,g2,tick,972.4,0.114
12030.9,g4,tick,1000.0,0.015
12035.1,g1,tick,993.9,0.095
12035.1,g2,tick,986.2,0.107
12035.1,g4,tick,1000.0,0.014
12040.5,g1,tick,996.9,0.089
12042.0,g2,tick,993.1,0.100
12042.0,g4,tick,1000.0,0.013
12045.1,g1,tick,998.5,0.084
12045.1,g2,tick,996.5,0.094
12045.1,g4,tick,1000.0,0.013
12050.1,g1,tick,999.2,0.078
12050.1,g2,tick,998.3,0.088
12050.1,g4,tick,1000.0,0.012
12055.1,g1,tick,999.6,0.074
12055.1,g2,tick,999.1,0.083
12055.1,g4,tick,1000.0,0.011
12060.2,g1,tick,999.8,0.069
12060.2,g2,tick,999.6,0.078
12060.2,g4,tick,1000.0,0.010
12066.1,g1,tick,999.9,0.065
12066.1,g2,tick,999.8,0.073
12066.1,g4,tick,1000.0,0.010
12067.7,g4,cut,995.2,0.072
12069.9,g4,cnp,995.2,0.072
12070.1,g1,tick,1000.0,0.061
12070.1,g2,tick,999.9,0.068
12070.1,g4,tick,995.2,0.072
12072.2,g4,cnp,995.2,0.072
12076.5,g4,cnp,995.2,0.072
12076.5,g1,tick,1000.0,0.057
12076.5,g2,tick,999.9,0.064
12076.5,g4,tick,995.2,0.072
12077.7,g4,cut,959.6,0.130
12080.8,g1,tick,1000.0,0.053
12080.8,g2,tick,1000.0,0.060
12080.8,g4,tick,959.6,0.130
12080.8,g1,cut,973.4,0.112
12080.8,g4,cnp,959.6,0.130
12082.5,g2,cut,970.0,0.119
12089.9,g1,tick,973.4,0.112
12089.9,g2,tick,970.0,0.119
12089.9,g4,tick,959.6,0.130
12089.9,g2,cnp,970.0,0.119
12090.6,g1,tick,986.7,0.105
12090.6,g2,tick,970.0,0.119
12090.6,g4,tick,977.4,0.121
12095.8,g1,tick,993.3,0.099
12095.8,g2,tick,985.0,0.111
12101.2,g4,tick,986.3,0.114
12101.2,g1,tick,996.7,0.093
12103.0,g2,tick,992.5,0.104
12103.0,g4,tick,990.7,0.107
12105.4,g1,tick,998.3,0.087
12105.4,g2,tick,996.2,0.098
12105.4,g4,tick,992.9,0.100
12110.1,g1,tick,999.2,0.081
12110.1,g2,tick,998.1,0.092
12110.1,g4,tick,994.1,0.094
12116.1,g1,tick,999.6,0.076
12116.1,g2,tick,999.0,0.086
12116.1,g4,tick,997.0,0.088
12120.0,g1,tick,999.8,0.072
12120.0,g2,tick,999.5,0.081
12120.0,g4,tick,998.5,0.082
12125.5,g1,tick,999.9,0.067
12125.5,g2,tick,999.8,0.076
12125.5,g4,tick,999.3,0.077
12130.4,g1,tick,999.9,0.063
12130.4,g2,tick,999.9,0.071
12130.4,g4,tick,999.6,0.072
12135.1,g1,tick,1000.0,0.059
12135.1,g2,tick,999.9,0.066
12135.1,g4,tick,999.8,0.068
12138.2,g2,cut,966.8,0.125
12149.8,g1,tick,1000.0,0.055
12149.8,g2,tick,966.8,0.125
12149.8,g4,tick,999.9,0.064
12149.8,g1,cut,972.4,0.114
12149.8,g1,cnp,972.4,0.114
12149.8,g1,tick,972.4,0.114
12149.8,g2,tick,983.3,0.117
12149.8,g4,tick,1000.0,0.060
12150.1,g1,tick,986.2,0.107
12152.0,g2,tick,991.6,0.110
12152.0,g4,tick,1000.0,0.056
12156.8,g1,tick,993.1,0.100
12156.8,g2,tick,995.8,0.103
12156.8,g4,tick,1000.0,0.053
12160.1,g1,tick,996.5,0.094
12160.1,g2,tick,997.9,0.096
12160.1,g4,tick,1000.0,0.049
12165.0,g1,tick,998.3,0.088
12165.0,g2,tick,998.9,0.090
12165.0,g4,tick,1000.0,0.046
12171.0,g1,tick,999.1,0.083
12171.0,g2,tick,999.5,0.085
12171.0,g4,tick,1000.0,0.043
12175.1,g1,tick,999.6,0.078
12175.1,g2,tick,999.7,0.079
12175.1,g4,tick,1000.0,0.041
12180.1,g1,tick,999.8,0.073
12180.1,g2,tick,999.9,0.074
12180.1,g4,tick,1000.0,0.038
12185.2,g1,tick,999.9,0.068
12185.2,g2,tick,999.9,0.070
12185.2,g4,tick,1000.0,0.036
12190.4,g1,tick,999.9,0.064
12190.4,g2,tick,1000.0,0.065
12190.4,g4,tick,1000.0,0.033
12191.1,g2,cut,967.3,0.124
12193.6,g1,cut,968.0,0.122
12196.2,g1,tick,968.0,0.122
12196.2,g2,tick,967.3,0.124
12196.2,g4,tick,1000.0,0.031
12196.2,g2,cnp,967.3,0.124
12197.9,g2,cnp,967.3,0.124
12200.2,g2,cnp,967.3,0.124
12200.2,g1,tick,984.0,0.115
12200.2,g2,tick,967.3,0.124
12200.2,g4,tick,1000.0,0.029
12203.7,g2,cut,907.4,0.179
12208.9,g1,tick,992.0,0.108
12208.9,g2,tick,907.4,0.179
12208.9,g4,tick,1000.0,0.028
12208.9,g1,cut,938.6,0.163
12208.9,g1,cnp,938.6,0.163
12210.5,g1,tick,938.6,0.163
12212.5,g2,tick,937.3,0.167
12212.5,g4,tick,1000.0,0.026
12221.1,g1,tick,965.3,0.153
12221.1,g2,tick,952.3,0.157
12221.1,g4,tick,1000.0,0.024
12221.1,g1,tick,978.6,0.144
12224.9,g2,tick,959.8,0.147
12224.9,g4,tick,1000.0,0.023
12226.9,g1,tick,985.3,0.135
12226.9,g2,tick,963.5,0.138
12227.0,g4,tick,1000.0,0.021
12230.1,g1,tick,988.6,0.126
12230.1,g2,tick,965.4,0.129
12230.1,g4,tick,1000.0,0.020
12235.1,g1,tick,990.3,0.118
12235.2,g2,tick,971.3,0.121
12235.2,g4,tick,1000.0,0.019
12240.9,g1,tick,995.1,0.111
12246.2,g2,tick,979.3,0.114
12246.2,g4,tick,1000.0,0.018
12246.2,g1,tick,997.6,0.104
12246.2,g2,tick,988.3,0.107
12246.2,g4,tick,1000.0,0.016
12251.9,g1,tick,998.8,0.098
12251.9,g2,tick,994.1,0.100
12251.9,g4,tick,1000.0,0.015
12254.4,g2,cut,944.5,0.156
12256.4,g1,tick,999.4,0.091
12256.4,g2,tick,944.5,0.156
12256.4,g4,tick,1000.0,0.014
12258.2,g2,cnp,944.5,0.156
12260.1,g1,tick,999.7,0.086
12260.1,g2,tick,944.5,0.156
12260.1,g4,tick,1000.0,0.014
12265.3,g1,tick,999.8,0.080
12267.2,g2,tick,969.3,0.146
12267.2,g4,tick,1000.0,0.013
12270.1,g1,tick,999.9,0.075
12270.1,g2,tick,981.7,0.137
12270.1,g4,tick,1000.0,0.012
12275.1,g1,tick,1000.0,0.071
12275.1,g2,tick,987.9,0.129
12275.1,g4,tick,1000.0,0.011
12281.0,g1,tick,1000.0,0.066
12283.2,g2,tick,991.0,0.121
12283.3,g4,tick,1000.0,0.010
12285.1,g1,tick,1000.0,0.062
12285.1,g2,tick,992.6,0.113
12285.1,g4,tick,1000.0,0.010
12290.1,g1,tick,1000.0,0.058
12290.1,g2,tick,996.3,0.106
12290.1,g4,tick,1000.0,0.009
12295.9,g1,tick,1000.0,0.055
12295.9,g2,tick,998.1,0.099
12295.9,g4,tick,1000.0,0.009
12298.5,g2,cut,948.5,0.156
12305.6,g1,tick,1000.0,0.051
12305.6,g2,tick,948.5,0.156
12305.6,g4,tick,1000.0,0.008
12305.6,g2,cnp,948.5,0.156
12305.6,g1,tick,1000.0,0.048
12305.6,g2,tick,948.5,0.156
12305.6,g4,tick,1000.0,0.008
12309.3,g1,cut,976.0,0.107
12310.1,g1,tick,976.0,0.107
12311.8,g2,tick,973.3,0.146
12311.8,g4,tick,1000.0,0.007
12312.7,g1,cnp,976.0,0.107
12315.0,g1,tick,976.0,0.107
12315.0,g2,tick,985.7,0.137
12315.0,g4,tick,1000.0,0.007
12320.1,g1,tick,988.0,0.101
12320.1,g2,tick,991.9,0.128
12320.1,g4,tick,1000.0,0.006
12327.2,g1,tick,994.0,0.094
12329.1,g2,tick,995.0,0.120
12329.1,g4,tick,1000.0,0.006
12333.7,g1,tick,997.0,0.089
12333.7,g2,tick,996.6,0.113
12333.7,g4,tick,1000.0,0.005
12335.1,g1,tick,998.5,0.083
12335.1,g2,tick,998.3,0.106
12335.1,g4,tick,1000.0,0.005
12340.9,g1,tick,999.3,0.078
12340.9,g2,tick,999.1,0.099
12340.9,g4,tick,1000.0,0.005
12345.4,g1,tick,999.6,0.073
12345.4,g2,tick,999.6,0.093
12345.4,g4,tick,1000.0,0.005
12351.0,g1,tick,999.8,0.068
12351.0,g2,tick,999.8,0.087
12351.0,g4,tick,1000.0,0.004
12353.6,g1,cut,965.6,0.127
12355.1,g1,tick,965.6,0.127
12355.1,g2,tick,999.9,0.082
12355.1,g4,tick,1000.0,0.004
12360.1,g1,tick,982.7,0.119
12360.1,g2,tick,999.9,0.077
12360.1,g4,tick,1000.0,0.004
12360.5,g2,cut,961.7,0.134
12365.5,g1,tick,991.3,0.111
12365.5,g2,tick,961.7,0.134
12365.5,g4,tick,1000.0,0.003
12370.6,g1,tick,995.5,0.104
12370.6,g2,tick,980.8,0.126
12370.6,g4,tick,1000.0,0.003
12375.1,g1,tick,997.7,0.098
12378.1,g2,tick,990.4,0.118
12378.1,g4,tick,1000.0,0.003
12380.1,g1,tick,998.7,0.092
12380.1,g2,tick,995.2,0.111
12380.1,g4,tick,1000.0,0.003
12388.2,g1,tick,999.4,0.086
12388.2,g2,tick,997.6,0.104
12388.2,g4,tick,1000.0,0.003
12390.2,g1,tick,999.7,0.081
12390.2,g2,tick,998.8,0.097
12390.2,g4,tick,1000.0,0.003
12395.1,g1,tick,999.8,0.076
12395.1,g2,tick,999.4,0.091
12395.1,g4,tick,1000.0,0.002
12400.1,g1,tick,999.9,0.071
12400.1,g2,tick,999.7,0.085
12400.1,g4,tick,1000.0,0.002
12400.3,g2,cut,957.0,0.143
12404.4,g2,cnp,957.0,0.143
12405.1,g1,tick,1000.0,0.066
12405.1,g2,tick,957.0,0.143
12405.1,g4,tick,1000.0,0.002
12406.0,g1,cut,966.8,0.125
12410.1,g1,tick,966.8,0.125
12416.1,g2,tick,978.3,0.134
12416.1,g4,tick,1000.0,0.002
12416.2,g2,cut,912.9,0.188
12416.2,g2,cnp,912.9,0.188
12418.1,g1,tick,983.4,0.117
12418.1,g2,tick,912.9,0.188
12418.1,g4,tick,1000.0,0.002
12418.3,g2,cnp,912.9,0.188
12420.2,g1,tick,991.7,0.110
12420.2,g2,tick,912.9,0.188
12420.2,g4,tick,1000.0,0.002
12425.3,g1,tick,995.8,0.103
12427.2,g2,tick,945.6,0.176
12427.2,g4,tick,1000.0,0.002
12432.0,g1,tick,997.9,0.096
12432.0,g2,tick,962.0,0.165
12432.0,g4,tick,1000.0,0.002
12435.1,g1,tick,998.9,0.090
12437.1,g2,tick,970.2,0.155
12437.1,g4,tick,1000.0,0.001
12440.1,g1,tick,999.5,0.085
12440.1,g2,tick,974.2,0.145
12440.1,g4,tick,1000.0,0.001
12445.1,g1,tick,999.7,0.079
12445.1,g2,tick,976.3,0.136
12445.1,g4,tick,1000.0,0.001
12452.6,g1,tick,999.9,0.074
12452.6,g2,tick,982.3,0.128
12452.6,g4,tick,1000.0,0.001
12455.1,g1,tick,999.9,0.070
12457.5,g2,tick,990.3,0.120
12457.5,g4,tick,1000.0,0.001
12459.4,g2,cut,931.1,0.175
12461.1,g1,tick,1000.0,0.065
12461.1,g2,tick,931.1,0.175
12461.1,g4,tick,1000.0,0.001
12464.4,g1,cut,967.3,0.124
12465.2,g1,tick,967.3,0.124
12468.4,g2,tick,960.7,0.164
12468.4,g4,tick,1000.0,0.001
12468.4,g1,cnp,967.3,0.124
12470.1,g1,tick,967.3,0.124
12470.1,g2,tick,975.5,0.153
12470.1,g4,tick,1000.0,0.001
12476.0,g1,tick,983.6,0.116
12480.4,g2,tick,982.9,0.144
12480.4,g4,tick,1000.0,0.001
12480.4,g1,tick,991.8,0.109
12480.4,g2,tick,986.6,0.135
12480.4,g4,tick,1000.0,0.001
12485.1,g1,tick,995.9,0.102
12485.1,g2,tick,988.5,0.126
12485.1,g4,tick,1000.0,0.001
12490.2,g1,tick,997.9,0.096
12490.2,g2,tick,994.2,0.119
12490.2,g4,tick,1000.0,0.001
12495.1,g1,tick,998.9,0.090
12495.1,g2,tick,997.1,0.111
12495.1,g4,tick,1000.0,0.001
12500.9,g1,tick,999.5,0.084
12500.9,g2,tick,998.6,0.104
12500.9,g4,tick,1000.0,0.001
12505.4,g1,tick,999.7,0.079
12505.4,g2,tick,999.3,0.098
12505.4,g4,tick,1000.0,0.001
12510.1,g1,tick,999.9,0.074
12510.1,g2,tick,999.6,0.092
12510.1,g4,tick,1000.0,0.001
12514.6,g2,cut,953.9,0.148
12516.7,g1,tick,999.9,0.069
12516.7,g2,tick,953.9,0.148
12516.7,g4,tick,1000.0,0.001
12516.7,g2,cnp,953.9,0.148
12520.2,g1,tick,1000.0,0.065
12520.2,g2,tick,953.9,0.148
12520.3,g4,tick,1000.0,0.000
12521.1,g1,cut,967.5,0.123
12525.1,g1,tick,967.5,0.123
12529.3,g2,tick,976.8,0.139
12529.3,g4,tick,1000.0,0.000
12530.1,g1,tick,983.7,0.116
12530.1,g2,tick,988.2,0.130
12530.1,g4,tick,1000.0,0.000
12535.5,g1,tick,991.8,0.108
12535.5,g2,tick,993.9,0.122
12535.5,g4,tick,1000.0,0.000
12540.4,g1,tick,995.9,0.102
12543.6,g2,tick,996.8,0.115
12543.6,g4,tick,1000.0,0.000
12545.3,g1,tick,997.9,0.095
12545.3,g2,tick,998.2,0.107
12545.3,g4,tick,1000.0,0.000
12550.1,g1,tick,999.0,0.089
12550.1,g2,tick,999.1,0.101
12550.1,g4,tick,1000.0,0.000
12555.2,g1,tick,999.5,0.084
12555.2,g2,tick,999.6,0.094
12555.2,g4,tick,1000.0,0.000
12566.2,g1,tick,999.7,0.079
12566.2,g2,tick,999.8,0.089
12566.2,g4,tick,1000.0,0.000
12566.3,g1,tick,999.9,0.074
12566.3,g2,tick,999.9,0.083
12566.3,g4,tick,1000.0,0.000
12570.1,g1,tick,999.9,0.069
12570.1,g2,tick,999.9,0.078
12570.1,g4,tick,1000.0,0.000
12576.1,g2,cut,961.0,0.135
12579.4,g1,tick,1000.0,0.065
12579.4,g2,tick,961.0,0.135
12579.4,g4,tick,1000.0,0.000
12580.0,g1,cut,967.6,0.123
12580.0,g1,tick,967.6,0.123
12582.2,g2,tick,980.5,0.127
12582.2,g4,tick,1000.0,0.000
12584.6,g1,cnp,967.6,0.123
12585.1,g1,tick,967.6,0.123
12585.1,g2,tick,990.2,0.119
12585.1,g4,tick,1000.0,0.000
12590.3,g2,cut,931.3,0.174
12592.7,g1,tick,983.8,0.115
12592.7,g2,tick,931.3,0.174
12592.7,g4,tick,1000.0,0.000
12595.1,g1,tick,991.9,0.108
12598.5,g2,tick,960.8,0.163
12598.5,g4,tick,1000.0,0.000
12601.0,g1,tick,995.9,0.101
12601.0,g2,tick,975.5,0.153
12601.0,g4,tick,1000.0,0.000
12605.6,g1,tick,997.9,0.095
12608.7,g2,tick,982.9,0.143
12608.7,g4,tick,1000.0,0.000
12610.1,g1,tick,999.0,0.089
12610.1,g2,tick,986.5,0.134
12610.1,g4,tick,1000.0,0.000
12615.1,g1,tick,999.5,0.084
12615.1,g2,tick,988.4,0.126
12615.1,g4,tick,1000.0,0.000
12620.1,g1,tick,999.7,0.078
12620.1,g2,tick,994.2,0.118
12620.1,g4,tick,1000.0,0.000
12625.1,g1,tick,999.9,0.073
12625.1,g2,tick,997.1,0.111
12625.1,g4,tick,1000.0,0.000
12630.0,g1,tick,999.9,0.069
12630.0,g2,tick,998.5,0.104
12630.0,g4,tick,1000.0,0.000
12635.5,g1,tick,1000.0,0.065
12635.5,g2,tick,999.3,0.097
12635.5,g4,tick,1000.0,0.000
12640.1,g1,tick,1000.0,0.061
12640.1,g2,tick,999.6,0.091
12640.1,g4,tick,1000.0,0.000
12643.4,g2,cut,954.0,0.148
12645.2,g1,tick,1000.0,0.057
12645.2,g2,tick,954.0,0.148
12645.2,g4,tick,1000.0,0.000
12648.6,g2,cnp,954.0,0.148
12649.8,g1,cut,971.6,0.116
12650.1,g1,tick,971.6,0.116
12650.1,g2,tick,954.0,0.148
12650.1,g4,tick,1000.0,0.000
12653.0,g1,cnp,971.6,0.116
12655.4,g1,tick,971.6,0.116
12656.9,g2,tick,976.8,0.139
12656.9,g4,tick,1000.0,0.000
12660.2,g1,tick,985.8,0.108
12660.2,g2,tick,988.2,0.130
12660.2,g4,tick,1000.0,0.000
12665.1,g1,tick,992.9,0.102
12665.1,g2,tick,993.9,0.122
12665.1,g4,tick,1000.0,0.000
12670.1,g1,tick,996.4,0.095
12675.3,g2,tick,996.8,0.114
12675.3,g4,tick,1000.0,0.000
12675.4,g1,tick,998.2,0.089
12675.4,g2,tick,998.2,0.107
12675.4,g4,tick,1000.0,0.000
12680.6,g1,tick,999.1,0.084
12680.6,g2,tick,999.1,0.101
12680.6,g4,tick,1000.0,0.000
12685.9,g1,tick,999.6,0.079
12685.9,g2,tick,999.6,0.094
12685.9,g4,tick,1000.0,0.000
12690.1,g1,tick,999.8,0.074
12690.1,g2,tick,999.8,0.088
12690.1,g4,tick,1000.0,0.000
12695.1,g1,tick,999.9,0.069
12695.1,g2,tick,999.9,0.083
12695.1,g4,tick,1000.0,0.000
12697.2,g1,cut,965.4,0.127
12700.8,g1,tick,965.4,0.127
12700.8,g2,tick,999.9,0.078
12700.8,g4,tick,1000.0,0.000
12702.8,g1,cnp,965.4,0.127
12702.8,g2,cut,961.1,0.135
12705.7,g1,tick,965.4,0.127
12705.7,g2,tick,961.1,0.135
12705.7,g4,tick,1000.0,0.000
12710.1,g1,tick,982.6,0.119
12712.8,g2,tick,980.5,0.127
12712.8,g4,tick,1000.0,0.000
12718.2,g1,tick,991.3,0.112
12718.2,g2,tick,990.2,0.119
12718.2,g4,tick,1000.0,0.000
12720.7,g1,tick,995.6,0.105
12720.7,g2,tick,995.1,0.111
12720.7,g4,tick,1000.0,0.000
12725.1,g1,tick,997.7,0.098
12725.1,g2,tick,997.5,0.105
12725.1,g4,tick,1000.0,0.000
12730.2,g1,tick,998.8,0.092
12730.2,g2,tick,998.7,0.098
12730.2,g4,tick,1000.0,0.000
12735.5,g1,tick,999.4,0.086
12735.5,g2,tick,999.4,0.092
12735.6,g4,tick,1000.0,0.000
12740.6,g1,tick,999.7,0.081
12740.6,g2,tick,999.7,0.086
12740.6,g4,tick,1000.0,0.000
12742.1,g1,cut,959.2,0.138
12745.1,g1,tick,959.2,0.138
12745.1,g2,tick,999.8,0.081
12745.1,g4,tick,1000.0,0.000
12746.9,g2,cut,959.5,0.138
12753.0,g1,tick,979.5,0.130
12753.0,g2,tick,959.5,0.138
12753.0,g4,tick,1000.0,0.000
12755.1,g1,tick,989.6,0.122
12758.9,g2,tick,979.7,0.130
12758.9,g4,tick,1000.0,0.000
12760.1,g1,tick,994.6,0.114
12760.1,g2,tick,989.7,0.121
12760.1,g4,tick,1000.0,0.000
12765.1,g1,tick,997.2,0.107
12765.1,g2,tick,994.8,0.114
12765.1,g4,tick,1000.0,0.000
12770.1,g1,tick,998.4,0.100
12770.1,g2,tick,997.3,0.107
12770.1,g4,tick,1000.0,0.000
12781.8,g1,tick,999.2,0.094
12781.8,g2,tick,998.6,0.100
12781.8,g4,tick,1000.0,0.000
12781.8,g1,tick,999.6,0.088
12783.6,g2,tick,999.3,0.094
12783.6,g4,tick,1000.0,0.000
12785.1,g1,tick,999.8,0.083
12785.1,g2,tick,999.6,0.088
12785.1,g4,tick,1000.0,0.000
12790.1,g1,tick,999.9,0.077
12790.1,g2,tick,999.8,0.082
12790.1,g4,tick,1000.0,0.000
12796.7,g1,tick,1000.0,0.073
12796.7,g2,tick,999.9,0.077
12796.7,g4,tick,1000.0,0.000
12797.0,g4,cut,1000.0,0.063
12799.9,g4,cnp,1000.0,0.063
12800.1,g1,tick,1000.0,0.068
12800.1,g2,tick,1000.0,0.072
12800.1,g4,tick,1000.0,0.063
12802.9,g4,cnp,1000.0,0.063
12804.1,g1,cut,965.9,0.126
12805.5,g1,tick,965.9,0.126
12805.5,g2,tick,1000.0,0.068
12805.5,g4,tick,1000.0,0.063
12807.0,g1,cnp,965.9,0.126
12809.3,g1,cnp,965.9,0.126
12810.1,g1,tick,965.9,0.126
12810.1,g2,tick,1000.0,0.064
12810.1,g4,tick,1000.0,0.059
12811.5,g1,cnp,965.9,0.126
12814.1,g1,cnp,965.9,0.126
12815.1,g1,tick,965.9,0.126
12815.1,g2,tick,1000.0,0.060
12815.1,g4,tick,1000.0,0.055
12816.5,g1,cut,904.9,0.181
12819.8,g1,cnp,904.9,0.181
12820.1,g1,tick,904.9,0.181
12820.1,g2,tick,1000.0,0.056
12820.1,g4,tick,1000.0,0.052
12820.7,g2,cut,972.0,0.115
12822.5,g1,cnp,904.9,0.181
12823.9,g2,cnp,972.0,0.115
12825.1,g1,tick,904.9,0.181
12825.1,g2,tick,972.0,0.115
12825.1,g4,tick,1000.0,0.048
12826.2,g1,cnp,904.9,0.181
12828.3,g1,cut,823.1,0.232
12833.0,g1,tick,823.1,0.232
12833.0,g2,tick,986.0,0.108
12833.0,g4,tick,1000.0,0.045
12833.0,g1,cnp,823.1,0.232
12833.0,g2,cut,932.9,0.164
12836.7,g1,tick,823.1,0.232
12836.7,g2,tick,932.9,0.164
12836.7,g4,tick,1000.0,0.042
12845.3,g1,tick,864.0,0.218
12847.6,g2,tick,959.4,0.153
12847.6,g4,tick,1000.0,0.040
12852.2,g1,tick,884.5,0.204
12852.2,g2,tick,972.7,0.144
12852.2,g4,tick,1000.0,0.037
12852.2,g1,tick,894.7,0.191
12855.3,g2,tick,979.4,0.135
12855.3,g4,tick,1000.0,0.035
12855.3,g1,tick,899.8,0.179
12855.3,g2,tick,982.7,0.126
12855.3,g4,tick,1000.0,0.033
12864.4,g1,tick,902.4,0.168
12864.4,g2,tick,984.3,0.118
12864.4,g4,tick,1000.0,0.031
12866.6,g1,tick,908.7,0.158
12866.6,g2,tick,990.2,0.111
12866.6,g4,tick,1000.0,0.029
12868.2,g2,cut,935.2,0.167
12870.1,g1,tick,916.8,0.148
12870.1,g2,tick,935.2,0.167
12870.1,g4,tick,1000.0,0.027
12870.3,g2,cnp,935.2,0.167
12873.1,g1,cut,849.1,0.201
12876.4,g2,cnp,935.2,0.167
12876.4,g1,tick,849.1,0.201
12876.4,g2,tick,935.2,0.167
12876.4,g4,tick,1000.0,0.025
12877.0,g2,cnp,935.2,0.167
12877.0,g1,cnp,849.1,0.201
12879.1,g2,cut,857.3,0.219
12882.0,g1,tick,849.1,0.201
12882.0,g2,tick,857.3,0.219
12882.0,g4,tick,1000.0,0.024
12882.1,g1,cnp,849.1,0.201
12882.5,g2,cnp,857.3,0.219
12882.6,g1,cnp,849.1,0.201
12884.7,g1,cut,763.7,0.251
12886.3,g1,tick,763.7,0.251
12886.3,g2,tick,857.3,0.219
12886.3,g4,tick,1000.0,0.022
12886.9,g1,cnp,763.7,0.251
12887.7,g4,cut,988.9,0.083
12890.0,g1,tick,763.7,0.251
12896.1,g2,tick,896.2,0.205
12896.2,g4,tick,988.9,0.083
12896.2,g4,cnp,988.9,0.083
12896.2,g4,cnp,988.9,0.083
12896.2,g4,cnp,988.9,0.083
12899.9,g1,tick,806.4,0.235
12902.8,g2,tick,915.7,0.192
12902.8,g4,tick,988.9,0.083
12902.8,g1,cut,711.6,0.283
12909.8,g4,cut,947.7,0.141
12909.8,g4,cnp,947.7,0.141
12909.8,g4,cnp,947.7,0.141
12915.3,g1,tick,711.6,0.283
12915.3,g2,tick,925.5,0.180
12915.3,g4,tick,947.7,0.141
12915.3,g1,cut,610.9,0.328
12915.3,g1,cnp,610.9,0.328
12915.3,g1,cnp,610.9,0.328
12915.3,g1,cnp,610.9,0.328
12915.3,g1,cnp,610.9,0.328
12918.1,g1,tick,610.9,0.328
12918.1,g2,tick,930.3,0.169
12920.4,g4,tick,968.3,0.132
12920.4,g1,cnp,610.9,0.328
12920.4,g2,cut,851.7,0.221
12927.9,g1,tick,610.9,0.328
12927.9,g2,tick,851.7,0.221
12927.9,g4,tick,978.6,0.124
12927.9,g2,cnp,851.7,0.221
12931.2,g1,tick,661.2,0.307
12931.2,g2,tick,851.7,0.221
12931.2,g4,tick,983.7,0.116
12933.5,g1,tick,686.4,0.288
12939.7,g2,tick,891.0,0.207
12939.7,g4,tick,986.3,0.109
12939.7,g1,tick,699.0,0.270
12942.6,g2,tick,910.7,0.194
12942.6,g4,tick,987.6,0.102
12945.4,g1,tick,705.3,0.253
12945.4,g2,tick,920.5,0.182
12947.5,g4,tick,993.2,0.095
12947.5,g1,tick,708.4,0.237
12947.5,g2,tick,925.4,0.171
12947.6,g4,tick,996.6,0.090
12947.6,g1,tick,715.0,0.223
12947.6,g2,tick,927.9,0.160
12947.6,g4,tick,998.3,0.084
12949.0,g1,tick,723.3,0.209
12950.6,g2,tick,934.1,0.150
12950.6,g4,tick,999.2,0.079
12950.6,g1,tick,732.4,0.196
12950.6,g2,tick,942.2,0.141
12950.6,g4,tick,999.6,0.074
12962.4,g1,tick,742.0,0.183
12962.4,g2,tick,951.3,0.132
12962.4,g4,tick,999.8,0.069
12962.5,g1,tick,751.8,0.172
12963.9,g2,tick,960.8,0.124
12963.9,g4,tick,999.9,0.065
12965.2,g4,cut,967.5,0.123
12970.9,g1,tick,781.7,0.161
12970.9,g2,tick,970.6,0.116
12970.9,g4,tick,967.5,0.123
12970.9,g4,cnp,967.5,0.123
12970.9,g4,cnp,967.5,0.123
12974.8,g1,tick,821.6,0.151
12979.9,g2,tick,985.3,0.109
12979.9,g4,tick,967.5,0.123
12979.9,g2,cut,931.8,0.164
12981.4,g4,cut,907.8,0.178
12981.4,g4,cnp,907.8,0.178
12987.8,g1,tick,866.6,0.142
12987.8,g2,tick,931.8,0.164
12987.8,g4,tick,907.8,0.178
12987.8,g2,cnp,931.8,0.164
12987.8,g2,cnp,931.8,0.164
12989.4,g1,tick,914.1,0.133
12989.4,g2,tick,931.8,0.164
12995.9,g4,tick,937.7,0.167
12995.9,g1,cut,853.4,0.187
13001.5,g2,cut,855.2,0.217
13003.8,g1,tick,853.4,0.187
13003.8,g2,tick,855.2,0.217
13003.8,g4,tick,952.6,0.157
13006.0,g1,tick,883.7,0.175
13008.8,g2,tick,893.5,0.203
13011.7,g4,tick,960.0,0.147
13011.8,g1,tick,898.9,0.164
13013.4,g2,tick,912.6,0.190
13013.4,g4,tick,963.8,0.138
13015.5,g1,tick,906.5,0.154
13015.5,g2,tick,922.2,0.178
13015.5,g4,tick,965.6,0.129
13015.5,g1,tick,910.3,0.144
13015.5,g2,tick,927.0,0.167
13015.5,g4,tick,971.5,0.121
13015.5,g1,tick,912.2,0.135
13015.5,g2,tick,929.4,0.157
13018.7,g4,tick,979.5,0.113
13018.7,g1,tick,918.1,0.127
13022.0,g2,tick,935.6,0.147
13022.1,g4,tick,988.5,0.106
13023.7,g1,tick,926.1,0.119
13023.7,g2,tick,943.7,0.138
13023.7,g4,tick,994.2,0.100
13025.1,g1,tick,935.1,0.112
13025.1,g2,tick,952.7,0.129
13025.1,g4,tick,997.1,0.093
13030.1,g1,tick,944.6,0.105
13031.8,g2,tick,962.3,0.121
13031.8,g4,tick,998.6,0.088
13032.9,g1,cut,895.2,0.161
13035.6,g1,tick,895.2,0.161
13035.6,g2,tick,972.0,0.114
13038.5,g4,tick,999.3,0.082
13038.5,g1,cnp,895.2,0.161
13038.5,g2,cut,916.8,0.169
13041.1,g1,tick,895.2,0.161
13041.1,g2,tick,916.8,0.169
13041.1,g4,tick,999.6,0.077
13049.3,g1,tick,919.9,0.151
13051.5,g2,tick,944.4,0.158
13051.5,g4,tick,999.8,0.072
13051.5,g1,tick,932.2,0.141
13051.5,g2,tick,958.2,0.149
13051.5,g4,tick,999.9,0.068
13059.6,g1,tick,938.4,0.132
13062.5,g2,tick,965.1,0.139
13062.5,g4,tick,1000.0,0.063
13062.5,g1,tick,941.5,0.124
13062.5,g2,tick,968.6,0.131
13062.5,g4,tick,1000.0,0.059
13065.1,g1,tick,943.0,0.116
13065.1,g2,tick,970.3,0.122
13065.2,g4,tick,1000.0,0.056
13070.1,g1,tick,948.8,0.109
13070.1,g2,tick,976.2,0.115
13070.1,g4,tick,1000.0,0.052
13075.1,g1,tick,956.7,0.102
13075.1,g2,tick,984.1,0.108
13075.1,g4,tick,1000.0,0.049
13083.4,g1,tick,965.6,0.096
13085.5,g2,tick,992.0,0.101
13085.5,g4,tick,1000.0,0.046
13085.6,g1,tick,975.1,0.090
13085.6,g2,tick,996.0,0.095
13085.6,g4,tick,1000.0,0.043
13091.1,g1,tick,984.8,0.084
13091.1,g2,tick,998.0,0.089
13091.1,g4,tick,1000.0,0.040
13097.5,g1,tick,992.4,0.079
13097.5,g2,tick,999.0,0.083
13097.5,g4,tick,1000.0,0.038
13100.1,g1,tick,996.2,0.074
13100.1,g2,tick,999.5,0.078
13100.1,g4,tick,1000.0,0.035
13105.1,g1,tick,998.1,0.069
13105.1,g2,tick,999.8,0.073
13105.1,g4,tick,1000.0,0.033
13110.1,g1,tick,999.1,0.065
13110.1,g2,tick,999.9,0.068
13110.1,g4,tick,1000.0,0.031
13115.5,g1,tick,999.5,0.061
13115.5,g2,tick,999.9,0.064
13115.5,g4,tick,1000.0,0.029
13120.1,g1,tick,999.8,0.057
13120.1,g2,tick,1000.0,0.060
13120.1,g4,tick,1000.0,0.027
13126.3,g1,tick,999.9,0.054
13126.3,g2,tick,1000.0,0.056
13126.3,g4,tick,1000.0,0.026
13130.3,g1,tick,999.9,0.050
13130.3,g2,tick,1000.0,0.053
13130.3,g4,tick,1000.0,0.024
13135.1,g1,tick,1000.0,0.047
13135.1,g2,tick,1000.0,0.050
13135.1,g4,tick,1000.0,0.023
13140.1,g1,tick,1000.0,0.044
13140.1,g2,tick,1000.0,0.046
13140.1,g4,tick,1000.0,0.021
13145.1,g1,tick,1000.0,0.041
13145.1,g2,tick,1000.0,0.044
13145.1,g4,tick,1000.0,0.020
13150.9,g1,tick,1000.0,0.039
13150.9,g2,tick,1000.0,0.041
13150.9,g4,tick,1000.0,0.019
13155.1,g1,tick,1000.0,0.036
13155.1,g2,tick,1000.0,0.038
13155.1,g4,tick,1000.0,0.017
13160.1,g1,tick,1000.0,0.034
13160.1,g2,tick,1000.0,0.036
13160.1,g4,tick,1000.0,0.016
13165.2,g1,tick,1000.0,0.032
13165.2,g2,tick,1000.0,0.034
13165.2,g4,tick,1000.0,0.015
13170.1,g1,tick,1000.0,0.030
13170.1,g2,tick,1000.0,0.032
13170.1,g4,tick,1000.0,0.014
13175.3,g1,tick,1000.0,0.028
13175.3,g2,tick,1000.0,0.030
13175.3,g4,tick,1000.0,0.013
13180.1,g1,tick,1000.0,0.026
13180.1,g2,tick,1000.0,0.028
13180.1,g4,tick,1000.0,0.013
13185.3,g1,tick,1000.0,0.025
13185.3,g2,tick,1000.0,0.026
13185.3,g4,tick,1000.0,0.012
13190.1,g1,tick,1000.0,0.023
13190.1,g2,tick,1000.0,0.024
13190.1,g4,tick,1000.0,0.011
13195.1,g1,tick,1000.0,0.022
13195.1,g2,tick,1000.0,0.023
13195.1,g4,tick,1000.0,0.010
13200.1,g1,tick,1000.0,0.020
13200.1,g2,tick,1000.0,0.021
13200.1,g4,tick,1000.0,0.010
13205.1,g1,tick,1000.0,0.019
13205.1,g2,tick,1000.0,0.020
13205.1,g4,tick,1000.0,0.009
13210.1,g1,tick,1000.0,0.018
13210.1,g2,tick,1000.0,0.019
13210.1,g4,tick,1000.0,0.009
13215.1,g1,tick,1000.0,0.017
13215.1,g2,tick,1000.0,0.018
13215.1,g4,tick,1000.0,0.008
13220.1,g1,tick,1000.0,0.016
13220.1,g2,tick,1000.0,0.017
13220.1,g4,tick,1000.0,0.008
13225.1,g1,tick,1000.0,0.015
13225.1,g2,tick,1000.0,0.016
13225.1,g4,tick,1000.0,0.007
13230.2,g1,tick,1000.0,0.014
13230.2,g2,tick,1000.0,0.015
13230.3,g4,tick,1000.0,0.007
13235.6,g1,tick,1000.0,0.013
13235.6,g2,tick,1000.0,0.014
13235.6,g4,tick,1000.0,0.006
13240.1,g1,tick,1000.0,0.012
13240.1,g2,tick,1000.0,0.013
13240.1,g4,tick,1000.0,0.006
13245.1,g1,tick,1000.0,0.011
13245.1,g2,tick,1000.0,0.012
13245.1,g4,tick,1000.0,0.005
13251.3,g1,tick,1000.0,0.011
13251.3,g2,tick,1000.0,0.011
13251.3,g4,tick,1000.0,0.005
13255.1,g1,tick,1000.0,0.010
13255.1,g2,tick,1000.0,0.011
13255.1,g4,tick,1000.0,0.005
13260.1,g1,tick,1000.0,0.009
13260.1,g2,tick,1000.0,0.010
13260.1,g4,tick,1000.0,0.004
13265.1,g1,tick,1000.0,0.009
13265.1,g2,tick,1000.0,0.009
13265.1,g4,tick,1000.0,0.004
13270.1,g1,tick,1000.0,0.008
13270.1,g2,tick,1000.0,0.009
13270.1,g4,tick,1000.0,0.004
13275.1,g1,tick,1000.0,0.008
13275.1,g2,tick,1000.0,0.008
13275.1,g4,tick,1000.0,0.004
13280.1,g1,tick,1000.0,0.007
13280.1,g2,tick,1000.0,0.008
13280.1,g4,tick,1000.0,0.003
13285.1,g1,tick,1000.0,0.007
13285.1,g2,tick,1000.0,0.007
13285.1,g4,tick,1000.0,0.003
13290.2,g1,tick,1000.0,0.006
13290.2,g2,tick,1000.0,0.007
13290.2,g4,tick,1000.0,0.003
13295.1,g1,tick,1000.0,0.006
13295.1,g2,tick,1000.0,0.006
13295.1,g4,tick,1000.0,0.003
13300.1,g1,tick,1000.0,0.006
13300.1,g2,tick,1000.0,0.006
13300.1,g4,tick,1000.0,0.003
13305.1,g1,tick,1000.0,0.005
13305.1,g2,tick,1000.0,0.006
13305.1,g4,tick,1000.0,0.003
13310.1,g1,tick,1000.0,0.005
13310.1,g2,tick,1000.0,0.005
13310.1,g4,tick,1000.0,0.002
13315.2,g1,tick,1000.0,0.005
13315.2,g2,tick,1000.0,0.005
13315.2,g4,tick,1000.0,0.002
13320.1,g1,tick,1000.0,0.004
13320.1,g2,tick,1000.0,0.005
13320.1,g4,tick,1000.0,0.002
13326.8,g1,tick,1000.0,0.004
13326.8,g2,tick,1000.0,0.004
13326.8,g4,tick,1000.0,0.002
13330.1,g1,tick,1000.0,0.004
13330.1,g2,tick,1000.0,0.004
13330.1,g4,tick,1000.0,0.002
13335.7,g1,tick,1000.0,0.004
13335.7,g2,tick,1000.0,0.004
13335.7,g4,tick,1000.0,0.002
13340.1,g1,tick,1000.0,0.003
13340.1,g2,tick,1000.0,0.004
13340.1,g4,tick,1000.0,0.002
13345.1,g1,tick,1000.0,0.003
13345.1,g2,tick,1000.0,0.003
13345.2,g4,tick,1000.0,0.002
13350.1,g1,tick,1000.0,0.003
13350.1,g2,tick,1000.0,0.003
13350.1,g4,tick,1000.0,0.001
13355.1,g1,tick,1000.0,0.003
13355.1,g2,tick,1000.0,0.003
13355.1,g4,tick,1000.0,0.001
13360.1,g1,tick,1000.0,0.003
13360.1,g2,tick,1000.0,0.003
13360.1,g4,tick,1000.0,0.001
13365.1,g1,tick,1000.0,0.002
13365.1,g2,tick,1000.0,0.003
13365.1,g4,tick,1000.0,0.001
13370.1,g1,tick,1000.0,0.002
13370.1,g2,tick,1000.0,0.002
13370.1,g4,tick,1000.0,0.001
13375.6,g1,tick,1000.0,0.002
13375.6,g2,tick,1000.0,0.002
13375.6,g4,tick,1000.0,0.001
13380.1,g1,tick,1000.0,0.002
13380.1,g2,tick,1000.0,0.002
13380.1,g4,tick,1000.0,0.001
13385.1,g1,tick,1000.0,0.002
13385.1,g2,tick,1000.0,0.002
13385.1,g4,tick,1000.0,0.001
13390.1,g1,tick,1000.0,0.002
13390.1,g2,tick,1000.0,0.002
13390.1,g4,tick,1000.0,0.001
13395.1,g1,tick,1000.0,0.002
13395.1,g2,tick,1000.0,0.002
13395.1,g4,tick,1000.0,0.001
13400.1,g1,tick,1000.0,0.002
13400.1,g2,tick,1000.0,0.002
13400.1,g4,tick,1000.0,0.001
13405.1,g1,tick,1000.0,0.001
13405.1,g2,tick,1000.0,0.002
13405.1,g4,tick,1000.0,0.001
13410.1,g1,tick,1000.0,0.001
13410.1,g2,tick,1000.0,0.001
13410.1,g4,tick,1000.0,0.001
13416.1,g1,tick,1000.0,0.001
13416.1,g2,tick,1000.0,0.001
13416.1,g4,tick,1000.0,0.001
13420.1,g1,tick,1000.0,0.001
13420.1,g2,tick,1000.0,0.001
13420.1,g4,tick,1000.0,0.001
13425.1,g1,tick,1000.0,0.001
13425.1,g2,tick,1000.0,0.001
13425.1,g4,tick,1000.0,0.001
13430.4,g1,tick,1000.0,0.001
13430.4,g2,tick,1000.0,0.001
13430.4,g4,tick,1000.0,0.001
13435.1,g1,tick,1000.0,0.001
13435.1,g2,tick,1000.0,0.001
13435.1,g4,tick,1000.0,0.000
13440.1,g1,tick,1000.0,0.001
13440.1,g2,tick,1000.0,0.001
13440.1,g4,tick,1000.0,0.000
13445.1,g1,tick,1000.0,0.001
13445.1,g2,tick,1000.0,0.001
13445.1,g4,tick,1000.0,0.000
13450.1,g1,tick,1000.0,0.001
13450.1,g2,tick,1000.0,0.001
13450.1,g4,tick,1000.0,0.000
13455.1,g1,tick,1000.0,0.001
13455.1,g2,tick,1000.0,0.001
13455.1,g4,tick,1000.0,0.000
13460.1,g1,tick,1000.0,0.001
13460.1,g2,tick,1000.0,0.001
13460.1,g4,tick,1000.0,0.000
13465.8,g1,tick,1000.0,0.001
13465.8,g2,tick,1000.0,0.001
13465.8,g4,tick,1000.0,0.000
13470.1,g1,tick,1000.0,0.001
13470.1,g2,tick,1000.0,0.001
13470.1,g4,tick,1000.0,0.000
13475.1,g1,tick,1000.0,0.001
13475.1,g2,tick,1000.0,0.001
13475.1,g4,tick,1000.0,0.000
13480.1,g1,tick,1000.0,0.001
13480.1,g2,tick,1000.0,0.001
13480.1,g4,tick,1000.0,0.000
13485.2,g1,tick,1000.0,0.001
13485.2,g2,tick,1000.0,0.001
13485.2,g4,tick,1000.0,0.000
13490.1,g1,tick,1000.0,0.000
13490.1,g2,tick,1000.0,0.001
13490.1,g4,tick,1000.0,0.000
13495.1,g1,tick,1000.0,0.000
13495.1,g2,tick,1000.0,0.000
13495.1,g4,tick,1000.0,0.000
13501.2,g1,tick,1000.0,0.000
13501.2,g2,tick,1000.0,0.000
13501.2,g4,tick,1000.0,0.000
13505.1,g1,tick,1000.0,0.000
13505.1,g2,tick,1000.0,0.000
13505.1,g4,tick,1000.0,0.000
13510.1,g1,tick,1000.0,0.000
13510.1,g2,tick,1000.0,0.000
13510.1,g4,tick,1000.0,0.000
13515.1,g1,tick,1000.0,0.000
13515.1,g2,tick,1000.0,0.000
13515.1,g4,tick,1000.0,0.000
13520.1,g1,tick,1000.0,0.000
13520.1,g2,tick,1000.0,0.000
13520.1,g4,tick,1000.0,0.000
13525.1,g1,tick,1000.0,0.000
13525.1,g2,tick,1000.0,0.000
13525.1,g4,tick,1000.0,0.000
13531.2,g1,tick,1000.0,0.000
13531.2,g2,tick,1000.0,0.000
13531.2,g4,tick,1000.0,0.000
13535.1,g1,tick,1000.0,0.000
13535.1,g2,tick,1000.0,0.000
13535.1,g4,tick,1000.0,0.000
13540.1,g1,tick,1000.0,0.000
13540.1,g2,tick,1000.0,0.000
13540.1,g4,tick,1000.0,0.000
13545.1,g1,tick,1000.0,0.000
13545.1,g2,tick,1000.0,0.000
13545.1,g4,tick,1000.0,0.000
13550.1,g1,tick,1000.0,0.000
13550.1,g2,tick,1000.0,0.000
13550.1,g4,tick,1000.0,0.000
13555.1,g1,tick,1000.0,0.000
13555.1,g2,tick,1000.0,0.000
13555.1,g4,tick,1000.0,0.000
13560.1,g1,tick,1000.0,0.000
13560.1,g2,tick,1000.0,0.000
13560.1,g4,tick,1000.0,0.000
13565.1,g1,tick,1000.0,0.000
13565.1,g2,tick,1000.0,0.000
13565.1,g4,tick,1000.0,0.000
13570.1,g1,tick,1000.0,0.000
13570.1,g2,tick,1000.0,0.000
13570.1,g4,tick,1000.0,0.000
13575.1,g1,tick,1000.0,0.000
13575.1,g2,tick,1000.0,0.000
13575.1,g4,tick,1000.0,0.000
13580.1,g1,tick,1000.0,0.000
13580.1,g2,tick,1000.0,0.000
13580.1,g4,tick,1000.0,0.000
13585.1,g1,tick,1000.0,0.000
13585.1,g2,tick,1000.0,0.000
13585.1,g4,tick,1000.0,0.000
13590.1,g1,tick,1000.0,0.000
13590.1,g2,tick,1000.0,0.000
13590.1,g4,tick,1000.0,0.000
13595.1,g1,tick,1000.0,0.000
13595.1,g2,tick,1000.0,0.000
13595.1,g4,tick,1000.0,0.000
13600.1,g1,tick,1000.0,0.000
13600.1,g2,tick,1000.0,0.000
13600.1,g4,tick,1000.0,0.000
13605.1,g1,tick,1000.0,0.000
13605.1,g2,tick,1000.0,0.000
13605.1,g4,tick,1000.0,0.000
13610.1,g1,tick,1000.0,0.000
13610.1,g2,tick,1000.0,0.000
13610.1,g4,tick,1000.0,0.000
13615.1,g1,tick,1000.0,0.000
13615.1,g2,tick,1000.0,0.000
13615.1,g4,tick,1000.0,0.000
13620.1,g1,tick,1000.0,0.000
13620.1,g2,tick,1000.0,0.000
13620.1,g4,tick,1000.0,0.000
13625.1,g1,tick,1000.0,0.000
13625.1,g2,tick,1000.0,0.000
13625.1,g4,tick,1000.0,0.000
13630.1,g1,tick,1000.0,0.000
13630.1,g2,tick,1000.0,0.000
13630.1,g4,tick,1000.0,0.000
13635.1,g1,tick,1000.0,0.000
13635.1,g2,tick,1000.0,0.000
13635.1,g4,tick,1000.0,0.000
13640.2,g1,tick,1000.0,0.000
13640.2,g2,tick,1000.0,0.000
13640.2,g4,tick,1000.0,0.000
13645.1,g1,tick,1000.0,0.000
13645.1,g2,tick,1000.0,0.000
13645.1,g4,tick,1000.0,0.000
13650.2,g1,tick,1000.0,0.000
13650.2,g2,tick,1000.0,0.000
13650.2,g4,tick,1000.0,0.000
13655.1,g1,tick,1000.0,0.000
13655.1,g2,tick,1000.0,0.000
13655.1,g4,tick,1000.0,0.000
13660.1,g1,tick,1000.0,0.000
13660.1,g2,tick,1000.0,0.000
13660.1,g4,tick,1000.0,0.000
13665.1,g1,tick,1000.0,0.000
13665.1,g2,tick,1000.0,0.000
13665.1,g4,tick,1000.0,0.000
13671.2,g1,tick,1000.0,0.000
13671.2,g2,tick,1000.0,0.000
13671.2,g4,tick,1000.0,0.000
13675.1,g1,tick,1000.0,0.000
13675.1,g2,tick,1000.0,0.000
13675.1,g4,tick,1000.0,0.000
13680.1,g1,tick,1000.0,0.000
13680.1,g2,tick,1000.0,0.000
13680.1,g4,tick,1000.0,0.000
13685.7,g1,tick,1000.0,0.000
13685.7,g2,tick,1000.0,0.000
13685.7,g4,tick,1000.0,0.000
13690.8,g1,tick,1000.0,0.000
13690.8,g2,tick,1000.0,0.000
13690.8,g4,tick,1000.0,0.000
13695.1,g1,tick,1000.0,0.000
13695.1,g2,tick,1000.0,0.000
13695.1,g4,tick,1000.0,0.000
13700.1,g1,tick,1000.0,0.000
13700.1,g2,tick,1000.0,0.000
13700.1,g4,tick,1000.0,0.000
13705.1,g1,tick,1000.0,0.000
13705.1,g2,tick,1000.0,0.000
13705.1,g4,tick,1000.0,0.000
13710.2,g1,tick,1000.0,0.000
13710.2,g2,tick,1000.0,0.000
13710.2,g4,tick,1000.0,0.000
13715.1,g1,tick,1000.0,0.000
13715.1,g2,tick,1000.0,0.000
13715.1,g4,tick,1000.0,0.000
13720.1,g1,tick,1000.0,0.000
13720.1,g2,tick,1000.0,0.000
13720.1,g4,tick,1000.0,0.000
13725.1,g1,tick,1000.0,0.000
13725.1,g2,tick,1000.0,0.000
13725.1,g4,tick,1000.0,0.000
13730.1,g1,tick,1000.0,0.000
13730.1,g2,tick,1000.0,0.000
13730.1,g4,tick,1000.0,0.000
13735.1,g1,tick,1000.0,0.000
13735.1,g2,tick,1000.0,0.000
13735.1,g4,tick,1000.0,0.000
13742.3,g1,tick,1000.0,0.000
13742.3,g2,tick,1000.0,0.000
13742.3,g4,tick,1000.0,0.000
13745.1,g1,tick,1000.0,0.000
13745.1,g2,tick,1000.0,0.000
13745.1,g4,tick,1000.0,0.000
13750.5,g1,tick,1000.0,0.000
13750.5,g2,tick,1000.0,0.000
13750.5,g4,tick,1000.0,0.000
13755.1,g1,tick,1000.0,0.000
13755.1,g2,tick,1000.0,0.000
13755.1,g4,tick,1000.0,0.000
13761.2,g1,tick,1000.0,0.000
13761.2,g2,tick,1000.0,0.000
13761.2,g4,tick,1000.0,0.000
13765.1,g1,tick,1000.0,0.000
13765.1,g2,tick,1000.0,0.000
13765.1,g4,tick,1000.0,0.000
13770.1,g1,tick,1000.0,0.000
13770.1,g2,tick,1000.0,0.000
13770.1,g4,tick,1000.0,0.000
13775.5,g1,tick,1000.0,0.000
13775.5,g2,tick,1000.0,0.000
13775.5,g4,tick,1000.0,0.000
13780.1,g1,tick,1000.0,0.000
13780.1,g2,tick,1000.0,0.000
13780.1,g4,tick,1000.0,0.000
13785.1,g1,tick,1000.0,0.000
13785.1,g2,tick,1000.0,0.000
13785.1,g4,tick,1000.0,0.000
13790.1,g1,tick,1000.0,0.000
13790.1,g2,tick,1000.0,0.000
13790.1,g4,tick,1000.0,0.000
13795.1,g1,tick,1000.0,0.000
13795.1,g2,tick,1000.0,0.000
13795.1,g4,tick,1000.0,0.000
13800.1,g1,tick,1000.0,0.000
13800.1,g2,tick,1000.0,0.000
13800.1,g4,tick,1000.0,0.000
13805.1,g1,tick,1000.0,0.000
13805.1,g2,tick,1000.0,0.000
13805.1,g4,tick,1000.0,0.000
13810.1,g1,tick,1000.0,0.000
13810.1,g2,tick,1000.0,0.000
13810.1,g4,tick,1000.0,0.000
13815.1,g1,tick,1000.0,0.000
13815.1,g2,tick,1000.0,0.000
13815.1,g4,tick,1000.0,0.000
13820.1,g1,tick,1000.0,0.000
13820.1,g2,tick,1000.0,0.000
13820.1,g4,tick,1000.0,0.000
13827.3,g1,tick,1000.0,0.000
13827.3,g2,tick,1000.0,0.000
13827.3,g4,tick,1000.0,0.000
13831.4,g1,tick,1000.0,0.000
13831.4,g2,tick,1000.0,0.000
13831.4,g4,tick,1000.0,0.000
13835.2,g1,tick,1000.0,0.000
13835.2,g2,tick,1000.0,0.000
13835.2,g4,tick,1000.0,0.000
13840.1,g1,tick,1000.0,0.000
13840.1,g2,tick,1000.0,0.000
13840.1,g4,tick,1000.0,0.000
13845.1,g1,tick,1000.0,0.000
13845.1,g2,tick,1000.0,0.000
13845.1,g4,tick,1000.0,0.000
13850.1,g1,tick,1000.0,0.000
13850.1,g2,tick,1000.0,0.000
13850.1,g4,tick,1000.0,0.000
13855.1,g1,tick,1000.0,0.000
13855.1,g2,tick,1000.0,0.000
13855.3,g4,tick,1000.0,0.000
13860.1,g1,tick,1000.0,0.000
13860.1,g2,tick,1000.0,0.000
13860.1,g4,tick,1000.0,0.000
13866.2,g1,tick,1000.0,0.000
13866.3,g2,tick,1000.0,0.000
13866.3,g4,tick,1000.0,0.000
13870.7,g1,tick,1000.0,0.000
13870.7,g2,tick,1000.0,0.000
13870.7,g4,tick,1000.0,0.000
13875.1,g1,tick,1000.0,0.000
13875.1,g2,tick,1000.0,0.000
13875.1,g4,tick,1000.0,0.000
13880.1,g1,tick,1000.0,0.000
13880.1,g2,tick,1000.0,0.000
13880.1,g4,tick,1000.0,0.000
13885.1,g1,tick,1000.0,0.000
13885.1,g2,tick,1000.0,0.000
13885.1,g4,tick,1000.0,0.000
13890.1,g1,tick,1000.0,0.000
13890.1,g2,tick,1000.0,0.000
13890.1,g4,tick,1000.0,0.000
13895.3,g1,tick,1000.0,0.000
13895.3,g2,tick,1000.0,0.000
13895.3,g4,tick,1000.0,0.000
13900.1,g1,tick,1000.0,0.000
13900.1,g2,tick,1000.0,0.000
13900.1,g4,tick,1000.0,0.000
13905.1,g1,tick,1000.0,0.000
13905.1,g2,tick,1000.0,0.000
13905.1,g4,tick,1000.0,0.000
13910.1,g1,tick,1000.0,0.000
13910.1,g2,tick,1000.0,0.000
13910.1,g4,tick,1000.0,0.000
13915.1,g1,tick,1000.0,0.000
13915.1,g2,tick,1000.0,0.000
13915.1,g4,tick,1000.0,0.000
13920.1,g1,tick,1000.0,0.000
13920.1,g2,tick,1000.0,0.000
13920.1,g4,tick,1000.0,0.000
13925.1,g1,tick,1000.0,0.000
13925.1,g2,tick,1000.0,0.000
13925.1,g4,tick,1000.0,0.000
13930.1,g1,tick,1000.0,0.000
13930.1,g2,tick,1000.0,0.000
13930.1,g4,tick,1000.0,0.000
13935.1,g1,tick,1000.0,0.000
13935.1,g2,tick,1000.0,0.000
13935.1,g4,tick,1000.0,0.000
13940.1,g1,tick,1000.0,0.000
13940.1,g2,tick,1000.0,0.000
13940.1,g4,tick,1000.0,0.000
13945.1,g1,tick,1000.0,0.000
13945.1,g2,tick,1000.0,0.000
13945.1,g4,tick,1000.0,0.000
13952.6,g1,tick,1000.0,0.000
13952.6,g2,tick,1000.0,0.000
13952.6,g4,tick,1000.0,0.000
13955.1,g1,tick,1000.0,0.000
13955.1,g2,tick,1000.0,0.000
13955.1,g4,tick,1000.0,0.000
13960.1,g1,tick,1000.0,0.000
13960.1,g2,tick,1000.0,0.000
13960.1,g4,tick,1000.0,0.000
13965.1,g1,tick,1000.0,0.000
13965.1,g2,tick,1000.0,0.000
13965.1,g4,tick,1000.0,0.000
13970.1,g1,tick,1000.0,0.000
13970.1,g2,tick,1000.0,0.000
13970.1,g4,tick,1000.0,0.000
13975.1,g1,tick,1000.0,0.000
13975.1,g2,tick,1000.0,0.000
13975.1,g4,tick,1000.0,0.000
13981.6,g1,tick,1000.0,0.000
13981.6,g2,tick,1000.0,0.000
13981.7,g4,tick,1000.0,0.000
13985.1,g1,tick,1000.0,0.000
13985.1,g2,tick,1000.0,0.000
13985.1,g4,tick,1000.0,0.000
13990.1,g1,tick,1000.0,0.000
13990.1,g2,tick,1000.0,0.000
13990.1,g4,tick,1000.0,0.000
13995.6,g1,tick,1000.0,0.000
13995.6,g2,tick,1000.0,0.000
13995.6,g4,tick,1000.0,0.000
14000.1,g1,tick,1000.0,0.000
14000.1,g2,tick,1000.0,0.000
14000.1,g4,tick,1000.0,0.000
14006.0,g1,tick,1000.0,0.000
14006.0,g2,tick,1000.0,0.000
14006.0,g4,tick,1000.0,0.000
14010.1,g1,tick,1000.0,0.000
14010.1,g2,tick,1000.0,0.000
14010.1,g4,tick,1000.0,0.000
14015.2,g1,tick,1000.0,0.000
14015.3,g2,tick,1000.0,0.000
14015.3,g4,tick,1000.0,0.000
14020.1,g1,tick,1000.0,0.000
14020.1,g2,tick,1000.0,0.000
14020.1,g4,tick,1000.0,0.000
14025.5,g1,tick,1000.0,0.000
14025.5,g2,tick,1000.0,0.000
14025.5,g4,tick,1000.0,0.000
14030.1,g1,tick,1000.0,0.000
14030.1,g2,tick,1000.0,0.000
14030.1,g4,tick,1000.0,0.000
14035.1,g1,tick,1000.0,0.000
14035.1,g2,tick,1000.0,0.000
14035.1,g4,tick,1000.0,0.000
14041.1,g1,tick,1000.0,0.000
14041.1,g2,tick,1000.0,0.000
14041.1,g4,tick,1000.0,0.000
14045.1,g1,tick,1000.0,0.000
14045.1,g2,tick,1000.0,0.000
14045.1,g4,tick,1000.0,0.000
14050.1,g1,tick,1000.0,0.000
14050.1,g2,tick,1000.0,0.000
14050.1,g4,tick,1000.0,0.000
14055.7,g1,tick,1000.0,0.000
14055.7,g2,tick,1000.0,0.000
14055.7,g4,tick,1000.0,0.000
14060.1,g1,tick,1000.0,0.000
14060.1,g2,tick,1000.0,0.000
14060.1,g4,tick,1000.0,0.000
14065.1,g1,tick,1000.0,0.000
14065.1,g2,tick,1000.0,0.000
14065.1,g4,tick,1000.0,0.000
14070.5,g1,tick,1000.0,0.000
14070.5,g2,tick,1000.0,0.000
14070.5,g4,tick,1000.0,0.000
14075.1,g1,tick,1000.0,0.000
14075.1,g2,tick,1000.0,0.000
14075.1,g4,tick,1000.0,0.000
14080.1,g1,tick,1000.0,0.000
14080.1,g2,tick,1000.0,0.000
14080.1,g4,tick,1000.0,0.000
14085.1,g1,tick,1000.0,0.000
14085.1,g2,tick,1000.0,0.000
14085.1,g4,tick,1000.0,0.000
14090.1,g1,tick,1000.0,0.000
14090.1,g2,tick,1000.0,0.000
14090.1,g4,tick,1000.0,0.000
14095.1,g1,tick,1000.0,0.000
14095.1,g2,tick,1000.0,0.000
14095.1,g4,tick,1000.0,0.000
14100.1,g1,tick,1000.0,0.000
14100.1,g2,tick,1000.0,0.000
14100.1,g4,tick,1000.0,0.000
14105.1,g1,tick,1000.0,0.000
14105.1,g2,tick,1000.0,0.000
14105.1,g4,tick,1000.0,0.000
14110.1,g1,tick,1000.0,0.000
14110.1,g2,tick,1000.0,0.000
14110.1,g4,tick,1000.0,0.000
14115.1,g1,tick,1000.0,0.000
14115.1,g2,tick,1000.0,0.000
14115.1,g4,tick,1000.0,0.000
14120.1,g1,tick,1000.0,0.000
14120.1,g2,tick,1000.0,0.000
14120.1,g4,tick,1000.0,0.000
14125.1,g1,tick,1000.0,0.000
14125.1,g2,tick,1000.0,0.000
14125.1,g4,tick,1000.0,0.000
14130.1,g1,tick,1000.0,0.000
14130.1,g2,tick,1000.0,0.000
14130.1,g4,tick,1000.0,0.000
14135.5,g1,tick,1000.0,0.000
14135.5,g2,tick,1000.0,0.000
14135.5,g4,tick,1000.0,0.000
14140.1,g1,tick,1000.0,0.000
14140.1,g2,tick,1000.0,0.000
14140.1,g4,tick,1000.0,0.000
14145.1,g1,tick,1000.0,0.000
14145.1,g2,tick,1000.0,0.000
14145.1,g4,tick,1000.0,0.000
14150.1,g1,tick,1000.0,0.000
14150.1,g2,tick,1000.0,0.000
14150.1,g4,tick,1000.0,0.000
14155.1,g1,tick,1000.0,0.000
14155.1,g2,tick,1000.0,0.000
14155.1,g4,tick,1000.0,0.000
14160.1,g1,tick,1000.0,0.000
14160.1,g2,tick,1000.0,0.000
14160.1,g4,tick,1000.0,0.000
14165.1,g1,tick,1000.0,0.000
14165.1,g2,tick,1000.0,0.000
14165.1,g4,tick,1000.0,0.000
14170.1,g1,tick,1000.0,0.000
14170.1,g2,tick,1000.0,0.000
14170.1,g4,tick,1000.0,0.000
14175.1,g1,tick,1000.0,0.000
14175.1,g2,tick,1000.0,0.000
14175.1,g4,tick,1000.0,0.000
14180.1,g1,tick,1000.0,0.000
14180.1,g2,tick,1000.0,0.000
14180.1,g4,tick,1000.0,0.000
14185.1,g1,tick,1000.0,0.000
14185.1,g2,tick,1000.0,0.000
14185.1,g4,tick,1000.0,0.000
14190.1,g1,tick,1000.0,0.000
14190.1,g2,tick,1000.0,0.000
14190.1,g4,tick,1000.0,0.000
14196.0,g1,tick,1000.0,0.000
14196.0,g2,tick,1000.0,0.000
14196.0,g4,tick,1000.0,0.000
14200.1,g1,tick,1000.0,0.000
14200.1,g2,tick,1000.0,0.000
14200.1,g4,tick,1000.0,0.000
14205.1,g1,tick,1000.0,0.000
14205.1,g2,tick,1000.0,0.000
14205.1,g4,tick,1000.0,0.000
14210.1,g1,tick,1000.0,0.000
14210.1,g2,tick,1000.0,0.000
14210.1,g4,tick,1000.0,0.000
14215.1,g1,tick,1000.0,0.000
14215.1,g2,tick,1000.0,0.000
14215.1,g4,tick,1000.0,0.000
14220.1,g1,tick,1000.0,0.000
14220.1,g2,tick,1000.0,0.000
14220.1,g4,tick,1000.0,0.000
14225.7,g1,tick,1000.0,0.000
14225.7,g2,tick,1000.0,0.000
14225.7,g4,tick,1000.0,0.000
14230.1,g1,tick,1000.0,0.000
14230.2,g2,tick,1000.0,0.000
14230.2,g4,tick,1000.0,0.000
14235.3,g1,tick,1000.0,0.000
14235.3,g2,tick,1000.0,0.000
14235.3,g4,tick,1000.0,0.000
14240.1,g1,tick,1000.0,0.000
14240.1,g2,tick,1000.0,0.000
14240.1,g4,tick,1000.0,0.000
14245.1,g1,tick,1000.0,0.000
14245.1,g2,tick,1000.0,0.000
14245.1,g4,tick,1000.0,0.000
14250.1,g1,tick,1000.0,0.000
14250.1,g2,tick,1000.0,0.000
14250.1,g4,tick,1000.0,0.000
14255.1,g1,tick,1000.0,0.000
14255.1,g2,tick,1000.0,0.000
14255.1,g4,tick,1000.0,0.000
14260.1,g1,tick,1000.0,0.000
14260.1,g2,tick,1000.0,0.000
14260.1,g4,tick,1000.0,0.000
14265.1,g1,tick,1000.0,0.000
14265.1,g2,tick,1000.0,0.000
14265.1,g4,tick,1000.0,0.000
14270.1,g1,tick,1000.0,0.000
14270.1,g2,tick,1000.0,0.000
14270.1,g4,tick,1000.0,0.000
14275.1,g1,tick,1000.0,0.000
14275.1,g2,tick,1000.0,0.000
14275.1,g4,tick,1000.0,0.000
14280.1,g1,tick,1000.0,0.000
14280.1,g2,tick,1000.0,0.000
14280.1,g4,tick,1000.0,0.000
14285.4,g1,tick,1000.0,0.000
14285.4,g2,tick,1000.0,0.000
14285.4,g4,tick,1000.0,0.000
14290.1,g1,tick,1000.0,0.000
14290.2,g2,tick,1000.0,0.000
14290.2,g4,tick,1000.0,0.000
14295.1,g1,tick,1000.0,0.000
14295.1,g2,tick,1000.0,0.000
14295.1,g4,tick,1000.0,0.000
14300.1,g1,tick,1000.0,0.000
14300.1,g2,tick,1000.0,0.000
14300.1,g4,tick,1000.0,0.000
14306.1,g1,tick,1000.0,0.000
14306.2,g2,tick,1000.0,0.000
14306.2,g4,tick,1000.0,0.000
14310.1,g1,tick,1000.0,0.000
14310.1,g2,tick,1000.0,0.000
14310.1,g4,tick,1000.0,0.000
14315.1,g1,tick,1000.0,0.000
14315.1,g2,tick,1000.0,0.000
14315.1,g4,tick,1000.0,0.000
14320.3,g1,tick,1000.0,0.000
14320.3,g2,tick,1000.0,0.000
14320.3,g4,tick,1000.0,0.000
14325.1,g1,tick,1000.0,0.000
14325.1,g2,tick,1000.0,0.000
14325.1,g4,tick,1000.0,0.000
14330.1,g1,tick,1000.0,0.000
14330.1,g2,tick,1000.0,0.000
14330.1,g4,tick,1000.0,0.000
14335.1,g1,tick,1000.0,0.000
14335.1,g2,tick,1000.0,0.000
14335.1,g4,tick,1000.0,0.000
14340.1,g1,tick,1000.0,0.000
14340.2,g2,tick,1000.0,0.000
14340.2,g4,tick,1000.0,0.000
14345.1,g1,tick,1000.0,0.000
14345.1,g2,tick,1000.0,0.000
14345.1,g4,tick,1000.0,0.000
14350.1,g1,tick,1000.0,0.000
14350.1,g2,tick,1000.0,0.000
14350.1,g4,tick,1000.0,0.000
14356.0,g1,tick,1000.0,0.000
14356.0,g2,tick,1000.0,0.000
14356.0,g4,tick,1000.0,0.000
14360.1,g1,tick,1000.0,0.000
14360.2,g2,tick,1000.0,0.000
14360.3,g4,tick,1000.0,0.000
14365.1,g1,tick,1000.0,0.000
14365.1,g2,tick,1000.0,0.000
14365.1,g4,tick,1000.0,0.000
14370.1,g1,tick,1000.0,0.000
14370.1,g2,tick,1000.0,0.000
14370.1,g4,tick,1000.0,0.000
14375.1,g1,tick,1000.0,0.000
14375.1,g2,tick,1000.0,0.000
14375.1,g4,tick,1000.0,0.000
14380.1,g1,tick,1000.0,0.000
14380.1,g2,tick,1000.0,0.000
14380.1,g4,tick,1000.0,0.000
14385.1,g1,tick,1000.0,0.000
14385.1,g2,tick,1000.0,0.000
14385.1,g4,tick,1000.0,0.000
14392.6,g1,tick,1000.0,0.000
14392.6,g2,tick,1000.0,0.000
14392.6,g4,tick,1000.0,0.000
14395.1,g1,tick,1000.0,0.000
14395.1,g2,tick,1000.0,0.000
14395.1,g4,tick,1000.0,0.000
14400.1,g1,tick,1000.0,0.000
14400.1,g2,tick,1000.0,0.000
14400.1,g4,tick,1000.0,0.000
14405.6,g1,tick,1000.0,0.000
14405.6,g2,tick,1000.0,0.000
14405.6,g4,tick,1000.0,0.000
14410.1,g1,tick,1000.0,0.000
14410.1,g2,tick,1000.0,0.000
14410.1,g4,tick,1000.0,0.000
14415.1,g1,tick,1000.0,0.000
14415.1,g2,tick,1000.0,0.000
14415.1,g4,tick,1000.0,0.000
14420.1,g1,tick,1000.0,0.000
14420.1,g2,tick,1000.0,0.000
14420.1,g4,tick,1000.0,0.000
14425.1,g1,tick,1000.0,0.000
14425.1,g2,tick,1000.0,0.000
14425.1,g4,tick,1000.0,0.000
14430.1,g1,tick,1000.0,0.000
14430.1,g2,tick,1000.0,0.000
14430.1,g4,tick,1000.0,0.000
14435.1,g1,tick,1000.0,0.000
14435.1,g2,tick,1000.0,0.000
14435.1,g4,tick,1000.0,0.000
14441.7,g1,tick,1000.0,0.000
14441.7,g2,tick,1000.0,0.000
14441.7,g4,tick,1000.0,0.000
14445.1,g1,tick,1000.0,0.000
14445.1,g2,tick,1000.0,0.000
14445.1,g4,tick,1000.0,0.000
14450.1,g1,tick,1000.0,0.000
14450.1,g2,tick,1000.0,0.000
14450.1,g4,tick,1000.0,0.000
14455.1,g1,tick,1000.0,0.000
14455.1,g2,tick,1000.0,0.000
14455.1,g4,tick,1000.0,0.000
14460.1,g1,tick,1000.0,0.000
14460.1,g2,tick,1000.0,0.000
14460.1,g4,tick,1000.0,0.000
14465.1,g1,tick,1000.0,0.000
14465.1,g2,tick,1000.0,0.000
14465.1,g4,tick,1000.0,0.000
14471.9,g1,tick,1000.0,0.000
14471.9,g2,tick,1000.0,0.000
14471.9,g4,tick,1000.0,0.000
14475.1,g1,tick,1000.0,0.000
14475.1,g2,tick,1000.0,0.000
14475.1,g4,tick,1000.0,0.000
