ms,sender,event,rate_mbit,alpha
6.8,g1,tick,1000.0,0.938
8.4,g2,tick,1000.0,0.938
10.2,g4,tick,1000.0,0.938
10.2,g1,tick,1000.0,0.879
10.2,g2,tick,1000.0,0.879
10.2,g4,tick,1000.0,0.879
15.1,g1,tick,1000.0,0.824
15.1,g2,tick,1000.0,0.824
15.1,g4,tick,1000.0,0.824
20.1,g1,tick,1000.0,0.772
20.1,g2,tick,1000.0,0.772
20.1,g4,tick,1000.0,0.772
25.1,g1,tick,1000.0,0.724
25.1,g2,tick,1000.0,0.724
25.1,g4,tick,1000.0,0.724
30.0,g1,tick,1000.0,0.679
30.0,g2,tick,1000.0,0.679
30.0,g4,tick,1000.0,0.679
35.1,g1,tick,1000.0,0.637
35.1,g2,tick,1000.0,0.637
35.1,g4,tick,1000.0,0.637
40.1,g1,tick,1000.0,0.597
40.1,g2,tick,1000.0,0.597
40.1,g4,tick,1000.0,0.597
45.1,g1,tick,1000.0,0.559
45.1,g2,tick,1000.0,0.559
45.1,g4,tick,1000.0,0.559
50.1,g1,tick,1000.0,0.524
50.1,g2,tick,1000.0,0.524
50.1,g4,tick,1000.0,0.524
55.1,g1,tick,1000.0,0.492
55.1,g2,tick,1000.0,0.492
55.1,g4,tick,1000.0,0.492
60.1,g1,tick,1000.0,0.461
60.1,g2,tick,1000.0,0.461
60.1,g4,tick,1000.0,0.461
65.1,g1,tick,1000.0,0.432
65.1,g2,tick,1000.0,0.432
65.1,g4,tick,1000.0,0.432
70.1,g1,tick,1000.0,0.405
70.1,g2,tick,1000.0,0.405
70.1,g4,tick,1000.0,0.405
75.1,g1,tick,1000.0,0.380
75.1,g2,tick,1000.0,0.380
75.1,g4,tick,1000.0,0.380
80.1,g1,tick,1000.0,0.356
80.1,g2,tick,1000.0,0.356
80.1,g4,tick,1000.0,0.356
85.1,g1,tick,1000.0,0.334
85.1,g2,tick,1000.0,0.334
85.1,g4,tick,1000.0,0.334
90.1,g1,tick,1000.0,0.313
90.1,g2,tick,1000.0,0.313
90.1,g4,tick,1000.0,0.313
95.1,g1,tick,1000.0,0.293
95.1,g2,tick,1000.0,0.293
95.1,g4,tick,1000.0,0.293
100.1,g1,tick,1000.0,0.275
100.1,g2,tick,1000.0,0.275
100.1,g4,tick,1000.0,0.275
105.1,g1,tick,1000.0,0.258
105.1,g2,tick,1000.0,0.258
105.1,g4,tick,1000.0,0.258
110.1,g1,tick,1000.0,0.242
110.1,g2,tick,1000.0,0.242
110.1,g4,tick,1000.0,0.242
115.1,g1,tick,1000.0,0.227
115.1,g2,tick,1000.0,0.227
115.1,g4,tick,1000.0,0.227
120.1,g1,tick,1000.0,0.212
120.1,g2,tick,1000.0,0.212
120.1,g4,tick,1000.0,0.212
125.1,g1,tick,1000.0,0.199
125.1,g2,tick,1000.0,0.199
125.1,g4,tick,1000.0,0.199
130.1,g1,tick,1000.0,0.187
130.1,g2,tick,1000.0,0.187
130.1,g4,tick,1000.0,0.187
135.1,g1,tick,1000.0,0.175
135.1,g2,tick,1000.0,0.175
135.1,g4,tick,1000.0,0.175
140.1,g1,tick,1000.0,0.164
140.1,g2,tick,1000.0,0.164
140.1,g4,tick,1000.0,0.164
145.1,g1,tick,1000.0,0.154
145.1,g2,tick,1000.0,0.154
145.1,g4,tick,1000.0,0.154
150.1,g1,tick,1000.0,0.144
150.1,g2,tick,1000.0,0.144
150.1,g4,tick,1000.0,0.144
155.1,g1,tick,1000.0,0.135
155.1,g2,tick,1000.0,0.135
155.1,g4,tick,1000.0,0.135
160.1,g1,tick,1000.0,0.127
160.1,g2,tick,1000.0,0.127
160.1,g4,tick,1000.0,0.127
165.1,g1,tick,1000.0,0.119
165.1,g2,tick,1000.0,0.119
165.1,g4,tick,1000.0,0.119
170.1,g1,tick,1000.0,0.111
170.1,g2,tick,1000.0,0.111
170.1,g4,tick,1000.0,0.111
175.1,g1,tick,1000.0,0.104
175.1,g2,tick,1000.0,0.104
175.1,g4,tick,1000.0,0.104
180.1,g1,tick,1000.0,0.098
180.1,g2,tick,1000.0,0.098
180.1,g4,tick,1000.0,0.098
185.1,g1,tick,1000.0,0.092
185.1,g2,tick,1000.0,0.092
185.1,g4,tick,1000.0,0.092
190.1,g1,tick,1000.0,0.086
190.1,g2,tick,1000.0,0.086
190.1,g4,tick,1000.0,0.086
195.1,g1,tick,1000.0,0.081
195.1,g2,tick,1000.0,0.081
195.1,g4,tick,1000.0,0.081
200.1,g1,tick,1000.0,0.076
200.1,g2,tick,1000.0,0.076
200.1,g4,tick,1000.0,0.076
205.1,g1,tick,1000.0,0.071
205.1,g2,tick,1000.0,0.071
205.1,g4,tick,1000.0,0.071
210.1,g1,tick,1000.0,0.066
210.1,g2,tick,1000.0,0.066
210.1,g4,tick,1000.0,0.066
215.1,g1,tick,1000.0,0.062
215.1,g2,tick,1000.0,0.062
215.1,g4,tick,1000.0,0.062
220.1,g1,tick,1000.0,0.058
220.1,g2,tick,1000.0,0.058
220.1,g4,tick,1000.0,0.058
225.1,g1,tick,1000.0,0.055
225.1,g2,tick,1000.0,0.055
225.1,g4,tick,1000.0,0.055
230.1,g1,tick,1000.0,0.051
230.1,g2,tick,1000.0,0.051
230.1,g4,tick,1000.0,0.051
235.1,g1,tick,1000.0,0.048
235.1,g2,tick,1000.0,0.048
235.1,g4,tick,1000.0,0.048
240.1,g1,tick,1000.0,0.045
240.1,g2,tick,1000.0,0.045
240.1,g4,tick,1000.0,0.045
245.1,g1,tick,1000.0,0.042
245.1,g2,tick,1000.0,0.042
245.1,g4,tick,1000.0,0.042
250.1,g1,tick,1000.0,0.040
250.1,g2,tick,1000.0,0.040
250.1,g4,tick,1000.0,0.040
255.1,g1,tick,1000.0,0.037
255.1,g2,tick,1000.0,0.037
255.1,g4,tick,1000.0,0.037
260.1,g1,tick,1000.0,0.035
260.1,g2,tick,1000.0,0.035
260.1,g4,tick,1000.0,0.035
265.1,g1,tick,1000.0,0.033
265.1,g2,tick,1000.0,0.033
265.1,g4,tick,1000.0,0.033
270.1,g1,tick,1000.0,0.031
270.1,g2,tick,1000.0,0.031
270.1,g4,tick,1000.0,0.031
275.1,g1,tick,1000.0,0.029
275.1,g2,tick,1000.0,0.029
275.1,g4,tick,1000.0,0.029
280.1,g1,tick,1000.0,0.027
280.1,g2,tick,1000.0,0.027
280.1,g4,tick,1000.0,0.027
285.1,g1,tick,1000.0,0.025
285.1,g2,tick,1000.0,0.025
285.1,g4,tick,1000.0,0.025
290.1,g1,tick,1000.0,0.024
290.1,g2,tick,1000.0,0.024
290.1,g4,tick,1000.0,0.024
295.1,g1,tick,1000.0,0.022
295.1,g2,tick,1000.0,0.022
295.1,g4,tick,1000.0,0.022
300.1,g1,tick,1000.0,0.021
300.1,g2,tick,1000.0,0.021
300.1,g4,tick,1000.0,0.021
305.1,g1,tick,1000.0,0.020
305.1,g2,tick,1000.0,0.020
305.1,g4,tick,1000.0,0.020
310.1,g1,tick,1000.0,0.018
310.1,g2,tick,1000.0,0.018
310.1,g4,tick,1000.0,0.018
315.1,g1,tick,1000.0,0.017
315.1,g2,tick,1000.0,0.017
315.1,g4,tick,1000.0,0.017
320.1,g1,tick,1000.0,0.016
320.1,g2,tick,1000.0,0.016
320.1,g4,tick,1000.0,0.016
325.1,g1,tick,1000.0,0.015
325.1,g2,tick,1000.0,0.015
325.1,g4,tick,1000.0,0.015
330.1,g1,tick,1000.0,0.014
330.1,g2,tick,1000.0,0.014
330.1,g4,tick,1000.0,0.014
335.1,g1,tick,1000.0,0.013
335.1,g2,tick,1000.0,0.013
335.1,g4,tick,1000.0,0.013
340.1,g1,tick,1000.0,0.012
340.1,g2,tick,1000.0,0.012
340.1,g4,tick,1000.0,0.012
345.1,g1,tick,1000.0,0.012
345.1,g2,tick,1000.0,0.012
345.1,g4,tick,1000.0,0.012
350.1,g1,tick,1000.0,0.011
350.1,g2,tick,1000.0,0.011
350.1,g4,tick,1000.0,0.011
355.1,g1,tick,1000.0,0.010
355.1,g2,tick,1000.0,0.010
355.1,g4,tick,1000.0,0.010
360.1,g1,tick,1000.0,0.010
360.1,g2,tick,1000.0,0.010
360.1,g4,tick,1000.0,0.010
365.1,g1,tick,1000.0,0.009
365.1,g2,tick,1000.0,0.009
365.1,g4,tick,1000.0,0.009
370.1,g1,tick,1000.0,0.008
370.1,g2,tick,1000.0,0.008
370.1,g4,tick,1000.0,0.008
375.1,g1,tick,1000.0,0.008
375.1,g2,tick,1000.0,0.008
375.1,g4,tick,1000.0,0.008
380.1,g1,tick,1000.0,0.007
380.1,g2,tick,1000.0,0.007
380.1,g4,tick,1000.0,0.007
385.1,g1,tick,1000.0,0.007
385.1,g2,tick,1000.0,0.007
385.1,g4,tick,1000.0,0.007
390.1,g1,tick,1000.0,0.007
390.1,g2,tick,1000.0,0.007
390.1,g4,tick,1000.0,0.007
395.1,g1,tick,1000.0,0.006
395.1,g2,tick,1000.0,0.006
395.1,g4,tick,1000.0,0.006
400.1,g1,tick,1000.0,0.006
400.1,g2,tick,1000.0,0.006
400.1,g4,tick,1000.0,0.006
405.1,g1,tick,1000.0,0.005
405.1,g2,tick,1000.0,0.005
405.1,g4,tick,1000.0,0.005
410.1,g1,tick,1000.0,0.005
410.1,g2,tick,1000.0,0.005
410.1,g4,tick,1000.0,0.005
415.1,g1,tick,1000.0,0.005
415.1,g2,tick,1000.0,0.005
415.1,g4,tick,1000.0,0.005
420.1,g1,tick,1000.0,0.004
420.1,g2,tick,1000.0,0.004
420.1,g4,tick,1000.0,0.004
425.1,g1,tick,1000.0,0.004
425.1,g2,tick,1000.0,0.004
425.1,g4,tick,1000.0,0.004
430.1,g1,tick,1000.0,0.004
430.1,g2,tick,1000.0,0.004
430.1,g4,tick,1000.0,0.004
435.1,g1,tick,1000.0,0.004
435.1,g2,tick,1000.0,0.004
435.1,g4,tick,1000.0,0.004
440.1,g1,tick,1000.0,0.003
440.1,g2,tick,1000.0,0.003
440.1,g4,tick,1000.0,0.003
445.1,g1,tick,1000.0,0.003
445.1,g2,tick,1000.0,0.003
445.1,g4,tick,1000.0,0.003
450.1,g1,tick,1000.0,0.003
450.1,g2,tick,1000.0,0.003
450.1,g4,tick,1000.0,0.003
455.1,g1,tick,1000.0,0.003
455.1,g2,tick,1000.0,0.003
455.1,g4,tick,1000.0,0.003
460.1,g1,tick,1000.0,0.003
460.1,g2,tick,1000.0,0.003
460.1,g4,tick,1000.0,0.003
465.1,g1,tick,1000.0,0.002
465.1,g2,tick,1000.0,0.002
465.1,g4,tick,1000.0,0.002
470.1,g1,tick,1000.0,0.002
470.1,g2,tick,1000.0,0.002
470.1,g4,tick,1000.0,0.002
475.1,g1,tick,1000.0,0.002
475.1,g2,tick,1000.0,0.002
475.1,g4,tick,1000.0,0.002
480.1,g1,tick,1000.0,0.002
480.1,g2,tick,1000.0,0.002
480.1,g4,tick,1000.0,0.002
485.1,g1,tick,1000.0,0.002
485.1,g2,tick,1000.0,0.002
485.1,g4,tick,1000.0,0.002
490.1,g1,tick,1000.0,0.002
490.1,g2,tick,1000.0,0.002
490.1,g4,tick,1000.0,0.002
495.1,g1,tick,1000.0,0.002
495.1,g2,tick,1000.0,0.002
495.1,g4,tick,1000.0,0.002
500.1,g1,tick,1000.0,0.002
500.1,g2,tick,1000.0,0.002
500.1,g4,tick,1000.0,0.002
505.1,g1,tick,1000.0,0.001
505.1,g2,tick,1000.0,0.001
505.1,g4,tick,1000.0,0.001
510.1,g1,tick,1000.0,0.001
510.1,g2,tick,1000.0,0.001
510.1,g4,tick,1000.0,0.001
515.1,g1,tick,1000.0,0.001
515.1,g2,tick,1000.0,0.001
515.1,g4,tick,1000.0,0.001
520.1,g1,tick,1000.0,0.001
520.1,g2,tick,1000.0,0.001
520.1,g4,tick,1000.0,0.001
525.1,g1,tick,1000.0,0.001
525.1,g2,tick,1000.0,0.001
525.1,g4,tick,1000.0,0.001
530.1,g1,tick,1000.0,0.001
530.1,g2,tick,1000.0,0.001
530.1,g4,tick,1000.0,0.001
535.1,g1,tick,1000.0,0.001
535.1,g2,tick,1000.0,0.001
535.1,g4,tick,1000.0,0.001
540.1,g1,tick,1000.0,0.001
540.1,g2,tick,1000.0,0.001
540.1,g4,tick,1000.0,0.001
545.1,g1,tick,1000.0,0.001
545.1,g2,tick,1000.0,0.001
545.1,g4,tick,1000.0,0.001
550.1,g1,tick,1000.0,0.001
550.1,g2,tick,1000.0,0.001
550.1,g4,tick,1000.0,0.001
555.1,g1,tick,1000.0,0.001
555.1,g2,tick,1000.0,0.001
555.1,g4,tick,1000.0,0.001
560.1,g1,tick,1000.0,0.001
560.1,g2,tick,1000.0,0.001
560.1,g4,tick,1000.0,0.001
565.1,g1,tick,1000.0,0.001
565.1,g2,tick,1000.0,0.001
565.1,g4,tick,1000.0,0.001
570.1,g1,tick,1000.0,0.001
570.1,g2,tick,1000.0,0.001
570.1,g4,tick,1000.0,0.001
575.1,g1,tick,1000.0,0.001
575.1,g2,tick,1000.0,0.001
575.1,g4,tick,1000.0,0.001
580.1,g1,tick,1000.0,0.001
580.1,g2,tick,1000.0,0.001
580.1,g4,tick,1000.0,0.001
585.1,g1,tick,1000.0,0.001
585.1,g2,tick,1000.0,0.001
585.1,g4,tick,1000.0,0.001
590.1,g1,tick,1000.0,0.000
590.1,g2,tick,1000.0,0.000
590.1,g4,tick,1000.0,0.000
595.1,g1,tick,1000.0,0.000
595.1,g2,tick,1000.0,0.000
595.1,g4,tick,1000.0,0.000
600.1,g1,tick,1000.0,0.000
600.1,g2,tick,1000.0,0.000
600.1,g4,tick,1000.0,0.000
605.1,g1,tick,1000.0,0.000
605.1,g2,tick,1000.0,0.000
605.1,g4,tick,1000.0,0.000
610.1,g1,tick,1000.0,0.000
610.1,g2,tick,1000.0,0.000
610.1,g4,tick,1000.0,0.000
615.1,g1,tick,1000.0,0.000
615.1,g2,tick,1000.0,0.000
615.1,g4,tick,1000.0,0.000
620.1,g1,tick,1000.0,0.000
620.1,g2,tick,1000.0,0.000
620.1,g4,tick,1000.0,0.000
625.1,g1,tick,1000.0,0.000
625.1,g2,tick,1000.0,0.000
625.1,g4,tick,1000.0,0.000
630.1,g1,tick,1000.0,0.000
630.1,g2,tick,1000.0,0.000
630.1,g4,tick,1000.0,0.000
635.1,g1,tick,1000.0,0.000
635.1,g2,tick,1000.0,0.000
635.1,g4,tick,1000.0,0.000
640.1,g1,tick,1000.0,0.000
640.1,g2,tick,1000.0,0.000
640.1,g4,tick,1000.0,0.000
645.1,g1,tick,1000.0,0.000
645.1,g2,tick,1000.0,0.000
645.1,g4,tick,1000.0,0.000
650.1,g1,tick,1000.0,0.000
650.1,g2,tick,1000.0,0.000
650.1,g4,tick,1000.0,0.000
655.1,g1,tick,1000.0,0.000
655.1,g2,tick,1000.0,0.000
655.1,g4,tick,1000.0,0.000
660.1,g1,tick,1000.0,0.000
660.1,g2,tick,1000.0,0.000
660.1,g4,tick,1000.0,0.000
665.1,g1,tick,1000.0,0.000
665.1,g2,tick,1000.0,0.000
665.1,g4,tick,1000.0,0.000
670.1,g1,tick,1000.0,0.000
670.2,g2,tick,1000.0,0.000
670.2,g4,tick,1000.0,0.000
675.1,g1,tick,1000.0,0.000
675.1,g2,tick,1000.0,0.000
675.1,g4,tick,1000.0,0.000
680.1,g1,tick,1000.0,0.000
680.1,g2,tick,1000.0,0.000
680.1,g4,tick,1000.0,0.000
685.1,g1,tick,1000.0,0.000
685.1,g2,tick,1000.0,0.000
685.1,g4,tick,1000.0,0.000
690.1,g1,tick,1000.0,0.000
690.1,g2,tick,1000.0,0.000
690.1,g4,tick,1000.0,0.000
695.1,g1,tick,1000.0,0.000
695.1,g2,tick,1000.0,0.000
695.1,g4,tick,1000.0,0.000
700.1,g1,tick,1000.0,0.000
700.1,g2,tick,1000.0,0.000
700.1,g4,tick,1000.0,0.000
705.1,g1,tick,1000.0,0.000
705.1,g2,tick,1000.0,0.000
705.1,g4,tick,1000.0,0.000
710.1,g1,tick,1000.0,0.000
710.1,g2,tick,1000.0,0.000
710.1,g4,tick,1000.0,0.000
715.1,g1,tick,1000.0,0.000
715.1,g2,tick,1000.0,0.000
715.1,g4,tick,1000.0,0.000
720.1,g1,tick,1000.0,0.000
720.1,g2,tick,1000.0,0.000
720.1,g4,tick,1000.0,0.000
725.1,g1,tick,1000.0,0.000
725.1,g2,tick,1000.0,0.000
725.1,g4,tick,1000.0,0.000
730.1,g1,tick,1000.0,0.000
730.1,g2,tick,1000.0,0.000
730.1,g4,tick,1000.0,0.000
735.1,g1,tick,1000.0,0.000
735.1,g2,tick,1000.0,0.000
735.1,g4,tick,1000.0,0.000
740.1,g1,tick,1000.0,0.000
740.1,g2,tick,1000.0,0.000
740.1,g4,tick,1000.0,0.000
745.1,g1,tick,1000.0,0.000
745.1,g2,tick,1000.0,0.000
745.1,g4,tick,1000.0,0.000
750.1,g1,tick,1000.0,0.000
750.1,g2,tick,1000.0,0.000
750.1,g4,tick,1000.0,0.000
755.1,g1,tick,1000.0,0.000
755.1,g2,tick,1000.0,0.000
755.1,g4,tick,1000.0,0.000
760.1,g1,tick,1000.0,0.000
760.1,g2,tick,1000.0,0.000
760.1,g4,tick,1000.0,0.000
765.1,g1,tick,1000.0,0.000
765.1,g2,tick,1000.0,0.000
765.1,g4,tick,1000.0,0.000
770.1,g1,tick,1000.0,0.000
770.1,g2,tick,1000.0,0.000
770.1,g4,tick,1000.0,0.000
775.1,g1,tick,1000.0,0.000
775.1,g2,tick,1000.0,0.000
775.1,g4,tick,1000.0,0.000
780.1,g1,tick,1000.0,0.000
780.1,g2,tick,1000.0,0.000
780.1,g4,tick,1000.0,0.000
785.1,g1,tick,1000.0,0.000
785.1,g2,tick,1000.0,0.000
785.1,g4,tick,1000.0,0.000
790.1,g1,tick,1000.0,0.000
790.1,g2,tick,1000.0,0.000
790.1,g4,tick,1000.0,0.000
795.1,g1,tick,1000.0,0.000
795.1,g2,tick,1000.0,0.000
795.1,g4,tick,1000.0,0.000
800.1,g1,tick,1000.0,0.000
800.1,g2,tick,1000.0,0.000
800.1,g4,tick,1000.0,0.000
805.1,g1,tick,1000.0,0.000
805.1,g2,tick,1000.0,0.000
805.1,g4,tick,1000.0,0.000
810.1,g1,tick,1000.0,0.000
810.1,g2,tick,1000.0,0.000
810.1,g4,tick,1000.0,0.000
815.1,g1,tick,1000.0,0.000
815.1,g2,tick,1000.0,0.000
815.1,g4,tick,1000.0,0.000
820.1,g1,tick,1000.0,0.000
820.1,g2,tick,1000.0,0.000
820.1,g4,tick,1000.0,0.000
825.1,g1,tick,1000.0,0.000
825.1,g2,tick,1000.0,0.000
825.1,g4,tick,1000.0,0.000
830.1,g1,tick,1000.0,0.000
830.1,g2,tick,1000.0,0.000
830.1,g4,tick,1000.0,0.000
835.1,g1,tick,1000.0,0.000
835.1,g2,tick,1000.0,0.000
835.1,g4,tick,1000.0,0.000
840.1,g1,tick,1000.0,0.000
840.1,g2,tick,1000.0,0.000
840.1,g4,tick,1000.0,0.000
845.1,g1,tick,1000.0,0.000
845.1,g2,tick,1000.0,0.000
845.1,g4,tick,1000.0,0.000
850.1,g1,tick,1000.0,0.000
850.1,g2,tick,1000.0,0.000
850.1,g4,tick,1000.0,0.000
855.1,g1,tick,1000.0,0.000
855.1,g2,tick,1000.0,0.000
855.1,g4,tick,1000.0,0.000
860.1,g1,tick,1000.0,0.000
860.1,g2,tick,1000.0,0.000
860.1,g4,tick,1000.0,0.000
865.1,g1,tick,1000.0,0.000
865.1,g2,tick,1000.0,0.000
865.1,g4,tick,1000.0,0.000
870.1,g1,tick,1000.0,0.000
870.1,g2,tick,1000.0,0.000
870.1,g4,tick,1000.0,0.000
875.1,g1,tick,1000.0,0.000
875.1,g2,tick,1000.0,0.000
875.1,g4,tick,1000.0,0.000
880.1,g1,tick,1000.0,0.000
880.1,g2,tick,1000.0,0.000
880.1,g4,tick,1000.0,0.000
885.1,g1,tick,1000.0,0.000
885.1,g2,tick,1000.0,0.000
885.1,g4,tick,1000.0,0.000
890.1,g1,tick,1000.0,0.000
890.1,g2,tick,1000.0,0.000
890.1,g4,tick,1000.0,0.000
895.1,g1,tick,1000.0,0.000
895.1,g2,tick,1000.0,0.000
895.1,g4,tick,1000.0,0.000
900.1,g1,tick,1000.0,0.000
900.1,g2,tick,1000.0,0.000
900.1,g4,tick,1000.0,0.000
905.1,g1,tick,1000.0,0.000
905.1,g2,tick,1000.0,0.000
905.1,g4,tick,1000.0,0.000
910.1,g1,tick,1000.0,0.000
910.1,g2,tick,1000.0,0.000
910.1,g4,tick,1000.0,0.000
915.1,g1,tick,1000.0,0.000
915.1,g2,tick,1000.0,0.000
915.1,g4,tick,1000.0,0.000
920.1,g1,tick,1000.0,0.000
920.1,g2,tick,1000.0,0.000
920.1,g4,tick,1000.0,0.000
925.1,g1,tick,1000.0,0.000
925.1,g2,tick,1000.0,0.000
925.1,g4,tick,1000.0,0.000
930.1,g1,tick,1000.0,0.000
930.1,g2,tick,1000.0,0.000
930.1,g4,tick,1000.0,0.000
935.1,g1,tick,1000.0,0.000
935.1,g2,tick,1000.0,0.000
935.1,g4,tick,1000.0,0.000
940.1,g1,tick,1000.0,0.000
940.1,g2,tick,1000.0,0.000
940.1,g4,tick,1000.0,0.000
945.1,g1,tick,1000.0,0.000
945.1,g2,tick,1000.0,0.000
945.1,g4,tick,1000.0,0.000
950.1,g1,tick,1000.0,0.000
950.1,g2,tick,1000.0,0.000
950.1,g4,tick,1000.0,0.000
955.1,g1,tick,1000.0,0.000
955.1,g2,tick,1000.0,0.000
955.1,g4,tick,1000.0,0.000
960.1,g1,tick,1000.0,0.000
960.1,g2,tick,1000.0,0.000
960.1,g4,tick,1000.0,0.000
965.1,g1,tick,1000.0,0.000
965.1,g2,tick,1000.0,0.000
965.1,g4,tick,1000.0,0.000
970.1,g1,tick,1000.0,0.000
970.1,g2,tick,1000.0,0.000
970.1,g4,tick,1000.0,0.000
975.1,g1,tick,1000.0,0.000
975.1,g2,tick,1000.0,0.000
975.1,g4,tick,1000.0,0.000
980.1,g1,tick,1000.0,0.000
980.1,g2,tick,1000.0,0.000
980.1,g4,tick,1000.0,0.000
985.1,g1,tick,1000.0,0.000
985.1,g2,tick,1000.0,0.000
985.1,g4,tick,1000.0,0.000
990.1,g1,tick,1000.0,0.000
990.1,g2,tick,1000.0,0.000
990.1,g4,tick,1000.0,0.000
995.1,g1,tick,1000.0,0.000
995.1,g2,tick,1000.0,0.000
995.1,g4,tick,1000.0,0.000
1000.2,g1,tick,1000.0,0.000
1000.2,g2,tick,1000.0,0.000
1000.2,g4,tick,1000.0,0.000
1005.1,g1,tick,1000.0,0.000
1005.1,g2,tick,1000.0,0.000
1005.1,g4,tick,1000.0,0.000
1010.1,g1,tick,1000.0,0.000
1010.1,g2,tick,1000.0,0.000
1010.1,g4,tick,1000.0,0.000
1015.1,g1,tick,1000.0,0.000
1015.1,g2,tick,1000.0,0.000
1015.1,g4,tick,1000.0,0.000
1020.1,g1,tick,1000.0,0.000
1020.1,g2,tick,1000.0,0.000
1020.1,g4,tick,1000.0,0.000
1025.1,g1,tick,1000.0,0.000
1025.1,g2,tick,1000.0,0.000
1025.1,g4,tick,1000.0,0.000
1030.1,g1,tick,1000.0,0.000
1030.1,g2,tick,1000.0,0.000
1030.1,g4,tick,1000.0,0.000
1035.1,g1,tick,1000.0,0.000
1035.1,g2,tick,1000.0,0.000
1035.1,g4,tick,1000.0,0.000
1040.1,g1,tick,1000.0,0.000
1040.1,g2,tick,1000.0,0.000
1040.1,g4,tick,1000.0,0.000
1045.1,g1,tick,1000.0,0.000
1045.1,g2,tick,1000.0,0.000
1045.1,g4,tick,1000.0,0.000
1050.1,g1,tick,1000.0,0.000
1050.1,g2,tick,1000.0,0.000
1050.1,g4,tick,1000.0,0.000
1055.1,g1,tick,1000.0,0.000
1055.1,g2,tick,1000.0,0.000
1055.1,g4,tick,1000.0,0.000
1060.1,g1,tick,1000.0,0.000
1060.1,g2,tick,1000.0,0.000
1060.1,g4,tick,1000.0,0.000
1065.1,g1,tick,1000.0,0.000
1065.1,g2,tick,1000.0,0.000
1065.1,g4,tick,1000.0,0.000
1070.1,g1,tick,1000.0,0.000
1070.1,g2,tick,1000.0,0.000
1070.1,g4,tick,1000.0,0.000
1075.1,g1,tick,1000.0,0.000
1075.1,g2,tick,1000.0,0.000
1075.1,g4,tick,1000.0,0.000
1080.1,g1,tick,1000.0,0.000
1080.1,g2,tick,1000.0,0.000
1080.1,g4,tick,1000.0,0.000
1085.1,g1,tick,1000.0,0.000
1085.1,g2,tick,1000.0,0.000
1085.1,g4,tick,1000.0,0.000
1090.1,g1,tick,1000.0,0.000
1090.1,g2,tick,1000.0,0.000
1090.1,g4,tick,1000.0,0.000
1095.1,g1,tick,1000.0,0.000
1095.1,g2,tick,1000.0,0.000
1095.1,g4,tick,1000.0,0.000
1100.1,g1,tick,1000.0,0.000
1100.1,g2,tick,1000.0,0.000
1100.1,g4,tick,1000.0,0.000
1105.1,g1,tick,1000.0,0.000
1105.1,g2,tick,1000.0,0.000
1105.1,g4,tick,1000.0,0.000
1110.1,g1,tick,1000.0,0.000
1110.1,g2,tick,1000.0,0.000
1110.1,g4,tick,1000.0,0.000
1115.1,g1,tick,1000.0,0.000
1115.1,g2,tick,1000.0,0.000
1115.1,g4,tick,1000.0,0.000
1120.1,g1,tick,1000.0,0.000
1120.1,g2,tick,1000.0,0.000
1120.1,g4,tick,1000.0,0.000
1125.1,g1,tick,1000.0,0.000
1125.1,g2,tick,1000.0,0.000
1125.1,g4,tick,1000.0,0.000
1130.1,g1,tick,1000.0,0.000
1130.1,g2,tick,1000.0,0.000
1130.1,g4,tick,1000.0,0.000
1135.1,g1,tick,1000.0,0.000
1135.1,g2,tick,1000.0,0.000
1135.1,g4,tick,1000.0,0.000
1140.1,g1,tick,1000.0,0.000
1140.1,g2,tick,1000.0,0.000
1140.1,g4,tick,1000.0,0.000
1145.1,g1,tick,1000.0,0.000
1145.1,g2,tick,1000.0,0.000
1145.1,g4,tick,1000.0,0.000
1150.1,g1,tick,1000.0,0.000
1150.1,g2,tick,1000.0,0.000
1150.1,g4,tick,1000.0,0.000
1155.1,g1,tick,1000.0,0.000
1155.1,g2,tick,1000.0,0.000
1155.1,g4,tick,1000.0,0.000
1160.1,g1,tick,1000.0,0.000
1160.1,g2,tick,1000.0,0.000
1160.1,g4,tick,1000.0,0.000
1165.1,g1,tick,1000.0,0.000
1165.1,g2,tick,1000.0,0.000
1165.1,g4,tick,1000.0,0.000
1170.1,g1,tick,1000.0,0.000
1170.1,g2,tick,1000.0,0.000
1170.1,g4,tick,1000.0,0.000
1175.1,g1,tick,1000.0,0.000
1175.1,g2,tick,1000.0,0.000
1175.1,g4,tick,1000.0,0.000
1180.1,g1,tick,1000.0,0.000
1180.1,g2,tick,1000.0,0.000
1180.1,g4,tick,1000.0,0.000
1185.1,g1,tick,1000.0,0.000
1185.1,g2,tick,1000.0,0.000
1185.1,g4,tick,1000.0,0.000
1190.1,g1,tick,1000.0,0.000
1190.1,g2,tick,1000.0,0.000
1190.1,g4,tick,1000.0,0.000
1195.1,g1,tick,1000.0,0.000
1195.1,g2,tick,1000.0,0.000
1195.1,g4,tick,1000.0,0.000
1200.1,g1,tick,1000.0,0.000
1200.1,g2,tick,1000.0,0.000
1200.1,g4,tick,1000.0,0.000
1205.1,g1,tick,1000.0,0.000
1205.1,g2,tick,1000.0,0.000
1205.1,g4,tick,1000.0,0.000
1210.1,g1,tick,1000.0,0.000
1210.1,g2,tick,1000.0,0.000
1210.1,g4,tick,1000.0,0.000
1215.1,g1,tick,1000.0,0.000
1215.1,g2,tick,1000.0,0.000
1215.1,g4,tick,1000.0,0.000
1220.1,g1,tick,1000.0,0.000
1220.1,g2,tick,1000.0,0.000
1220.1,g4,tick,1000.0,0.000
1225.1,g1,tick,1000.0,0.000
1225.1,g2,tick,1000.0,0.000
1225.1,g4,tick,1000.0,0.000
1230.1,g1,tick,1000.0,0.000
1230.1,g2,tick,1000.0,0.000
1230.1,g4,tick,1000.0,0.000
1235.1,g1,tick,1000.0,0.000
1235.1,g2,tick,1000.0,0.000
1235.1,g4,tick,1000.0,0.000
1240.1,g1,tick,1000.0,0.000
1240.1,g2,tick,1000.0,0.000
1240.1,g4,tick,1000.0,0.000
1245.1,g1,tick,1000.0,0.000
1245.1,g2,tick,1000.0,0.000
1245.1,g4,tick,1000.0,0.000
1250.1,g1,tick,1000.0,0.000
1250.1,g2,tick,1000.0,0.000
1250.1,g4,tick,1000.0,0.000
1255.1,g1,tick,1000.0,0.000
1255.1,g2,tick,1000.0,0.000
1255.1,g4,tick,1000.0,0.000
1260.1,g1,tick,1000.0,0.000
1260.1,g2,tick,1000.0,0.000
1260.1,g4,tick,1000.0,0.000
1265.1,g1,tick,1000.0,0.000
1265.1,g2,tick,1000.0,0.000
1265.1,g4,tick,1000.0,0.000
1270.1,g1,tick,1000.0,0.000
1270.1,g2,tick,1000.0,0.000
1270.1,g4,tick,1000.0,0.000
1275.1,g1,tick,1000.0,0.000
1275.1,g2,tick,1000.0,0.000
1275.1,g4,tick,1000.0,0.000
1280.1,g1,tick,1000.0,0.000
1280.1,g2,tick,1000.0,0.000
1280.1,g4,tick,1000.0,0.000
1285.1,g1,tick,1000.0,0.000
1285.1,g2,tick,1000.0,0.000
1285.1,g4,tick,1000.0,0.000
1290.1,g1,tick,1000.0,0.000
1290.1,g2,tick,1000.0,0.000
1290.1,g4,tick,1000.0,0.000
1295.1,g1,tick,1000.0,0.000
1295.1,g2,tick,1000.0,0.000
1295.1,g4,tick,1000.0,0.000
1300.1,g1,tick,1000.0,0.000
1300.1,g2,tick,1000.0,0.000
1300.1,g4,tick,1000.0,0.000
1305.1,g1,tick,1000.0,0.000
1305.1,g2,tick,1000.0,0.000
1305.1,g4,tick,1000.0,0.000
1310.1,g1,tick,1000.0,0.000
1310.1,g2,tick,1000.0,0.000
1310.1,g4,tick,1000.0,0.000
1315.1,g1,tick,1000.0,0.000
1315.1,g2,tick,1000.0,0.000
1315.1,g4,tick,1000.0,0.000
1320.1,g1,tick,1000.0,0.000
1320.1,g2,tick,1000.0,0.000
1320.1,g4,tick,1000.0,0.000
1325.1,g1,tick,1000.0,0.000
1325.1,g2,tick,1000.0,0.000
1325.1,g4,tick,1000.0,0.000
1330.1,g1,tick,1000.0,0.000
1330.1,g2,tick,1000.0,0.000
1330.1,g4,tick,1000.0,0.000
1335.1,g1,tick,1000.0,0.000
1335.1,g2,tick,1000.0,0.000
1335.1,g4,tick,1000.0,0.000
1340.1,g1,tick,1000.0,0.000
1340.1,g2,tick,1000.0,0.000
1340.1,g4,tick,1000.0,0.000
1345.1,g1,tick,1000.0,0.000
1345.1,g2,tick,1000.0,0.000
1345.1,g4,tick,1000.0,0.000
1350.1,g1,tick,1000.0,0.000
1350.1,g2,tick,1000.0,0.000
1350.1,g4,tick,1000.0,0.000
1355.1,g1,tick,1000.0,0.000
1355.1,g2,tick,1000.0,0.000
1355.1,g4,tick,1000.0,0.000
1360.1,g1,tick,1000.0,0.000
1360.1,g2,tick,1000.0,0.000
1360.1,g4,tick,1000.0,0.000
1365.1,g1,tick,1000.0,0.000
1365.1,g2,tick,1000.0,0.000
1365.1,g4,tick,1000.0,0.000
1370.1,g1,tick,1000.0,0.000
1370.1,g2,tick,1000.0,0.000
1370.1,g4,tick,1000.0,0.000
1375.1,g1,tick,1000.0,0.000
1375.1,g2,tick,1000.0,0.000
1375.1,g4,tick,1000.0,0.000
1380.1,g1,tick,1000.0,0.000
1380.1,g2,tick,1000.0,0.000
1380.1,g4,tick,1000.0,0.000
1385.1,g1,tick,1000.0,0.000
1385.1,g2,tick,1000.0,0.000
1385.1,g4,tick,1000.0,0.000
1390.1,g1,tick,1000.0,0.000
1390.1,g2,tick,1000.0,0.000
1390.1,g4,tick,1000.0,0.000
1395.1,g1,tick,1000.0,0.000
1395.1,g2,tick,1000.0,0.000
1395.1,g4,tick,1000.0,0.000
1400.1,g1,tick,1000.0,0.000
1400.1,g2,tick,1000.0,0.000
1400.1,g4,tick,1000.0,0.000
1405.1,g1,tick,1000.0,0.000
1405.1,g2,tick,1000.0,0.000
1405.1,g4,tick,1000.0,0.000
1410.1,g1,tick,1000.0,0.000
1410.1,g2,tick,1000.0,0.000
1410.1,g4,tick,1000.0,0.000
1415.1,g1,tick,1000.0,0.000
1415.1,g2,tick,1000.0,0.000
1415.1,g4,tick,1000.0,0.000
1420.1,g1,tick,1000.0,0.000
1420.1,g2,tick,1000.0,0.000
1420.1,g4,tick,1000.0,0.000
1425.1,g1,tick,1000.0,0.000
1425.1,g2,tick,1000.0,0.000
1425.1,g4,tick,1000.0,0.000
1430.1,g1,tick,1000.0,0.000
1430.1,g2,tick,1000.0,0.000
1430.1,g4,tick,1000.0,0.000
1435.1,g1,tick,1000.0,0.000
1435.1,g2,tick,1000.0,0.000
1435.1,g4,tick,1000.0,0.000
1440.1,g1,tick,1000.0,0.000
1440.1,g2,tick,1000.0,0.000
1440.1,g4,tick,1000.0,0.000
1445.1,g1,tick,1000.0,0.000
1445.1,g2,tick,1000.0,0.000
1445.1,g4,tick,1000.0,0.000
1450.1,g1,tick,1000.0,0.000
1450.1,g2,tick,1000.0,0.000
1450.1,g4,tick,1000.0,0.000
1455.1,g1,tick,1000.0,0.000
1455.1,g2,tick,1000.0,0.000
1455.1,g4,tick,1000.0,0.000
1460.1,g1,tick,1000.0,0.000
1460.1,g2,tick,1000.0,0.000
1460.1,g4,tick,1000.0,0.000
1465.1,g1,tick,1000.0,0.000
1465.1,g2,tick,1000.0,0.000
1465.1,g4,tick,1000.0,0.000
1470.1,g1,tick,1000.0,0.000
1470.1,g2,tick,1000.0,0.000
1470.1,g4,tick,1000.0,0.000
1475.1,g1,tick,1000.0,0.000
1475.1,g2,tick,1000.0,0.000
1475.1,g4,tick,1000.0,0.000
1480.1,g1,tick,1000.0,0.000
1480.1,g2,tick,1000.0,0.000
1480.1,g4,tick,1000.0,0.000
1485.1,g1,tick,1000.0,0.000
1485.1,g2,tick,1000.0,0.000
1485.1,g4,tick,1000.0,0.000
1490.1,g1,tick,1000.0,0.000
1490.1,g2,tick,1000.0,0.000
1490.1,g4,tick,1000.0,0.000
1495.1,g1,tick,1000.0,0.000
1495.1,g2,tick,1000.0,0.000
1495.1,g4,tick,1000.0,0.000
1500.1,g1,tick,1000.0,0.000
1500.1,g2,tick,1000.0,0.000
1500.1,g4,tick,1000.0,0.000
1505.1,g1,tick,1000.0,0.000
1505.1,g2,tick,1000.0,0.000
1505.1,g4,tick,1000.0,0.000
1510.1,g1,tick,1000.0,0.000
1510.1,g2,tick,1000.0,0.000
1510.1,g4,tick,1000.0,0.000
1515.1,g1,tick,1000.0,0.000
1515.1,g2,tick,1000.0,0.000
1515.1,g4,tick,1000.0,0.000
1520.1,g1,tick,1000.0,0.000
1520.1,g2,tick,1000.0,0.000
1520.1,g4,tick,1000.0,0.000
1525.1,g1,tick,1000.0,0.000
1525.1,g2,tick,1000.0,0.000
1525.1,g4,tick,1000.0,0.000
1530.1,g1,tick,1000.0,0.000
1530.1,g2,tick,1000.0,0.000
1530.1,g4,tick,1000.0,0.000
1535.1,g1,tick,1000.0,0.000
1535.1,g2,tick,1000.0,0.000
1535.1,g4,tick,1000.0,0.000
1540.1,g1,tick,1000.0,0.000
1540.1,g2,tick,1000.0,0.000
1540.1,g4,tick,1000.0,0.000
1545.1,g1,tick,1000.0,0.000
1545.1,g2,tick,1000.0,0.000
1545.1,g4,tick,1000.0,0.000
1550.1,g1,tick,1000.0,0.000
1550.1,g2,tick,1000.0,0.000
1550.1,g4,tick,1000.0,0.000
1555.1,g1,tick,1000.0,0.000
1555.1,g2,tick,1000.0,0.000
1555.1,g4,tick,1000.0,0.000
1560.1,g1,tick,1000.0,0.000
1560.1,g2,tick,1000.0,0.000
1560.1,g4,tick,1000.0,0.000
1565.1,g1,tick,1000.0,0.000
1565.1,g2,tick,1000.0,0.000
1565.1,g4,tick,1000.0,0.000
1570.1,g1,tick,1000.0,0.000
1570.1,g2,tick,1000.0,0.000
1570.1,g4,tick,1000.0,0.000
1575.1,g1,tick,1000.0,0.000
1575.1,g2,tick,1000.0,0.000
1575.1,g4,tick,1000.0,0.000
1580.1,g1,tick,1000.0,0.000
1580.1,g2,tick,1000.0,0.000
1580.1,g4,tick,1000.0,0.000
1585.1,g1,tick,1000.0,0.000
1585.1,g2,tick,1000.0,0.000
1585.1,g4,tick,1000.0,0.000
1590.1,g1,tick,1000.0,0.000
1590.1,g2,tick,1000.0,0.000
1590.1,g4,tick,1000.0,0.000
1595.1,g1,tick,1000.0,0.000
1595.1,g2,tick,1000.0,0.000
1595.1,g4,tick,1000.0,0.000
1600.1,g1,tick,1000.0,0.000
1600.1,g2,tick,1000.0,0.000
1600.1,g4,tick,1000.0,0.000
1605.1,g1,tick,1000.0,0.000
1605.1,g2,tick,1000.0,0.000
1605.1,g4,tick,1000.0,0.000
1610.1,g1,tick,1000.0,0.000
1610.1,g2,tick,1000.0,0.000
1610.1,g4,tick,1000.0,0.000
1615.1,g1,tick,1000.0,0.000
1615.1,g2,tick,1000.0,0.000
1615.1,g4,tick,1000.0,0.000
1620.1,g1,tick,1000.0,0.000
1620.1,g2,tick,1000.0,0.000
1620.1,g4,tick,1000.0,0.000
1625.1,g1,tick,1000.0,0.000
1625.1,g2,tick,1000.0,0.000
1625.1,g4,tick,1000.0,0.000
1630.1,g1,tick,1000.0,0.000
1630.1,g2,tick,1000.0,0.000
1630.1,g4,tick,1000.0,0.000
1635.1,g1,tick,1000.0,0.000
1635.1,g2,tick,1000.0,0.000
1635.1,g4,tick,1000.0,0.000
1640.1,g1,tick,1000.0,0.000
1640.1,g2,tick,1000.0,0.000
1640.1,g4,tick,1000.0,0.000
1645.1,g1,tick,1000.0,0.000
1645.1,g2,tick,1000.0,0.000
1645.1,g4,tick,1000.0,0.000
1650.1,g1,tick,1000.0,0.000
1650.1,g2,tick,1000.0,0.000
1650.1,g4,tick,1000.0,0.000
1655.1,g1,tick,1000.0,0.000
1655.1,g2,tick,1000.0,0.000
1655.1,g4,tick,1000.0,0.000
1660.1,g1,tick,1000.0,0.000
1660.1,g2,tick,1000.0,0.000
1660.1,g4,tick,1000.0,0.000
1665.1,g1,tick,1000.0,0.000
1665.1,g2,tick,1000.0,0.000
1665.1,g4,tick,1000.0,0.000
1670.1,g1,tick,1000.0,0.000
1670.1,g2,tick,1000.0,0.000
1670.1,g4,tick,1000.0,0.000
1675.1,g1,tick,1000.0,0.000
1675.1,g2,tick,1000.0,0.000
1675.1,g4,tick,1000.0,0.000
1680.1,g1,tick,1000.0,0.000
1680.1,g2,tick,1000.0,0.000
1680.1,g4,tick,1000.0,0.000
1685.1,g1,tick,1000.0,0.000
1685.1,g2,tick,1000.0,0.000
1685.1,g4,tick,1000.0,0.000
1690.1,g1,tick,1000.0,0.000
1690.1,g2,tick,1000.0,0.000
1690.1,g4,tick,1000.0,0.000
1695.1,g1,tick,1000.0,0.000
1695.1,g2,tick,1000.0,0.000
1695.1,g4,tick,1000.0,0.000
1700.1,g1,tick,1000.0,0.000
1700.1,g2,tick,1000.0,0.000
1700.1,g4,tick,1000.0,0.000
1705.1,g1,tick,1000.0,0.000
1705.1,g2,tick,1000.0,0.000
1705.1,g4,tick,1000.0,0.000
1710.1,g1,tick,1000.0,0.000
1710.1,g2,tick,1000.0,0.000
1710.1,g4,tick,1000.0,0.000
1715.1,g1,tick,1000.0,0.000
1715.1,g2,tick,1000.0,0.000
1715.1,g4,tick,1000.0,0.000
1720.1,g1,tick,1000.0,0.000
1720.1,g2,tick,1000.0,0.000
1720.1,g4,tick,1000.0,0.000
1725.1,g1,tick,1000.0,0.000
1725.1,g2,tick,1000.0,0.000
1725.1,g4,tick,1000.0,0.000
1730.1,g1,tick,1000.0,0.000
1730.1,g2,tick,1000.0,0.000
1730.1,g4,tick,1000.0,0.000
1735.1,g1,tick,1000.0,0.000
1735.2,g2,tick,1000.0,0.000
1735.2,g4,tick,1000.0,0.000
1740.1,g1,tick,1000.0,0.000
1740.1,g2,tick,1000.0,0.000
1740.1,g4,tick,1000.0,0.000
1745.1,g1,tick,1000.0,0.000
1745.1,g2,tick,1000.0,0.000
1745.1,g4,tick,1000.0,0.000
1750.1,g1,tick,1000.0,0.000
1750.1,g2,tick,1000.0,0.000
1750.1,g4,tick,1000.0,0.000
1755.1,g1,tick,1000.0,0.000
1755.1,g2,tick,1000.0,0.000
1755.1,g4,tick,1000.0,0.000
1760.1,g1,tick,1000.0,0.000
1760.1,g2,tick,1000.0,0.000
1760.1,g4,tick,1000.0,0.000
1765.1,g1,tick,1000.0,0.000
1765.1,g2,tick,1000.0,0.000
1765.1,g4,tick,1000.0,0.000
1770.1,g1,tick,1000.0,0.000
1770.1,g2,tick,1000.0,0.000
1770.1,g4,tick,1000.0,0.000
1775.1,g1,tick,1000.0,0.000
1775.1,g2,tick,1000.0,0.000
1775.1,g4,tick,1000.0,0.000
1780.1,g1,tick,1000.0,0.000
1780.1,g2,tick,1000.0,0.000
1780.1,g4,tick,1000.0,0.000
1785.1,g1,tick,1000.0,0.000
1785.1,g2,tick,1000.0,0.000
1785.1,g4,tick,1000.0,0.000
1790.1,g1,tick,1000.0,0.000
1790.1,g2,tick,1000.0,0.000
1790.1,g4,tick,1000.0,0.000
1795.1,g1,tick,1000.0,0.000
1795.1,g2,tick,1000.0,0.000
1795.1,g4,tick,1000.0,0.000
1800.1,g1,tick,1000.0,0.000
1800.1,g2,tick,1000.0,0.000
1800.1,g4,tick,1000.0,0.000
1805.1,g1,tick,1000.0,0.000
1805.1,g2,tick,1000.0,0.000
1805.1,g4,tick,1000.0,0.000
1810.1,g1,tick,1000.0,0.000
1810.1,g2,tick,1000.0,0.000
1810.1,g4,tick,1000.0,0.000
1815.1,g1,tick,1000.0,0.000
1815.1,g2,tick,1000.0,0.000
1815.1,g4,tick,1000.0,0.000
1820.1,g1,tick,1000.0,0.000
1820.1,g2,tick,1000.0,0.000
1820.1,g4,tick,1000.0,0.000
1825.1,g1,tick,1000.0,0.000
1825.1,g2,tick,1000.0,0.000
1825.1,g4,tick,1000.0,0.000
1830.1,g1,tick,1000.0,0.000
1830.1,g2,tick,1000.0,0.000
1830.1,g4,tick,1000.0,0.000
1835.1,g1,tick,1000.0,0.000
1835.1,g2,tick,1000.0,0.000
1835.1,g4,tick,1000.0,0.000
1840.1,g1,tick,1000.0,0.000
1840.1,g2,tick,1000.0,0.000
1840.1,g4,tick,1000.0,0.000
1845.1,g1,tick,1000.0,0.000
1845.1,g2,tick,1000.0,0.000
1845.1,g4,tick,1000.0,0.000
1850.1,g1,tick,1000.0,0.000
1850.1,g2,tick,1000.0,0.000
1850.1,g4,tick,1000.0,0.000
1855.1,g1,tick,1000.0,0.000
1855.1,g2,tick,1000.0,0.000
1855.1,g4,tick,1000.0,0.000
1860.1,g1,tick,1000.0,0.000
1860.1,g2,tick,1000.0,0.000
1860.1,g4,tick,1000.0,0.000
1865.1,g1,tick,1000.0,0.000
1865.1,g2,tick,1000.0,0.000
1865.1,g4,tick,1000.0,0.000
1870.1,g1,tick,1000.0,0.000
1870.1,g2,tick,1000.0,0.000
1870.1,g4,tick,1000.0,0.000
1875.1,g1,tick,1000.0,0.000
1875.1,g2,tick,1000.0,0.000
1875.1,g4,tick,1000.0,0.000
1880.1,g1,tick,1000.0,0.000
1880.1,g2,tick,1000.0,0.000
1880.1,g4,tick,1000.0,0.000
1885.1,g1,tick,1000.0,0.000
1885.1,g2,tick,1000.0,0.000
1885.1,g4,tick,1000.0,0.000
1890.1,g1,tick,1000.0,0.000
1890.1,g2,tick,1000.0,0.000
1890.1,g4,tick,1000.0,0.000
1895.1,g1,tick,1000.0,0.000
1895.1,g2,tick,1000.0,0.000
1895.1,g4,tick,1000.0,0.000
1900.1,g1,tick,1000.0,0.000
1900.1,g2,tick,1000.0,0.000
1900.1,g4,tick,1000.0,0.000
1905.1,g1,tick,1000.0,0.000
1905.1,g2,tick,1000.0,0.000
1905.1,g4,tick,1000.0,0.000
1910.1,g1,tick,1000.0,0.000
1910.1,g2,tick,1000.0,0.000
1910.1,g4,tick,1000.0,0.000
1915.1,g1,tick,1000.0,0.000
1915.1,g2,tick,1000.0,0.000
1915.1,g4,tick,1000.0,0.000
1920.1,g1,tick,1000.0,0.000
1920.1,g2,tick,1000.0,0.000
1920.1,g4,tick,1000.0,0.000
1925.1,g1,tick,1000.0,0.000
1925.1,g2,tick,1000.0,0.000
1925.1,g4,tick,1000.0,0.000
1930.1,g1,tick,1000.0,0.000
1930.1,g2,tick,1000.0,0.000
1930.1,g4,tick,1000.0,0.000
1935.1,g1,tick,1000.0,0.000
1935.1,g2,tick,1000.0,0.000
1935.1,g4,tick,1000.0,0.000
1940.1,g1,tick,1000.0,0.000
1940.1,g2,tick,1000.0,0.000
1940.1,g4,tick,1000.0,0.000
1945.1,g1,tick,1000.0,0.000
1945.1,g2,tick,1000.0,0.000
1945.1,g4,tick,1000.0,0.000
1950.1,g1,tick,1000.0,0.000
1950.1,g2,tick,1000.0,0.000
1950.1,g4,tick,1000.0,0.000
1955.1,g1,tick,1000.0,0.000
1955.1,g2,tick,1000.0,0.000
1955.1,g4,tick,1000.0,0.000
1960.1,g1,tick,1000.0,0.000
1960.1,g2,tick,1000.0,0.000
1960.1,g4,tick,1000.0,0.000
1965.1,g1,tick,1000.0,0.000
1965.1,g2,tick,1000.0,0.000
1965.1,g4,tick,1000.0,0.000
1970.1,g1,tick,1000.0,0.000
1970.1,g2,tick,1000.0,0.000
1970.1,g4,tick,1000.0,0.000
1975.1,g1,tick,1000.0,0.000
1975.1,g2,tick,1000.0,0.000
1975.1,g4,tick,1000.0,0.000
1980.1,g1,tick,1000.0,0.000
1980.1,g2,tick,1000.0,0.000
1980.1,g4,tick,1000.0,0.000
1985.1,g1,tick,1000.0,0.000
1985.1,g2,tick,1000.0,0.000
1985.1,g4,tick,1000.0,0.000
1990.1,g1,tick,1000.0,0.000
1990.1,g2,tick,1000.0,0.000
1990.1,g4,tick,1000.0,0.000
1995.1,g1,tick,1000.0,0.000
1995.1,g2,tick,1000.0,0.000
1995.1,g4,tick,1000.0,0.000
2000.1,g1,tick,1000.0,0.000
2000.1,g2,tick,1000.0,0.000
2000.1,g4,tick,1000.0,0.000
2005.1,g1,tick,1000.0,0.000
2005.1,g2,tick,1000.0,0.000
2005.1,g4,tick,1000.0,0.000
2010.1,g1,tick,1000.0,0.000
2010.1,g2,tick,1000.0,0.000
2010.1,g4,tick,1000.0,0.000
2015.1,g1,tick,1000.0,0.000
2015.1,g2,tick,1000.0,0.000
2015.1,g4,tick,1000.0,0.000
2020.1,g1,tick,1000.0,0.000
2020.1,g2,tick,1000.0,0.000
2020.1,g4,tick,1000.0,0.000
2025.1,g1,tick,1000.0,0.000
2025.1,g2,tick,1000.0,0.000
2025.1,g4,tick,1000.0,0.000
2030.1,g1,tick,1000.0,0.000
2030.1,g2,tick,1000.0,0.000
2030.1,g4,tick,1000.0,0.000
2035.1,g1,tick,1000.0,0.000
2035.1,g2,tick,1000.0,0.000
2035.1,g4,tick,1000.0,0.000
2040.1,g1,tick,1000.0,0.000
2040.1,g2,tick,1000.0,0.000
2040.1,g4,tick,1000.0,0.000
2045.1,g1,tick,1000.0,0.000
2045.1,g2,tick,1000.0,0.000
2045.1,g4,tick,1000.0,0.000
2050.1,g1,tick,1000.0,0.000
2050.1,g2,tick,1000.0,0.000
2050.1,g4,tick,1000.0,0.000
2055.1,g1,tick,1000.0,0.000
2055.1,g2,tick,1000.0,0.000
2055.1,g4,tick,1000.0,0.000
2060.1,g1,tick,1000.0,0.000
2060.1,g2,tick,1000.0,0.000
2060.1,g4,tick,1000.0,0.000
2065.1,g1,tick,1000.0,0.000
2065.1,g2,tick,1000.0,0.000
2065.1,g4,tick,1000.0,0.000
2070.1,g1,tick,1000.0,0.000
2070.1,g2,tick,1000.0,0.000
2070.1,g4,tick,1000.0,0.000
2075.1,g1,tick,1000.0,0.000
2075.1,g2,tick,1000.0,0.000
2075.1,g4,tick,1000.0,0.000
2080.1,g1,tick,1000.0,0.000
2080.1,g2,tick,1000.0,0.000
2080.1,g4,tick,1000.0,0.000
2085.1,g1,tick,1000.0,0.000
2085.1,g2,tick,1000.0,0.000
2085.1,g4,tick,1000.0,0.000
2090.1,g1,tick,1000.0,0.000
2090.1,g2,tick,1000.0,0.000
2090.1,g4,tick,1000.0,0.000
2095.1,g1,tick,1000.0,0.000
2095.1,g2,tick,1000.0,0.000
2095.1,g4,tick,1000.0,0.000
2101.4,g1,tick,1000.0,0.000
2101.4,g2,tick,1000.0,0.000
2101.4,g4,tick,1000.0,0.000
2105.1,g1,tick,1000.0,0.000
2105.1,g2,tick,1000.0,0.000
2105.1,g4,tick,1000.0,0.000
2110.1,g1,tick,1000.0,0.000
2110.1,g2,tick,1000.0,0.000
2110.1,g4,tick,1000.0,0.000
2115.1,g1,tick,1000.0,0.000
2115.1,g2,tick,1000.0,0.000
2115.1,g4,tick,1000.0,0.000
2120.4,g1,tick,1000.0,0.000
2120.4,g2,tick,1000.0,0.000
2120.4,g4,tick,1000.0,0.000
2125.5,g1,tick,1000.0,0.000
2125.5,g2,tick,1000.0,0.000
2125.5,g4,tick,1000.0,0.000
2130.1,g1,tick,1000.0,0.000
2130.1,g2,tick,1000.0,0.000
2130.1,g4,tick,1000.0,0.000
2135.1,g1,tick,1000.0,0.000
2135.1,g2,tick,1000.0,0.000
2135.1,g4,tick,1000.0,0.000
2140.1,g1,tick,1000.0,0.000
2140.1,g2,tick,1000.0,0.000
2140.1,g4,tick,1000.0,0.000
2145.1,g1,tick,1000.0,0.000
2145.1,g2,tick,1000.0,0.000
2145.1,g4,tick,1000.0,0.000
2150.1,g1,tick,1000.0,0.000
2150.1,g2,tick,1000.0,0.000
2150.1,g4,tick,1000.0,0.000
2155.1,g1,tick,1000.0,0.000
2155.1,g2,tick,1000.0,0.000
2155.1,g4,tick,1000.0,0.000
2160.1,g1,tick,1000.0,0.000
2160.1,g2,tick,1000.0,0.000
2160.1,g4,tick,1000.0,0.000
2165.1,g1,tick,1000.0,0.000
2165.1,g2,tick,1000.0,0.000
2165.1,g4,tick,1000.0,0.000
2170.1,g1,tick,1000.0,0.000
2170.1,g2,tick,1000.0,0.000
2170.1,g4,tick,1000.0,0.000
2175.1,g1,tick,1000.0,0.000
2175.1,g2,tick,1000.0,0.000
2175.1,g4,tick,1000.0,0.000
2180.1,g1,tick,1000.0,0.000
2180.1,g2,tick,1000.0,0.000
2180.1,g4,tick,1000.0,0.000
2185.1,g1,tick,1000.0,0.000
2185.1,g2,tick,1000.0,0.000
2185.1,g4,tick,1000.0,0.000
2190.1,g1,tick,1000.0,0.000
2190.1,g2,tick,1000.0,0.000
2190.1,g4,tick,1000.0,0.000
2195.1,g1,tick,1000.0,0.000
2195.1,g2,tick,1000.0,0.000
2195.1,g4,tick,1000.0,0.000
2200.1,g1,tick,1000.0,0.000
2200.1,g2,tick,1000.0,0.000
2200.1,g4,tick,1000.0,0.000
2205.1,g1,tick,1000.0,0.000
2205.1,g2,tick,1000.0,0.000
2205.1,g4,tick,1000.0,0.000
2210.1,g1,tick,1000.0,0.000
2210.1,g2,tick,1000.0,0.000
2210.1,g4,tick,1000.0,0.000
2215.1,g1,tick,1000.0,0.000
2215.1,g2,tick,1000.0,0.000
2215.1,g4,tick,1000.0,0.000
2220.1,g1,tick,1000.0,0.000
2220.1,g2,tick,1000.0,0.000
2220.1,g4,tick,1000.0,0.000
2225.1,g1,tick,1000.0,0.000
2225.1,g2,tick,1000.0,0.000
2225.1,g4,tick,1000.0,0.000
2230.1,g1,tick,1000.0,0.000
2230.1,g2,tick,1000.0,0.000
2230.1,g4,tick,1000.0,0.000
2235.1,g1,tick,1000.0,0.000
2235.1,g2,tick,1000.0,0.000
2235.1,g4,tick,1000.0,0.000
2240.1,g1,tick,1000.0,0.000
2240.1,g2,tick,1000.0,0.000
2240.1,g4,tick,1000.0,0.000
2245.1,g1,tick,1000.0,0.000
2245.1,g2,tick,1000.0,0.000
2245.1,g4,tick,1000.0,0.000
2250.1,g1,tick,1000.0,0.000
2250.1,g2,tick,1000.0,0.000
2250.1,g4,tick,1000.0,0.000
2255.1,g1,tick,1000.0,0.000
2255.1,g2,tick,1000.0,0.000
2255.1,g4,tick,1000.0,0.000
2260.1,g1,tick,1000.0,0.000
2260.1,g2,tick,1000.0,0.000
2260.1,g4,tick,1000.0,0.000
2265.1,g1,tick,1000.0,0.000
2265.1,g2,tick,1000.0,0.000
2265.1,g4,tick,1000.0,0.000
2270.1,g1,tick,1000.0,0.000
2270.1,g2,tick,1000.0,0.000
2270.1,g4,tick,1000.0,0.000
2275.1,g1,tick,1000.0,0.000
2275.1,g2,tick,1000.0,0.000
2275.1,g4,tick,1000.0,0.000
2280.1,g1,tick,1000.0,0.000
2280.1,g2,tick,1000.0,0.000
2280.1,g4,tick,1000.0,0.000
2285.1,g1,tick,1000.0,0.000
2285.1,g2,tick,1000.0,0.000
2285.1,g4,tick,1000.0,0.000
2290.1,g1,tick,1000.0,0.000
2290.1,g2,tick,1000.0,0.000
2290.1,g4,tick,1000.0,0.000
2295.1,g1,tick,1000.0,0.000
2295.1,g2,tick,1000.0,0.000
2295.1,g4,tick,1000.0,0.000
2300.1,g1,tick,1000.0,0.000
2300.1,g2,tick,1000.0,0.000
2300.1,g4,tick,1000.0,0.000
2305.1,g1,tick,1000.0,0.000
2305.1,g2,tick,1000.0,0.000
2305.1,g4,tick,1000.0,0.000
2310.1,g1,tick,1000.0,0.000
2310.1,g2,tick,1000.0,0.000
2310.1,g4,tick,1000.0,0.000
2315.1,g1,tick,1000.0,0.000
2315.1,g2,tick,1000.0,0.000
2315.1,g4,tick,1000.0,0.000
2320.1,g1,tick,1000.0,0.000
2320.1,g2,tick,1000.0,0.000
2320.1,g4,tick,1000.0,0.000
2325.1,g1,tick,1000.0,0.000
2325.1,g2,tick,1000.0,0.000
2325.1,g4,tick,1000.0,0.000
2330.1,g1,tick,1000.0,0.000
2330.1,g2,tick,1000.0,0.000
2330.1,g4,tick,1000.0,0.000
2335.1,g1,tick,1000.0,0.000
2335.1,g2,tick,1000.0,0.000
2335.1,g4,tick,1000.0,0.000
2340.1,g1,tick,1000.0,0.000
2340.1,g2,tick,1000.0,0.000
2340.1,g4,tick,1000.0,0.000
2345.1,g1,tick,1000.0,0.000
2345.1,g2,tick,1000.0,0.000
2345.1,g4,tick,1000.0,0.000
2350.1,g1,tick,1000.0,0.000
2350.1,g2,tick,1000.0,0.000
2350.1,g4,tick,1000.0,0.000
2355.1,g1,tick,1000.0,0.000
2355.1,g2,tick,1000.0,0.000
2355.1,g4,tick,1000.0,0.000
2360.1,g1,tick,1000.0,0.000
2360.1,g2,tick,1000.0,0.000
2360.1,g4,tick,1000.0,0.000
2365.1,g1,tick,1000.0,0.000
2365.1,g2,tick,1000.0,0.000
2365.1,g4,tick,1000.0,0.000
2370.1,g1,tick,1000.0,0.000
2370.1,g2,tick,1000.0,0.000
2370.1,g4,tick,1000.0,0.000
2375.1,g1,tick,1000.0,0.000
2375.1,g2,tick,1000.0,0.000
2375.1,g4,tick,1000.0,0.000
2380.1,g1,tick,1000.0,0.000
2380.1,g2,tick,1000.0,0.000
2380.1,g4,tick,1000.0,0.000
2385.1,g1,tick,1000.0,0.000
2385.1,g2,tick,1000.0,0.000
2385.1,g4,tick,1000.0,0.000
2390.1,g1,tick,1000.0,0.000
2390.1,g2,tick,1000.0,0.000
2390.1,g4,tick,1000.0,0.000
2395.1,g1,tick,1000.0,0.000
2395.1,g2,tick,1000.0,0.000
2395.1,g4,tick,1000.0,0.000
2400.1,g1,tick,1000.0,0.000
2400.1,g2,tick,1000.0,0.000
2400.1,g4,tick,1000.0,0.000
2405.1,g1,tick,1000.0,0.000
2405.1,g2,tick,1000.0,0.000
2405.1,g4,tick,1000.0,0.000
2410.1,g1,tick,1000.0,0.000
2410.1,g2,tick,1000.0,0.000
2410.1,g4,tick,1000.0,0.000
2415.1,g1,tick,1000.0,0.000
2415.1,g2,tick,1000.0,0.000
2415.1,g4,tick,1000.0,0.000
2420.1,g1,tick,1000.0,0.000
2420.1,g2,tick,1000.0,0.000
2420.1,g4,tick,1000.0,0.000
2425.1,g1,tick,1000.0,0.000
2425.1,g2,tick,1000.0,0.000
2425.1,g4,tick,1000.0,0.000
2430.1,g1,tick,1000.0,0.000
2430.1,g2,tick,1000.0,0.000
2430.1,g4,tick,1000.0,0.000
2435.1,g1,tick,1000.0,0.000
2435.1,g2,tick,1000.0,0.000
2435.1,g4,tick,1000.0,0.000
2440.1,g1,tick,1000.0,0.000
2440.1,g2,tick,1000.0,0.000
2440.1,g4,tick,1000.0,0.000
2445.1,g1,tick,1000.0,0.000
2445.1,g2,tick,1000.0,0.000
2445.1,g4,tick,1000.0,0.000
2450.1,g1,tick,1000.0,0.000
2450.1,g2,tick,1000.0,0.000
2450.1,g4,tick,1000.0,0.000
2455.1,g1,tick,1000.0,0.000
2455.1,g2,tick,1000.0,0.000
2455.1,g4,tick,1000.0,0.000
2460.1,g1,tick,1000.0,0.000
2460.1,g2,tick,1000.0,0.000
2460.1,g4,tick,1000.0,0.000
2465.1,g1,tick,1000.0,0.000
2465.1,g2,tick,1000.0,0.000
2465.1,g4,tick,1000.0,0.000
2470.1,g1,tick,1000.0,0.000
2470.1,g2,tick,1000.0,0.000
2470.1,g4,tick,1000.0,0.000
2475.1,g1,tick,1000.0,0.000
2475.1,g2,tick,1000.0,0.000
2475.1,g4,tick,1000.0,0.000
2480.1,g1,tick,1000.0,0.000
2480.1,g2,tick,1000.0,0.000
2480.1,g4,tick,1000.0,0.000
2485.1,g1,tick,1000.0,0.000
2485.1,g2,tick,1000.0,0.000
2485.1,g4,tick,1000.0,0.000
2490.1,g1,tick,1000.0,0.000
2490.1,g2,tick,1000.0,0.000
2490.1,g4,tick,1000.0,0.000
2495.1,g1,tick,1000.0,0.000
2495.1,g2,tick,1000.0,0.000
2495.1,g4,tick,1000.0,0.000
2500.1,g1,tick,1000.0,0.000
2500.1,g2,tick,1000.0,0.000
2500.1,g4,tick,1000.0,0.000
2505.1,g1,tick,1000.0,0.000
2505.1,g2,tick,1000.0,0.000
2505.1,g4,tick,1000.0,0.000
2510.1,g1,tick,1000.0,0.000
2510.1,g2,tick,1000.0,0.000
2510.1,g4,tick,1000.0,0.000
2515.1,g1,tick,1000.0,0.000
2515.1,g2,tick,1000.0,0.000
2515.1,g4,tick,1000.0,0.000
2520.1,g1,tick,1000.0,0.000
2520.1,g2,tick,1000.0,0.000
2520.1,g4,tick,1000.0,0.000
2525.1,g1,tick,1000.0,0.000
2525.1,g2,tick,1000.0,0.000
2525.1,g4,tick,1000.0,0.000
2530.1,g1,tick,1000.0,0.000
2530.1,g2,tick,1000.0,0.000
2530.1,g4,tick,1000.0,0.000
2535.1,g1,tick,1000.0,0.000
2535.1,g2,tick,1000.0,0.000
2535.1,g4,tick,1000.0,0.000
2540.1,g1,tick,1000.0,0.000
2540.1,g2,tick,1000.0,0.000
2540.1,g4,tick,1000.0,0.000
2545.1,g1,tick,1000.0,0.000
2545.1,g2,tick,1000.0,0.000
2545.1,g4,tick,1000.0,0.000
2550.1,g1,tick,1000.0,0.000
2550.1,g2,tick,1000.0,0.000
2550.1,g4,tick,1000.0,0.000
2555.1,g1,tick,1000.0,0.000
2555.1,g2,tick,1000.0,0.000
2555.1,g4,tick,1000.0,0.000
2560.1,g1,tick,1000.0,0.000
2560.1,g2,tick,1000.0,0.000
2560.1,g4,tick,1000.0,0.000
2565.1,g1,tick,1000.0,0.000
2565.1,g2,tick,1000.0,0.000
2565.1,g4,tick,1000.0,0.000
2570.1,g1,tick,1000.0,0.000
2570.1,g2,tick,1000.0,0.000
2570.1,g4,tick,1000.0,0.000
2575.1,g1,tick,1000.0,0.000
2575.1,g2,tick,1000.0,0.000
2575.1,g4,tick,1000.0,0.000
2580.1,g1,tick,1000.0,0.000
2580.1,g2,tick,1000.0,0.000
2580.1,g4,tick,1000.0,0.000
2585.1,g1,tick,1000.0,0.000
2585.1,g2,tick,1000.0,0.000
2585.1,g4,tick,1000.0,0.000
2590.1,g1,tick,1000.0,0.000
2590.1,g2,tick,1000.0,0.000
2590.1,g4,tick,1000.0,0.000
2595.1,g1,tick,1000.0,0.000
2595.1,g2,tick,1000.0,0.000
2595.1,g4,tick,1000.0,0.000
2600.1,g1,tick,1000.0,0.000
2600.1,g2,tick,1000.0,0.000
2600.1,g4,tick,1000.0,0.000
2605.1,g1,tick,1000.0,0.000
2605.1,g2,tick,1000.0,0.000
2605.1,g4,tick,1000.0,0.000
2610.1,g1,tick,1000.0,0.000
2610.1,g2,tick,1000.0,0.000
2610.1,g4,tick,1000.0,0.000
2615.1,g1,tick,1000.0,0.000
2615.1,g2,tick,1000.0,0.000
2615.1,g4,tick,1000.0,0.000
2620.1,g1,tick,1000.0,0.000
2620.1,g2,tick,1000.0,0.000
2620.1,g4,tick,1000.0,0.000
2625.1,g1,tick,1000.0,0.000
2625.1,g2,tick,1000.0,0.000
2625.1,g4,tick,1000.0,0.000
2630.1,g1,tick,1000.0,0.000
2630.1,g2,tick,1000.0,0.000
2630.1,g4,tick,1000.0,0.000
2635.1,g1,tick,1000.0,0.000
2635.1,g2,tick,1000.0,0.000
2635.1,g4,tick,1000.0,0.000
2640.1,g1,tick,1000.0,0.000
2640.1,g2,tick,1000.0,0.000
2640.1,g4,tick,1000.0,0.000
2645.1,g1,tick,1000.0,0.000
2645.1,g2,tick,1000.0,0.000
2645.1,g4,tick,1000.0,0.000
2650.1,g1,tick,1000.0,0.000
2650.1,g2,tick,1000.0,0.000
2650.1,g4,tick,1000.0,0.000
2655.1,g1,tick,1000.0,0.000
2655.1,g2,tick,1000.0,0.000
2655.1,g4,tick,1000.0,0.000
2660.1,g1,tick,1000.0,0.000
2660.1,g2,tick,1000.0,0.000
2660.1,g4,tick,1000.0,0.000
2665.1,g1,tick,1000.0,0.000
2665.1,g2,tick,1000.0,0.000
2665.1,g4,tick,1000.0,0.000
2670.1,g1,tick,1000.0,0.000
2670.1,g2,tick,1000.0,0.000
2670.1,g4,tick,1000.0,0.000
2675.1,g1,tick,1000.0,0.000
2675.1,g2,tick,1000.0,0.000
2675.1,g4,tick,1000.0,0.000
2680.1,g1,tick,1000.0,0.000
2680.1,g2,tick,1000.0,0.000
2680.1,g4,tick,1000.0,0.000
2685.1,g1,tick,1000.0,0.000
2685.1,g2,tick,1000.0,0.000
2685.1,g4,tick,1000.0,0.000
2690.1,g1,tick,1000.0,0.000
2690.1,g2,tick,1000.0,0.000
2690.1,g4,tick,1000.0,0.000
2695.1,g1,tick,1000.0,0.000
2695.1,g2,tick,1000.0,0.000
2695.1,g4,tick,1000.0,0.000
2700.1,g1,tick,1000.0,0.000
2700.1,g2,tick,1000.0,0.000
2700.1,g4,tick,1000.0,0.000
2705.1,g1,tick,1000.0,0.000
2705.1,g2,tick,1000.0,0.000
2705.1,g4,tick,1000.0,0.000
2710.1,g1,tick,1000.0,0.000
2710.1,g2,tick,1000.0,0.000
2710.1,g4,tick,1000.0,0.000
2715.1,g1,tick,1000.0,0.000
2715.1,g2,tick,1000.0,0.000
2715.1,g4,tick,1000.0,0.000
2720.1,g1,tick,1000.0,0.000
2720.1,g2,tick,1000.0,0.000
2720.1,g4,tick,1000.0,0.000
2725.1,g1,tick,1000.0,0.000
2725.1,g2,tick,1000.0,0.000
2725.1,g4,tick,1000.0,0.000
2730.1,g1,tick,1000.0,0.000
2730.1,g2,tick,1000.0,0.000
2730.1,g4,tick,1000.0,0.000
2735.1,g1,tick,1000.0,0.000
2735.1,g2,tick,1000.0,0.000
2735.1,g4,tick,1000.0,0.000
2740.1,g1,tick,1000.0,0.000
2740.1,g2,tick,1000.0,0.000
2740.1,g4,tick,1000.0,0.000
2745.1,g1,tick,1000.0,0.000
2745.1,g2,tick,1000.0,0.000
2745.1,g4,tick,1000.0,0.000
2750.1,g1,tick,1000.0,0.000
2750.1,g2,tick,1000.0,0.000
2750.1,g4,tick,1000.0,0.000
2755.1,g1,tick,1000.0,0.000
2755.1,g2,tick,1000.0,0.000
2755.1,g4,tick,1000.0,0.000
2760.1,g1,tick,1000.0,0.000
2760.1,g2,tick,1000.0,0.000
2760.1,g4,tick,1000.0,0.000
2765.1,g1,tick,1000.0,0.000
2765.1,g2,tick,1000.0,0.000
2765.1,g4,tick,1000.0,0.000
2770.1,g1,tick,1000.0,0.000
2770.1,g2,tick,1000.0,0.000
2770.1,g4,tick,1000.0,0.000
2775.1,g1,tick,1000.0,0.000
2775.1,g2,tick,1000.0,0.000
2775.1,g4,tick,1000.0,0.000
2780.1,g1,tick,1000.0,0.000
2780.1,g2,tick,1000.0,0.000
2780.1,g4,tick,1000.0,0.000
2785.1,g1,tick,1000.0,0.000
2785.1,g2,tick,1000.0,0.000
2785.1,g4,tick,1000.0,0.000
2790.1,g1,tick,1000.0,0.000
2790.1,g2,tick,1000.0,0.000
2790.1,g4,tick,1000.0,0.000
2795.1,g1,tick,1000.0,0.000
2795.1,g2,tick,1000.0,0.000
2795.1,g4,tick,1000.0,0.000
2800.1,g1,tick,1000.0,0.000
2800.1,g2,tick,1000.0,0.000
2800.1,g4,tick,1000.0,0.000
2805.1,g1,tick,1000.0,0.000
2805.1,g2,tick,1000.0,0.000
2805.1,g4,tick,1000.0,0.000
2810.1,g1,tick,1000.0,0.000
2810.1,g2,tick,1000.0,0.000
2810.1,g4,tick,1000.0,0.000
2815.1,g1,tick,1000.0,0.000
2815.1,g2,tick,1000.0,0.000
2815.1,g4,tick,1000.0,0.000
2820.1,g1,tick,1000.0,0.000
2820.1,g2,tick,1000.0,0.000
2820.1,g4,tick,1000.0,0.000
2825.1,g1,tick,1000.0,0.000
2825.1,g2,tick,1000.0,0.000
2825.1,g4,tick,1000.0,0.000
2830.1,g1,tick,1000.0,0.000
2830.1,g2,tick,1000.0,0.000
2830.1,g4,tick,1000.0,0.000
2835.1,g1,tick,1000.0,0.000
2835.1,g2,tick,1000.0,0.000
2835.1,g4,tick,1000.0,0.000
2840.1,g1,tick,1000.0,0.000
2840.1,g2,tick,1000.0,0.000
2840.1,g4,tick,1000.0,0.000
2845.1,g1,tick,1000.0,0.000
2845.1,g2,tick,1000.0,0.000
2845.1,g4,tick,1000.0,0.000
2850.1,g1,tick,1000.0,0.000
2850.1,g2,tick,1000.0,0.000
2850.1,g4,tick,1000.0,0.000
2855.1,g1,tick,1000.0,0.000
2855.1,g2,tick,1000.0,0.000
2855.1,g4,tick,1000.0,0.000
2860.1,g1,tick,1000.0,0.000
2860.1,g2,tick,1000.0,0.000
2860.1,g4,tick,1000.0,0.000
2865.1,g1,tick,1000.0,0.000
2865.1,g2,tick,1000.0,0.000
2865.1,g4,tick,1000.0,0.000
2870.1,g1,tick,1000.0,0.000
2870.1,g2,tick,1000.0,0.000
2870.1,g4,tick,1000.0,0.000
2875.1,g1,tick,1000.0,0.000
2875.1,g2,tick,1000.0,0.000
2875.1,g4,tick,1000.0,0.000
2880.1,g1,tick,1000.0,0.000
2880.1,g2,tick,1000.0,0.000
2880.1,g4,tick,1000.0,0.000
2885.1,g1,tick,1000.0,0.000
2885.1,g2,tick,1000.0,0.000
2885.1,g4,tick,1000.0,0.000
2890.1,g1,tick,1000.0,0.000
2890.1,g2,tick,1000.0,0.000
2890.1,g4,tick,1000.0,0.000
2895.1,g1,tick,1000.0,0.000
2895.1,g2,tick,1000.0,0.000
2895.1,g4,tick,1000.0,0.000
2900.1,g1,tick,1000.0,0.000
2900.1,g2,tick,1000.0,0.000
2900.1,g4,tick,1000.0,0.000
2905.1,g1,tick,1000.0,0.000
2905.1,g2,tick,1000.0,0.000
2905.1,g4,tick,1000.0,0.000
2910.1,g1,tick,1000.0,0.000
2910.1,g2,tick,1000.0,0.000
2910.1,g4,tick,1000.0,0.000
2915.1,g1,tick,1000.0,0.000
2915.1,g2,tick,1000.0,0.000
2915.1,g4,tick,1000.0,0.000
2920.1,g1,tick,1000.0,0.000
2920.1,g2,tick,1000.0,0.000
2920.1,g4,tick,1000.0,0.000
2925.1,g1,tick,1000.0,0.000
2925.1,g2,tick,1000.0,0.000
2925.1,g4,tick,1000.0,0.000
2930.1,g1,tick,1000.0,0.000
2930.1,g2,tick,1000.0,0.000
2930.1,g4,tick,1000.0,0.000
2935.1,g1,tick,1000.0,0.000
2935.1,g2,tick,1000.0,0.000
2935.1,g4,tick,1000.0,0.000
2940.1,g1,tick,1000.0,0.000
2940.1,g2,tick,1000.0,0.000
2940.1,g4,tick,1000.0,0.000
2945.1,g1,tick,1000.0,0.000
2945.1,g2,tick,1000.0,0.000
2945.1,g4,tick,1000.0,0.000
2950.1,g1,tick,1000.0,0.000
2950.1,g2,tick,1000.0,0.000
2950.1,g4,tick,1000.0,0.000
2955.1,g1,tick,1000.0,0.000
2955.1,g2,tick,1000.0,0.000
2955.1,g4,tick,1000.0,0.000
2960.1,g1,tick,1000.0,0.000
2960.1,g2,tick,1000.0,0.000
2960.1,g4,tick,1000.0,0.000
2965.1,g1,tick,1000.0,0.000
2965.1,g2,tick,1000.0,0.000
2965.1,g4,tick,1000.0,0.000
2970.1,g1,tick,1000.0,0.000
2970.1,g2,tick,1000.0,0.000
2970.1,g4,tick,1000.0,0.000
2975.1,g1,tick,1000.0,0.000
2975.1,g2,tick,1000.0,0.000
2975.1,g4,tick,1000.0,0.000
2980.1,g1,tick,1000.0,0.000
2980.1,g2,tick,1000.0,0.000
2980.1,g4,tick,1000.0,0.000
2985.1,g1,tick,1000.0,0.000
2985.1,g2,tick,1000.0,0.000
2985.1,g4,tick,1000.0,0.000
2990.1,g1,tick,1000.0,0.000
2990.1,g2,tick,1000.0,0.000
2990.1,g4,tick,1000.0,0.000
2995.1,g1,tick,1000.0,0.000
2995.1,g2,tick,1000.0,0.000
2995.1,g4,tick,1000.0,0.000
3000.1,g1,tick,1000.0,0.000
3000.1,g2,tick,1000.0,0.000
3000.1,g4,tick,1000.0,0.000
3005.1,g1,tick,1000.0,0.000
3005.1,g2,tick,1000.0,0.000
3005.1,g4,tick,1000.0,0.000
3010.1,g1,tick,1000.0,0.000
3010.1,g2,tick,1000.0,0.000
3010.1,g4,tick,1000.0,0.000
3015.1,g1,tick,1000.0,0.000
3015.1,g2,tick,1000.0,0.000
3015.1,g4,tick,1000.0,0.000
3020.1,g1,tick,1000.0,0.000
3020.1,g2,tick,1000.0,0.000
3020.1,g4,tick,1000.0,0.000
3025.1,g1,tick,1000.0,0.000
3025.1,g2,tick,1000.0,0.000
3025.1,g4,tick,1000.0,0.000
3030.1,g1,tick,1000.0,0.000
3030.1,g2,tick,1000.0,0.000
3030.1,g4,tick,1000.0,0.000
3035.1,g1,tick,1000.0,0.000
3035.1,g2,tick,1000.0,0.000
3035.1,g4,tick,1000.0,0.000
3040.0,g1,tick,1000.0,0.000
3040.0,g2,tick,1000.0,0.000
3040.0,g4,tick,1000.0,0.000
3045.1,g1,tick,1000.0,0.000
3045.1,g2,tick,1000.0,0.000
3045.1,g4,tick,1000.0,0.000
3050.1,g1,tick,1000.0,0.000
3050.1,g2,tick,1000.0,0.000
3050.1,g4,tick,1000.0,0.000
3055.1,g1,tick,1000.0,0.000
3055.1,g2,tick,1000.0,0.000
3055.1,g4,tick,1000.0,0.000
3060.1,g1,tick,1000.0,0.000
3060.1,g2,tick,1000.0,0.000
3060.1,g4,tick,1000.0,0.000
3065.1,g1,tick,1000.0,0.000
3065.1,g2,tick,1000.0,0.000
3065.1,g4,tick,1000.0,0.000
3070.1,g1,tick,1000.0,0.000
3070.1,g2,tick,1000.0,0.000
3070.1,g4,tick,1000.0,0.000
3075.1,g1,tick,1000.0,0.000
3075.1,g2,tick,1000.0,0.000
3075.1,g4,tick,1000.0,0.000
3080.1,g1,tick,1000.0,0.000
3080.1,g2,tick,1000.0,0.000
3080.1,g4,tick,1000.0,0.000
3085.1,g1,tick,1000.0,0.000
3085.1,g2,tick,1000.0,0.000
3085.1,g4,tick,1000.0,0.000
3090.1,g1,tick,1000.0,0.000
3090.1,g2,tick,1000.0,0.000
3090.1,g4,tick,1000.0,0.000
3095.1,g1,tick,1000.0,0.000
3095.1,g2,tick,1000.0,0.000
3095.1,g4,tick,1000.0,0.000
3100.1,g1,tick,1000.0,0.000
3100.1,g2,tick,1000.0,0.000
3100.1,g4,tick,1000.0,0.000
3105.1,g1,tick,1000.0,0.000
3105.1,g2,tick,1000.0,0.000
3105.1,g4,tick,1000.0,0.000
3110.1,g1,tick,1000.0,0.000
3110.1,g2,tick,1000.0,0.000
3110.1,g4,tick,1000.0,0.000
3115.1,g1,tick,1000.0,0.000
3115.1,g2,tick,1000.0,0.000
3115.1,g4,tick,1000.0,0.000
3120.1,g1,tick,1000.0,0.000
3120.1,g2,tick,1000.0,0.000
3120.1,g4,tick,1000.0,0.000
3125.1,g1,tick,1000.0,0.000
3125.1,g2,tick,1000.0,0.000
3125.1,g4,tick,1000.0,0.000
3130.1,g1,tick,1000.0,0.000
3130.1,g2,tick,1000.0,0.000
3130.1,g4,tick,1000.0,0.000
3135.1,g1,tick,1000.0,0.000
3135.1,g2,tick,1000.0,0.000
3135.1,g4,tick,1000.0,0.000
3140.1,g1,tick,1000.0,0.000
3140.1,g2,tick,1000.0,0.000
3140.1,g4,tick,1000.0,0.000
3145.1,g1,tick,1000.0,0.000
3145.1,g2,tick,1000.0,0.000
3145.1,g4,tick,1000.0,0.000
3150.1,g1,tick,1000.0,0.000
3150.1,g2,tick,1000.0,0.000
3150.1,g4,tick,1000.0,0.000
3155.1,g1,tick,1000.0,0.000
3155.1,g2,tick,1000.0,0.000
3155.1,g4,tick,1000.0,0.000
3160.1,g1,tick,1000.0,0.000
3160.1,g2,tick,1000.0,0.000
3160.1,g4,tick,1000.0,0.000
3165.1,g1,tick,1000.0,0.000
3165.1,g2,tick,1000.0,0.000
3165.1,g4,tick,1000.0,0.000
3170.1,g1,tick,1000.0,0.000
3170.1,g2,tick,1000.0,0.000
3170.1,g4,tick,1000.0,0.000
3175.1,g1,tick,1000.0,0.000
3175.1,g2,tick,1000.0,0.000
3175.1,g4,tick,1000.0,0.000
3180.1,g1,tick,1000.0,0.000
3180.1,g2,tick,1000.0,0.000
3180.1,g4,tick,1000.0,0.000
3185.1,g1,tick,1000.0,0.000
3185.1,g2,tick,1000.0,0.000
3185.1,g4,tick,1000.0,0.000
3190.1,g1,tick,1000.0,0.000
3190.1,g2,tick,1000.0,0.000
3190.1,g4,tick,1000.0,0.000
3195.1,g1,tick,1000.0,0.000
3195.1,g2,tick,1000.0,0.000
3195.1,g4,tick,1000.0,0.000
3200.1,g1,tick,1000.0,0.000
3200.1,g2,tick,1000.0,0.000
3200.1,g4,tick,1000.0,0.000
3205.1,g1,tick,1000.0,0.000
3205.1,g2,tick,1000.0,0.000
3205.1,g4,tick,1000.0,0.000
3210.1,g1,tick,1000.0,0.000
3210.1,g2,tick,1000.0,0.000
3210.1,g4,tick,1000.0,0.000
3215.1,g1,tick,1000.0,0.000
3215.1,g2,tick,1000.0,0.000
3215.1,g4,tick,1000.0,0.000
3220.1,g1,tick,1000.0,0.000
3220.1,g2,tick,1000.0,0.000
3220.1,g4,tick,1000.0,0.000
3225.1,g1,tick,1000.0,0.000
3225.1,g2,tick,1000.0,0.000
3225.1,g4,tick,1000.0,0.000
3230.1,g1,tick,1000.0,0.000
3230.1,g2,tick,1000.0,0.000
3230.1,g4,tick,1000.0,0.000
3235.1,g1,tick,1000.0,0.000
3235.1,g2,tick,1000.0,0.000
3235.1,g4,tick,1000.0,0.000
3240.1,g1,tick,1000.0,0.000
3240.1,g2,tick,1000.0,0.000
3240.1,g4,tick,1000.0,0.000
3245.1,g1,tick,1000.0,0.000
3245.1,g2,tick,1000.0,0.000
3245.1,g4,tick,1000.0,0.000
3250.1,g1,tick,1000.0,0.000
3250.1,g2,tick,1000.0,0.000
3250.1,g4,tick,1000.0,0.000
3255.1,g1,tick,1000.0,0.000
3255.1,g2,tick,1000.0,0.000
3255.1,g4,tick,1000.0,0.000
3260.1,g1,tick,1000.0,0.000
3260.1,g2,tick,1000.0,0.000
3260.1,g4,tick,1000.0,0.000
3265.1,g1,tick,1000.0,0.000
3265.1,g2,tick,1000.0,0.000
3265.1,g4,tick,1000.0,0.000
3270.1,g1,tick,1000.0,0.000
3270.1,g2,tick,1000.0,0.000
3270.1,g4,tick,1000.0,0.000
3275.1,g1,tick,1000.0,0.000
3275.1,g2,tick,1000.0,0.000
3275.1,g4,tick,1000.0,0.000
3280.1,g1,tick,1000.0,0.000
3280.1,g2,tick,1000.0,0.000
3280.1,g4,tick,1000.0,0.000
3285.1,g1,tick,1000.0,0.000
3285.1,g2,tick,1000.0,0.000
3285.1,g4,tick,1000.0,0.000
3290.1,g1,tick,1000.0,0.000
3290.1,g2,tick,1000.0,0.000
3290.1,g4,tick,1000.0,0.000
3295.1,g1,tick,1000.0,0.000
3295.1,g2,tick,1000.0,0.000
3295.1,g4,tick,1000.0,0.000
3300.1,g1,tick,1000.0,0.000
3300.1,g2,tick,1000.0,0.000
3300.1,g4,tick,1000.0,0.000
3305.1,g1,tick,1000.0,0.000
3305.1,g2,tick,1000.0,0.000
3305.1,g4,tick,1000.0,0.000
3310.1,g1,tick,1000.0,0.000
3310.1,g2,tick,1000.0,0.000
3310.1,g4,tick,1000.0,0.000
3315.1,g1,tick,1000.0,0.000
3315.1,g2,tick,1000.0,0.000
3315.1,g4,tick,1000.0,0.000
3320.1,g1,tick,1000.0,0.000
3320.1,g2,tick,1000.0,0.000
3320.1,g4,tick,1000.0,0.000
3325.1,g1,tick,1000.0,0.000
3325.1,g2,tick,1000.0,0.000
3325.1,g4,tick,1000.0,0.000
3330.1,g1,tick,1000.0,0.000
3330.1,g2,tick,1000.0,0.000
3330.1,g4,tick,1000.0,0.000
3335.1,g1,tick,1000.0,0.000
3335.1,g2,tick,1000.0,0.000
3335.1,g4,tick,1000.0,0.000
3340.1,g1,tick,1000.0,0.000
3340.1,g2,tick,1000.0,0.000
3340.1,g4,tick,1000.0,0.000
3345.1,g1,tick,1000.0,0.000
3345.1,g2,tick,1000.0,0.000
3345.1,g4,tick,1000.0,0.000
3350.1,g1,tick,1000.0,0.000
3350.1,g2,tick,1000.0,0.000
3350.1,g4,tick,1000.0,0.000
3355.1,g1,tick,1000.0,0.000
3355.1,g2,tick,1000.0,0.000
3355.1,g4,tick,1000.0,0.000
3360.1,g1,tick,1000.0,0.000
3360.1,g2,tick,1000.0,0.000
3360.1,g4,tick,1000.0,0.000
3365.0,g1,tick,1000.0,0.000
3365.0,g2,tick,1000.0,0.000
3365.0,g4,tick,1000.0,0.000
3370.1,g1,tick,1000.0,0.000
3370.1,g2,tick,1000.0,0.000
3370.1,g4,tick,1000.0,0.000
3375.1,g1,tick,1000.0,0.000
3375.1,g2,tick,1000.0,0.000
3375.1,g4,tick,1000.0,0.000
3380.1,g1,tick,1000.0,0.000
3380.1,g2,tick,1000.0,0.000
3380.1,g4,tick,1000.0,0.000
3385.1,g1,tick,1000.0,0.000
3385.1,g2,tick,1000.0,0.000
3385.1,g4,tick,1000.0,0.000
3390.1,g1,tick,1000.0,0.000
3390.1,g2,tick,1000.0,0.000
3390.1,g4,tick,1000.0,0.000
3395.1,g1,tick,1000.0,0.000
3395.1,g2,tick,1000.0,0.000
3395.1,g4,tick,1000.0,0.000
3400.1,g1,tick,1000.0,0.000
3400.1,g2,tick,1000.0,0.000
3400.1,g4,tick,1000.0,0.000
3405.1,g1,tick,1000.0,0.000
3405.1,g2,tick,1000.0,0.000
3405.1,g4,tick,1000.0,0.000
3410.1,g1,tick,1000.0,0.000
3410.1,g2,tick,1000.0,0.000
3410.1,g4,tick,1000.0,0.000
3415.1,g1,tick,1000.0,0.000
3415.1,g2,tick,1000.0,0.000
3415.1,g4,tick,1000.0,0.000
3420.1,g1,tick,1000.0,0.000
3420.1,g2,tick,1000.0,0.000
3420.1,g4,tick,1000.0,0.000
3425.1,g1,tick,1000.0,0.000
3425.1,g2,tick,1000.0,0.000
3425.1,g4,tick,1000.0,0.000
3430.1,g1,tick,1000.0,0.000
3430.1,g2,tick,1000.0,0.000
3430.1,g4,tick,1000.0,0.000
3435.1,g1,tick,1000.0,0.000
3435.1,g2,tick,1000.0,0.000
3435.1,g4,tick,1000.0,0.000
3440.1,g1,tick,1000.0,0.000
3440.1,g2,tick,1000.0,0.000
3440.1,g4,tick,1000.0,0.000
3445.1,g1,tick,1000.0,0.000
3445.1,g2,tick,1000.0,0.000
3445.1,g4,tick,1000.0,0.000
3450.1,g1,tick,1000.0,0.000
3450.1,g2,tick,1000.0,0.000
3450.1,g4,tick,1000.0,0.000
3455.1,g1,tick,1000.0,0.000
3455.1,g2,tick,1000.0,0.000
3455.1,g4,tick,1000.0,0.000
3460.1,g1,tick,1000.0,0.000
3460.1,g2,tick,1000.0,0.000
3460.1,g4,tick,1000.0,0.000
3465.1,g1,tick,1000.0,0.000
3465.1,g2,tick,1000.0,0.000
3465.1,g4,tick,1000.0,0.000
3470.1,g1,tick,1000.0,0.000
3470.1,g2,tick,1000.0,0.000
3470.1,g4,tick,1000.0,0.000
3475.1,g1,tick,1000.0,0.000
3475.1,g2,tick,1000.0,0.000
3475.1,g4,tick,1000.0,0.000
3480.1,g1,tick,1000.0,0.000
3480.1,g2,tick,1000.0,0.000
3480.1,g4,tick,1000.0,0.000
3485.1,g1,tick,1000.0,0.000
3485.1,g2,tick,1000.0,0.000
3485.1,g4,tick,1000.0,0.000
3490.1,g1,tick,1000.0,0.000
3490.1,g2,tick,1000.0,0.000
3490.1,g4,tick,1000.0,0.000
3495.1,g1,tick,1000.0,0.000
3495.1,g2,tick,1000.0,0.000
3495.1,g4,tick,1000.0,0.000
3500.1,g1,tick,1000.0,0.000
3500.1,g2,tick,1000.0,0.000
3500.1,g4,tick,1000.0,0.000
3505.1,g1,tick,1000.0,0.000
3505.1,g2,tick,1000.0,0.000
3505.1,g4,tick,1000.0,0.000
3510.1,g1,tick,1000.0,0.000
3510.1,g2,tick,1000.0,0.000
3510.1,g4,tick,1000.0,0.000
3515.1,g1,tick,1000.0,0.000
3515.1,g2,tick,1000.0,0.000
3515.1,g4,tick,1000.0,0.000
3520.1,g1,tick,1000.0,0.000
3520.1,g2,tick,1000.0,0.000
3520.1,g4,tick,1000.0,0.000
3525.1,g1,tick,1000.0,0.000
3525.1,g2,tick,1000.0,0.000
3525.1,g4,tick,1000.0,0.000
3530.1,g1,tick,1000.0,0.000
3530.1,g2,tick,1000.0,0.000
3530.1,g4,tick,1000.0,0.000
3535.1,g1,tick,1000.0,0.000
3535.1,g2,tick,1000.0,0.000
3535.1,g4,tick,1000.0,0.000
3540.1,g1,tick,1000.0,0.000
3540.1,g2,tick,1000.0,0.000
3540.1,g4,tick,1000.0,0.000
3545.1,g1,tick,1000.0,0.000
3545.1,g2,tick,1000.0,0.000
3545.1,g4,tick,1000.0,0.000
3550.1,g1,tick,1000.0,0.000
3550.1,g2,tick,1000.0,0.000
3550.1,g4,tick,1000.0,0.000
3555.1,g1,tick,1000.0,0.000
3555.1,g2,tick,1000.0,0.000
3555.1,g4,tick,1000.0,0.000
3560.1,g1,tick,1000.0,0.000
3560.1,g2,tick,1000.0,0.000
3560.1,g4,tick,1000.0,0.000
3565.1,g1,tick,1000.0,0.000
3565.1,g2,tick,1000.0,0.000
3565.1,g4,tick,1000.0,0.000
3570.1,g1,tick,1000.0,0.000
3570.1,g2,tick,1000.0,0.000
3570.1,g4,tick,1000.0,0.000
3575.1,g1,tick,1000.0,0.000
3575.1,g2,tick,1000.0,0.000
3575.1,g4,tick,1000.0,0.000
3580.1,g1,tick,1000.0,0.000
3580.1,g2,tick,1000.0,0.000
3580.1,g4,tick,1000.0,0.000
3585.1,g1,tick,1000.0,0.000
3585.1,g2,tick,1000.0,0.000
3585.1,g4,tick,1000.0,0.000
3590.0,g1,tick,1000.0,0.000
3590.0,g2,tick,1000.0,0.000
3590.0,g4,tick,1000.0,0.000
3595.1,g1,tick,1000.0,0.000
3595.1,g2,tick,1000.0,0.000
3595.1,g4,tick,1000.0,0.000
3600.1,g1,tick,1000.0,0.000
3600.1,g2,tick,1000.0,0.000
3600.1,g4,tick,1000.0,0.000
3605.1,g1,tick,1000.0,0.000
3605.1,g2,tick,1000.0,0.000
3605.1,g4,tick,1000.0,0.000
3610.1,g1,tick,1000.0,0.000
3610.1,g2,tick,1000.0,0.000
3610.1,g4,tick,1000.0,0.000
3615.1,g1,tick,1000.0,0.000
3615.1,g2,tick,1000.0,0.000
3615.1,g4,tick,1000.0,0.000
3620.1,g1,tick,1000.0,0.000
3620.1,g2,tick,1000.0,0.000
3620.1,g4,tick,1000.0,0.000
3625.1,g1,tick,1000.0,0.000
3625.1,g2,tick,1000.0,0.000
3625.1,g4,tick,1000.0,0.000
3630.1,g1,tick,1000.0,0.000
3630.1,g2,tick,1000.0,0.000
3630.1,g4,tick,1000.0,0.000
3635.1,g1,tick,1000.0,0.000
3635.1,g2,tick,1000.0,0.000
3635.1,g4,tick,1000.0,0.000
3640.1,g1,tick,1000.0,0.000
3640.1,g2,tick,1000.0,0.000
3640.1,g4,tick,1000.0,0.000
3645.1,g1,tick,1000.0,0.000
3645.1,g2,tick,1000.0,0.000
3645.1,g4,tick,1000.0,0.000
3650.1,g1,tick,1000.0,0.000
3650.1,g2,tick,1000.0,0.000
3650.1,g4,tick,1000.0,0.000
3655.1,g1,tick,1000.0,0.000
3655.1,g2,tick,1000.0,0.000
3655.1,g4,tick,1000.0,0.000
3660.1,g1,tick,1000.0,0.000
3660.1,g2,tick,1000.0,0.000
3660.1,g4,tick,1000.0,0.000
3665.1,g1,tick,1000.0,0.000
3665.1,g2,tick,1000.0,0.000
3665.1,g4,tick,1000.0,0.000
3670.1,g1,tick,1000.0,0.000
3670.1,g2,tick,1000.0,0.000
3670.1,g4,tick,1000.0,0.000
3675.1,g1,tick,1000.0,0.000
3675.1,g2,tick,1000.0,0.000
3675.1,g4,tick,1000.0,0.000
3680.1,g1,tick,1000.0,0.000
3680.1,g2,tick,1000.0,0.000
3680.1,g4,tick,1000.0,0.000
3685.1,g1,tick,1000.0,0.000
3685.1,g2,tick,1000.0,0.000
3685.1,g4,tick,1000.0,0.000
3690.0,g1,tick,1000.0,0.000
3690.0,g2,tick,1000.0,0.000
3690.1,g4,tick,1000.0,0.000
3695.1,g1,tick,1000.0,0.000
3695.1,g2,tick,1000.0,0.000
3695.1,g4,tick,1000.0,0.000
3700.1,g1,tick,1000.0,0.000
3700.1,g2,tick,1000.0,0.000
3700.1,g4,tick,1000.0,0.000
3705.1,g1,tick,1000.0,0.000
3705.1,g2,tick,1000.0,0.000
3705.1,g4,tick,1000.0,0.000
3710.1,g1,tick,1000.0,0.000
3710.1,g2,tick,1000.0,0.000
3710.1,g4,tick,1000.0,0.000
3715.1,g1,tick,1000.0,0.000
3715.1,g2,tick,1000.0,0.000
3715.1,g4,tick,1000.0,0.000
3720.1,g1,tick,1000.0,0.000
3720.1,g2,tick,1000.0,0.000
3720.1,g4,tick,1000.0,0.000
3725.1,g1,tick,1000.0,0.000
3725.1,g2,tick,1000.0,0.000
3725.1,g4,tick,1000.0,0.000
3730.1,g1,tick,1000.0,0.000
3730.1,g2,tick,1000.0,0.000
3730.1,g4,tick,1000.0,0.000
3735.1,g1,tick,1000.0,0.000
3735.1,g2,tick,1000.0,0.000
3735.1,g4,tick,1000.0,0.000
3740.1,g1,tick,1000.0,0.000
3740.1,g2,tick,1000.0,0.000
3740.1,g4,tick,1000.0,0.000
3745.1,g1,tick,1000.0,0.000
3745.1,g2,tick,1000.0,0.000
3745.1,g4,tick,1000.0,0.000
3750.1,g1,tick,1000.0,0.000
3750.1,g2,tick,1000.0,0.000
3750.1,g4,tick,1000.0,0.000
3755.1,g1,tick,1000.0,0.000
3755.1,g2,tick,1000.0,0.000
3755.1,g4,tick,1000.0,0.000
3760.1,g1,tick,1000.0,0.000
3760.1,g2,tick,1000.0,0.000
3760.1,g4,tick,1000.0,0.000
3765.1,g1,tick,1000.0,0.000
3765.1,g2,tick,1000.0,0.000
3765.1,g4,tick,1000.0,0.000
3770.1,g1,tick,1000.0,0.000
3770.1,g2,tick,1000.0,0.000
3770.1,g4,tick,1000.0,0.000
3775.1,g1,tick,1000.0,0.000
3775.1,g2,tick,1000.0,0.000
3775.1,g4,tick,1000.0,0.000
3780.1,g1,tick,1000.0,0.000
3780.1,g2,tick,1000.0,0.000
3780.1,g4,tick,1000.0,0.000
3785.1,g1,tick,1000.0,0.000
3785.1,g2,tick,1000.0,0.000
3785.1,g4,tick,1000.0,0.000
3790.1,g1,tick,1000.0,0.000
3790.1,g2,tick,1000.0,0.000
3790.1,g4,tick,1000.0,0.000
3795.1,g1,tick,1000.0,0.000
3795.1,g2,tick,1000.0,0.000
3795.1,g4,tick,1000.0,0.000
3800.1,g1,tick,1000.0,0.000
3800.1,g2,tick,1000.0,0.000
3800.1,g4,tick,1000.0,0.000
3805.1,g1,tick,1000.0,0.000
3805.1,g2,tick,1000.0,0.000
3805.1,g4,tick,1000.0,0.000
3810.1,g1,tick,1000.0,0.000
3810.1,g2,tick,1000.0,0.000
3810.1,g4,tick,1000.0,0.000
3815.1,g1,tick,1000.0,0.000
3815.1,g2,tick,1000.0,0.000
3815.1,g4,tick,1000.0,0.000
3820.0,g1,tick,1000.0,0.000
3820.0,g2,tick,1000.0,0.000
3820.0,g4,tick,1000.0,0.000
3825.1,g1,tick,1000.0,0.000
3825.1,g2,tick,1000.0,0.000
3825.1,g4,tick,1000.0,0.000
3830.1,g1,tick,1000.0,0.000
3830.1,g2,tick,1000.0,0.000
3830.1,g4,tick,1000.0,0.000
3835.1,g1,tick,1000.0,0.000
3835.1,g2,tick,1000.0,0.000
3835.1,g4,tick,1000.0,0.000
3840.1,g1,tick,1000.0,0.000
3840.1,g2,tick,1000.0,0.000
3840.1,g4,tick,1000.0,0.000
3845.1,g1,tick,1000.0,0.000
3845.1,g2,tick,1000.0,0.000
3845.1,g4,tick,1000.0,0.000
3850.1,g1,tick,1000.0,0.000
3850.1,g2,tick,1000.0,0.000
3850.1,g4,tick,1000.0,0.000
3855.1,g1,tick,1000.0,0.000
3855.1,g2,tick,1000.0,0.000
3855.1,g4,tick,1000.0,0.000
3860.1,g1,tick,1000.0,0.000
3860.1,g2,tick,1000.0,0.000
3860.1,g4,tick,1000.0,0.000
3865.1,g1,tick,1000.0,0.000
3865.1,g2,tick,1000.0,0.000
3865.1,g4,tick,1000.0,0.000
3870.1,g1,tick,1000.0,0.000
3870.1,g2,tick,1000.0,0.000
3870.1,g4,tick,1000.0,0.000
3875.1,g1,tick,1000.0,0.000
3875.1,g2,tick,1000.0,0.000
3875.1,g4,tick,1000.0,0.000
3880.1,g1,tick,1000.0,0.000
3880.1,g2,tick,1000.0,0.000
3880.1,g4,tick,1000.0,0.000
3885.1,g1,tick,1000.0,0.000
3885.1,g2,tick,1000.0,0.000
3885.1,g4,tick,1000.0,0.000
3890.2,g1,tick,1000.0,0.000
3890.2,g2,tick,1000.0,0.000
3890.2,g4,tick,1000.0,0.000
3895.1,g1,tick,1000.0,0.000
3895.1,g2,tick,1000.0,0.000
3895.1,g4,tick,1000.0,0.000
3900.1,g1,tick,1000.0,0.000
3900.1,g2,tick,1000.0,0.000
3900.1,g4,tick,1000.0,0.000
3905.1,g1,tick,1000.0,0.000
3905.1,g2,tick,1000.0,0.000
3905.1,g4,tick,1000.0,0.000
3910.1,g1,tick,1000.0,0.000
3910.1,g2,tick,1000.0,0.000
3910.1,g4,tick,1000.0,0.000
3915.1,g1,tick,1000.0,0.000
3915.1,g2,tick,1000.0,0.000
3915.1,g4,tick,1000.0,0.000
3920.1,g1,tick,1000.0,0.000
3920.1,g2,tick,1000.0,0.000
3920.1,g4,tick,1000.0,0.000
3925.1,g1,tick,1000.0,0.000
3925.1,g2,tick,1000.0,0.000
3925.1,g4,tick,1000.0,0.000
3930.1,g1,tick,1000.0,0.000
3930.1,g2,tick,1000.0,0.000
3930.1,g4,tick,1000.0,0.000
3935.1,g1,tick,1000.0,0.000
3935.1,g2,tick,1000.0,0.000
3935.1,g4,tick,1000.0,0.000
3940.1,g1,tick,1000.0,0.000
3940.1,g2,tick,1000.0,0.000
3940.1,g4,tick,1000.0,0.000
3945.1,g1,tick,1000.0,0.000
3945.1,g2,tick,1000.0,0.000
3945.1,g4,tick,1000.0,0.000
3950.1,g1,tick,1000.0,0.000
3950.1,g2,tick,1000.0,0.000
3950.1,g4,tick,1000.0,0.000
3955.1,g1,tick,1000.0,0.000
3955.1,g2,tick,1000.0,0.000
3955.1,g4,tick,1000.0,0.000
3960.1,g1,tick,1000.0,0.000
3960.1,g2,tick,1000.0,0.000
3960.1,g4,tick,1000.0,0.000
3965.1,g1,tick,1000.0,0.000
3965.1,g2,tick,1000.0,0.000
3965.1,g4,tick,1000.0,0.000
3970.1,g1,tick,1000.0,0.000
3970.1,g2,tick,1000.0,0.000
3970.1,g4,tick,1000.0,0.000
3975.1,g1,tick,1000.0,0.000
3975.1,g2,tick,1000.0,0.000
3975.1,g4,tick,1000.0,0.000
3980.1,g1,tick,1000.0,0.000
3980.1,g2,tick,1000.0,0.000
3980.1,g4,tick,1000.0,0.000
3985.1,g1,tick,1000.0,0.000
3985.1,g2,tick,1000.0,0.000
3985.1,g4,tick,1000.0,0.000
3990.1,g1,tick,1000.0,0.000
3990.1,g2,tick,1000.0,0.000
3990.1,g4,tick,1000.0,0.000
3995.1,g1,tick,1000.0,0.000
3995.1,g2,tick,1000.0,0.000
3995.1,g4,tick,1000.0,0.000
4000.1,g1,tick,1000.0,0.000
4000.1,g2,tick,1000.0,0.000
4000.1,g4,tick,1000.0,0.000
4005.1,g1,tick,1000.0,0.000
4005.1,g2,tick,1000.0,0.000
4005.1,g4,tick,1000.0,0.000
4010.1,g1,tick,1000.0,0.000
4010.1,g2,tick,1000.0,0.000
4010.1,g4,tick,1000.0,0.000
4015.1,g1,tick,1000.0,0.000
4015.1,g2,tick,1000.0,0.000
4015.1,g4,tick,1000.0,0.000
4020.1,g1,tick,1000.0,0.000
4020.1,g2,tick,1000.0,0.000
4020.1,g4,tick,1000.0,0.000
4025.1,g1,tick,1000.0,0.000
4025.1,g2,tick,1000.0,0.000
4025.1,g4,tick,1000.0,0.000
4030.1,g1,tick,1000.0,0.000
4030.1,g2,tick,1000.0,0.000
4030.1,g4,tick,1000.0,0.000
4035.1,g1,tick,1000.0,0.000
4035.1,g2,tick,1000.0,0.000
4035.1,g4,tick,1000.0,0.000
4040.1,g1,tick,1000.0,0.000
4040.1,g2,tick,1000.0,0.000
4040.1,g4,tick,1000.0,0.000
4045.1,g1,tick,1000.0,0.000
4045.1,g2,tick,1000.0,0.000
4045.1,g4,tick,1000.0,0.000
4050.1,g1,tick,1000.0,0.000
4050.1,g2,tick,1000.0,0.000
4050.1,g4,tick,1000.0,0.000
4055.1,g1,tick,1000.0,0.000
4055.1,g2,tick,1000.0,0.000
4055.1,g4,tick,1000.0,0.000
4060.1,g1,tick,1000.0,0.000
4060.1,g2,tick,1000.0,0.000
4060.1,g4,tick,1000.0,0.000
4065.1,g1,tick,1000.0,0.000
4065.1,g2,tick,1000.0,0.000
4065.1,g4,tick,1000.0,0.000
4070.1,g1,tick,1000.0,0.000
4070.1,g2,tick,1000.0,0.000
4070.1,g4,tick,1000.0,0.000
4075.1,g1,tick,1000.0,0.000
4075.1,g2,tick,1000.0,0.000
4075.1,g4,tick,1000.0,0.000
4080.1,g1,tick,1000.0,0.000
4080.1,g2,tick,1000.0,0.000
4080.1,g4,tick,1000.0,0.000
4085.0,g1,tick,1000.0,0.000
4085.0,g2,tick,1000.0,0.000
4085.0,g4,tick,1000.0,0.000
4090.1,g1,tick,1000.0,0.000
4090.1,g2,tick,1000.0,0.000
4090.1,g4,tick,1000.0,0.000
4095.1,g1,tick,1000.0,0.000
4095.1,g2,tick,1000.0,0.000
4095.1,g4,tick,1000.0,0.000
4100.1,g1,tick,1000.0,0.000
4100.1,g2,tick,1000.0,0.000
4100.1,g4,tick,1000.0,0.000
4105.1,g1,tick,1000.0,0.000
4105.1,g2,tick,1000.0,0.000
4105.1,g4,tick,1000.0,0.000
4110.1,g1,tick,1000.0,0.000
4110.1,g2,tick,1000.0,0.000
4110.1,g4,tick,1000.0,0.000
4115.1,g1,tick,1000.0,0.000
4115.1,g2,tick,1000.0,0.000
4115.1,g4,tick,1000.0,0.000
4120.1,g1,tick,1000.0,0.000
4120.1,g2,tick,1000.0,0.000
4120.1,g4,tick,1000.0,0.000
4125.1,g1,tick,1000.0,0.000
4125.1,g2,tick,1000.0,0.000
4125.1,g4,tick,1000.0,0.000
4130.1,g1,tick,1000.0,0.000
4130.1,g2,tick,1000.0,0.000
4130.1,g4,tick,1000.0,0.000
4135.1,g1,tick,1000.0,0.000
4135.1,g2,tick,1000.0,0.000
4135.1,g4,tick,1000.0,0.000
4140.1,g1,tick,1000.0,0.000
4140.1,g2,tick,1000.0,0.000
4140.1,g4,tick,1000.0,0.000
4145.1,g1,tick,1000.0,0.000
4145.1,g2,tick,1000.0,0.000
4145.1,g4,tick,1000.0,0.000
4150.1,g1,tick,1000.0,0.000
4150.1,g2,tick,1000.0,0.000
4150.1,g4,tick,1000.0,0.000
4155.1,g1,tick,1000.0,0.000
4155.1,g2,tick,1000.0,0.000
4155.1,g4,tick,1000.0,0.000
4160.1,g1,tick,1000.0,0.000
4160.1,g2,tick,1000.0,0.000
4160.1,g4,tick,1000.0,0.000
4165.1,g1,tick,1000.0,0.000
4165.1,g2,tick,1000.0,0.000
4165.1,g4,tick,1000.0,0.000
4170.1,g1,tick,1000.0,0.000
4170.1,g2,tick,1000.0,0.000
4170.1,g4,tick,1000.0,0.000
4175.1,g1,tick,1000.0,0.000
4175.1,g2,tick,1000.0,0.000
4175.1,g4,tick,1000.0,0.000
4180.1,g1,tick,1000.0,0.000
4180.1,g2,tick,1000.0,0.000
4180.1,g4,tick,1000.0,0.000
4185.1,g1,tick,1000.0,0.000
4185.1,g2,tick,1000.0,0.000
4185.1,g4,tick,1000.0,0.000
4190.1,g1,tick,1000.0,0.000
4190.1,g2,tick,1000.0,0.000
4190.1,g4,tick,1000.0,0.000
4195.1,g1,tick,1000.0,0.000
4195.1,g2,tick,1000.0,0.000
4195.1,g4,tick,1000.0,0.000
4200.1,g1,tick,1000.0,0.000
4200.1,g2,tick,1000.0,0.000
4200.1,g4,tick,1000.0,0.000
4205.1,g1,tick,1000.0,0.000
4205.1,g2,tick,1000.0,0.000
4205.1,g4,tick,1000.0,0.000
4210.1,g1,tick,1000.0,0.000
4210.1,g2,tick,1000.0,0.000
4210.1,g4,tick,1000.0,0.000
4215.1,g1,tick,1000.0,0.000
4215.1,g2,tick,1000.0,0.000
4215.1,g4,tick,1000.0,0.000
4220.1,g1,tick,1000.0,0.000
4220.1,g2,tick,1000.0,0.000
4220.1,g4,tick,1000.0,0.000
4225.1,g1,tick,1000.0,0.000
4225.1,g2,tick,1000.0,0.000
4225.1,g4,tick,1000.0,0.000
4230.1,g1,tick,1000.0,0.000
4230.1,g2,tick,1000.0,0.000
4230.1,g4,tick,1000.0,0.000
4235.1,g1,tick,1000.0,0.000
4235.1,g2,tick,1000.0,0.000
4235.1,g4,tick,1000.0,0.000
4240.1,g1,tick,1000.0,0.000
4240.1,g2,tick,1000.0,0.000
4240.1,g4,tick,1000.0,0.000
4245.1,g1,tick,1000.0,0.000
4245.1,g2,tick,1000.0,0.000
4245.1,g4,tick,1000.0,0.000
4250.1,g1,tick,1000.0,0.000
4250.1,g2,tick,1000.0,0.000
4250.1,g4,tick,1000.0,0.000
4255.1,g1,tick,1000.0,0.000
4255.1,g2,tick,1000.0,0.000
4255.1,g4,tick,1000.0,0.000
4260.1,g1,tick,1000.0,0.000
4260.1,g2,tick,1000.0,0.000
4260.1,g4,tick,1000.0,0.000
4265.1,g1,tick,1000.0,0.000
4265.1,g2,tick,1000.0,0.000
4265.1,g4,tick,1000.0,0.000
4270.1,g1,tick,1000.0,0.000
4270.1,g2,tick,1000.0,0.000
4270.1,g4,tick,1000.0,0.000
4275.1,g1,tick,1000.0,0.000
4275.1,g2,tick,1000.0,0.000
4275.1,g4,tick,1000.0,0.000
4280.1,g1,tick,1000.0,0.000
4280.1,g2,tick,1000.0,0.000
4280.1,g4,tick,1000.0,0.000
4285.1,g1,tick,1000.0,0.000
4285.1,g2,tick,1000.0,0.000
4285.1,g4,tick,1000.0,0.000
4290.1,g1,tick,1000.0,0.000
4290.1,g2,tick,1000.0,0.000
4290.1,g4,tick,1000.0,0.000
4295.1,g1,tick,1000.0,0.000
4295.1,g2,tick,1000.0,0.000
4295.1,g4,tick,1000.0,0.000
4300.1,g1,tick,1000.0,0.000
4300.1,g2,tick,1000.0,0.000
4300.1,g4,tick,1000.0,0.000
4305.1,g1,tick,1000.0,0.000
4305.1,g2,tick,1000.0,0.000
4305.1,g4,tick,1000.0,0.000
4310.1,g1,tick,1000.0,0.000
4310.1,g2,tick,1000.0,0.000
4310.1,g4,tick,1000.0,0.000
4315.1,g1,tick,1000.0,0.000
4315.1,g2,tick,1000.0,0.000
4315.1,g4,tick,1000.0,0.000
4320.1,g1,tick,1000.0,0.000
4320.1,g2,tick,1000.0,0.000
4320.1,g4,tick,1000.0,0.000
4325.1,g1,tick,1000.0,0.000
4325.1,g2,tick,1000.0,0.000
4325.1,g4,tick,1000.0,0.000
4330.1,g1,tick,1000.0,0.000
4330.1,g2,tick,1000.0,0.000
4330.1,g4,tick,1000.0,0.000
4335.1,g1,tick,1000.0,0.000
4335.1,g2,tick,1000.0,0.000
4335.1,g4,tick,1000.0,0.000
4340.1,g1,tick,1000.0,0.000
4340.1,g2,tick,1000.0,0.000
4340.1,g4,tick,1000.0,0.000
4345.1,g1,tick,1000.0,0.000
4345.1,g2,tick,1000.0,0.000
4345.1,g4,tick,1000.0,0.000
4350.1,g1,tick,1000.0,0.000
4350.1,g2,tick,1000.0,0.000
4350.1,g4,tick,1000.0,0.000
4355.0,g1,tick,1000.0,0.000
4355.0,g2,tick,1000.0,0.000
4355.0,g4,tick,1000.0,0.000
4360.1,g1,tick,1000.0,0.000
4360.1,g2,tick,1000.0,0.000
4360.1,g4,tick,1000.0,0.000
4365.1,g1,tick,1000.0,0.000
4365.1,g2,tick,1000.0,0.000
4365.1,g4,tick,1000.0,0.000
4370.1,g1,tick,1000.0,0.000
4370.1,g2,tick,1000.0,0.000
4370.1,g4,tick,1000.0,0.000
4375.1,g1,tick,1000.0,0.000
4375.1,g2,tick,1000.0,0.000
4375.1,g4,tick,1000.0,0.000
4380.1,g1,tick,1000.0,0.000
4380.1,g2,tick,1000.0,0.000
4380.1,g4,tick,1000.0,0.000
4385.1,g1,tick,1000.0,0.000
4385.1,g2,tick,1000.0,0.000
4385.1,g4,tick,1000.0,0.000
4390.1,g1,tick,1000.0,0.000
4390.1,g2,tick,1000.0,0.000
4390.1,g4,tick,1000.0,0.000
4395.1,g1,tick,1000.0,0.000
4395.1,g2,tick,1000.0,0.000
4395.1,g4,tick,1000.0,0.000
4400.1,g1,tick,1000.0,0.000
4400.1,g2,tick,1000.0,0.000
4400.1,g4,tick,1000.0,0.000
4405.1,g1,tick,1000.0,0.000
4405.1,g2,tick,1000.0,0.000
4405.1,g4,tick,1000.0,0.000
4410.1,g1,tick,1000.0,0.000
4410.1,g2,tick,1000.0,0.000
4410.1,g4,tick,1000.0,0.000
4415.1,g1,tick,1000.0,0.000
4415.1,g2,tick,1000.0,0.000
4415.1,g4,tick,1000.0,0.000
4420.0,g1,tick,1000.0,0.000
4420.0,g2,tick,1000.0,0.000
4420.0,g4,tick,1000.0,0.000
4425.1,g1,tick,1000.0,0.000
4425.1,g2,tick,1000.0,0.000
4425.1,g4,tick,1000.0,0.000
4430.1,g1,tick,1000.0,0.000
4430.1,g2,tick,1000.0,0.000
4430.1,g4,tick,1000.0,0.000
4435.1,g1,tick,1000.0,0.000
4435.1,g2,tick,1000.0,0.000
4435.1,g4,tick,1000.0,0.000
4440.1,g1,tick,1000.0,0.000
4440.1,g2,tick,1000.0,0.000
4440.1,g4,tick,1000.0,0.000
4445.1,g1,tick,1000.0,0.000
4445.1,g2,tick,1000.0,0.000
4445.1,g4,tick,1000.0,0.000
4450.1,g1,tick,1000.0,0.000
4450.1,g2,tick,1000.0,0.000
4450.1,g4,tick,1000.0,0.000
4455.1,g1,tick,1000.0,0.000
4455.1,g2,tick,1000.0,0.000
4455.1,g4,tick,1000.0,0.000
4460.1,g1,tick,1000.0,0.000
4460.1,g2,tick,1000.0,0.000
4460.1,g4,tick,1000.0,0.000
4465.1,g1,tick,1000.0,0.000
4465.1,g2,tick,1000.0,0.000
4465.1,g4,tick,1000.0,0.000
4470.1,g1,tick,1000.0,0.000
4470.1,g2,tick,1000.0,0.000
4470.1,g4,tick,1000.0,0.000
4475.1,g1,tick,1000.0,0.000
4475.1,g2,tick,1000.0,0.000
4475.1,g4,tick,1000.0,0.000
4480.1,g1,tick,1000.0,0.000
4480.1,g2,tick,1000.0,0.000
4480.1,g4,tick,1000.0,0.000
4485.1,g1,tick,1000.0,0.000
4485.1,g2,tick,1000.0,0.000
4485.1,g4,tick,1000.0,0.000
4490.1,g1,tick,1000.0,0.000
4490.1,g2,tick,1000.0,0.000
4490.1,g4,tick,1000.0,0.000
4495.1,g1,tick,1000.0,0.000
4495.1,g2,tick,1000.0,0.000
4495.1,g4,tick,1000.0,0.000
4500.1,g1,tick,1000.0,0.000
4500.1,g2,tick,1000.0,0.000
4500.1,g4,tick,1000.0,0.000
4505.1,g1,tick,1000.0,0.000
4505.1,g2,tick,1000.0,0.000
4505.1,g4,tick,1000.0,0.000
4510.1,g1,tick,1000.0,0.000
4510.1,g2,tick,1000.0,0.000
4510.1,g4,tick,1000.0,0.000
4515.1,g1,tick,1000.0,0.000
4515.1,g2,tick,1000.0,0.000
4515.1,g4,tick,1000.0,0.000
4520.1,g1,tick,1000.0,0.000
4520.1,g2,tick,1000.0,0.000
4520.1,g4,tick,1000.0,0.000
4525.1,g1,tick,1000.0,0.000
4525.1,g2,tick,1000.0,0.000
4525.1,g4,tick,1000.0,0.000
4530.1,g1,tick,1000.0,0.000
4530.1,g2,tick,1000.0,0.000
4530.1,g4,tick,1000.0,0.000
4535.1,g1,tick,1000.0,0.000
4535.1,g2,tick,1000.0,0.000
4535.1,g4,tick,1000.0,0.000
4540.1,g1,tick,1000.0,0.000
4540.1,g2,tick,1000.0,0.000
4540.1,g4,tick,1000.0,0.000
4545.1,g1,tick,1000.0,0.000
4545.1,g2,tick,1000.0,0.000
4545.1,g4,tick,1000.0,0.000
4550.1,g1,tick,1000.0,0.000
4550.1,g2,tick,1000.0,0.000
4550.1,g4,tick,1000.0,0.000
4555.1,g1,tick,1000.0,0.000
4555.1,g2,tick,1000.0,0.000
4555.1,g4,tick,1000.0,0.000
4560.1,g1,tick,1000.0,0.000
4560.1,g2,tick,1000.0,0.000
4560.1,g4,tick,1000.0,0.000
4565.1,g1,tick,1000.0,0.000
4565.1,g2,tick,1000.0,0.000
4565.1,g4,tick,1000.0,0.000
4570.1,g1,tick,1000.0,0.000
4570.1,g2,tick,1000.0,0.000
4570.1,g4,tick,1000.0,0.000
4575.1,g1,tick,1000.0,0.000
4575.1,g2,tick,1000.0,0.000
4575.1,g4,tick,1000.0,0.000
4580.1,g1,tick,1000.0,0.000
4580.1,g2,tick,1000.0,0.000
4580.1,g4,tick,1000.0,0.000
4585.1,g1,tick,1000.0,0.000
4585.1,g2,tick,1000.0,0.000
4585.1,g4,tick,1000.0,0.000
4590.1,g1,tick,1000.0,0.000
4590.1,g2,tick,1000.0,0.000
4590.1,g4,tick,1000.0,0.000
4595.1,g1,tick,1000.0,0.000
4595.1,g2,tick,1000.0,0.000
4595.1,g4,tick,1000.0,0.000
4600.6,g1,tick,1000.0,0.000
4600.6,g2,tick,1000.0,0.000
4600.6,g4,tick,1000.0,0.000
4604.9,g4,cut,1000.0,0.062
4604.9,g1,cut,1000.0,0.062
4605.1,g1,tick,1000.0,0.062
4605.1,g2,tick,1000.0,0.000
4605.1,g4,tick,1000.0,0.062
4606.4,g2,cut,1000.0,0.062
4606.9,g1,cnp,1000.0,0.062
4607.1,g4,cnp,1000.0,0.062
4608.4,g2,cnp,1000.0,0.062
4609.6,g1,cnp,1000.0,0.062
4609.8,g4,cnp,1000.0,0.062
4610.1,g1,tick,1000.0,0.062
4610.1,g2,tick,1000.0,0.062
4610.1,g4,tick,1000.0,0.062
4610.7,g2,cnp,1000.0,0.062
4611.6,g1,cnp,1000.0,0.062
4612.2,g4,cnp,1000.0,0.062
4613.0,g2,cnp,1000.0,0.062
4613.9,g1,cnp,1000.0,0.062
4614.4,g4,cnp,1000.0,0.062
4615.1,g1,tick,1000.0,0.062
4615.1,g2,tick,1000.0,0.062
4615.1,g4,tick,1000.0,0.062
4615.3,g2,cnp,1000.0,0.062
4615.9,g1,cut,968.8,0.121
4617.7,g2,cut,968.8,0.121
4619.0,g4,cut,968.8,0.121
4619.0,g4,cnp,968.8,0.121
4620.5,g1,tick,968.8,0.121
4620.5,g2,tick,968.8,0.121
4620.5,g4,tick,968.8,0.121
4620.5,g1,cnp,968.8,0.121
4620.5,g1,cnp,968.8,0.121
4620.5,g2,cnp,968.8,0.121
4621.2,g4,cnp,968.8,0.121
4621.4,g2,cnp,968.8,0.121
4622.6,g1,cnp,968.8,0.121
4623.5,g4,cnp,968.8,0.121
4623.7,g2,cnp,968.8,0.121
4624.8,g1,cnp,968.8,0.121
4625.1,g1,tick,968.8,0.121
4625.1,g2,tick,968.8,0.121
4625.1,g4,tick,968.8,0.121
4625.7,g4,cnp,968.8,0.121
4625.9,g2,cnp,968.8,0.121
4627.1,g1,cut,910.1,0.176
4628.7,g2,cut,910.1,0.176
4630.3,g4,cut,910.1,0.176
4630.3,g4,cnp,910.1,0.176
4631.6,g1,tick,910.1,0.176
4631.6,g2,tick,910.1,0.176
4631.6,g4,tick,910.1,0.176
4631.6,g1,cnp,910.1,0.176
4631.7,g2,cnp,910.1,0.176
4631.8,g1,cnp,910.1,0.176
4632.5,g4,cnp,910.1,0.176
4632.6,g2,cnp,910.1,0.176
4633.8,g1,cnp,910.1,0.176
4634.6,g4,cnp,910.1,0.176
4634.7,g2,cnp,910.1,0.176
4635.1,g1,tick,910.1,0.176
4635.1,g2,tick,910.1,0.176
4635.1,g4,tick,910.1,0.176
4636.2,g1,cnp,910.1,0.176
4636.8,g2,cnp,910.1,0.176
4636.8,g4,cnp,910.1,0.176
4638.5,g1,cut,830.0,0.228
4640.3,g1,tick,830.0,0.228
4640.3,g2,tick,910.1,0.176
4640.3,g4,tick,910.1,0.176
4640.3,g2,cut,830.0,0.228
4641.8,g4,cut,830.0,0.228
4641.8,g4,cnp,830.0,0.228
4643.3,g1,cnp,830.0,0.228
4643.3,g1,cnp,830.0,0.228
4643.3,g2,cnp,830.0,0.228
4643.3,g2,cnp,830.0,0.228
4643.3,g4,cnp,830.0,0.228
4645.1,g1,tick,830.0,0.228
4645.1,g2,tick,830.0,0.228
4645.1,g4,tick,830.0,0.228
4645.4,g4,cnp,830.0,0.228
4646.2,g2,cnp,830.0,0.228
4646.9,g1,cnp,830.0,0.228
4648.4,g2,cnp,830.0,0.228
4649.1,g1,cut,735.6,0.276
4650.7,g1,tick,735.6,0.276
4650.7,g2,tick,830.0,0.228
4650.7,g4,tick,830.0,0.228
4650.7,g4,cnp,830.0,0.228
4651.5,g2,cut,735.6,0.276
4653.0,g1,cnp,735.6,0.276
4653.5,g2,cnp,735.6,0.276
4654.5,g1,cnp,735.6,0.276
4655.1,g1,tick,735.6,0.276
4655.1,g2,tick,735.6,0.276
4655.1,g4,tick,830.0,0.228
4655.1,g4,cut,735.6,0.276
4656.8,g2,cnp,735.6,0.276
4657.7,g1,cnp,735.6,0.276
4658.9,g2,cnp,735.6,0.276
4659.7,g1,cut,634.1,0.321
4661.1,g1,tick,634.1,0.321
4661.1,g2,tick,735.6,0.276
4661.1,g4,tick,735.6,0.276
4661.1,g4,cnp,735.6,0.276
4662.3,g2,cut,634.1,0.321
4663.9,g1,cnp,634.1,0.321
4664.5,g2,cnp,634.1,0.321
4665.1,g1,tick,634.1,0.321
4665.1,g2,tick,634.1,0.321
4665.1,g4,tick,735.6,0.276
4665.1,g1,cnp,634.1,0.321
4666.0,g4,cut,634.1,0.321
4667.7,g2,cnp,634.1,0.321
4668.2,g1,cnp,634.1,0.321
4669.8,g2,cnp,634.1,0.321
4670.1,g1,tick,634.1,0.321
4670.1,g2,tick,634.1,0.321
4670.1,g4,tick,634.1,0.321
4670.4,g1,cut,532.3,0.363
4671.8,g4,cnp,634.1,0.321
4673.0,g2,cut,532.3,0.363
4674.4,g1,cnp,532.3,0.363
4675.1,g1,tick,532.3,0.363
4675.1,g2,tick,532.3,0.363
4675.1,g4,tick,634.1,0.321
4675.2,g2,cnp,532.3,0.363
4675.7,g1,cnp,532.3,0.363
4676.6,g4,cut,532.3,0.363
4678.4,g1,cnp,532.3,0.363
4678.8,g2,cnp,532.3,0.363
4680.0,g1,tick,532.3,0.363
4680.0,g2,tick,532.3,0.363
4680.0,g4,tick,532.3,0.363
4680.5,g1,cut,435.6,0.403
4682.0,g2,cnp,532.3,0.363
4682.0,g4,cnp,532.3,0.363
4683.7,g1,cnp,435.6,0.403
4684.1,g2,cut,435.6,0.403
4685.7,g1,tick,435.6,0.403
4685.7,g2,tick,435.6,0.403
4685.7,g4,tick,532.3,0.363
4685.7,g1,cnp,435.6,0.403
4686.2,g2,cnp,435.6,0.403
4687.2,g4,cut,435.6,0.403
4689.0,g2,cnp,435.6,0.403
4690.1,g1,tick,435.6,0.403
4690.1,g2,tick,435.6,0.403
4690.1,g4,tick,435.6,0.403
4690.8,g1,cut,347.8,0.441
4692.6,g4,cnp,435.6,0.403
4694.3,g2,cut,347.8,0.441
4695.8,g1,tick,347.8,0.441
4695.8,g2,tick,347.8,0.441
4695.9,g4,tick,435.6,0.403
4695.9,g1,cnp,347.8,0.441
4697.9,g4,cut,347.8,0.441
4699.7,g2,cnp,347.8,0.441
4700.1,g1,tick,347.8,0.441
4700.1,g2,tick,347.8,0.441
4700.1,g4,tick,347.8,0.441
4701.5,g1,cut,271.1,0.476
4703.2,g4,cnp,347.8,0.441
4705.0,g2,cut,271.1,0.476
4706.5,g1,tick,271.1,0.476
4706.5,g2,tick,271.1,0.476
4706.5,g4,tick,347.8,0.441
4706.8,g1,cnp,271.1,0.476
4708.5,g4,cut,271.1,0.476
4710.1,g1,tick,271.1,0.476
4711.6,g2,tick,309.5,0.446
4711.6,g4,tick,271.1,0.476
4711.6,g1,cut,206.7,0.508
4713.0,g2,cnp,309.5,0.446
4713.0,g2,cnp,309.5,0.446
4713.7,g1,cnp,206.7,0.508
4713.9,g4,cnp,271.1,0.476
4715.1,g1,tick,206.7,0.508
4715.1,g2,tick,309.5,0.446
4715.1,g4,tick,271.1,0.476
4715.8,g2,cut,240.5,0.480
4717.4,g1,cnp,206.7,0.508
4717.9,g2,cnp,240.5,0.480
4718.8,g1,cnp,206.7,0.508
4719.2,g4,cut,206.7,0.508
4720.6,g1,tick,206.7,0.508
4720.6,g2,tick,240.5,0.480
4720.6,g4,tick,206.7,0.508
4721.0,g1,cnp,206.7,0.508
4722.1,g2,cnp,240.5,0.480
4723.2,g1,cut,154.1,0.539
4724.9,g2,cnp,240.5,0.480
4724.9,g4,cnp,206.7,0.508
4725.1,g1,tick,154.1,0.539
4725.1,g2,tick,240.5,0.480
4725.1,g4,tick,206.7,0.508
4726.3,g1,cnp,154.1,0.539
4727.2,g2,cut,182.7,0.513
4728.7,g1,cnp,154.1,0.539
4729.3,g2,cnp,182.7,0.513
4729.9,g4,cut,154.1,0.539
4731.2,g1,tick,154.1,0.539
4731.2,g2,tick,182.7,0.513
4731.2,g4,tick,154.1,0.539
4731.6,g2,cnp,182.7,0.513
4733.4,g1,cut,112.6,0.568
4735.1,g1,tick,112.6,0.568
4735.1,g2,tick,182.7,0.513
4736.7,g4,tick,180.4,0.505
4736.7,g4,cnp,180.4,0.505
4737.0,g2,cnp,182.7,0.513
4738.7,g1,cnp,112.6,0.568
4740.1,g1,tick,112.6,0.568
4740.1,g2,tick,182.7,0.513
4740.1,g4,tick,180.4,0.505
4740.5,g4,cut,134.8,0.536
4742.3,g2,cut,135.8,0.543
4744.1,g1,cut,80.6,0.595
4745.7,g1,tick,80.6,0.595
4745.7,g2,tick,135.8,0.543
4745.7,g4,tick,134.8,0.536
4745.8,g4,cnp,134.8,0.536
4747.7,g2,cnp,135.8,0.543
4749.3,g1,cnp,80.6,0.595
4750.1,g1,tick,80.6,0.595
4750.1,g2,tick,135.8,0.543
4750.1,g4,tick,134.8,0.536
4751.1,g4,cut,98.7,0.565
4753.0,g2,cut,98.9,0.572
4754.5,g1,cut,56.6,0.620
4756.0,g1,tick,56.6,0.620
4756.0,g2,tick,98.9,0.572
4756.0,g4,tick,98.7,0.565
4756.1,g4,cnp,98.7,0.565
4756.8,g1,cnp,56.6,0.620
4758.2,g4,cnp,98.7,0.565
4758.4,g2,cnp,98.9,0.572
4759.3,g1,cnp,56.6,0.620
4760.1,g1,tick,56.6,0.620
4760.1,g2,tick,98.9,0.572
4760.1,g4,tick,98.7,0.565
4760.6,g2,cnp,98.9,0.572
4761.4,g4,cut,70.8,0.592
4763.4,g1,cnp,56.6,0.620
4763.5,g4,cnp,70.8,0.592
4763.8,g1,cnp,56.6,0.620
4764.4,g2,cut,70.6,0.599
4766.2,g1,tick,56.6,0.620
4766.2,g2,tick,70.6,0.599
4766.2,g4,tick,70.8,0.592
4766.2,g1,cut,39.1,0.644
4767.5,g2,cnp,70.6,0.599
4767.5,g4,cnp,70.8,0.592
4769.1,g1,cnp,39.1,0.644
4769.8,g2,cnp,70.6,0.599
4770.1,g1,tick,39.1,0.644
4770.1,g2,tick,70.6,0.599
4770.1,g4,tick,70.8,0.592
4771.1,g1,cnp,39.1,0.644
4771.8,g4,cut,49.8,0.618
4773.4,g2,cnp,70.6,0.599
4774.0,g4,cnp,49.8,0.618
4774.2,g2,cnp,70.6,0.599
4775.1,g1,tick,39.1,0.644
4775.1,g2,tick,70.6,0.599
4775.1,g4,tick,49.8,0.618
4775.6,g1,cnp,39.1,0.644
4776.2,g2,cut,49.5,0.624
4778.0,g1,cut,26.5,0.666
4780.1,g4,cnp,49.8,0.618
4780.1,g4,cnp,49.8,0.618
4780.1,g1,tick,26.5,0.666
4780.1,g2,tick,49.5,0.624
4780.1,g4,tick,49.8,0.618
4780.1,g1,cnp,26.5,0.666
4780.1,g2,cnp,49.5,0.624
4780.8,g2,cnp,49.5,0.624
4782.0,g1,cnp,26.5,0.666
4782.2,g4,cut,34.4,0.642
4783.9,g2,cnp,49.5,0.624
4784.1,g1,cnp,26.5,0.666
4784.5,g4,cnp,34.4,0.642
4785.1,g1,tick,26.5,0.666
4785.1,g2,tick,49.5,0.624
4785.1,g4,tick,34.4,0.642
4786.0,g2,cnp,49.5,0.624
4786.1,g1,cnp,26.5,0.666
4787.2,g4,cnp,34.4,0.642
4788.1,g1,cut,17.7,0.687
4789.7,g2,cut,34.1,0.647
4791.5,g4,cnp,34.4,0.642
4791.5,g1,tick,17.7,0.687
4791.5,g2,tick,34.1,0.647
4791.5,g4,tick,34.4,0.642
4791.6,g1,cnp,17.7,0.687
4791.6,g2,cnp,34.1,0.647
4792.2,g4,cut,23.4,0.664
4793.8,g1,cnp,17.7,0.687
4793.9,g2,cnp,34.1,0.647
4794.6,g4,cnp,23.4,0.664
4794.7,g1,cnp,17.7,0.687
4795.2,g1,tick,17.7,0.687
4795.2,g2,tick,34.1,0.647
4795.2,g4,tick,23.4,0.664
4795.7,g2,cnp,34.1,0.647
4796.7,g4,cnp,23.4,0.664
4797.2,g1,cnp,17.7,0.687
4797.9,g2,cnp,34.1,0.647
4799.0,g4,cnp,23.4,0.664
4799.4,g1,cut,11.6,0.707
4801.0,g1,tick,11.6,0.707
4801.0,g2,tick,34.1,0.647
4801.0,g4,tick,23.4,0.664
4801.0,g2,cut,23.0,0.669
4802.6,g1,cnp,11.6,0.707
4802.6,g2,cnp,23.0,0.669
4802.7,g4,cut,15.6,0.685
4804.2,g1,cnp,11.6,0.707
4804.2,g4,cnp,15.6,0.685
4804.6,g2,cnp,23.0,0.669
4805.1,g1,tick,11.6,0.707
4805.1,g2,tick,23.0,0.669
4805.1,g4,tick,15.6,0.685
4805.3,g4,cnp,15.6,0.685
4806.1,g1,cnp,11.6,0.707
4806.8,g2,cnp,23.0,0.669
4807.6,g4,cnp,15.6,0.685
4808.1,g1,cnp,11.6,0.707
4808.9,g2,cnp,23.0,0.669
4809.7,g4,cnp,15.6,0.685
4810.1,g1,tick,11.6,0.707
4810.1,g2,tick,23.0,0.669
4810.1,g4,tick,15.6,0.685
4810.3,g1,cut,7.5,0.725
4811.6,g2,cut,15.3,0.690
4813.0,g1,cnp,7.5,0.725
4813.0,g4,cut,10.3,0.705
4814.6,g2,cnp,15.3,0.690
4814.6,g4,cnp,10.3,0.705
4815.0,g1,cnp,7.5,0.725
4815.0,g1,tick,7.5,0.725
4815.0,g2,tick,15.3,0.690
4815.0,g4,tick,10.3,0.705
4815.3,g2,cnp,15.3,0.690
4816.4,g4,cnp,10.3,0.705
4817.0,g1,cnp,7.5,0.725
4817.4,g2,cnp,15.3,0.690
4818.5,g4,cnp,10.3,0.705
4819.5,g1,cnp,7.5,0.725
4819.8,g2,cnp,15.3,0.690
4820.1,g1,tick,7.5,0.725
4820.1,g2,tick,15.3,0.690
4820.1,g4,tick,10.3,0.705
4826.7,g1,tick,9.6,0.680
4828.1,g2,tick,19.2,0.647
4829.6,g4,tick,12.9,0.661
4831.4,g1,tick,10.6,0.637
4832.8,g2,tick,21.1,0.606
4834.4,g4,tick,14.3,0.619
4836.9,g1,tick,11.1,0.597
4838.4,g2,tick,22.1,0.569
4840.1,g4,tick,14.9,0.581
4841.6,g1,tick,11.3,0.560
4842.9,g2,tick,22.6,0.533
4844.5,g4,tick,15.3,0.544
4845.1,g1,tick,11.5,0.525
4845.1,g2,tick,22.8,0.500
4845.1,g4,tick,15.4,0.510
4851.4,g1,tick,16.5,0.492
4852.8,g2,tick,27.9,0.468
4854.2,g4,tick,20.5,0.479
4856.7,g1,tick,24.1,0.461
4858.1,g2,tick,35.5,0.439
4859.5,g4,tick,28.1,0.449
4861.4,g1,tick,32.8,0.433
4862.9,g2,tick,44.3,0.412
4864.4,g4,tick,36.8,0.421
4866.6,g1,tick,42.2,0.406
4868.0,g2,tick,53.6,0.386
4869.4,g4,tick,46.2,0.394
4871.5,g1,tick,51.9,0.380
4872.9,g2,tick,63.3,0.362
4874.3,g4,tick,55.9,0.370
4876.6,g1,tick,81.8,0.356
4877.9,g2,tick,93.2,0.339
4879.3,g4,tick,85.8,0.347
4881.6,g1,tick,121.7,0.334
4883.3,g2,tick,133.1,0.318
4884.7,g4,tick,125.7,0.325
4886.4,g1,tick,166.6,0.313
4887.9,g2,tick,178.1,0.298
4889.3,g4,tick,170.7,0.305
4891.4,g1,tick,214.1,0.294
4893.0,g2,tick,225.6,0.280
4894.5,g4,tick,218.1,0.286
4894.5,g1,cut,182.7,0.338
4896.1,g4,cut,187.0,0.330
4897.4,g1,tick,182.7,0.338
4898.7,g2,tick,274.3,0.262
4898.7,g4,tick,187.0,0.330
4898.7,g1,cnp,182.7,0.338
4898.7,g1,cnp,182.7,0.338
4898.7,g2,cut,238.4,0.308
4898.7,g2,cnp,238.4,0.308
4900.0,g4,cnp,187.0,0.330
4900.0,g1,tick,182.7,0.338
4900.0,g2,tick,238.4,0.308
4900.0,g4,tick,187.0,0.330
4900.4,g2,cnp,238.4,0.308
4900.5,g1,cnp,182.7,0.338
4900.7,g4,cnp,187.0,0.330
4902.7,g1,cnp,182.7,0.338
4902.8,g4,cnp,187.0,0.330
4902.8,g2,cnp,238.4,0.308
4904.9,g1,cut,151.8,0.379
4906.4,g1,tick,151.8,0.379
4906.4,g2,tick,238.4,0.308
4906.4,g4,tick,187.0,0.330
4906.4,g2,cnp,238.4,0.308
4906.4,g4,cut,156.1,0.372
4908.0,g1,cnp,151.8,0.379
4908.0,g2,cnp,238.4,0.308
4908.0,g4,cnp,156.1,0.372
4909.1,g4,cnp,156.1,0.372
4909.5,g1,cnp,151.8,0.379
4909.6,g2,cut,201.6,0.351
4910.9,g1,tick,151.8,0.379
4910.9,g2,tick,201.6,0.351
4910.9,g4,tick,156.1,0.372
4911.3,g4,cnp,156.1,0.372
4911.9,g2,cnp,201.6,0.351
4911.9,g1,cnp,151.8,0.379
4913.5,g4,cnp,156.1,0.372
4914.0,g1,cnp,151.8,0.379
4914.1,g2,cnp,201.6,0.351
4915.1,g1,tick,151.8,0.379
4915.1,g2,tick,201.6,0.351
4915.1,g4,tick,156.1,0.372
4915.7,g4,cnp,156.1,0.372
4916.2,g2,cnp,201.6,0.351
4916.3,g1,cut,123.0,0.418
4917.9,g4,cut,127.1,0.411
4919.4,g1,cnp,123.0,0.418
4919.4,g2,cnp,201.6,0.351
4920.1,g4,cnp,127.1,0.411
4920.1,g1,tick,123.0,0.418
4920.1,g2,tick,201.6,0.351
4920.1,g4,tick,127.1,0.411
4920.5,g2,cut,166.2,0.392
4921.9,g1,cnp,123.0,0.418
4922.2,g4,cnp,127.1,0.411
4922.7,g2,cnp,166.2,0.392
4922.8,g1,cnp,123.0,0.418
4924.5,g4,cnp,127.1,0.411
4924.8,g1,cnp,123.0,0.418
4925.0,g2,cnp,166.2,0.392
4925.1,g1,tick,123.0,0.418
4925.1,g2,tick,166.2,0.392
4925.1,g4,tick,127.1,0.411
4926.8,g4,cnp,127.1,0.411
4927.0,g1,cut,97.3,0.454
4928.7,g2,cnp,166.2,0.392
4928.9,g4,cut,100.9,0.448
4930.7,g1,tick,97.3,0.454
4930.7,g2,tick,166.2,0.392
4930.7,g4,tick,100.9,0.448
4930.7,g1,cnp,97.3,0.454
4930.7,g2,cut,133.6,0.430
4932.5,g1,cnp,97.3,0.454
4932.5,g2,cnp,133.6,0.430
4932.5,g4,cnp,100.9,0.448
4933.2,g1,cnp,97.3,0.454
4933.4,g4,cnp,100.9,0.448
4933.5,g2,cnp,133.6,0.430
4935.1,g1,tick,97.3,0.454
4935.1,g2,tick,133.6,0.430
4935.1,g4,tick,100.9,0.448
4935.2,g1,cnp,97.3,0.454
4935.6,g2,cnp,133.6,0.430
4935.7,g4,cnp,100.9,0.448
4937.3,g1,cut,75.2,0.488
4939.0,g2,cnp,133.6,0.430
4939.0,g4,cut,78.3,0.483
4940.9,g1,tick,75.2,0.488
4940.9,g2,tick,133.6,0.430
4940.9,g4,tick,78.3,0.483
4940.9,g1,cnp,75.2,0.488
4940.9,g2,cut,104.9,0.466
4942.4,g4,cnp,78.3,0.483
4942.4,g4,cnp,78.3,0.483
4942.4,g1,cnp,75.2,0.488
4942.4,g2,cnp,104.9,0.466
4944.0,g1,cnp,75.2,0.488
4944.2,g2,cnp,104.9,0.466
4944.4,g4,cnp,78.3,0.483
4945.1,g1,tick,75.2,0.488
4945.1,g2,tick,104.9,0.466
4945.1,g4,tick,78.3,0.483
4946.3,g2,cnp,104.9,0.466
4946.4,g1,cnp,75.2,0.488
4946.5,g4,cnp,78.3,0.483
4948.4,g2,cnp,104.9,0.466
4948.5,g1,cut,56.8,0.520
4950.8,g1,tick,56.8,0.520
4950.8,g2,tick,104.9,0.466
4950.8,g4,tick,78.3,0.483
4950.8,g1,cnp,56.8,0.520
4950.8,g2,cnp,104.9,0.466
4950.8,g4,cut,59.4,0.515
4952.8,g1,cnp,56.8,0.520
4952.8,g2,cut,80.5,0.499
4954.8,g4,cnp,59.4,0.515
4954.8,g4,cnp,59.4,0.515
4954.9,g1,cnp,56.8,0.520
4955.1,g1,tick,56.8,0.520
4955.1,g2,tick,80.5,0.499
4955.1,g4,tick,59.4,0.515
4955.3,g4,cnp,59.4,0.515
4955.4,g2,cnp,80.5,0.499
4957.2,g1,cnp,56.8,0.520
4957.4,g4,cnp,59.4,0.515
4957.5,g2,cnp,80.5,0.499
4959.4,g1,cut,42.0,0.550
4961.2,g1,tick,42.0,0.550
4961.2,g2,tick,80.5,0.499
4961.2,g4,tick,59.4,0.515
4961.2,g2,cnp,80.5,0.499
4961.2,g4,cut,44.1,0.545
4962.8,g1,cnp,42.0,0.550
4962.9,g2,cut,60.4,0.530
4964.5,g4,cnp,44.1,0.545
4964.5,g4,cnp,44.1,0.545
4964.5,g1,cnp,42.0,0.550
4965.1,g1,tick,42.0,0.550
4965.1,g2,tick,60.4,0.530
4965.1,g4,tick,44.1,0.545
4965.5,g2,cnp,60.4,0.530
4966.1,g1,cnp,42.0,0.550
4966.2,g4,cnp,44.1,0.545
4967.9,g2,cnp,60.4,0.530
4968.1,g1,cnp,42.0,0.550
4968.3,g4,cnp,44.1,0.545
4970.1,g2,cnp,60.4,0.530
4970.1,g1,tick,42.0,0.550
4970.1,g2,tick,60.4,0.530
4970.1,g4,tick,44.1,0.545
4970.2,g1,cut,30.5,0.579
4972.2,g2,cnp,60.4,0.530
4972.2,g4,cut,32.1,0.574
4974.2,g1,cnp,30.5,0.579
4974.2,g4,cnp,32.1,0.574
4974.7,g2,cut,44.4,0.560
4976.5,g1,tick,30.5,0.579
4976.5,g2,tick,44.4,0.560
4976.5,g4,tick,32.1,0.574
4976.5,g1,cnp,30.5,0.579
4976.6,g4,cnp,32.1,0.574
4976.8,g2,cnp,44.4,0.560
4977.2,g4,cnp,32.1,0.574
4977.3,g1,cnp,30.5,0.579
4979.1,g2,cnp,44.4,0.560
4979.4,g4,cnp,32.1,0.574
4979.5,g1,cnp,30.5,0.579
4980.1,g1,tick,30.5,0.579
4980.1,g2,tick,44.4,0.560
4980.1,g4,tick,32.1,0.574
4981.3,g2,cnp,44.4,0.560
4981.6,g4,cnp,32.1,0.574
4981.8,g1,cut,21.7,0.605
4983.8,g2,cnp,44.4,0.560
4983.8,g4,cut,22.9,0.600
4985.6,g1,tick,21.7,0.605
4985.6,g2,tick,44.4,0.560
4985.6,g4,tick,22.9,0.600
4985.6,g1,cnp,21.7,0.605
4985.7,g2,cut,32.0,0.587
4987.4,g1,cnp,21.7,0.605
4987.4,g4,cnp,22.9,0.600
4987.9,g2,cnp,32.0,0.587
4988.3,g4,cnp,22.9,0.600
4988.4,g1,cnp,21.7,0.605
4990.1,g1,tick,21.7,0.605
4990.1,g2,tick,32.0,0.587
4990.1,g4,tick,22.9,0.600
4990.1,g2,cnp,32.0,0.587
4990.4,g4,cnp,22.9,0.600
4990.5,g1,cnp,21.7,0.605
4992.2,g2,cnp,32.0,0.587
4992.4,g4,cnp,22.9,0.600
4992.9,g1,cut,15.1,0.630
4994.5,g2,cnp,32.0,0.587
4994.6,g4,cut,16.0,0.625
4996.4,g1,tick,15.1,0.630
4996.4,g2,tick,32.0,0.587
4996.4,g4,tick,16.0,0.625
4996.4,g1,cnp,15.1,0.630
4996.4,g2,cut,22.6,0.613
4998.1,g1,cnp,15.1,0.630
4998.1,g4,cnp,16.0,0.625
4998.4,g2,cnp,22.6,0.613
4999.0,g4,cnp,16.0,0.625
4999.9,g1,cnp,15.1,0.630
5000.1,g1,tick,15.1,0.630
5000.1,g2,tick,22.6,0.613
5000.1,g4,tick,16.0,0.625
5000.6,g2,cnp,22.6,0.613
5001.3,g4,cnp,16.0,0.625
5002.3,g1,cnp,15.1,0.630
5002.5,g2,cnp,22.6,0.613
5003.4,g4,cnp,16.0,0.625
5005.1,g1,tick,15.1,0.630
5005.1,g2,tick,22.6,0.613
5005.1,g4,tick,16.0,0.625
5011.9,g1,tick,18.4,0.590
5013.4,g2,tick,27.3,0.575
5014.9,g4,tick,19.5,0.586
5016.6,g1,tick,20.0,0.553
5018.2,g2,tick,29.6,0.539
5019.6,g4,tick,21.2,0.550
5021.5,g1,tick,20.8,0.519
5022.8,g2,tick,30.8,0.505
5024.4,g4,tick,22.0,0.515
5025.1,g1,tick,21.2,0.486
5025.1,g2,tick,31.4,0.474
5025.1,g4,tick,22.5,0.483
5031.4,g1,tick,21.5,0.456
5032.9,g2,tick,31.7,0.444
5034.2,g4,tick,22.7,0.453
5036.7,g1,tick,26.6,0.427
5038.0,g2,tick,36.8,0.416
5039.3,g4,tick,27.8,0.425
5041.5,g1,tick,34.1,0.401
5042.9,g2,tick,44.4,0.390
5044.4,g4,tick,35.3,0.398
5046.8,g1,tick,42.9,0.376
5048.5,g2,tick,53.2,0.366
5050.1,g4,tick,44.1,0.373
5051.4,g1,tick,52.3,0.352
5052.7,g2,tick,62.6,0.343
5054.0,g4,tick,53.5,0.350
5056.4,g1,tick,62.0,0.330
5057.7,g2,tick,72.3,0.321
5059.1,g4,tick,63.2,0.328
5061.5,g1,tick,91.8,0.310
5063.0,g2,tick,102.1,0.301
5064.3,g4,tick,93.0,0.307
5066.7,g1,tick,131.7,0.290
5068.0,g2,tick,142.0,0.283
5069.3,g4,tick,133.0,0.288
5071.4,g1,tick,176.7,0.272
5072.7,g2,tick,187.0,0.265
5074.0,g4,tick,177.9,0.270
5076.4,g1,tick,224.2,0.255
5078.0,g2,tick,234.5,0.248
5079.3,g4,tick,225.4,0.253
5079.3,g2,cut,205.4,0.295
5082.0,g1,tick,272.9,0.239
5082.0,g2,tick,205.4,0.295
5083.4,g4,tick,274.1,0.237
5083.4,g1,cut,240.3,0.287
5084.7,g2,cnp,205.4,0.295
5084.7,g2,cnp,205.4,0.295
5084.7,g4,cut,241.6,0.285
5084.7,g4,cnp,241.6,0.285
5086.0,g1,tick,240.3,0.287
5086.0,g2,tick,205.4,0.295
5086.0,g4,tick,241.6,0.285
5086.0,g1,cnp,240.3,0.287
5086.0,g2,cnp,205.4,0.295
5086.0,g4,cnp,241.6,0.285
5086.8,g1,cnp,240.3,0.287
5087.9,g2,cnp,205.4,0.295
5088.0,g4,cnp,241.6,0.285
5088.9,g1,cnp,240.3,0.287
5090.1,g1,tick,240.3,0.287
5090.1,g2,tick,205.4,0.295
5090.1,g4,tick,241.6,0.285
5090.1,g2,cut,175.0,0.339
5091.5,g1,cnp,240.3,0.287
5091.5,g4,cnp,241.6,0.285
5092.3,g2,cnp,175.0,0.339
5092.5,g4,cnp,241.6,0.285
5093.1,g1,cnp,240.3,0.287
5094.5,g2,cnp,175.0,0.339
5094.6,g4,cnp,241.6,0.285
5095.1,g1,tick,240.3,0.287
5095.1,g2,tick,175.0,0.339
5095.1,g4,tick,241.6,0.285
5095.3,g1,cut,205.8,0.331
5096.9,g2,cnp,175.0,0.339
5097.0,g4,cut,207.1,0.330
5098.7,g1,cnp,205.8,0.331
5099.1,g4,cnp,207.1,0.330
5099.3,g2,cnp,175.0,0.339
5099.5,g1,cnp,205.8,0.331
5100.1,g1,tick,205.8,0.331
5100.1,g2,tick,175.0,0.339
5100.1,g4,tick,207.1,0.330
5101.4,g4,cnp,207.1,0.330
5101.6,g2,cut,145.3,0.381
5103.2,g1,cnp,205.8,0.331
5103.5,g4,cnp,207.1,0.330
5103.6,g2,cnp,145.3,0.381
5104.1,g1,cnp,205.8,0.331
5105.1,g1,tick,205.8,0.331
5105.1,g2,tick,145.3,0.381
5105.1,g4,tick,207.1,0.330
5105.7,g4,cnp,207.1,0.330
5105.8,g2,cnp,145.3,0.381
5106.3,g1,cut,171.8,0.373
5108.0,g2,cnp,145.3,0.381
5108.0,g4,cut,173.0,0.372
5109.4,g1,cnp,171.8,0.373
5109.9,g2,cnp,145.3,0.381
5110.0,g4,cnp,173.0,0.372
5110.0,g1,tick,171.8,0.373
5110.0,g2,tick,145.3,0.381
5110.0,g4,tick,173.0,0.372
5110.5,g1,cnp,171.8,0.373
5112.2,g2,cut,117.7,0.419
5113.4,g1,cnp,171.8,0.373
5113.4,g4,cnp,173.0,0.372
5114.4,g2,cnp,117.7,0.419
5114.5,g4,cnp,173.0,0.372
5114.9,g1,cnp,171.8,0.373
5115.1,g1,tick,171.8,0.373
5115.1,g2,tick,117.7,0.419
5115.1,g4,tick,173.0,0.372
5116.6,g4,cnp,173.0,0.372
5116.7,g2,cnp,117.7,0.419
5117.0,g1,cut,139.7,0.412
5118.7,g4,cut,140.8,0.411
5120.0,g1,cnp,139.7,0.412
5120.0,g2,cnp,117.7,0.419
5120.0,g1,tick,139.7,0.412
5120.0,g2,tick,117.7,0.419
5120.0,g4,tick,140.8,0.411
5120.8,g2,cnp,117.7,0.419
5120.9,g4,cnp,140.8,0.411
5121.4,g1,cnp,139.7,0.412
5122.9,g2,cut,93.0,0.456
5124.5,g1,cnp,139.7,0.412
5124.5,g4,cnp,140.8,0.411
5125.1,g1,tick,139.7,0.412
5125.1,g2,tick,93.0,0.456
5125.1,g4,tick,140.8,0.411
5125.2,g2,cnp,93.0,0.456
5125.4,g4,cnp,140.8,0.411
5125.8,g1,cnp,139.7,0.412
5127.5,g4,cnp,140.8,0.411
5127.8,g2,cnp,93.0,0.456
5128.0,g1,cut,110.9,0.449
5129.7,g4,cut,111.9,0.448
5131.1,g1,tick,110.9,0.449
5131.1,g2,tick,93.0,0.456
5131.1,g4,tick,111.9,0.448
5131.1,g1,cnp,110.9,0.449
5131.1,g2,cnp,93.0,0.456
5131.8,g4,cnp,111.9,0.448
5132.3,g2,cnp,93.0,0.456
5132.5,g1,cnp,110.9,0.449
5134.0,g4,cnp,111.9,0.448
5134.7,g2,cut,71.8,0.490
5136.3,g1,tick,110.9,0.449
5136.3,g2,tick,71.8,0.490
5136.3,g4,tick,111.9,0.448
5136.3,g1,cnp,110.9,0.449
5136.3,g4,cnp,111.9,0.448
5137.0,g2,cnp,71.8,0.490
5137.1,g1,cnp,110.9,0.449
5138.5,g4,cnp,111.9,0.448
5139.2,g2,cnp,71.8,0.490
5139.3,g1,cut,86.0,0.483
5140.7,g1,tick,86.0,0.483
5140.7,g2,tick,71.8,0.490
5140.7,g4,tick,111.9,0.448
5141.4,g2,cnp,71.8,0.490
5141.5,g1,cnp,86.0,0.483
5142.7,g4,cut,86.8,0.482
5144.3,g2,cnp,71.8,0.490
5144.9,g1,cnp,86.0,0.483
5145.0,g4,cnp,86.8,0.482
5145.0,g1,tick,86.0,0.483
5145.0,g2,tick,71.8,0.490
5145.0,g4,tick,86.8,0.482
5145.6,g2,cut,54.2,0.522
5147.0,g1,cnp,86.0,0.483
5147.6,g2,cnp,54.2,0.522
5148.6,g4,cnp,86.8,0.482
5149.7,g2,cnp,54.2,0.522
5150.1,g1,tick,86.0,0.483
5150.1,g2,tick,54.2,0.522
5150.1,g4,tick,86.8,0.482
5150.6,g4,cnp,86.8,0.482
5150.8,g1,cut,65.2,0.516
5152.7,g2,cnp,54.2,0.522
5153.0,g1,cnp,65.2,0.516
5154.0,g2,cnp,54.2,0.522
5154.4,g4,cut,65.9,0.515
5155.9,g1,tick,65.2,0.516
5155.9,g2,tick,54.2,0.522
5155.9,g4,tick,65.9,0.515
5156.2,g2,cut,40.1,0.551
5157.9,g1,cnp,65.2,0.516
5157.9,g4,cnp,65.9,0.515
5158.2,g2,cnp,40.1,0.551
5158.6,g1,cnp,65.2,0.516
5159.3,g4,cnp,65.9,0.515
5160.0,g1,tick,65.2,0.516
5160.0,g2,tick,40.1,0.551
5160.0,g4,tick,65.9,0.515
5160.3,g2,cnp,40.1,0.551
5161.2,g1,cut,48.4,0.546
5163.0,g2,cnp,40.1,0.551
5163.0,g4,cnp,65.9,0.515
5163.4,g1,cnp,48.4,0.546
5164.6,g4,cut,48.9,0.545
5166.1,g1,tick,48.4,0.546
5166.1,g2,tick,40.1,0.551
5166.1,g4,tick,48.9,0.545
5166.1,g1,cnp,48.4,0.546
5166.4,g2,cut,29.0,0.580
5168.0,g1,cnp,48.4,0.546
5168.0,g4,cnp,48.9,0.545
5168.5,g2,cnp,29.0,0.580
5169.1,g4,cnp,48.9,0.545
5170.1,g1,tick,48.4,0.546
5170.1,g2,tick,29.0,0.580
5170.1,g4,tick,48.9,0.545
5170.7,g2,cnp,29.0,0.580
5171.1,g1,cnp,48.4,0.546
5171.5,g4,cnp,48.9,0.545
5172.7,g2,cnp,29.0,0.580
5173.6,g1,cut,35.2,0.574
5175.0,g2,cnp,29.0,0.580
5175.0,g4,cut,35.6,0.573
5176.3,g1,tick,35.2,0.574
5176.3,g2,tick,29.0,0.580
5176.3,g4,tick,35.6,0.573
5176.3,g1,cnp,35.2,0.574
5176.3,g4,cnp,35.6,0.573
5177.0,g2,cut,20.6,0.606
5178.4,g1,cnp,35.2,0.574
5178.4,g4,cnp,35.6,0.573
5179.2,g2,cnp,20.6,0.606
5180.1,g1,tick,35.2,0.574
5180.1,g2,tick,20.6,0.606
5180.1,g4,tick,35.6,0.573
5180.5,g4,cnp,35.6,0.573
5180.6,g1,cnp,35.2,0.574
5181.6,g2,cnp,20.6,0.606
5182.9,g1,cnp,35.2,0.574
5183.2,g4,cnp,35.6,0.573
5183.9,g2,cnp,20.6,0.606
5185.0,g1,cut,25.1,0.601
5187.0,g1,tick,25.1,0.601
5187.0,g2,tick,20.6,0.606
5187.0,g4,tick,35.6,0.573
5187.0,g2,cut,14.4,0.630
5188.7,g4,cut,25.4,0.600
5188.7,g4,cnp,25.4,0.600
5192.0,g1,tick,30.1,0.563
5192.0,g2,tick,14.4,0.630
5192.0,g4,tick,25.4,0.600
5192.0,g1,cnp,30.1,0.563
5192.0,g1,cnp,30.1,0.563
5192.0,g1,cnp,30.1,0.563
5192.0,g2,cnp,14.4,0.630
5192.0,g2,cnp,14.4,0.630
5192.0,g4,cnp,25.4,0.600
5192.0,g4,cnp,25.4,0.600
5192.5,g2,cnp,14.4,0.630
5193.5,g4,cnp,25.4,0.600
5193.6,g1,cnp,30.1,0.563
5194.9,g2,cnp,14.4,0.630
5195.1,g1,tick,30.1,0.563
5195.1,g2,tick,14.4,0.630
5195.1,g4,tick,25.4,0.600
5195.7,g1,cut,21.6,0.591
5197.2,g2,cut,9.8,0.654
5198.7,g4,cnp,25.4,0.600
5198.7,g4,cnp,25.4,0.600
5198.7,g1,cnp,21.6,0.591
5199.5,g2,cnp,9.8,0.654
5200.1,g1,cnp,21.6,0.591
5200.1,g1,tick,21.6,0.591
5200.1,g2,tick,9.8,0.654
5200.1,g4,tick,25.4,0.600
5200.2,g4,cut,17.8,0.625
5201.7,g2,cnp,9.8,0.654
5202.3,g1,cnp,21.6,0.591
5202.4,g4,cnp,17.8,0.625
5204.1,g2,cnp,9.8,0.654
5204.3,g1,cnp,21.6,0.591
5204.7,g4,cnp,17.8,0.625
5205.1,g1,tick,21.6,0.591
5205.1,g2,tick,9.8,0.654
5205.1,g4,tick,17.8,0.625
5206.1,g2,cnp,9.8,0.654
5206.4,g1,cut,15.3,0.616
5208.0,g4,cnp,17.8,0.625
5210.1,g1,tick,15.3,0.616
5210.1,g2,tick,9.8,0.654
5210.1,g4,tick,17.8,0.625
5216.7,g1,tick,18.5,0.578
5218.3,g2,tick,12.1,0.613
5219.7,g4,tick,21.6,0.586
5221.4,g1,tick,20.1,0.542
5222.7,g2,tick,13.2,0.574
5224.1,g4,tick,23.5,0.549
5226.4,g1,tick,20.9,0.508
5227.8,g2,tick,13.8,0.538
5229.0,g4,tick,24.4,0.515
5230.1,g1,tick,21.3,0.476
5231.3,g2,tick,14.1,0.505
5231.3,g4,tick,24.9,0.483
5236.7,g1,tick,21.5,0.446
5236.7,g2,tick,14.2,0.473
5238.0,g4,tick,25.2,0.453
5241.8,g1,tick,26.6,0.418
5243.1,g2,tick,19.3,0.444
5244.7,g4,tick,30.3,0.424
5246.6,g1,tick,34.1,0.392
5248.3,g2,tick,26.8,0.416
5249.9,g4,tick,37.8,0.398
5251.5,g1,tick,42.9,0.368
5252.8,g2,tick,35.6,0.390
5254.2,g4,tick,46.6,0.373
5256.4,g1,tick,52.3,0.345
5257.6,g2,tick,45.0,0.366
5259.1,g4,tick,56.0,0.350
5261.3,g1,tick,62.0,0.323
5262.7,g2,tick,54.7,0.343
5264.1,g4,tick,65.7,0.328
5266.8,g1,tick,91.8,0.303
5268.3,g2,tick,84.5,0.321
5269.9,g4,tick,95.5,0.307
5271.9,g1,tick,131.7,0.284
5273.6,g2,tick,124.5,0.301
5275.3,g4,tick,135.5,0.288
5276.9,g1,tick,176.7,0.266
5279.0,g2,tick,169.4,0.282
5280.5,g4,tick,180.4,0.270
5282.0,g1,tick,224.2,0.250
5283.8,g2,tick,216.9,0.265
5285.5,g4,tick,227.9,0.253
5285.5,g4,cut,199.1,0.300
5288.7,g1,tick,272.9,0.234
5290.3,g2,tick,265.6,0.248
5290.3,g4,tick,199.1,0.300
5290.3,g1,cut,241.0,0.282
5290.3,g1,cnp,241.0,0.282
5291.9,g2,cut,232.7,0.295
5291.9,g2,cnp,232.7,0.295
5292.0,g2,cnp,232.7,0.295
5293.6,g4,cnp,199.1,0.300
5293.6,g4,cnp,199.1,0.300
5293.6,g4,cnp,199.1,0.300
5293.6,g1,tick,241.0,0.282
5293.6,g2,tick,232.7,0.295
5293.6,g4,tick,199.1,0.300
5293.6,g1,cnp,241.0,0.282
5293.6,g2,cnp,232.7,0.295
5293.9,g4,cnp,199.1,0.300
5294.0,g1,cnp,241.0,0.282
5295.1,g1,tick,241.0,0.282
5295.1,g2,tick,232.7,0.295
5295.1,g4,tick,199.1,0.300
5295.5,g2,cnp,232.7,0.295
5296.1,g4,cut,169.2,0.344
5297.4,g1,cnp,241.0,0.282
5297.8,g2,cnp,232.7,0.295
5298.3,g4,cnp,169.2,0.344
5298.5,g1,cnp,241.0,0.282
5299.8,g2,cnp,232.7,0.295
5300.1,g1,tick,241.0,0.282
5300.1,g2,tick,232.7,0.295
5300.1,g4,tick,169.2,0.344
5300.5,g4,cnp,169.2,0.344
5300.6,g1,cut,207.0,0.327
5302.2,g2,cut,198.3,0.339
5303.7,g1,cnp,207.0,0.327
5303.7,g4,cnp,169.2,0.344
5304.2,g2,cnp,198.3,0.339
5305.1,g1,tick,207.0,0.327
5305.1,g2,tick,198.3,0.339
5305.1,g4,tick,169.2,0.344
5305.9,g1,cnp,207.0,0.327
5306.0,g4,cnp,169.2,0.344
5306.3,g2,cnp,198.3,0.339
5308.1,g1,cnp,207.0,0.327
5308.4,g4,cut,140.1,0.385
5310.2,g1,tick,207.0,0.327
5310.3,g2,tick,198.3,0.339
5310.3,g4,tick,140.1,0.385
5310.3,g2,cnp,198.3,0.339
5310.3,g1,cnp,207.0,0.327
5310.7,g4,cnp,140.1,0.385
5310.8,g2,cnp,198.3,0.339
5312.5,g1,cut,173.2,0.369
5313.9,g2,cut,164.7,0.381
5315.5,g4,cnp,140.1,0.385
5315.5,g4,cnp,140.1,0.385
5315.5,g1,tick,173.2,0.369
5315.5,g2,tick,164.7,0.381
5315.5,g4,tick,140.1,0.385
5315.6,g1,cnp,173.2,0.369
5315.6,g2,cnp,164.7,0.381
5317.0,g1,cnp,173.2,0.369
5317.5,g2,cnp,164.7,0.381
5317.6,g4,cnp,140.1,0.385
5319.3,g1,cnp,173.2,0.369
5319.7,g2,cnp,164.7,0.381
5319.8,g4,cut,113.2,0.423
5321.3,g1,tick,173.2,0.369
5321.3,g2,tick,164.7,0.381
5321.3,g4,tick,113.2,0.423
5321.6,g1,cnp,173.2,0.369
5322.0,g2,cnp,164.7,0.381
5322.2,g4,cnp,113.2,0.423
5323.9,g1,cut,141.2,0.408
5325.4,g1,tick,141.2,0.408
5325.4,g2,tick,164.7,0.381
5325.5,g4,tick,113.2,0.423
5325.5,g2,cut,133.3,0.419
5326.8,g4,cnp,113.2,0.423
5326.8,g4,cnp,113.2,0.423
5326.8,g1,cnp,141.2,0.408
5326.8,g2,cnp,133.3,0.419
5327.9,g1,cnp,141.2,0.408
5328.6,g2,cnp,133.3,0.419
5328.7,g4,cnp,113.2,0.423
5330.0,g1,cnp,141.2,0.408
5330.0,g1,tick,141.2,0.408
5330.0,g2,tick,133.3,0.419
5330.0,g4,tick,113.2,0.423
5330.8,g4,cut,89.2,0.459
5332.1,g2,cnp,133.3,0.419
5332.2,g1,cnp,141.2,0.408
5332.9,g4,cnp,89.2,0.459
5333.0,g2,cnp,133.3,0.419
5334.4,g1,cut,112.4,0.445
5335.9,g1,tick,112.4,0.445
5335.9,g2,tick,133.3,0.419
5335.9,g4,tick,89.2,0.459
5335.9,g2,cut,105.4,0.456
5337.2,g4,cnp,89.2,0.459
5337.2,g4,cnp,89.2,0.459
5337.3,g1,cnp,112.4,0.445
5337.4,g2,cnp,105.4,0.456
5338.8,g1,cnp,112.4,0.445
5339.2,g4,cnp,89.2,0.459
5339.8,g2,cnp,105.4,0.456
5340.0,g1,tick,112.4,0.445
5340.0,g2,tick,105.4,0.456
5340.0,g4,tick,89.2,0.459
5341.3,g1,cnp,112.4,0.445
5341.4,g4,cut,68.7,0.493
5342.8,g2,cnp,105.4,0.456
5343.4,g1,cnp,112.4,0.445
5343.6,g4,cnp,68.7,0.493
5344.2,g2,cnp,105.4,0.456
5345.1,g1,tick,112.4,0.445
5345.1,g2,tick,105.4,0.456
5345.1,g4,tick,68.7,0.493
5345.7,g4,cnp,68.7,0.493
5346.2,g1,cut,87.4,0.480
5347.5,g2,cut,81.4,0.490
5349.2,g1,cnp,87.4,0.480
5349.2,g4,cnp,68.7,0.493
5349.4,g2,cnp,81.4,0.490
5350.1,g1,tick,87.4,0.480
5350.1,g2,tick,81.4,0.490
5350.1,g4,tick,68.7,0.493
5350.2,g4,cnp,68.7,0.493
5351.5,g2,cnp,81.4,0.490
5352.3,g4,cut,51.8,0.525
5354.2,g1,cnp,87.4,0.480
5354.4,g4,cnp,51.8,0.525
5354.8,g1,cnp,87.4,0.480
5355.0,g2,cnp,81.4,0.490
5355.0,g1,tick,87.4,0.480
5355.0,g2,tick,81.4,0.490
5355.0,g4,tick,51.8,0.525
5356.6,g4,cnp,51.8,0.525
5357.1,g2,cnp,81.4,0.490
5358.4,g1,cut,66.4,0.512
5360.8,g1,tick,66.4,0.512
5360.8,g2,tick,81.4,0.490
5360.8,g4,tick,51.8,0.525
5360.8,g1,cnp,66.4,0.512
5360.8,g4,cnp,51.8,0.525
5361.0,g4,cnp,51.8,0.525
5361.2,g2,cut,61.5,0.521
5363.3,g2,cnp,61.5,0.521
5363.3,g4,cut,38.2,0.554
5365.5,g1,tick,66.4,0.512
5365.5,g2,tick,61.5,0.521
5365.5,g4,tick,38.2,0.554
5365.5,g1,cnp,66.4,0.512
5365.6,g4,cnp,38.2,0.554
5365.6,g1,cnp,66.4,0.512
5366.6,g2,cnp,61.5,0.521
5367.7,g4,cnp,38.2,0.554
5368.7,g1,cut,49.4,0.543
5370.7,g1,tick,49.4,0.543
5370.7,g2,tick,61.5,0.521
5370.7,g4,tick,38.2,0.554
5370.7,g2,cnp,61.5,0.521
5370.7,g4,cnp,38.2,0.554
5370.8,g1,cnp,49.4,0.543
5371.5,g2,cut,45.4,0.551
5373.2,g4,cnp,38.2,0.554
5373.6,g2,cnp,45.4,0.551
5373.7,g1,cnp,49.4,0.543
5374.7,g4,cut,27.6,0.582
5376.7,g1,tick,49.4,0.543
5376.7,g2,tick,45.4,0.551
5376.7,g4,tick,27.6,0.582
5376.7,g1,cnp,49.4,0.543
5376.7,g2,cnp,45.4,0.551
5377.0,g4,cnp,27.6,0.582
5378.2,g2,cnp,45.4,0.551
5378.3,g1,cnp,49.4,0.543
5379.3,g4,cnp,27.6,0.582
5380.1,g1,tick,49.4,0.543
5380.1,g2,tick,45.4,0.551
5380.1,g4,tick,27.6,0.582
5380.5,g2,cnp,45.4,0.551
5380.6,g1,cut,36.0,0.572
5382.5,g4,cnp,27.6,0.582
5383.0,g2,cut,32.9,0.579
5384.6,g1,cnp,36.0,0.572
5384.6,g4,cnp,27.6,0.582
5384.8,g2,cnp,32.9,0.579
5385.1,g1,tick,36.0,0.572
5385.1,g2,tick,32.9,0.579
5385.1,g4,tick,27.6,0.582
5385.5,g1,cnp,36.0,0.572
5386.2,g4,cut,19.6,0.608
5387.6,g2,cnp,32.9,0.579
5387.7,g1,cnp,36.0,0.572
5388.2,g4,cnp,19.6,0.608
5389.1,g2,cnp,32.9,0.579
5389.9,g1,cnp,36.0,0.572
5390.1,g1,tick,36.0,0.572
5390.1,g2,tick,32.9,0.579
5390.1,g4,tick,19.6,0.608
5390.5,g4,cnp,19.6,0.608
5391.3,g2,cnp,32.9,0.579
5391.9,g1,cut,25.7,0.598
5393.3,g4,cnp,19.6,0.608
5393.4,g2,cut,23.4,0.606
5395.1,g1,tick,25.7,0.598
5395.1,g2,tick,23.4,0.606
5395.1,g4,tick,19.6,0.608
5395.2,g1,cnp,25.7,0.598
5395.2,g4,cnp,19.6,0.608
5395.6,g2,cnp,23.4,0.606
5396.2,g1,cnp,25.7,0.598
5397.3,g4,cut,13.6,0.633
5398.9,g1,cnp,25.7,0.598
5398.9,g2,cnp,23.4,0.606
5399.7,g4,cnp,13.6,0.633
5399.8,g2,cnp,23.4,0.606
5400.1,g1,tick,25.7,0.598
5400.1,g2,tick,23.4,0.606
5400.1,g4,tick,13.6,0.633
5400.7,g1,cnp,25.7,0.598
5402.0,g2,cnp,23.4,0.606
5402.1,g4,cnp,13.6,0.633
5403.2,g1,cut,18.0,0.623
5405.0,g2,cut,16.3,0.630
5406.6,g4,cnp,13.6,0.633
5406.6,g1,tick,18.0,0.623
5406.6,g2,tick,16.3,0.630
5406.7,g4,tick,13.6,0.633
5406.7,g1,cnp,18.0,0.623
5406.7,g2,cnp,16.3,0.630
5406.7,g4,cnp,13.6,0.633
5407.5,g1,cnp,18.0,0.623
5408.7,g2,cnp,16.3,0.630
5408.9,g4,cut,9.3,0.656
5411.0,g1,tick,18.0,0.623
5411.0,g2,tick,16.3,0.630
5411.0,g4,tick,9.3,0.656
5411.0,g1,cnp,18.0,0.623
5411.1,g2,cnp,16.3,0.630
5411.2,g4,cnp,9.3,0.656
5411.9,g1,cnp,18.0,0.623
5412.9,g2,cnp,16.3,0.630
5413.4,g4,cnp,9.3,0.656
5414.2,g1,cut,12.4,0.647
5415.8,g1,tick,12.4,0.647
5415.8,g2,tick,16.3,0.630
5415.8,g4,tick,9.3,0.656
5421.7,g1,tick,15.2,0.607
5423.2,g2,tick,19.8,0.591
5424.8,g4,tick,11.5,0.615
5426.5,g1,tick,16.6,0.569
5427.8,g2,tick,21.6,0.554
5429.1,g4,tick,12.5,0.576
5431.3,g1,tick,17.3,0.533
5432.6,g2,tick,22.5,0.519
5433.9,g4,tick,13.1,0.540
5436.5,g1,tick,17.7,0.500
5436.5,g2,tick,22.9,0.487
5437.9,g4,tick,13.4,0.507
5440.1,g1,tick,17.8,0.469
5441.4,g2,tick,23.2,0.457
5441.4,g4,tick,13.5,0.475
5446.6,g1,tick,22.9,0.439
5448.2,g2,tick,28.3,0.428
5449.7,g4,tick,18.6,0.445
5451.6,g1,tick,30.5,0.412
5453.1,g2,tick,35.8,0.401
5454.7,g4,tick,26.1,0.417
5456.7,g1,tick,39.2,0.386
5458.0,g2,tick,44.6,0.376
5459.5,g4,tick,34.9,0.391
5461.5,g1,tick,48.6,0.362
5462.9,g2,tick,54.0,0.353
5464.5,g4,tick,44.2,0.367
5466.8,g1,tick,58.3,0.339
5468.4,g2,tick,63.7,0.331
5470.0,g4,tick,53.9,0.344
5471.5,g1,tick,88.2,0.318
5473.0,g2,tick,93.5,0.310
5474.3,g4,tick,83.8,0.322
5476.6,g1,tick,128.1,0.298
5478.1,g2,tick,133.5,0.291
5479.4,g4,tick,123.7,0.302
5482.0,g1,tick,173.0,0.280
5483.4,g2,tick,178.4,0.272
5485.0,g4,tick,168.7,0.283
5486.6,g1,tick,220.5,0.262
5488.1,g2,tick,225.9,0.255
5489.4,g4,tick,216.1,0.266
5489.8,g4,cut,187.4,0.312
5492.3,g1,tick,269.3,0.246
5493.6,g2,tick,274.6,0.239
5493.6,g4,tick,187.4,0.312
5493.6,g1,cut,236.2,0.293
5493.6,g1,cnp,236.2,0.293
5495.0,g2,cut,241.8,0.287
5495.0,g2,cnp,241.8,0.287
5496.3,g4,cnp,187.4,0.312
5496.3,g4,cnp,187.4,0.312
5496.4,g1,tick,236.2,0.293
5496.4,g2,tick,241.8,0.287
5496.4,g4,tick,187.4,0.312
5496.4,g1,cnp,236.2,0.293
5497.2,g4,cnp,187.4,0.312
5497.4,g2,cnp,241.8,0.287
5497.9,g1,cnp,236.2,0.293
5499.4,g2,cnp,241.8,0.287
5499.9,g4,cut,158.2,0.355
5501.3,g1,tick,236.2,0.293
5501.3,g2,tick,241.8,0.287
5501.3,g4,tick,158.2,0.355
5501.3,g1,cnp,236.2,0.293
5501.6,g2,cnp,241.8,0.287
5502.0,g4,cnp,158.2,0.355
5502.4,g1,cnp,236.2,0.293
5503.8,g2,cnp,241.8,0.287
5504.3,g4,cnp,158.2,0.355
5504.6,g1,cut,201.6,0.337
5505.9,g1,tick,201.6,0.337
5506.0,g2,tick,241.8,0.287
5506.0,g4,tick,158.2,0.355
5506.1,g2,cut,207.1,0.332
5507.4,g1,cnp,201.6,0.337
5507.4,g4,cnp,158.2,0.355
5508.4,g2,cnp,207.1,0.332
5508.5,g4,cnp,158.2,0.355
5508.8,g1,cnp,201.6,0.337
5510.1,g1,tick,201.6,0.337
5510.1,g2,tick,207.1,0.332
5510.1,g4,tick,158.2,0.355
5510.6,g4,cut,130.2,0.395
5511.9,g1,cnp,201.6,0.337
5512.0,g2,cnp,207.1,0.332
5512.6,g4,cnp,130.2,0.395
5512.7,g2,cnp,207.1,0.332
5513.4,g1,cnp,201.6,0.337
5514.8,g2,cnp,207.1,0.332
5515.1,g4,cnp,130.2,0.395
5515.1,g1,tick,201.6,0.337
5515.1,g2,tick,207.1,0.332
5515.1,g4,tick,130.2,0.395
5515.6,g1,cut,167.6,0.378
5517.1,g2,cut,172.7,0.373
5518.4,g1,cnp,167.6,0.378
5518.4,g4,cnp,130.2,0.395
5519.2,g2,cnp,172.7,0.373
5519.8,g4,cnp,130.2,0.395
5519.9,g1,cnp,167.6,0.378
5520.1,g1,tick,167.6,0.378
5520.1,g2,tick,172.7,0.373
5520.1,g4,tick,130.2,0.395
5521.2,g2,cnp,172.7,0.373
5522.0,g1,cnp,167.6,0.378
5522.1,g4,cut,104.5,0.433
5523.5,g2,cnp,172.7,0.373
5524.2,g1,cnp,167.6,0.378
5524.4,g4,cnp,104.5,0.433
5525.1,g1,tick,167.6,0.378
5525.1,g2,tick,172.7,0.373
5525.1,g4,tick,104.5,0.433
5525.3,g2,cnp,172.7,0.373
5526.4,g1,cut,135.9,0.417
5528.0,g2,cut,140.5,0.412
5529.3,g4,cnp,104.5,0.433
5529.3,g4,cnp,104.5,0.433
5529.3,g1,cnp,135.9,0.417
5529.8,g2,cnp,140.5,0.412
5530.1,g1,tick,135.9,0.417
5530.1,g2,tick,140.5,0.412
5530.1,g4,tick,104.5,0.433
5530.8,g1,cnp,135.9,0.417
5531.0,g4,cnp,104.5,0.433
5532.1,g2,cnp,140.5,0.412
5533.0,g1,cnp,135.9,0.417
5533.1,g4,cut,81.9,0.468
5534.8,g2,cnp,140.5,0.412
5535.1,g1,tick,135.9,0.417
5535.1,g2,tick,140.5,0.412
5535.1,g4,tick,81.9,0.468
5535.2,g4,cnp,81.9,0.468
5535.3,g1,cnp,135.9,0.417
5536.7,g2,cnp,140.5,0.412
5537.3,g4,cnp,81.9,0.468
5537.4,g1,cut,107.5,0.454
5539.0,g2,cut,111.5,0.449
5540.8,g1,tick,107.5,0.454
5540.8,g2,tick,111.5,0.449
5540.8,g4,tick,81.9,0.468
5540.8,g1,cnp,107.5,0.454
5540.8,g4,cnp,81.9,0.468
5540.9,g2,cnp,111.5,0.449
5541.6,g4,cnp,81.9,0.468
5541.9,g1,cnp,107.5,0.454
5543.0,g2,cnp,111.5,0.449
5544.0,g1,cnp,107.5,0.454
5544.1,g4,cut,62.7,0.501
5545.8,g1,tick,107.5,0.454
5545.8,g2,tick,111.5,0.449
5545.8,g4,tick,62.7,0.501
5545.8,g2,cnp,111.5,0.449
5546.1,g1,cnp,107.5,0.454
5546.3,g4,cnp,62.7,0.501
5547.1,g2,cnp,111.5,0.449
5548.1,g1,cut,83.1,0.488
5549.8,g2,cut,86.5,0.484
5551.2,g4,cnp,62.7,0.501
5551.2,g4,cnp,62.7,0.501
5551.2,g1,tick,83.1,0.488
5551.2,g2,tick,86.5,0.484
5551.2,g4,tick,62.7,0.501
5551.2,g1,cnp,83.1,0.488
5551.7,g2,cnp,86.5,0.484
5552.5,g1,cnp,83.1,0.488
5552.8,g4,cnp,62.7,0.501
5553.7,g2,cnp,86.5,0.484
5554.5,g1,cnp,83.1,0.488
5555.0,g4,cut,47.0,0.533
5556.3,g1,tick,83.1,0.488
5556.3,g2,tick,86.5,0.484
5556.3,g4,tick,47.0,0.533
5556.7,g1,cnp,83.1,0.488
5557.1,g4,cnp,47.0,0.533
5557.5,g2,cnp,86.5,0.484
5559.1,g4,cnp,47.0,0.533
5559.5,g2,cnp,86.5,0.484
5559.9,g1,cut,62.9,0.520
5561.5,g1,tick,62.9,0.520
5561.5,g2,tick,86.5,0.484
5561.5,g4,tick,47.0,0.533
5561.5,g4,cnp,47.0,0.533
5562.0,g1,cnp,62.9,0.520
5562.8,g2,cut,65.6,0.516
5564.3,g4,cnp,47.0,0.533
5564.8,g2,cnp,65.6,0.516
5565.1,g1,tick,62.9,0.520
5565.1,g2,tick,65.6,0.516
5565.1,g4,tick,47.0,0.533
5565.3,g1,cnp,62.9,0.520
5565.5,g4,cut,34.5,0.562
5567.5,g1,cnp,62.9,0.520
5567.7,g4,cnp,34.5,0.562
5567.9,g2,cnp,65.6,0.516
5569.7,g4,cnp,34.5,0.562
5569.8,g2,cnp,65.6,0.516
5570.1,g1,tick,62.9,0.520
5570.1,g2,tick,65.6,0.516
5570.1,g4,tick,34.5,0.562
5570.4,g1,cut,46.5,0.550
5572.0,g4,cnp,34.5,0.562
5572.5,g1,cnp,46.5,0.550
5572.7,g2,cnp,65.6,0.516
5574.2,g4,cnp,34.5,0.562
5574.7,g2,cut,48.7,0.546
5576.3,g1,tick,46.5,0.550
5576.3,g2,tick,48.7,0.546
5576.3,g4,tick,34.5,0.562
5576.3,g1,cnp,46.5,0.550
5576.3,g4,cut,24.8,0.589
5577.6,g2,cnp,48.7,0.546
5577.8,g1,cnp,46.5,0.550
5578.3,g4,cnp,24.8,0.589
5579.8,g2,cnp,48.7,0.546
5579.9,g1,cnp,46.5,0.550
5580.1,g1,tick,46.5,0.550
5580.1,g2,tick,48.7,0.546
5580.1,g4,tick,24.8,0.589
5580.3,g4,cnp,24.8,0.589
5582.0,g1,cut,33.7,0.578
5583.6,g2,cnp,48.7,0.546
5583.6,g4,cnp,24.8,0.589
5584.2,g1,cnp,33.7,0.578
5584.3,g2,cnp,48.7,0.546
5584.4,g4,cnp,24.8,0.589
5585.1,g1,tick,33.7,0.578
5585.1,g2,tick,48.7,0.546
5585.1,g4,tick,24.8,0.589
5586.2,g1,cnp,33.7,0.578
5586.5,g2,cut,35.4,0.575
5588.1,g4,cut,17.5,0.615
5589.7,g1,cnp,33.7,0.578
5589.7,g2,cnp,35.4,0.575
5589.7,g4,cnp,17.5,0.615
5590.1,g1,tick,33.7,0.578
5590.1,g2,tick,35.4,0.575
5590.1,g4,tick,17.5,0.615
5590.4,g1,cnp,33.7,0.578
5590.8,g2,cnp,35.4,0.575
5591.5,g4,cnp,17.5,0.615
5592.5,g1,cut,24.0,0.604
5593.8,g2,cnp,35.4,0.575
5593.8,g4,cnp,17.5,0.615
5594.6,g1,cnp,24.0,0.604
5595.0,g2,cnp,35.4,0.575
5595.0,g1,tick,24.0,0.604
5595.0,g2,tick,35.4,0.575
5595.0,g4,tick,17.5,0.615
5596.3,g4,cnp,17.5,0.615
5596.7,g1,cnp,24.0,0.604
5597.1,g2,cut,25.2,0.601
5598.4,g4,cut,12.1,0.639
5600.0,g1,tick,24.0,0.604
5600.0,g2,tick,25.2,0.601
5600.0,g4,tick,12.1,0.639
5600.0,g1,cnp,24.0,0.604
5600.0,g2,cnp,25.2,0.601
5600.9,g4,cnp,12.1,0.639
5601.0,g1,cnp,24.0,0.604
5601.5,g2,cnp,25.2,0.601
5603.0,g4,cnp,12.1,0.639
5603.2,g1,cut,16.7,0.629
5604.9,g2,cnp,25.2,0.601
5605.1,g1,tick,16.7,0.629
5605.1,g2,tick,25.2,0.601
5605.1,g4,tick,12.1,0.639
5605.3,g4,cnp,12.1,0.639
5605.4,g1,cnp,16.7,0.629
5605.7,g2,cnp,25.2,0.601
5607.4,g4,cnp,12.1,0.639
5607.6,g1,cnp,16.7,0.629
5608.0,g2,cut,17.6,0.626
5609.8,g1,cnp,16.7,0.629
5609.9,g4,cut,8.2,0.662
5611.3,g1,tick,16.7,0.629
5611.3,g2,tick,17.6,0.626
5611.3,g4,tick,8.2,0.662
5611.3,g2,cnp,17.6,0.626
5611.9,g4,cnp,8.2,0.662
5612.0,g1,cnp,16.7,0.629
5612.1,g2,cnp,17.6,0.626
5615.1,g1,tick,16.7,0.629
5615.1,g2,tick,17.6,0.626
5615.1,g4,tick,8.2,0.662
5621.4,g1,tick,20.4,0.590
5622.7,g2,tick,21.4,0.587
5624.3,g4,tick,10.2,0.620
5626.7,g1,tick,22.2,0.553
5628.1,g2,tick,23.3,0.550
5629.7,g4,tick,11.1,0.581
5631.6,g1,tick,23.1,0.518
5633.2,g2,tick,24.3,0.516
5634.8,g4,tick,11.6,0.545
5635.1,g1,tick,23.5,0.486
5635.1,g2,tick,24.7,0.484
5636.7,g4,tick,11.9,0.511
5641.7,g1,tick,23.8,0.456
5643.1,g2,tick,25.0,0.453
5643.1,g4,tick,12.0,0.479
5646.4,g1,tick,28.9,0.427
5647.7,g2,tick,30.1,0.425
5649.0,g4,tick,17.0,0.449
5651.4,g1,tick,36.4,0.400
5653.0,g2,tick,37.6,0.398
5654.6,g4,tick,24.6,0.421
5656.9,g1,tick,45.2,0.375
5658.5,g2,tick,46.4,0.374
5660.2,g4,tick,33.3,0.395
5662.0,g1,tick,54.6,0.352
5663.3,g2,tick,55.8,0.350
5664.8,g4,tick,42.7,0.370
5666.5,g1,tick,64.3,0.330
5667.9,g2,tick,65.5,0.328
5669.4,g4,tick,52.4,0.347
5671.5,g1,tick,94.1,0.309
5672.9,g2,tick,95.4,0.308
5674.4,g4,tick,82.3,0.325
5677.5,g1,tick,134.1,0.290
5679.0,g2,tick,135.3,0.289
5680.7,g4,tick,122.2,0.305
5682.5,g1,tick,179.0,0.272
5684.2,g2,tick,180.2,0.271
5685.6,g4,tick,167.1,0.286
5686.9,g1,tick,226.5,0.255
5688.5,g2,tick,227.7,0.254
5689.8,g4,tick,214.6,0.268
5691.4,g1,tick,275.2,0.239
5692.7,g2,tick,276.5,0.238
5694.0,g4,tick,263.4,0.251
5694.0,g2,cut,243.6,0.285
5694.0,g2,cnp,243.6,0.285
5695.4,g4,cut,230.3,0.298
5698.0,g1,tick,324.6,0.224
5698.0,g2,tick,243.6,0.285
5698.0,g4,tick,230.3,0.298
5698.0,g1,cut,288.3,0.273
5698.0,g1,cnp,288.3,0.273
5699.2,g2,cnp,243.6,0.285
5699.3,g2,cnp,243.6,0.285
5699.3,g4,cnp,230.3,0.298
5699.3,g4,cnp,230.3,0.298
5699.3,g1,cnp,288.3,0.273
5700.1,g1,tick,288.3,0.273
5700.1,g2,tick,243.6,0.285
5700.1,g4,tick,230.3,0.298
5700.8,g4,cnp,230.3,0.298
5700.9,g1,cnp,288.3,0.273
5701.3,g2,cnp,243.6,0.285
5702.9,g4,cnp,230.3,0.298
5703.0,g1,cnp,288.3,0.273
5703.7,g2,cnp,243.6,0.285
5705.0,g4,cnp,230.3,0.298
5705.0,g1,tick,288.3,0.273
5705.0,g2,tick,243.6,0.285
5705.0,g4,tick,230.3,0.298
5705.1,g1,cnp,288.3,0.273
5705.9,g2,cut,208.8,0.330
5707.4,g1,cnp,288.3,0.273
5707.4,g4,cut,196.0,0.342
5709.0,g2,cnp,208.8,0.330
5709.2,g4,cnp,196.0,0.342
5709.3,g1,cut,249.0,0.318
5710.7,g1,tick,249.0,0.318
5710.7,g2,tick,208.8,0.330
5710.7,g4,tick,196.0,0.342
5710.8,g2,cnp,208.8,0.330
5711.3,g4,cnp,196.0,0.342
5711.4,g1,cnp,249.0,0.318
5712.7,g2,cnp,208.8,0.330
5713.4,g1,cnp,249.0,0.318
5713.5,g4,cnp,196.0,0.342
5715.0,g2,cnp,208.8,0.330
5715.1,g1,tick,249.0,0.318
5715.1,g2,tick,208.8,0.330
5715.1,g4,tick,196.0,0.342
5715.5,g1,cnp,249.0,0.318
5715.7,g4,cnp,196.0,0.342
5717.2,g2,cut,174.4,0.372
5719.2,g1,cnp,249.0,0.318
5719.2,g4,cut,162.5,0.383
5720.6,g1,tick,249.0,0.318
5720.6,g2,tick,174.4,0.372
5720.6,g4,tick,162.5,0.383
5720.6,g1,cut,209.4,0.361
5722.0,g2,cnp,174.4,0.372
5722.0,g2,cnp,174.4,0.372
5722.0,g4,cnp,162.5,0.383
5722.0,g1,cnp,209.4,0.361
5722.2,g4,cnp,162.5,0.383
5723.4,g2,cnp,174.4,0.372
5724.2,g1,cnp,209.4,0.361
5724.3,g4,cnp,162.5,0.383
5725.1,g1,tick,209.4,0.361
5725.1,g2,tick,174.4,0.372
5725.1,g4,tick,162.5,0.383
5725.7,g2,cnp,174.4,0.372
5726.4,g1,cnp,209.4,0.361
5726.6,g4,cnp,162.5,0.383
5728.1,g2,cut,141.9,0.411
5729.7,g1,cnp,209.4,0.361
5729.7,g4,cut,131.3,0.422
5731.2,g1,tick,209.4,0.361
5731.2,g2,tick,141.9,0.411
5731.3,g4,tick,131.3,0.422
5731.3,g1,cut,171.6,0.401
5732.8,g2,cnp,141.9,0.411
5732.8,g2,cnp,141.9,0.411
5732.8,g4,cnp,131.3,0.422
5732.8,g1,cnp,171.6,0.401
5733.2,g4,cnp,131.3,0.422
5734.4,g2,cnp,141.9,0.411
5734.9,g1,cnp,171.6,0.401
5735.1,g1,tick,171.6,0.401
5735.1,g2,tick,141.9,0.411
5735.1,g4,tick,131.3,0.422
5735.6,g4,cnp,131.3,0.422
5736.5,g2,cnp,141.9,0.411
5736.9,g1,cnp,171.6,0.401
5737.7,g4,cnp,131.3,0.422
5738.6,g2,cut,112.8,0.448
5740.1,g1,tick,171.6,0.401
5740.1,g2,tick,112.8,0.448
5740.1,g4,tick,131.3,0.422
5740.1,g1,cnp,171.6,0.401
5740.2,g4,cut,103.7,0.458
5741.5,g1,cut,137.3,0.438
5743.1,g2,cnp,112.8,0.448
5743.1,g2,cnp,112.8,0.448
5743.1,g4,cnp,103.7,0.458
5744.0,g1,cnp,137.3,0.438
5744.2,g4,cnp,103.7,0.458
5745.1,g1,tick,137.3,0.438
5745.1,g2,tick,112.8,0.448
5745.1,g4,tick,103.7,0.458
5745.1,g2,cnp,112.8,0.448
5746.0,g1,cnp,137.3,0.438
5746.6,g4,cnp,103.7,0.458
5747.2,g2,cnp,112.8,0.448
5748.6,g4,cnp,103.7,0.458
5749.3,g2,cut,87.5,0.483
5750.9,g1,tick,137.3,0.438
5750.9,g2,tick,87.5,0.483
5750.9,g4,tick,103.7,0.458
5750.9,g4,cut,79.9,0.492
5752.2,g2,cnp,87.5,0.483
5752.3,g1,cut,107.2,0.473
5753.9,g2,cnp,87.5,0.483
5753.9,g4,cnp,79.9,0.492
5754.3,g1,cnp,107.2,0.473
5755.0,g4,cnp,79.9,0.492
5755.0,g1,tick,107.2,0.473
5755.0,g2,tick,87.5,0.483
5755.0,g4,tick,79.9,0.492
5756.0,g2,cnp,87.5,0.483
5757.1,g4,cnp,79.9,0.492
5757.8,g1,cnp,107.2,0.473
5759.2,g4,cnp,79.9,0.492
5759.9,g1,cnp,107.2,0.473
5760.1,g1,tick,107.2,0.473
5760.1,g2,tick,87.5,0.483
5760.1,g4,tick,79.9,0.492
5760.7,g2,cut,66.4,0.515
5762.4,g1,cut,81.8,0.506
5764.1,g4,cut,60.3,0.523
5765.4,g1,tick,81.8,0.506
5765.4,g2,tick,66.4,0.515
5765.4,g4,tick,60.3,0.523
5765.5,g1,cnp,81.8,0.506
5765.5,g4,cnp,60.3,0.523
5765.8,g2,cnp,66.4,0.515
5767.2,g1,cnp,81.8,0.506
5768.0,g2,cnp,66.4,0.515
5769.0,g4,cnp,60.3,0.523
5769.4,g1,cnp,81.8,0.506
5770.1,g1,tick,81.8,0.506
5770.1,g2,tick,66.4,0.515
5770.1,g4,tick,60.3,0.523
5770.9,g2,cut,49.3,0.545
5772.3,g1,cnp,81.8,0.506
5772.3,g4,cnp,60.3,0.523
5773.0,g2,cnp,49.3,0.545
5774.0,g1,cut,61.1,0.537
5775.6,g1,tick,61.1,0.537
5775.6,g2,tick,49.3,0.545
5775.6,g4,tick,60.3,0.523
5775.6,g4,cut,44.5,0.553
5776.9,g1,cnp,61.1,0.537
5776.9,g2,cnp,49.3,0.545
5777.1,g4,cnp,44.5,0.553
5778.2,g2,cnp,49.3,0.545
5778.4,g1,cnp,61.1,0.537
5780.1,g1,tick,61.1,0.537
5780.1,g2,tick,49.3,0.545
5780.1,g4,tick,44.5,0.553
5780.3,g4,cnp,44.5,0.553
5780.6,g1,cnp,61.1,0.537
5781.5,g2,cut,35.9,0.574
5783.2,g1,cnp,61.1,0.537
5783.2,g4,cnp,44.5,0.553
5783.8,g2,cnp,35.9,0.574
5784.8,g4,cnp,44.5,0.553
5785.1,g1,tick,61.1,0.537
5785.1,g2,tick,35.9,0.574
5785.1,g4,tick,44.5,0.553
5786.0,g1,cut,44.7,0.566
5787.4,g2,cnp,35.9,0.574
5787.4,g4,cut,32.2,0.581
5788.9,g1,cnp,44.7,0.566
5788.9,g2,cnp,35.9,0.574
5789.2,g4,cnp,32.2,0.581
5790.1,g1,tick,44.7,0.566
5790.1,g2,tick,35.9,0.574
5790.1,g4,tick,32.2,0.581
5791.0,g2,cnp,35.9,0.574
5791.5,g4,cnp,32.2,0.581
5792.9,g1,cnp,44.7,0.566
5793.3,g2,cut,25.6,0.600
5795.0,g1,tick,44.7,0.566
5795.0,g2,tick,25.6,0.600
5795.0,g4,tick,32.2,0.581
5795.0,g1,cnp,44.7,0.566
5795.0,g4,cnp,32.2,0.581
5795.6,g2,cnp,25.6,0.600
5795.9,g4,cnp,32.2,0.581
5797.2,g1,cut,32.1,0.593
5798.7,g2,cnp,25.6,0.600
5798.7,g4,cut,22.8,0.607
5800.8,g1,tick,32.1,0.593
5800.8,g2,tick,25.6,0.600
5800.8,g4,tick,22.8,0.607
5800.8,g1,cnp,32.1,0.593
5800.8,g2,cnp,25.6,0.600
5800.8,g4,cnp,22.8,0.607
5801.7,g1,cnp,32.1,0.593
5802.3,g4,cnp,22.8,0.607
5802.6,g2,cnp,25.6,0.600
5803.7,g1,cnp,32.1,0.593
5804.6,g4,cnp,22.8,0.607
5804.7,g2,cut,17.9,0.625
5806.4,g1,tick,32.1,0.593
5806.4,g2,tick,17.9,0.625
5806.4,g4,tick,22.8,0.607
5806.4,g1,cnp,32.1,0.593
5806.8,g2,cnp,17.9,0.625
5806.9,g4,cnp,22.8,0.607
5808.0,g1,cut,22.6,0.618
5809.6,g2,cnp,17.9,0.625
5809.6,g4,cut,15.9,0.632
5811.2,g1,tick,22.6,0.618
5811.2,g2,tick,17.9,0.625
5811.2,g4,tick,15.9,0.632
5811.2,g1,cnp,22.6,0.618
5811.2,g2,cnp,17.9,0.625
5811.2,g4,cnp,15.9,0.632
5812.4,g1,cnp,22.6,0.618
5813.2,g2,cnp,17.9,0.625
5813.4,g4,cnp,15.9,0.632
5814.7,g1,cnp,22.6,0.618
5815.1,g1,tick,22.6,0.618
5815.1,g2,tick,17.9,0.625
5815.1,g4,tick,15.9,0.632
5815.3,g2,cut,12.3,0.649
5816.9,g1,cnp,22.6,0.618
5816.9,g4,cnp,15.9,0.632
5817.4,g2,cnp,12.3,0.649
5817.7,g4,cnp,15.9,0.632
5819.0,g1,cut,15.6,0.642
5820.4,g1,tick,15.6,0.642
5820.4,g2,tick,12.3,0.649
5820.4,g4,tick,15.9,0.632
5820.4,g2,cnp,12.3,0.649
5820.4,g4,cut,10.9,0.655
5821.7,g1,cnp,15.6,0.642
5821.8,g2,cnp,12.3,0.649
5822.0,g4,cnp,10.9,0.655
5825.1,g1,tick,15.6,0.642
5825.1,g2,tick,12.3,0.649
5825.1,g4,tick,10.9,0.655
5831.6,g1,tick,19.1,0.602
5833.0,g2,tick,15.1,0.608
5834.6,g4,tick,13.4,0.614
5836.4,g1,tick,20.8,0.565
5838.0,g2,tick,16.5,0.570
5839.6,g4,tick,14.6,0.576
5841.3,g1,tick,21.7,0.529
5843.0,g2,tick,17.2,0.534
5844.3,g4,tick,15.3,0.540
5846.4,g1,tick,22.1,0.496
5847.7,g2,tick,17.6,0.501
5849.1,g4,tick,15.6,0.506
5850.1,g1,tick,22.3,0.465
5850.1,g2,tick,17.7,0.470
5850.1,g4,tick,15.7,0.474
5856.7,g1,tick,27.4,0.436
5858.0,g2,tick,22.8,0.440
5859.4,g4,tick,20.8,0.445
5861.4,g1,tick,35.0,0.409
5862.6,g2,tick,30.4,0.413
5864.1,g4,tick,28.4,0.417
5866.6,g1,tick,43.8,0.383
5868.2,g2,tick,39.1,0.387
5869.6,g4,tick,37.1,0.391
5871.4,g1,tick,53.2,0.359
5872.7,g2,tick,48.5,0.363
5874.0,g4,tick,46.5,0.366
5876.8,g1,tick,62.9,0.337
5878.2,g2,tick,58.2,0.340
5879.7,g4,tick,56.2,0.343
5881.4,g1,tick,92.7,0.316
5882.7,g2,tick,88.1,0.319
5884.4,g4,tick,86.1,0.322
5886.4,g1,tick,132.6,0.296
5887.9,g2,tick,128.0,0.299
5889.5,g4,tick,126.0,0.302
5891.6,g1,tick,177.6,0.278
5893.4,g2,tick,172.9,0.280
5895.1,g4,tick,170.9,0.283
5896.5,g1,tick,225.1,0.260
5897.9,g2,tick,220.4,0.263
5899.3,g4,tick,218.4,0.265
5899.3,g1,cut,195.8,0.306
5900.6,g1,tick,195.8,0.306
5901.9,g2,tick,269.2,0.246
5903.2,g4,tick,267.2,0.249
5903.2,g1,cnp,195.8,0.306
5903.2,g2,cut,236.0,0.293
5904.5,g4,cut,233.9,0.296
5904.5,g4,cnp,233.9,0.296
5906.1,g1,tick,195.8,0.306
5906.1,g2,tick,236.0,0.293
5906.1,g4,tick,233.9,0.296
5906.2,g1,cnp,195.8,0.306
5906.2,g2,cnp,236.0,0.293
5906.2,g2,cnp,236.0,0.293
5906.2,g4,cnp,233.9,0.296
5906.6,g1,cnp,195.8,0.306
5907.8,g4,cnp,233.9,0.296
5908.0,g2,cnp,236.0,0.293
5908.9,g1,cnp,195.8,0.306
5910.1,g1,tick,195.8,0.306
5910.1,g2,tick,236.0,0.293
5910.1,g4,tick,233.9,0.296
5910.1,g4,cnp,233.9,0.296
5910.3,g2,cnp,236.0,0.293
5911.0,g1,cut,165.8,0.350
5912.7,g2,cnp,236.0,0.293
5912.7,g4,cnp,233.9,0.296
5913.3,g1,cnp,165.8,0.350
5914.4,g4,cnp,233.9,0.296
5914.6,g2,cut,201.4,0.338
5916.1,g1,tick,165.8,0.350
5916.1,g2,tick,201.4,0.338
5916.1,g4,tick,233.9,0.296
5916.1,g1,cnp,165.8,0.350
5916.7,g4,cut,199.4,0.340
5917.9,g1,cnp,165.8,0.350
5917.9,g2,cnp,201.4,0.338
5918.9,g4,cnp,199.4,0.340
5919.1,g2,cnp,201.4,0.338
5919.8,g1,cnp,165.8,0.350
5920.1,g1,tick,165.8,0.350
5920.1,g2,tick,201.4,0.338
5920.1,g4,tick,199.4,0.340
5921.0,g4,cnp,199.4,0.340
5921.1,g2,cnp,201.4,0.338
5922.1,g1,cut,136.8,0.390
5923.9,g2,cnp,201.4,0.338
5923.9,g4,cnp,199.4,0.340
5924.3,g1,cnp,136.8,0.390
5925.1,g1,tick,136.8,0.390
5925.1,g2,tick,201.4,0.338
5925.1,g4,tick,199.4,0.340
5925.3,g4,cnp,199.4,0.340
5925.4,g2,cut,167.4,0.379
5927.4,g1,cnp,136.8,0.390
5927.5,g4,cut,165.5,0.381
5928.9,g1,cnp,136.8,0.390
5928.9,g2,cnp,167.4,0.379
5929.7,g4,cnp,165.5,0.381
5929.8,g2,cnp,167.4,0.379
5930.0,g1,tick,136.8,0.390
5930.0,g2,tick,167.4,0.379
5930.0,g4,tick,165.5,0.381
5931.2,g1,cnp,136.8,0.390
5932.0,g4,cnp,165.5,0.381
5932.1,g2,cnp,167.4,0.379
5933.6,g1,cut,110.1,0.429
5935.2,g1,tick,110.1,0.429
5935.2,g2,tick,167.4,0.379
5935.2,g4,tick,165.5,0.381
5935.2,g2,cnp,167.4,0.379
5935.2,g4,cnp,165.5,0.381
5935.8,g1,cnp,110.1,0.429
5936.2,g2,cut,135.7,0.418
5937.6,g4,cut,134.0,0.420
5938.9,g1,cnp,110.1,0.429
5938.9,g2,cnp,135.7,0.418
5938.9,g4,cnp,134.0,0.420
5940.0,g1,tick,110.1,0.429
5940.1,g2,tick,135.7,0.418
5940.1,g4,tick,134.0,0.420
5940.1,g1,cnp,110.1,0.429
5940.4,g2,cnp,135.7,0.418
5940.9,g4,cnp,134.0,0.420
5942.3,g1,cnp,110.1,0.429
5942.6,g2,cnp,135.7,0.418
5943.0,g4,cnp,134.0,0.420
5944.3,g1,cut,86.5,0.464
5945.9,g1,tick,86.5,0.464
5945.9,g2,tick,135.7,0.418
5945.9,g4,tick,134.0,0.420
5945.9,g2,cnp,135.7,0.418
5945.9,g4,cnp,134.0,0.420
5946.8,g1,cnp,86.5,0.464
5947.0,g2,cut,107.3,0.454
5948.3,g4,cut,105.9,0.456
5949.6,g1,cnp,86.5,0.464
5949.6,g2,cnp,107.3,0.454
5950.1,g1,tick,86.5,0.464
5950.1,g2,tick,107.3,0.454
5950.1,g4,tick,105.9,0.456
5950.1,g4,cnp,105.9,0.456
5951.1,g1,cnp,86.5,0.464
5951.4,g2,cnp,107.3,0.454
5952.1,g4,cnp,105.9,0.456
5953.3,g1,cnp,86.5,0.464
5953.6,g2,cnp,107.3,0.454
5954.3,g4,cnp,105.9,0.456
5955.1,g1,tick,86.5,0.464
5955.1,g2,tick,107.3,0.454
5955.1,g4,tick,105.9,0.456
5955.6,g1,cut,66.4,0.498
5957.7,g2,cut,82.9,0.488
5959.4,g4,cut,81.7,0.490
5959.4,g4,cnp,81.7,0.490
5960.7,g1,tick,66.4,0.498
5960.7,g2,tick,82.9,0.488
5960.7,g4,tick,81.7,0.490
5960.7,g1,cnp,66.4,0.498
5960.7,g1,cnp,66.4,0.498
5960.7,g2,cnp,82.9,0.488
5960.7,g2,cnp,82.9,0.488
5961.1,g4,cnp,81.7,0.490
5962.1,g1,cnp,66.4,0.498
5962.2,g2,cnp,82.9,0.488
5963.2,g4,cnp,81.7,0.490
5964.2,g1,cnp,66.4,0.498
5964.3,g2,cnp,82.9,0.488
5965.0,g1,tick,66.4,0.498
5965.0,g2,tick,82.9,0.488
5965.1,g4,tick,81.7,0.490
5966.4,g1,cut,49.9,0.529
5968.1,g2,cut,62.7,0.520
5969.4,g4,cut,61.7,0.522
5969.4,g4,cnp,61.7,0.522
5970.7,g1,tick,49.9,0.529
5970.7,g2,tick,62.7,0.520
5970.7,g4,tick,61.7,0.522
5970.8,g1,cnp,49.9,0.529
5970.8,g1,cnp,49.9,0.529
5970.8,g2,cnp,62.7,0.520
5971.3,g2,cnp,62.7,0.520
5972.6,g1,cnp,49.9,0.529
5972.8,g4,cnp,61.7,0.522
5974.8,g1,cnp,49.9,0.529
5975.0,g2,cnp,62.7,0.520
5975.0,g1,tick,49.9,0.529
5975.0,g2,tick,62.7,0.520
5975.0,g4,tick,61.7,0.522
5975.0,g4,cnp,61.7,0.522
5976.9,g1,cut,36.7,0.559
5978.7,g2,cut,46.4,0.550
5980.8,g4,cut,45.6,0.552
5980.8,g4,cnp,45.6,0.552
5982.9,g1,tick,36.7,0.559
5982.9,g2,tick,46.4,0.550
5982.9,g4,tick,45.6,0.552
5982.9,g1,cnp,36.7,0.559
5982.9,g1,cnp,36.7,0.559
5982.9,g2,cnp,46.4,0.550
5982.9,g2,cnp,46.4,0.550
5983.1,g4,cnp,45.6,0.552
5983.4,g1,cnp,36.7,0.559
5984.4,g2,cnp,46.4,0.550
5985.1,g1,tick,36.7,0.559
5985.1,g2,tick,46.4,0.550
5985.1,g4,tick,45.6,0.552
5985.3,g4,cnp,45.6,0.552
5985.9,g1,cnp,36.7,0.559
5986.5,g2,cnp,46.4,0.550
5987.8,g4,cnp,45.6,0.552
5988.1,g1,cut,26.4,0.586
5989.8,g2,cut,33.6,0.578
5991.4,g1,tick,26.4,0.586
5991.4,g2,tick,33.6,0.578
5991.4,g4,tick,45.6,0.552
5991.4,g1,cnp,26.4,0.586
5991.4,g2,cnp,33.6,0.578
5991.4,g4,cut,33.0,0.580
5992.7,g1,cnp,26.4,0.586
5992.7,g4,cnp,33.0,0.580
5992.9,g2,cnp,33.6,0.578
5994.3,g4,cnp,33.0,0.580
5994.8,g1,cnp,26.4,0.586
5995.0,g2,cnp,33.6,0.578
5995.1,g1,tick,26.4,0.586
5995.1,g2,tick,33.6,0.578
5995.1,g4,tick,33.0,0.580
5996.7,g4,cnp,33.0,0.580
5997.1,g1,cnp,26.4,0.586
5997.2,g2,cnp,33.6,0.578
5998.9,g4,cnp,33.0,0.580
5999.4,g2,cnp,33.6,0.578
5999.5,g1,cut,18.7,0.612
6000.9,g1,tick,18.7,0.612
6000.9,g2,tick,33.6,0.578
6000.9,g4,tick,33.0,0.580
6001.2,g4,cnp,33.0,0.580
6001.5,g1,cnp,18.7,0.612
6001.6,g2,cut,23.9,0.605
6003.3,g4,cut,23.5,0.606
6004.6,g1,cnp,18.7,0.612
6004.6,g2,cnp,23.9,0.605
6005.1,g1,tick,18.7,0.612
6005.1,g2,tick,23.9,0.605
6005.1,g4,tick,23.5,0.606
6005.4,g4,cnp,23.5,0.606
6005.9,g2,cnp,23.9,0.605
6006.0,g1,cnp,18.7,0.612
6007.9,g4,cnp,23.5,0.606
6008.3,g2,cnp,23.9,0.605
6008.4,g1,cnp,18.7,0.612
6010.0,g4,cnp,23.5,0.606
6010.0,g1,tick,18.7,0.612
6010.0,g2,tick,23.9,0.605
6010.0,g4,tick,23.5,0.606
6010.5,g2,cnp,23.9,0.605
6010.8,g1,cut,13.0,0.636
6012.5,g4,cnp,23.5,0.606
6012.9,g2,cut,16.7,0.629
6014.3,g1,cnp,13.0,0.636
6014.4,g4,cut,16.3,0.631
6015.8,g1,tick,13.0,0.636
6015.8,g2,tick,16.7,0.629
6015.8,g4,tick,16.3,0.631
6015.8,g1,cnp,13.0,0.636
6015.8,g2,cnp,16.7,0.629
6016.5,g4,cnp,16.3,0.631
6017.2,g2,cnp,16.7,0.629
6017.4,g1,cnp,13.0,0.636
6018.5,g4,cnp,16.3,0.631
6019.3,g2,cnp,16.7,0.629
6019.5,g1,cnp,13.0,0.636
6020.1,g1,tick,13.0,0.636
6020.1,g2,tick,16.7,0.629
6020.1,g4,tick,16.3,0.631
6020.7,g4,cnp,16.3,0.631
6021.7,g2,cnp,16.7,0.629
6021.8,g1,cut,8.8,0.659
6023.5,g4,cnp,16.3,0.631
6025.1,g1,tick,8.8,0.659
6025.1,g2,tick,16.7,0.629
6025.1,g4,tick,16.3,0.631
6032.1,g1,tick,10.9,0.618
6033.9,g2,tick,20.3,0.590
6035.7,g4,tick,19.9,0.591
6037.4,g1,tick,11.9,0.579
6038.9,g2,tick,22.1,0.553
6040.5,g4,tick,21.7,0.554
6042.0,g1,tick,12.5,0.543
6043.8,g2,tick,23.0,0.519
6045.6,g4,tick,22.6,0.520
6047.4,g1,tick,12.7,0.509
6047.4,g2,tick,23.4,0.486
6047.4,g4,tick,23.0,0.487
6050.1,g1,tick,12.8,0.477
6051.8,g2,tick,23.7,0.456
6053.2,g4,tick,23.2,0.457
6056.7,g1,tick,17.9,0.447
6058.1,g2,tick,28.8,0.427
6060.0,g4,tick,28.3,0.428
6061.6,g1,tick,25.4,0.419
6063.2,g2,tick,36.3,0.401
6064.9,g4,tick,35.9,0.401
6066.7,g1,tick,34.2,0.393
6068.6,g2,tick,45.1,0.376
6070.4,g4,tick,44.7,0.376
6071.9,g1,tick,43.6,0.369
6073.3,g2,tick,54.5,0.352
6075.2,g4,tick,54.1,0.353
6076.9,g1,tick,53.3,0.346
6078.6,g2,tick,64.2,0.330
6080.8,g4,tick,63.8,0.331
6082.2,g1,tick,83.1,0.324
6084.0,g2,tick,94.1,0.309
6085.8,g4,tick,93.6,0.310
6087.4,g1,tick,123.1,0.304
6088.9,g2,tick,134.0,0.290
6090.5,g4,tick,133.5,0.291
6092.7,g1,tick,168.0,0.285
6094.4,g2,tick,178.9,0.272
6096.0,g4,tick,178.5,0.273
6097.7,g1,tick,215.5,0.267
6099.4,g2,tick,226.4,0.255
6101.0,g4,tick,226.0,0.255
6101.0,g1,cut,186.7,0.313
6102.3,g4,cut,197.1,0.302
6103.7,g1,tick,186.7,0.313
6105.4,g2,tick,275.2,0.239
6105.4,g4,tick,197.1,0.302
6105.4,g1,cnp,186.7,0.313
6105.4,g2,cut,242.3,0.287
6105.5,g2,cnp,242.3,0.287
6107.2,g4,cnp,197.1,0.302
6107.2,g4,cnp,197.1,0.302
6107.2,g1,tick,186.7,0.313
6107.2,g2,tick,242.3,0.287
6107.2,g4,tick,197.1,0.302
6107.2,g1,cnp,186.7,0.313
6107.2,g2,cnp,242.3,0.287
6108.0,g4,cnp,197.1,0.302
6108.1,g1,cnp,186.7,0.313
6108.6,g2,cnp,242.3,0.287
6110.1,g1,tick,186.7,0.313
6110.1,g2,tick,242.3,0.287
6110.1,g4,tick,197.1,0.302
6110.2,g4,cnp,197.1,0.302
6110.3,g1,cnp,186.7,0.313
6110.8,g2,cnp,242.3,0.287
6112.4,g1,cut,157.5,0.356
6113.9,g2,cnp,242.3,0.287
6113.9,g4,cut,167.3,0.346
6115.2,g1,tick,157.5,0.356
6115.2,g2,tick,242.3,0.287
6115.2,g4,tick,167.3,0.346
6115.3,g1,cnp,157.5,0.356
6115.3,g2,cnp,242.3,0.287
6115.3,g4,cnp,167.3,0.346
6116.8,g4,cnp,167.3,0.346
6116.8,g1,cnp,157.5,0.356
6117.3,g2,cut,207.5,0.331
6118.9,g4,cnp,167.3,0.346
6119.0,g1,cnp,157.5,0.356
6119.4,g2,cnp,207.5,0.331
6120.1,g1,tick,157.5,0.356
6120.1,g2,tick,207.5,0.331
6120.1,g4,tick,167.3,0.346
6121.2,g4,cnp,167.3,0.346
6121.4,g1,cnp,157.5,0.356
6121.6,g2,cnp,207.5,0.331
6123.3,g4,cnp,167.3,0.346
6123.7,g1,cut,129.5,0.396
6125.3,g1,tick,129.5,0.396
6125.3,g2,tick,207.5,0.331
6125.3,g4,tick,167.3,0.346
6125.3,g2,cnp,207.5,0.331
6125.4,g4,cut,138.4,0.387
6126.8,g1,cnp,129.5,0.396
6126.8,g2,cnp,207.5,0.331
6127.7,g4,cnp,138.4,0.387
6127.9,g2,cut,173.2,0.373
6129.3,g1,cnp,129.5,0.396
6129.9,g4,cnp,138.4,0.387
6130.1,g1,tick,129.5,0.396
6130.1,g2,tick,173.2,0.373
6130.1,g4,tick,138.4,0.387
6130.1,g2,cnp,173.2,0.373
6130.4,g1,cnp,129.5,0.396
6132.0,g4,cnp,138.4,0.387
6132.5,g2,cnp,173.2,0.373
6132.6,g1,cnp,129.5,0.396
6134.3,g4,cnp,138.4,0.387
6134.5,g2,cnp,173.2,0.373
6134.8,g1,cut,103.9,0.434
6136.2,g1,tick,103.9,0.434
6136.2,g2,tick,173.2,0.373
6136.2,g4,tick,138.4,0.387
6136.7,g4,cut,111.7,0.425
6138.1,g1,cnp,103.9,0.434
6138.1,g2,cut,140.9,0.412
6139.4,g1,cnp,103.9,0.434
6139.4,g2,cnp,140.9,0.412
6139.4,g4,cnp,111.7,0.425
6140.1,g1,tick,103.9,0.434
6140.1,g2,tick,140.9,0.412
6140.1,g4,tick,111.7,0.425
6140.9,g4,cnp,111.7,0.425
6141.0,g2,cnp,140.9,0.412
6141.3,g1,cnp,103.9,0.434
6143.1,g4,cnp,111.7,0.425
6143.3,g1,cnp,103.9,0.434
6143.4,g2,cnp,140.9,0.412
6145.1,g1,tick,103.9,0.434
6145.1,g2,tick,140.9,0.412
6145.1,g4,tick,111.7,0.425
6145.5,g4,cnp,111.7,0.425
6145.6,g1,cut,81.3,0.469
6147.2,g2,cnp,140.9,0.412
6147.6,g4,cut,87.9,0.461
6149.0,g1,cnp,81.3,0.469
6149.0,g2,cut,111.8,0.449
6150.6,g1,tick,81.3,0.469
6150.6,g2,tick,111.8,0.449
6150.6,g4,tick,87.9,0.461
6150.6,g1,cnp,81.3,0.469
6150.6,g2,cnp,111.8,0.449
6150.6,g4,cnp,87.9,0.461
6152.1,g4,cnp,87.9,0.461
6152.3,g1,cnp,81.3,0.469
6152.6,g2,cnp,111.8,0.449
6154.3,g4,cnp,87.9,0.461
6154.5,g1,cnp,81.3,0.469
6154.8,g2,cnp,111.8,0.449
6155.1,g1,tick,81.3,0.469
6155.1,g2,tick,111.8,0.449
6155.1,g4,tick,87.9,0.461
6156.7,g4,cnp,87.9,0.461
6156.9,g1,cut,62.3,0.502
6158.2,g2,cnp,111.8,0.449
6158.8,g4,cut,67.7,0.495
6160.5,g1,tick,62.3,0.502
6160.5,g2,tick,111.8,0.449
6160.5,g4,tick,67.7,0.495
6160.5,g1,cnp,62.3,0.502
6160.5,g2,cut,86.7,0.483
6162.0,g1,cnp,62.3,0.502
6162.0,g2,cnp,86.7,0.483
6162.0,g4,cnp,67.7,0.495
6163.3,g4,cnp,67.7,0.495
6163.8,g1,cnp,62.3,0.502
6164.6,g2,cnp,86.7,0.483
6165.0,g1,tick,62.3,0.502
6165.1,g2,tick,86.7,0.483
6165.1,g4,tick,67.7,0.495
6165.4,g4,cnp,67.7,0.495
6165.9,g1,cnp,62.3,0.502
6166.8,g2,cnp,86.7,0.483
6167.5,g4,cnp,67.7,0.495
6168.1,g1,cut,46.6,0.533
6169.7,g2,cnp,86.7,0.483
6169.8,g4,cut,50.9,0.526
6171.2,g1,tick,46.6,0.533
6171.2,g2,tick,86.7,0.483
6171.2,g4,tick,50.9,0.526
6171.2,g1,cnp,46.6,0.533
6171.2,g2,cut,65.8,0.516
6172.7,g1,cnp,46.6,0.533
6172.7,g4,cnp,50.9,0.526
6173.1,g2,cnp,65.8,0.516
6173.9,g4,cnp,50.9,0.526
6174.5,g1,cnp,46.6,0.533
6175.1,g1,tick,46.6,0.533
6175.1,g2,tick,65.8,0.516
6175.1,g4,tick,50.9,0.526
6175.7,g2,cnp,65.8,0.516
6176.3,g4,cnp,50.9,0.526
6176.7,g1,cnp,46.6,0.533
6177.7,g2,cnp,65.8,0.516
6178.4,g4,cnp,50.9,0.526
6178.9,g1,cut,34.2,0.563
6180.4,g1,tick,34.2,0.563
6180.4,g2,tick,65.8,0.516
6180.4,g4,tick,50.9,0.526
6180.4,g2,cnp,65.8,0.516
6180.7,g4,cut,37.5,0.556
6182.1,g1,cnp,34.2,0.563
6182.4,g2,cut,48.8,0.546
6183.9,g1,cnp,34.2,0.563
6183.9,g4,cnp,37.5,0.556
6184.4,g2,cnp,48.8,0.546
6184.9,g4,cnp,37.5,0.556
6185.1,g1,tick,34.2,0.563
6185.1,g2,tick,48.8,0.546
6185.1,g4,tick,37.5,0.556
6185.7,g1,cnp,34.2,0.563
6186.5,g2,cnp,48.8,0.546
6187.0,g4,cnp,37.5,0.556
6188.0,g1,cnp,34.2,0.563
6188.6,g2,cnp,48.8,0.546
6189.1,g4,cnp,37.5,0.556
6190.1,g1,tick,34.2,0.563
6190.1,g2,tick,48.8,0.546
6190.1,g4,tick,37.5,0.556
6190.3,g1,cut,24.6,0.590
6191.6,g2,cnp,48.8,0.546
6191.6,g4,cut,27.1,0.583
6193.1,g1,cnp,24.6,0.590
6193.1,g2,cut,35.5,0.574
6194.5,g4,cnp,27.1,0.583
6195.1,g1,tick,24.6,0.590
6195.1,g2,tick,35.5,0.574
6195.1,g4,tick,27.1,0.583
6195.1,g1,cnp,24.6,0.590
6195.2,g2,cnp,35.5,0.574
6196.1,g4,cnp,27.1,0.583
6197.3,g1,cnp,24.6,0.590
6197.4,g2,cnp,35.5,0.574
6198.2,g4,cnp,27.1,0.583
6199.6,g1,cnp,24.6,0.590
6199.8,g2,cnp,35.5,0.574
6200.2,g1,tick,24.6,0.590
6200.2,g2,tick,35.5,0.574
6200.2,g4,tick,27.1,0.583
6200.3,g4,cnp,27.1,0.583
6201.6,g1,cut,17.3,0.616
6203.4,g2,cut,25.3,0.601
6204.8,g4,cut,19.2,0.610
6204.8,g4,cnp,19.2,0.610
6206.4,g1,tick,17.3,0.616
6206.4,g2,tick,25.3,0.601
6206.4,g4,tick,19.2,0.610
6206.4,g1,cnp,17.3,0.616
6206.4,g1,cnp,17.3,0.616
6206.4,g2,cnp,25.3,0.601
6206.4,g2,cnp,25.3,0.601
6206.8,g4,cnp,19.2,0.610
6208.2,g1,cnp,17.3,0.616
6208.5,g2,cnp,25.3,0.601
6209.1,g4,cnp,19.2,0.610
6210.1,g1,tick,17.3,0.616
6210.1,g2,tick,25.3,0.601
6210.1,g4,tick,19.2,0.610
6210.3,g1,cnp,17.3,0.616
6210.5,g2,cnp,25.3,0.601
6211.3,g4,cnp,19.2,0.610
6212.5,g1,cut,12.0,0.640
6213.9,g2,cut,17.7,0.626
6215.2,g4,cut,13.4,0.634
6216.8,g1,tick,12.0,0.640
6216.8,g2,tick,17.7,0.626
6216.8,g4,tick,13.4,0.634
6216.8,g1,cnp,12.0,0.640
6216.9,g2,cnp,17.7,0.626
6216.9,g2,cnp,17.7,0.626
6216.9,g4,cnp,13.4,0.634
6217.2,g1,cnp,12.0,0.640
6217.6,g4,cnp,13.4,0.634
6219.1,g2,cnp,17.7,0.626
6219.4,g1,cnp,12.0,0.640
6219.7,g4,cnp,13.4,0.634
6220.1,g1,tick,12.0,0.640
6220.1,g2,tick,17.7,0.626
6220.1,g4,tick,13.4,0.634
6226.7,g1,tick,14.7,0.600
6228.4,g2,tick,21.5,0.587
6229.7,g4,tick,16.3,0.594
6231.4,g1,tick,16.0,0.562
6232.7,g2,tick,23.4,0.550
6234.2,g4,tick,17.7,0.557
6236.9,g1,tick,16.7,0.527
6238.4,g2,tick,24.3,0.516
6239.7,g4,tick,18.5,0.522
6241.4,g1,tick,17.0,0.494
6241.4,g2,tick,24.8,0.483
6241.4,g4,tick,18.8,0.490
6245.1,g1,tick,17.2,0.463
6246.7,g2,tick,25.1,0.453
6248.1,g4,tick,19.0,0.459
6251.5,g1,tick,22.2,0.434
6252.9,g2,tick,30.2,0.425
6254.2,g4,tick,24.1,0.430
6256.7,g1,tick,29.8,0.407
6258.1,g2,tick,37.7,0.398
6259.5,g4,tick,31.7,0.403
6261.4,g1,tick,38.6,0.382
6262.8,g2,tick,46.5,0.373
6264.2,g4,tick,40.4,0.378
6266.4,g1,tick,47.9,0.358
6267.8,g2,tick,55.9,0.350
6269.1,g4,tick,49.8,0.355
6271.5,g1,tick,57.6,0.335
6273.1,g2,tick,65.6,0.328
6274.8,g4,tick,59.5,0.332
6277.1,g1,tick,87.5,0.314
6278.5,g2,tick,95.5,0.308
6279.9,g4,tick,89.4,0.312
6281.5,g1,tick,127.4,0.295
6283.0,g2,tick,135.4,0.288
6284.8,g4,tick,129.3,0.292
6286.4,g1,tick,172.4,0.276
6287.8,g2,tick,180.3,0.270
6289.2,g4,tick,174.2,0.274
6291.4,g1,tick,219.8,0.259
6292.7,g2,tick,227.8,0.254
6294.3,g4,tick,221.7,0.257
6294.4,g4,cut,193.2,0.303
6297.2,g1,tick,268.6,0.243
6298.5,g2,tick,276.6,0.238
6298.5,g4,tick,193.2,0.303
6298.5,g1,cut,236.0,0.290
6299.8,g2,cut,243.7,0.285
6301.4,g4,cnp,193.2,0.303
6301.4,g4,cnp,193.2,0.303
6301.4,g1,tick,236.0,0.290
6301.4,g2,tick,243.7,0.285
6301.4,g4,tick,193.2,0.303
6301.4,g1,cnp,236.0,0.290
6301.4,g2,cnp,243.7,0.285
6302.3,g4,cnp,193.2,0.303
6302.5,g1,cnp,236.0,0.290
6302.7,g2,cnp,243.7,0.285
6304.6,g4,cut,163.9,0.347
6306.2,g1,tick,236.0,0.290
6306.3,g2,tick,243.7,0.285
6306.3,g4,tick,163.9,0.347
6306.3,g1,cnp,236.0,0.290
6306.3,g2,cnp,243.7,0.285
6306.7,g4,cnp,163.9,0.347
6307.1,g1,cnp,236.0,0.290
6307.2,g2,cnp,243.7,0.285
6309.1,g4,cnp,163.9,0.347
6309.5,g1,cut,201.7,0.335
6310.7,g1,tick,201.7,0.335
6310.8,g2,tick,243.7,0.285
6310.8,g4,tick,163.9,0.347
6310.8,g2,cut,208.9,0.330
6312.1,g1,cnp,201.7,0.335
6312.1,g2,cnp,208.9,0.330
6312.1,g4,cnp,163.9,0.347
6313.6,g4,cnp,163.9,0.347
6313.7,g1,cnp,201.7,0.335
6313.8,g2,cnp,208.9,0.330
6315.1,g1,tick,201.7,0.335
6315.1,g2,tick,208.9,0.330
6315.1,g4,tick,163.9,0.347
6315.8,g2,cnp,208.9,0.330
6315.9,g4,cut,135.5,0.388
6317.3,g1,cnp,201.7,0.335
6318.0,g4,cnp,135.5,0.388
6318.1,g2,cnp,208.9,0.330
6318.2,g1,cnp,201.7,0.335
6320.1,g1,tick,201.7,0.335
6320.1,g2,tick,208.9,0.330
6320.1,g4,tick,135.5,0.388
6320.2,g2,cnp,208.9,0.330
6320.4,g4,cnp,135.5,0.388
6320.4,g1,cut,168.0,0.376
6322.3,g2,cut,174.4,0.372
6323.9,g1,cnp,168.0,0.376
6323.9,g4,cnp,135.5,0.388
6324.4,g2,cnp,174.4,0.372
6324.5,g4,cnp,135.5,0.388
6324.7,g1,cnp,168.0,0.376
6325.1,g1,tick,168.0,0.376
6325.1,g2,tick,174.4,0.372
6325.1,g4,tick,135.5,0.388
6326.5,g2,cnp,174.4,0.372
6326.7,g4,cut,109.2,0.426
6328.1,g1,cnp,168.0,0.376
6328.6,g2,cnp,174.4,0.372
6329.2,g1,cnp,168.0,0.376
6329.2,g4,cnp,109.2,0.426
6330.1,g1,tick,168.0,0.376
6330.1,g2,tick,174.4,0.372
6330.1,g4,tick,109.2,0.426
6330.7,g2,cnp,174.4,0.372
6331.2,g1,cut,136.4,0.415
6332.5,g4,cnp,109.2,0.426
6332.9,g2,cut,142.0,0.411
6334.5,g1,cnp,136.4,0.415
6334.5,g4,cnp,109.2,0.426
6334.9,g2,cnp,142.0,0.411
6335.1,g1,tick,136.4,0.415
6335.1,g2,tick,142.0,0.411
6335.1,g4,tick,109.2,0.426
6335.5,g1,cnp,136.4,0.415
6335.7,g4,cnp,109.2,0.426
6337.2,g2,cnp,142.0,0.411
6337.6,g1,cnp,136.4,0.415
6337.8,g4,cut,86.0,0.462
6339.5,g2,cnp,142.0,0.411
6339.6,g1,cnp,136.4,0.415
6339.9,g4,cnp,86.0,0.462
6340.1,g1,tick,136.4,0.415
6340.1,g2,tick,142.0,0.411
6340.1,g4,tick,86.0,0.462
6341.4,g2,cnp,142.0,0.411
6341.6,g1,cut,108.1,0.452
6343.2,g4,cnp,86.0,0.462
6343.7,g2,cut,112.8,0.448
6345.2,g1,tick,108.1,0.452
6345.3,g2,tick,112.8,0.448
6345.3,g4,tick,86.0,0.462
6345.3,g1,cnp,108.1,0.452
6345.3,g4,cnp,86.0,0.462
6345.8,g2,cnp,112.8,0.448
6346.0,g1,cnp,108.1,0.452
6346.5,g4,cnp,86.0,0.462
6348.0,g2,cnp,112.8,0.448
6348.2,g1,cnp,108.1,0.452
6348.6,g4,cut,66.1,0.495
6350.0,g2,cnp,112.8,0.448
6350.0,g1,tick,108.1,0.452
6350.0,g2,tick,112.8,0.448
6350.0,g4,tick,66.1,0.495
6350.2,g1,cnp,108.1,0.452
6350.9,g4,cnp,66.1,0.495
6352.1,g2,cnp,112.8,0.448
6352.5,g1,cut,83.7,0.486
6354.0,g4,cnp,66.1,0.495
6354.2,g2,cut,87.5,0.482
6355.5,g1,tick,83.7,0.486
6355.5,g2,tick,87.5,0.482
6355.5,g4,tick,66.1,0.495
6355.5,g1,cnp,83.7,0.486
6355.5,g4,cnp,66.1,0.495
6356.3,g2,cnp,87.5,0.482
6356.8,g1,cnp,83.7,0.486
6357.3,g4,cnp,66.1,0.495
6359.4,g2,cnp,87.5,0.482
6359.6,g4,cut,49.7,0.527
6361.0,g1,tick,83.7,0.486
6361.0,g2,tick,87.5,0.482
6361.0,g4,tick,49.7,0.527
6361.0,g1,cnp,83.7,0.486
6361.5,g2,cnp,87.5,0.482
6361.7,g4,cnp,49.7,0.527
6362.3,g1,cnp,83.7,0.486
6363.7,g2,cnp,87.5,0.482
6363.8,g4,cnp,49.7,0.527
6364.5,g1,cut,63.3,0.518
6366.0,g1,tick,63.3,0.518
6366.0,g2,tick,87.5,0.482
6366.0,g4,tick,49.7,0.527
6366.0,g2,cut,66.4,0.515
6367.4,g1,cnp,63.3,0.518
6367.4,g4,cnp,49.7,0.527
6368.1,g2,cnp,66.4,0.515
6368.6,g4,cnp,49.7,0.527
6369.2,g1,cnp,63.3,0.518
6370.1,g1,tick,63.3,0.518
6370.1,g2,tick,66.4,0.515
6370.1,g4,tick,49.7,0.527
6370.5,g2,cnp,66.4,0.515
6370.9,g4,cut,36.6,0.557
6372.4,g1,cnp,63.3,0.518
6372.6,g2,cnp,66.4,0.515
6373.2,g4,cnp,36.6,0.557
6373.7,g1,cnp,63.3,0.518
6375.1,g1,tick,63.3,0.518
6375.1,g2,tick,66.4,0.515
6375.1,g4,tick,36.6,0.557
6375.5,g4,cnp,36.6,0.557
6375.8,g1,cut,46.9,0.548
6377.2,g2,cut,49.3,0.545
6378.5,g1,cnp,46.9,0.548
6378.6,g2,cnp,49.3,0.545
6378.6,g4,cnp,36.6,0.557
6379.9,g4,cnp,36.6,0.557
6380.0,g1,cnp,46.9,0.548
6380.1,g1,tick,46.9,0.548
6380.1,g2,tick,49.3,0.545
6380.1,g4,tick,36.6,0.557
6380.8,g2,cnp,49.3,0.545
6382.2,g4,cut,26.4,0.584
6383.7,g1,cnp,46.9,0.548
6383.7,g2,cnp,49.3,0.545
6384.3,g4,cnp,26.4,0.584
6384.5,g1,cnp,46.9,0.548
6385.1,g1,tick,46.9,0.548
6385.1,g2,tick,49.3,0.545
6385.1,g4,tick,26.4,0.584
6385.3,g2,cnp,49.3,0.545
6386.4,g4,cnp,26.4,0.584
6386.7,g1,cut,34.1,0.576
6388.4,g2,cut,35.9,0.574
6389.8,g1,cnp,34.1,0.576
6389.8,g4,cnp,26.4,0.584
6390.0,g2,cnp,35.9,0.574
6390.0,g1,tick,34.1,0.576
6390.0,g2,tick,35.9,0.574
6390.0,g4,tick,26.4,0.584
6391.2,g4,cnp,26.4,0.584
6391.3,g1,cnp,34.1,0.576
6392.2,g2,cnp,35.9,0.574
6393.4,g4,cut,18.7,0.610
6394.7,g1,cnp,34.1,0.576
6394.8,g2,cnp,35.9,0.574
6395.1,g1,tick,34.1,0.576
6395.1,g2,tick,35.9,0.574
6395.1,g4,tick,18.7,0.610
6395.4,g4,cnp,18.7,0.610
6395.7,g1,cnp,34.1,0.576
6396.5,g2,cnp,35.9,0.574
6397.5,g4,cnp,18.7,0.610
6398.0,g1,cut,24.2,0.603
6399.3,g2,cut,25.6,0.600
6400.6,g1,tick,24.2,0.603
6400.6,g2,tick,25.6,0.600
6400.6,g4,tick,18.7,0.610
6400.6,g1,cnp,24.2,0.603
6400.7,g4,cnp,18.7,0.610
6400.7,g2,cnp,25.6,0.600
6401.9,g4,cnp,18.7,0.610
6402.6,g1,cnp,24.2,0.603
6402.8,g2,cnp,25.6,0.600
6403.9,g4,cut,13.0,0.635
6405.4,g1,tick,24.2,0.603
6405.4,g2,tick,25.6,0.600
6405.4,g4,tick,13.0,0.635
6405.4,g1,cnp,24.2,0.603
6405.4,g2,cnp,25.6,0.600
6406.5,g4,cnp,13.0,0.635
6406.8,g1,cnp,24.2,0.603
6407.0,g2,cnp,25.6,0.600
6408.8,g4,cnp,13.0,0.635
6409.0,g1,cut,16.9,0.628
6410.3,g1,tick,16.9,0.628
6410.3,g2,tick,25.6,0.600
6410.3,g4,tick,13.0,0.635
6410.3,g2,cut,17.9,0.625
6411.8,g1,cnp,16.9,0.628
6411.8,g2,cnp,17.9,0.625
6411.8,g4,cnp,13.0,0.635
6413.2,g1,cnp,16.9,0.628
6413.4,g4,cnp,13.0,0.635
6413.5,g2,cnp,17.9,0.625
6415.1,g1,tick,16.9,0.628
6415.1,g2,tick,17.9,0.625
6415.1,g4,tick,13.0,0.635
6415.3,g1,cnp,16.9,0.628
6415.6,g4,cut,8.9,0.657
6417.2,g2,cnp,17.9,0.625
6417.4,g1,cnp,16.9,0.628
6417.8,g4,cnp,8.9,0.657
6417.9,g2,cnp,17.9,0.625
6419.6,g1,cut,11.6,0.651
6421.2,g1,tick,11.6,0.651
6421.2,g2,tick,17.9,0.625
6421.2,g4,tick,8.9,0.657
6426.8,g1,tick,14.3,0.610
6428.3,g2,tick,21.8,0.586
6429.6,g4,tick,10.9,0.616
6431.6,g1,tick,15.6,0.572
6433.2,g2,tick,23.7,0.549
6434.7,g4,tick,12.0,0.578
6436.8,g1,tick,16.3,0.536
6438.1,g2,tick,24.6,0.515
6439.4,g4,tick,12.5,0.542
6441.4,g1,tick,16.6,0.503
6441.4,g2,tick,25.1,0.483
6442.9,g4,tick,12.7,0.508
6445.1,g1,tick,16.8,0.471
6446.7,g2,tick,25.4,0.453
6446.7,g4,tick,12.9,0.476
6451.7,g1,tick,21.9,0.442
6453.2,g2,tick,30.5,0.424
6454.5,g4,tick,17.9,0.446
6456.4,g1,tick,29.4,0.414
6457.7,g2,tick,38.0,0.398
6459.3,g4,tick,25.5,0.418
6461.4,g1,tick,38.2,0.388
6462.8,g2,tick,46.8,0.373
6464.2,g4,tick,34.2,0.392
6466.3,g1,tick,47.5,0.364
6467.6,g2,tick,56.2,0.350
6469.2,g4,tick,43.6,0.368
6471.5,g1,tick,57.2,0.341
6472.8,g2,tick,65.9,0.328
6474.3,g4,tick,53.3,0.345
6477.2,g1,tick,87.1,0.320
6478.5,g2,tick,95.7,0.307
6479.9,g4,tick,83.2,0.323
6481.6,g1,tick,127.0,0.300
6482.9,g2,tick,135.7,0.288
6484.4,g4,tick,123.1,0.303
6486.3,g1,tick,172.0,0.281
6487.6,g2,tick,180.6,0.270
6488.9,g4,tick,168.0,0.284
6491.3,g1,tick,219.5,0.264
6493.2,g2,tick,228.1,0.253
6494.7,g4,tick,215.5,0.266
6494.8,g1,cut,190.5,0.310
6496.1,g4,cut,186.8,0.312
6497.7,g1,tick,190.5,0.310
6499.7,g2,tick,276.9,0.237
6499.8,g4,tick,186.8,0.312
6499.8,g1,cnp,190.5,0.310
6499.8,g1,cnp,190.5,0.310
6499.8,g2,cut,244.0,0.285
6501.5,g4,cnp,186.8,0.312
6501.5,g4,cnp,186.8,0.312
6501.5,g1,tick,190.5,0.310
6501.5,g2,tick,244.0,0.285
6501.5,g4,tick,186.8,0.312
6501.5,g1,cnp,190.5,0.310
6501.5,g2,cnp,244.0,0.285
6502.1,g4,cnp,186.8,0.312
6503.4,g2,cnp,244.0,0.285
6504.1,g1,cnp,190.5,0.310
6504.2,g4,cnp,186.8,0.312
6505.1,g1,tick,190.5,0.310
6505.1,g2,tick,244.0,0.285
6505.1,g4,tick,186.8,0.312
6505.6,g2,cnp,244.0,0.285
6506.2,g1,cut,161.0,0.353
6507.5,g4,cut,157.7,0.355
6509.0,g1,cnp,161.0,0.353
6509.0,g2,cnp,244.0,0.285
6509.0,g4,cnp,157.7,0.355
6510.1,g2,cut,209.2,0.330
6511.4,g1,tick,161.0,0.353
6511.4,g2,tick,209.2,0.330
6511.4,g4,tick,157.7,0.355
6511.4,g1,cnp,161.0,0.353
6511.4,g4,cnp,157.7,0.355
6512.2,g2,cnp,209.2,0.330
6512.6,g1,cnp,161.0,0.353
6512.8,g4,cnp,157.7,0.355
6514.3,g2,cnp,209.2,0.330
6515.0,g1,cnp,161.0,0.353
6515.1,g1,tick,161.0,0.353
6515.1,g2,tick,209.2,0.330
6515.1,g4,tick,157.7,0.355
6515.2,g4,cnp,157.7,0.355
6516.4,g2,cnp,209.2,0.330
6517.2,g1,cut,132.6,0.393
6518.9,g2,cnp,209.2,0.330
6518.9,g4,cut,129.7,0.395
6520.2,g1,tick,132.6,0.393
6520.2,g2,tick,209.2,0.330
6520.2,g4,tick,129.7,0.395
6520.2,g1,cnp,132.6,0.393
6520.2,g4,cnp,129.7,0.395
6520.9,g2,cut,174.7,0.372
6522.2,g1,cnp,132.6,0.393
6522.2,g4,cnp,129.7,0.395
6523.2,g2,cnp,174.7,0.372
6523.7,g1,cnp,132.6,0.393
6523.9,g4,cnp,129.7,0.395
6525.1,g1,tick,132.6,0.393
6525.1,g2,tick,174.7,0.372
6525.1,g4,tick,129.7,0.395
6525.3,g2,cnp,174.7,0.372
6526.0,g1,cnp,132.6,0.393
6526.1,g4,cnp,129.7,0.395
6527.5,g2,cnp,174.7,0.372
6527.9,g1,cut,106.5,0.431
6529.3,g4,cut,104.0,0.433
6531.2,g1,tick,106.5,0.431
6531.2,g2,tick,174.7,0.372
6531.2,g4,tick,104.0,0.433
6531.2,g1,cnp,106.5,0.431
6531.2,g2,cut,142.2,0.411
6533.0,g4,cnp,104.0,0.433
6533.0,g4,cnp,104.0,0.433
6533.0,g1,cnp,106.5,0.431
6533.0,g2,cnp,142.2,0.411
6534.2,g2,cnp,142.2,0.411
6534.3,g1,cnp,106.5,0.431
6535.1,g1,tick,106.5,0.431
6535.1,g2,tick,142.2,0.411
6535.1,g4,tick,104.0,0.433
6535.3,g4,cnp,104.0,0.433
6536.5,g2,cnp,142.2,0.411
6536.6,g1,cnp,106.5,0.431
6537.5,g4,cnp,104.0,0.433
6538.7,g2,cnp,142.2,0.411
6538.8,g1,cut,83.5,0.467
6540.9,g1,tick,83.5,0.467
6540.9,g2,tick,142.2,0.411
6540.9,g4,tick,104.0,0.433
6541.0,g2,cnp,142.2,0.411
6541.0,g4,cut,81.5,0.469
6542.5,g1,cnp,83.5,0.467
6542.5,g4,cnp,81.5,0.469
6542.7,g2,cut,113.0,0.448
6544.5,g1,cnp,83.5,0.467
6544.6,g4,cnp,81.5,0.469
6544.9,g2,cnp,113.0,0.448
6545.1,g1,tick,83.5,0.467
6545.1,g2,tick,113.0,0.448
6545.1,g4,tick,81.5,0.469
6545.5,g1,cnp,83.5,0.467
6546.2,g4,cnp,81.5,0.469
6546.9,g2,cnp,113.0,0.448
6547.7,g1,cnp,83.5,0.467
6548.3,g4,cnp,81.5,0.469
6549.2,g2,cnp,113.0,0.448
6549.9,g1,cut,64.0,0.500
6551.4,g1,tick,64.0,0.500
6551.4,g2,tick,113.0,0.448
6551.4,g4,tick,81.5,0.469
6551.4,g2,cnp,113.0,0.448
6551.4,g4,cut,62.4,0.502
6553.0,g1,cnp,64.0,0.500
6553.0,g4,cnp,62.4,0.502
6553.7,g2,cut,87.7,0.482
6555.0,g1,tick,64.0,0.500
6555.0,g2,tick,87.7,0.482
6555.0,g4,tick,62.4,0.502
6555.0,g1,cnp,64.0,0.500
6555.0,g4,cnp,62.4,0.502
6555.7,g2,cnp,87.7,0.482
6556.6,g1,cnp,64.0,0.500
6557.1,g4,cnp,62.4,0.502
6558.0,g2,cnp,87.7,0.482
6558.9,g1,cnp,64.0,0.500
6559.4,g4,cnp,62.4,0.502
6560.1,g1,tick,64.0,0.500
6560.1,g2,tick,87.7,0.482
6560.1,g4,tick,62.4,0.502
6560.2,g2,cnp,87.7,0.482
6561.1,g1,cut,48.0,0.531
6562.5,g4,cut,46.7,0.533
6564.0,g1,cnp,48.0,0.531
6564.0,g2,cut,66.6,0.515
6565.6,g4,cnp,46.7,0.533
6565.6,g1,tick,48.0,0.531
6565.6,g2,tick,66.6,0.515
6565.6,g4,tick,46.7,0.533
6565.6,g1,cnp,48.0,0.531
6565.6,g2,cnp,66.6,0.515
6565.9,g4,cnp,46.7,0.533
6567.5,g1,cnp,48.0,0.531
6568.0,g4,cnp,46.7,0.533
6568.5,g2,cnp,66.6,0.515
6569.8,g1,cnp,48.0,0.531
6570.1,g1,tick,48.0,0.531
6570.1,g2,tick,66.6,0.515
6570.1,g4,tick,46.7,0.533
6570.5,g4,cnp,46.7,0.533
6570.7,g2,cnp,66.6,0.515
6572.0,g1,cut,35.3,0.561
6573.7,g2,cnp,66.6,0.515
6573.7,g4,cut,34.3,0.562
6575.2,g1,tick,35.3,0.561
6575.2,g2,tick,66.6,0.515
6575.2,g4,tick,34.3,0.562
6575.2,g1,cnp,35.3,0.561
6575.2,g4,cnp,34.3,0.562
6575.5,g2,cut,49.4,0.545
6577.1,g1,cnp,35.3,0.561
6577.1,g4,cnp,34.3,0.562
6578.2,g2,cnp,49.4,0.545
6578.3,g1,cnp,35.3,0.561
6579.3,g4,cnp,34.3,0.562
6580.1,g1,tick,35.3,0.561
6580.1,g2,tick,49.4,0.545
6580.1,g4,tick,34.3,0.562
6580.5,g2,cnp,49.4,0.545
6580.8,g1,cnp,35.3,0.561
6581.6,g4,cnp,34.3,0.562
6582.5,g2,cnp,49.4,0.545
6582.9,g1,cut,25.4,0.588
6584.3,g4,cut,24.6,0.590
6585.6,g1,tick,25.4,0.588
6585.6,g2,tick,49.4,0.545
6585.6,g4,tick,24.6,0.590
6585.6,g1,cnp,25.4,0.588
6585.6,g2,cut,36.0,0.573
6586.9,g4,cnp,24.6,0.590
6586.9,g2,cnp,36.0,0.573
6587.2,g1,cnp,25.4,0.588
6588.2,g4,cnp,24.6,0.590
6589.1,g2,cnp,36.0,0.573
6589.7,g1,cnp,25.4,0.588
6590.1,g1,tick,25.4,0.588
6590.1,g2,tick,36.0,0.573
6590.1,g4,tick,24.6,0.590
6590.7,g4,cnp,24.6,0.590
6591.1,g2,cnp,36.0,0.573
6591.9,g1,cnp,25.4,0.588
6592.9,g4,cnp,24.6,0.590
6593.3,g2,cnp,36.0,0.573
6594.3,g1,cut,17.9,0.614
6595.7,g1,tick,17.9,0.614
6595.7,g2,tick,36.0,0.573
6595.7,g4,tick,24.6,0.590
6595.7,g2,cut,25.7,0.600
6597.1,g4,cut,17.4,0.615
6598.3,g1,cnp,17.9,0.614
6598.4,g2,cnp,25.7,0.600
6598.4,g4,cnp,17.4,0.615
6598.6,g1,cnp,17.9,0.614
6599.5,g4,cnp,17.4,0.615
6599.8,g2,cnp,25.7,0.600
6600.1,g1,tick,17.9,0.614
6600.1,g2,tick,25.7,0.600
6600.1,g4,tick,17.4,0.615
6601.0,g1,cnp,17.9,0.614
6601.6,g4,cnp,17.4,0.615
6602.0,g2,cnp,25.7,0.600
6603.1,g1,cnp,17.9,0.614
6603.8,g4,cnp,17.4,0.615
6604.4,g2,cnp,25.7,0.600
6605.1,g1,tick,17.9,0.614
6605.1,g2,tick,25.7,0.600
6605.1,g4,tick,17.4,0.615
6605.2,g1,cut,12.4,0.638
6606.6,g4,cnp,17.4,0.615
6606.7,g2,cut,18.0,0.625
6608.1,g1,cnp,12.4,0.638
6608.3,g4,cut,12.0,0.639
6609.7,g1,cnp,12.4,0.638
6609.7,g2,cnp,18.0,0.625
6610.1,g1,tick,12.4,0.638
6610.1,g2,tick,18.0,0.625
6610.1,g4,tick,12.0,0.639
6610.7,g4,cnp,12.0,0.639
6610.8,g2,cnp,18.0,0.625
6611.7,g1,cnp,12.4,0.638
6615.1,g1,tick,12.4,0.638
6615.1,g2,tick,18.0,0.625
6615.1,g4,tick,12.0,0.639
6621.8,g1,tick,15.2,0.598
6623.2,g2,tick,21.8,0.586
6624.7,g4,tick,14.7,0.599
6626.6,g1,tick,16.5,0.561
6628.0,g2,tick,23.7,0.549
6629.4,g4,tick,16.0,0.562
6631.4,g1,tick,17.2,0.526
6632.7,g2,tick,24.7,0.515
6633.9,g4,tick,16.7,0.527
6635.1,g1,tick,17.6,0.493
6635.1,g2,tick,25.2,0.483
6635.1,g4,tick,17.0,0.494
6641.5,g1,tick,17.7,0.462
6643.1,g2,tick,25.4,0.453
6644.4,g4,tick,17.2,0.463
6646.5,g1,tick,22.8,0.433
6648.0,g2,tick,30.5,0.424
6649.3,g4,tick,22.3,0.434
6651.5,g1,tick,30.4,0.406
6652.8,g2,tick,38.1,0.398
6654.1,g4,tick,29.8,0.407
6656.4,g1,tick,39.1,0.381
6657.8,g2,tick,46.9,0.373
6659.1,g4,tick,38.6,0.381
6661.4,g1,tick,48.5,0.357
6662.9,g2,tick,56.3,0.350
6664.2,g4,tick,48.0,0.358
6666.4,g1,tick,58.2,0.335
6668.0,g2,tick,66.0,0.328
6669.3,g4,tick,57.7,0.335
6671.5,g1,tick,88.1,0.314
6673.0,g2,tick,95.8,0.307
6674.4,g4,tick,87.5,0.314
6676.5,g1,tick,128.0,0.294
6677.8,g2,tick,135.7,0.288
6679.1,g4,tick,127.5,0.295
6681.5,g1,tick,173.0,0.276
6683.0,g2,tick,180.7,0.270
6684.5,g4,tick,172.4,0.276
6686.7,g1,tick,220.4,0.258
6688.3,g2,tick,228.2,0.253
6689.6,g4,tick,219.9,0.259
6691.4,g1,tick,269.2,0.242
6692.8,g2,tick,276.9,0.237
6694.1,g4,tick,268.6,0.243
6694.1,g1,cut,236.6,0.290
6694.1,g1,cnp,236.6,0.290
6695.4,g2,cut,244.0,0.285
6695.4,g2,cnp,244.0,0.285
6696.7,g4,cut,236.0,0.290
6696.7,g4,cnp,236.0,0.290
6698.1,g1,tick,236.6,0.290
6698.1,g2,tick,244.0,0.285
6698.1,g4,tick,236.0,0.290
6698.1,g1,cnp,236.6,0.290
6698.1,g4,cnp,236.0,0.290
6698.3,g1,cnp,236.6,0.290
6698.5,g2,cnp,244.0,0.285
6699.8,g4,cnp,236.0,0.290
6700.1,g1,tick,236.6,0.290
6700.1,g2,tick,244.0,0.285
6700.1,g4,tick,236.0,0.290
6700.5,g2,cnp,244.0,0.285
6700.7,g1,cnp,236.6,0.290
6701.8,g4,cnp,236.0,0.290
6702.7,g1,cnp,236.6,0.290
6702.9,g2,cnp,244.0,0.285
6704.1,g4,cnp,236.0,0.290
6705.0,g1,cut,202.3,0.334
6706.2,g1,tick,202.3,0.334
6706.2,g2,tick,244.0,0.285
6706.2,g4,tick,236.0,0.290
6706.3,g2,cut,209.3,0.330
6707.5,g1,cnp,202.3,0.334
6707.5,g2,cnp,209.3,0.330
6707.5,g4,cut,201.8,0.334
6708.9,g4,cnp,201.8,0.334
6709.1,g1,cnp,202.3,0.334
6709.6,g2,cnp,209.3,0.330
6710.1,g1,tick,202.3,0.334
6710.1,g2,tick,209.3,0.330
6710.1,g4,tick,201.8,0.334
6710.5,g4,cnp,201.8,0.334
6711.5,g1,cnp,202.3,0.334
6711.8,g2,cnp,209.3,0.330
6712.7,g4,cnp,201.8,0.334
6713.8,g1,cnp,202.3,0.334
6713.9,g2,cnp,209.3,0.330
6714.9,g4,cnp,201.8,0.334
6715.1,g1,tick,202.3,0.334
6715.1,g2,tick,209.3,0.330
6715.1,g4,tick,201.8,0.334
6716.0,g2,cnp,209.3,0.330
6716.1,g1,cut,168.5,0.376
6717.5,g4,cnp,201.8,0.334
6718.0,g2,cut,174.8,0.372
6719.6,g1,cnp,168.5,0.376
6719.6,g4,cut,168.0,0.376
6720.9,g1,tick,168.5,0.376
6720.9,g2,tick,174.8,0.372
6720.9,g4,tick,168.0,0.376
6721.0,g1,cnp,168.5,0.376
6721.0,g2,cnp,174.8,0.372
6721.7,g4,cnp,168.0,0.376
6722.7,g2,cnp,174.8,0.372
6722.9,g1,cnp,168.5,0.376
6723.8,g4,cnp,168.0,0.376
6724.8,g2,cnp,174.8,0.372
6725.0,g1,cnp,168.5,0.376
6725.1,g1,tick,168.5,0.376
6725.1,g2,tick,174.8,0.372
6725.1,g4,tick,168.0,0.376
6725.9,g4,cnp,168.0,0.376
6727.0,g2,cnp,174.8,0.372
6727.1,g1,cut,136.9,0.415
6728.4,g4,cnp,168.0,0.376
6729.1,g1,cnp,136.9,0.415
6729.2,g2,cut,142.3,0.411
6730.8,g1,tick,136.9,0.415
6730.8,g2,tick,142.3,0.411
6730.8,g4,tick,168.0,0.376
6730.8,g4,cut,136.4,0.415
6732.5,g1,cnp,136.9,0.415
6732.5,g2,cnp,142.3,0.411
6732.5,g4,cnp,136.4,0.415
6733.1,g1,cnp,136.9,0.415
6733.5,g2,cnp,142.3,0.411
6734.4,g4,cnp,136.4,0.415
6735.1,g1,tick,136.9,0.415
6735.1,g2,tick,142.3,0.411
6735.1,g4,tick,136.4,0.415
6735.2,g1,cnp,136.9,0.415
6735.8,g2,cnp,142.3,0.411
6736.4,g4,cnp,136.4,0.415
6737.6,g1,cut,108.5,0.451
6738.9,g2,cnp,142.3,0.411
6738.9,g4,cnp,136.4,0.415
6739.8,g1,cnp,108.5,0.451
6740.1,g1,tick,108.5,0.451
6740.1,g2,tick,142.3,0.411
6740.1,g4,tick,136.4,0.415
6740.2,g2,cut,113.0,0.448
6741.6,g4,cut,108.1,0.452
6743.4,g1,cnp,108.5,0.451
6743.4,g2,cnp,113.0,0.448
6743.4,g4,cnp,108.1,0.452
6744.1,g1,cnp,108.5,0.451
6744.6,g2,cnp,113.0,0.448
6745.1,g1,tick,108.5,0.451
6745.1,g2,tick,113.0,0.448
6745.1,g4,tick,108.1,0.452
6745.3,g4,cnp,108.1,0.452
6746.4,g1,cnp,108.5,0.451
6746.9,g2,cnp,113.0,0.448
6747.6,g4,cnp,108.1,0.452
6748.7,g1,cut,84.0,0.486
6750.1,g1,tick,84.0,0.486
6750.1,g2,tick,113.0,0.448
6750.1,g4,tick,108.1,0.452
6750.1,g2,cnp,113.0,0.448
6750.1,g4,cnp,108.1,0.452
6750.8,g1,cnp,84.0,0.486
6752.3,g2,cut,87.7,0.482
6753.7,g1,cnp,84.0,0.486
6753.7,g4,cut,83.7,0.486
6755.0,g2,cnp,87.7,0.482
6755.0,g4,cnp,83.7,0.486
6755.0,g1,tick,84.0,0.486
6755.0,g2,tick,87.7,0.482
6755.0,g4,tick,83.7,0.486
6755.1,g1,cnp,84.0,0.486
6756.5,g2,cnp,87.7,0.482
6756.9,g4,cnp,83.7,0.486
6757.2,g1,cnp,84.0,0.486
6758.9,g2,cnp,87.7,0.482
6758.9,g4,cnp,83.7,0.486
6759.5,g1,cut,63.6,0.518
6760.9,g1,tick,63.6,0.518
6760.9,g2,tick,87.7,0.482
6760.9,g4,tick,83.7,0.486
6760.9,g2,cnp,87.7,0.482
6761.1,g4,cnp,83.7,0.486
6762.4,g1,cnp,63.6,0.518
6763.3,g2,cut,66.6,0.515
6764.7,g1,cnp,63.6,0.518
6764.7,g4,cut,63.4,0.518
6766.1,g1,tick,63.6,0.518
6766.1,g2,tick,66.6,0.515
6766.1,g4,tick,63.4,0.518
6766.1,g2,cnp,66.6,0.515
6766.1,g4,cnp,63.4,0.518
6766.7,g1,cnp,63.6,0.518
6767.5,g4,cnp,63.4,0.518
6768.0,g2,cnp,66.6,0.515
6768.9,g1,cnp,63.6,0.518
6769.6,g4,cnp,63.4,0.518
6770.1,g1,tick,63.6,0.518
6770.1,g2,tick,66.6,0.515
6770.1,g4,tick,63.4,0.518
6770.4,g2,cnp,66.6,0.515
6771.2,g1,cut,47.1,0.548
6773.2,g2,cnp,66.6,0.515
6773.2,g4,cnp,63.4,0.518
6773.4,g1,cnp,47.1,0.548
6773.8,g4,cnp,63.4,0.518
6774.7,g2,cut,49.5,0.545
6776.3,g1,tick,47.1,0.548
6776.3,g2,tick,49.5,0.545
6776.3,g4,tick,63.4,0.518
6776.3,g1,cnp,47.1,0.548
6776.3,g4,cut,47.0,0.548
6777.6,g2,cnp,49.5,0.545
6777.7,g1,cnp,47.1,0.548
6778.2,g4,cnp,47.0,0.548
6779.2,g2,cnp,49.5,0.545
6780.0,g1,cnp,47.1,0.548
6780.0,g1,tick,47.1,0.548
6780.0,g2,tick,49.5,0.545
6780.0,g4,tick,47.0,0.548
6780.3,g4,cnp,47.0,0.548
6781.5,g2,cnp,49.5,0.545
6782.1,g1,cut,34.2,0.576
6783.4,g4,cnp,47.0,0.548
6783.7,g2,cnp,49.5,0.545
6784.3,g1,cnp,34.2,0.576
6784.4,g4,cnp,47.0,0.548
6785.1,g1,tick,34.2,0.576
6785.1,g2,tick,49.5,0.545
6785.1,g4,tick,47.0,0.548
6785.8,g2,cut,36.0,0.573
6787.1,g1,cnp,34.2,0.576
6787.1,g4,cut,34.1,0.576
6788.5,g2,cnp,36.0,0.573
6788.6,g1,cnp,34.2,0.576
6788.7,g4,cnp,34.1,0.576
6789.9,g2,cnp,36.0,0.573
6790.0,g1,tick,34.2,0.576
6790.0,g2,tick,36.0,0.573
6790.0,g4,tick,34.1,0.576
6790.7,g1,cnp,34.2,0.576
6791.0,g4,cnp,34.1,0.576
6792.1,g2,cnp,36.0,0.573
6793.0,g1,cut,24.4,0.603
6794.3,g2,cnp,36.0,0.573
6794.3,g4,cnp,34.1,0.576
6795.1,g1,tick,24.4,0.603
6795.1,g2,tick,36.0,0.573
6795.1,g4,tick,34.1,0.576
6795.3,g1,cnp,24.4,0.603
6795.5,g4,cnp,34.1,0.576
6796.4,g2,cut,25.7,0.600
6797.7,g1,cnp,24.4,0.603
6797.7,g4,cut,24.3,0.603
6799.3,g2,cnp,25.7,0.600
6799.5,g4,cnp,24.3,0.603
6799.7,g1,cnp,24.4,0.603
6800.1,g1,tick,24.4,0.603
6800.1,g2,tick,25.7,0.600
6800.1,g4,tick,24.3,0.603
6800.6,g2,cnp,25.7,0.600
6801.6,g4,cnp,24.3,0.603
6801.7,g1,cnp,24.4,0.603
6803.0,g2,cnp,25.7,0.600
6803.9,g4,cnp,24.3,0.603
6804.1,g1,cut,17.0,0.627
6805.4,g1,tick,17.0,0.627
6805.4,g2,tick,25.7,0.600
6805.4,g4,tick,24.3,0.603
6805.4,g2,cnp,25.7,0.600
6806.0,g4,cnp,24.3,0.603
6806.1,g1,cnp,17.0,0.627
6807.4,g2,cut,18.0,0.625
6809.1,g1,cnp,17.0,0.627
6809.1,g4,cut,16.9,0.628
6810.6,g1,tick,17.0,0.627
6810.6,g2,tick,18.0,0.625
6810.6,g4,tick,16.9,0.628
6810.6,g1,cnp,17.0,0.627
6810.7,g2,cnp,18.0,0.625
6810.7,g4,cnp,16.9,0.628
6811.9,g2,cnp,18.0,0.625
6812.4,g1,cnp,17.0,0.627
6812.5,g4,cnp,16.9,0.628
6814.2,g2,cnp,18.0,0.625
6814.7,g4,cnp,16.9,0.628
6814.8,g1,cut,11.7,0.651
6816.1,g1,tick,11.7,0.651
6816.1,g2,tick,18.0,0.625
6816.1,g4,tick,16.9,0.628
6816.4,g2,cnp,18.0,0.625
6816.9,g1,cnp,11.7,0.651
6817.0,g4,cnp,16.9,0.628
6818.6,g2,cut,12.3,0.648
6820.0,g1,cnp,11.7,0.651
6820.0,g4,cut,11.6,0.651
6821.3,g1,tick,11.7,0.651
6821.3,g2,tick,12.3,0.648
6821.3,g4,tick,11.6,0.651
6821.3,g2,cnp,12.3,0.648
6821.7,g1,cnp,11.7,0.651
6821.8,g4,cnp,11.6,0.651
6825.1,g1,tick,11.7,0.651
6825.1,g2,tick,12.3,0.648
6825.1,g4,tick,11.6,0.651
6831.9,g1,tick,14.4,0.610
6833.4,g2,tick,15.2,0.608
6834.7,g4,tick,14.3,0.610
6836.4,g1,tick,15.7,0.572
6838.0,g2,tick,16.6,0.570
6839.5,g4,tick,15.6,0.572
6841.4,g1,tick,16.4,0.536
6842.7,g2,tick,17.3,0.534
6844.1,g4,tick,16.3,0.536
6846.4,g1,tick,16.7,0.503
6847.8,g2,tick,17.6,0.501
6849.1,g4,tick,16.6,0.503
6850.1,g1,tick,16.9,0.471
6850.1,g2,tick,17.8,0.470
6850.1,g4,tick,16.8,0.471
6856.6,g1,tick,21.9,0.442
6858.2,g2,tick,22.9,0.440
6859.8,g4,tick,21.9,0.442
6861.6,g1,tick,29.5,0.414
6863.2,g2,tick,30.4,0.413
6864.5,g4,tick,29.4,0.414
6866.6,g1,tick,38.3,0.388
6867.9,g2,tick,39.2,0.387
6869.2,g4,tick,38.2,0.388
6871.4,g1,tick,47.6,0.364
6872.8,g2,tick,48.6,0.363
6874.1,g4,tick,47.6,0.364
6876.4,g1,tick,57.3,0.341
6877.7,g2,tick,58.3,0.340
6879.3,g4,tick,57.3,0.341
6881.4,g1,tick,87.2,0.320
6882.7,g2,tick,88.1,0.319
6884.2,g4,tick,87.1,0.320
6886.4,g1,tick,127.1,0.300
6888.3,g2,tick,128.0,0.299
6889.6,g4,tick,127.0,0.300
6891.3,g1,tick,172.1,0.281
6892.7,g2,tick,173.0,0.280
6894.0,g4,tick,172.0,0.281
6896.6,g1,tick,219.5,0.264
6898.1,g2,tick,220.5,0.263
6899.4,g4,tick,219.5,0.264
6899.5,g2,cut,191.5,0.309
6902.6,g1,tick,268.3,0.247
6902.6,g2,tick,191.5,0.309
6904.0,g4,tick,268.2,0.247
6904.0,g1,cut,235.1,0.294
6904.0,g1,cnp,235.1,0.294
6905.3,g2,cnp,191.5,0.309
6905.3,g2,cnp,191.5,0.309
6905.4,g4,cut,235.1,0.294
6906.8,g1,tick,235.1,0.294
6906.8,g2,tick,191.5,0.309
6906.8,g4,tick,235.1,0.294
6906.9,g1,cnp,235.1,0.294
6906.9,g4,cnp,235.1,0.294
6907.5,g2,cnp,191.5,0.309
6907.9,g4,cnp,235.1,0.294
6908.4,g1,cnp,235.1,0.294
6909.7,g2,cut,161.9,0.352
6911.4,g1,tick,235.1,0.294
6911.4,g2,tick,161.9,0.352
6911.4,g4,tick,235.1,0.294
6911.4,g1,cnp,235.1,0.294
6911.4,g4,cnp,235.1,0.294
6911.8,g2,cnp,161.9,0.352
6912.4,g4,cnp,235.1,0.294
6912.8,g1,cnp,235.1,0.294
6914.2,g2,cnp,161.9,0.352
6914.5,g4,cnp,235.1,0.294
6915.1,g1,cut,200.5,0.338
6916.7,g1,tick,200.5,0.338
6916.7,g2,tick,161.9,0.352
6916.7,g4,tick,235.1,0.294
6916.7,g2,cnp,161.9,0.352
6916.8,g4,cut,200.5,0.338
6918.4,g1,cnp,200.5,0.338
6919.0,g4,cnp,200.5,0.338
6919.1,g2,cnp,161.9,0.352
6919.5,g1,cnp,200.5,0.338
6920.1,g1,tick,200.5,0.338
6920.1,g2,tick,161.9,0.352
6920.1,g4,tick,200.5,0.338
6921.3,g4,cnp,200.5,0.338
6921.6,g1,cnp,200.5,0.338
6921.7,g2,cut,133.4,0.393
6923.6,g4,cnp,200.5,0.338
6923.9,g1,cnp,200.5,0.338
6923.9,g2,cnp,133.4,0.393
6925.0,g1,tick,200.5,0.338
6925.0,g2,tick,133.4,0.393
6925.0,g4,tick,200.5,0.338
6925.7,g4,cnp,200.5,0.338
6925.8,g1,cut,166.6,0.380
6927.2,g2,cnp,133.4,0.393
6927.8,g4,cut,166.5,0.380
6929.5,g1,cnp,166.6,0.380
6929.5,g2,cnp,133.4,0.393
6929.9,g4,cnp,166.5,0.380
6930.1,g1,tick,166.6,0.380
6930.1,g2,tick,133.4,0.393
6930.1,g4,tick,166.5,0.380
6930.1,g1,cnp,166.6,0.380
6930.3,g2,cnp,133.4,0.393
6932.1,g4,cnp,166.5,0.380
6932.3,g1,cnp,166.6,0.380
6932.7,g2,cut,107.3,0.430
6934.2,g4,cnp,166.5,0.380
6934.5,g1,cnp,166.6,0.380
6934.9,g2,cnp,107.3,0.430
6935.1,g1,tick,166.6,0.380
6935.1,g2,tick,107.3,0.430
6935.1,g4,tick,166.5,0.380
6936.3,g4,cnp,166.5,0.380
6936.5,g1,cut,135.0,0.418
6938.0,g2,cnp,107.3,0.430
6938.4,g4,cut,134.9,0.419
6939.9,g1,cnp,135.0,0.418
6939.9,g2,cnp,107.3,0.430
6940.1,g1,tick,135.0,0.418
6940.1,g2,tick,107.3,0.430
6940.1,g4,tick,134.9,0.419
6940.5,g4,cnp,134.9,0.419
6940.6,g1,cnp,135.0,0.418
6941.3,g2,cnp,107.3,0.430
6942.6,g4,cnp,134.9,0.419
6942.8,g1,cnp,135.0,0.418
6943.5,g2,cut,84.2,0.466
6945.1,g1,tick,135.0,0.418
6945.1,g2,tick,84.2,0.466
6945.1,g4,tick,134.9,0.419
6945.1,g1,cnp,135.0,0.418
6945.1,g4,cnp,134.9,0.419
6945.9,g2,cnp,84.2,0.466
6946.9,g1,cut,106.7,0.455
6948.2,g4,cnp,134.9,0.419
6948.3,g2,cnp,84.2,0.466
6949.1,g1,cnp,106.7,0.455
6949.2,g4,cut,106.7,0.455
6950.6,g1,tick,106.7,0.455
6950.6,g2,tick,84.2,0.466
6950.6,g4,tick,106.7,0.455
6950.7,g2,cnp,84.2,0.466
6951.2,g1,cnp,106.7,0.455
6951.3,g4,cnp,106.7,0.455
6952.9,g2,cnp,84.2,0.466
6953.4,g1,cnp,106.7,0.455
6953.5,g4,cnp,106.7,0.455
6955.1,g1,tick,106.7,0.455
6955.1,g2,tick,84.2,0.466
6955.1,g4,tick,106.7,0.455
6955.2,g2,cut,64.6,0.499
6956.9,g1,cnp,106.7,0.455
6956.9,g4,cnp,106.7,0.455
6957.3,g2,cnp,64.6,0.499
6957.8,g4,cnp,106.7,0.455
6958.0,g1,cut,82.5,0.489
6959.6,g2,cnp,64.6,0.499
6960.0,g4,cut,82.4,0.489
6961.5,g1,tick,82.5,0.489
6961.5,g2,tick,64.6,0.499
6961.5,g4,tick,82.4,0.489
6961.6,g1,cnp,82.5,0.489
6961.7,g2,cnp,64.6,0.499
6962.3,g4,cnp,82.4,0.489
6962.4,g1,cnp,82.5,0.489
6963.9,g2,cnp,64.6,0.499
6964.3,g4,cnp,82.4,0.489
6965.1,g1,tick,82.5,0.489
6965.1,g2,tick,64.6,0.499
6965.1,g4,tick,82.4,0.489
6965.3,g1,cnp,82.5,0.489
6966.0,g2,cut,48.4,0.531
6967.5,g4,cnp,82.4,0.489
6967.5,g1,cnp,82.5,0.489
6968.1,g2,cnp,48.4,0.531
6969.5,g4,cnp,82.4,0.489
6970.1,g1,tick,82.5,0.489
6970.1,g2,tick,48.4,0.531
6970.1,g4,tick,82.4,0.489
6970.4,g2,cnp,48.4,0.531
6970.9,g1,cut,62.3,0.521
6972.5,g2,cnp,48.4,0.531
6972.7,g4,cut,62.3,0.521
6974.3,g1,cnp,62.3,0.521
6974.6,g2,cnp,48.4,0.531
6974.7,g4,cnp,62.3,0.521
6975.1,g1,tick,62.3,0.521
6975.1,g2,tick,48.4,0.531
6975.1,g4,tick,62.3,0.521
6976.2,g1,cnp,62.3,0.521
6976.7,g2,cut,35.6,0.560
6978.5,g1,cnp,62.3,0.521
6978.5,g4,cnp,62.3,0.521
6979.0,g2,cnp,35.6,0.560
6980.0,g4,cnp,62.3,0.521
6980.0,g1,tick,62.3,0.521
6980.0,g2,tick,35.6,0.560
6980.0,g4,tick,62.3,0.521
6981.1,g1,cut,46.1,0.551
6982.7,g2,cnp,35.6,0.560
6982.8,g4,cut,46.1,0.551
6984.4,g1,cnp,46.1,0.551
6984.4,g2,cnp,35.6,0.560
6984.4,g4,cnp,46.1,0.551
6985.1,g1,tick,46.1,0.551
6985.1,g2,tick,35.6,0.560
6985.1,g4,tick,46.1,0.551
6985.6,g2,cnp,35.6,0.560
6986.3,g4,cnp,46.1,0.551
6986.4,g1,cnp,46.1,0.551
6988.0,g2,cut,25.6,0.588
6989.5,g1,cnp,46.1,0.551
6989.5,g4,cnp,46.1,0.551
6990.1,g1,tick,46.1,0.551
6990.1,g2,tick,25.6,0.588
6990.1,g4,tick,46.1,0.551
6990.3,g2,cnp,25.6,0.588
6990.6,g4,cnp,46.1,0.551
6990.7,g1,cnp,46.1,0.551
6992.4,g2,cnp,25.6,0.588
6992.9,g4,cut,33.4,0.579
6994.2,g1,cut,33.4,0.579
6995.6,g1,tick,33.4,0.579
6995.6,g2,tick,25.6,0.588
6995.6,g4,tick,33.4,0.579
6995.6,g1,cnp,33.4,0.579
6995.6,g2,cnp,25.6,0.588
6995.6,g4,cnp,33.4,0.579
6997.1,g4,cnp,33.4,0.579
6997.2,g2,cnp,25.6,0.588
6997.3,g1,cnp,33.4,0.579
6999.3,g2,cut,18.1,0.613
7000.9,g1,tick,33.4,0.579
7000.9,g2,tick,18.1,0.613
7000.9,g4,tick,33.4,0.579
7000.9,g1,cnp,33.4,0.579
7000.9,g4,cnp,33.4,0.579
7001.5,g4,cnp,33.4,0.579
7001.6,g2,cnp,18.1,0.613
7001.7,g1,cnp,33.4,0.579
7003.8,g4,cut,23.7,0.605
7005.5,g1,tick,33.4,0.579
7005.5,g2,tick,18.1,0.613
7005.5,g4,tick,23.7,0.605
7005.5,g1,cut,23.7,0.605
7006.8,g2,cnp,18.1,0.613
7006.8,g2,cnp,18.1,0.613
7006.8,g1,cnp,23.7,0.605
7006.9,g4,cnp,23.7,0.605
7008.2,g4,cnp,23.7,0.605
7008.4,g1,cnp,23.7,0.605
7008.7,g2,cnp,18.1,0.613
7010.1,g1,tick,23.7,0.605
7010.1,g2,tick,18.1,0.613
7010.1,g4,tick,23.7,0.605
7010.4,g4,cnp,23.7,0.605
7010.5,g1,cnp,23.7,0.605
7010.7,g2,cut,12.5,0.637
7012.6,g4,cnp,23.7,0.605
7012.8,g2,cnp,12.5,0.637
7012.9,g1,cnp,23.7,0.605
7014.7,g4,cut,16.5,0.630
7016.1,g1,tick,23.7,0.605
7016.1,g2,tick,12.5,0.637
7016.1,g4,tick,16.5,0.630
7016.1,g1,cut,16.5,0.630
7017.4,g2,cnp,12.5,0.637
7017.4,g2,cnp,12.5,0.637
7017.5,g1,cnp,16.5,0.630
7017.5,g4,cnp,16.5,0.630
7019.0,g4,cnp,16.5,0.630
7019.2,g2,cnp,12.5,0.637
7019.4,g1,cnp,16.5,0.630
7020.1,g1,tick,16.5,0.630
7020.1,g2,tick,12.5,0.637
7020.1,g4,tick,16.5,0.630
7021.4,g4,cnp,16.5,0.630
7021.5,g1,cnp,16.5,0.630
7021.6,g2,cut,8.5,0.660
7023.7,g4,cnp,16.5,0.630
7023.8,g1,cnp,16.5,0.630
7025.1,g1,tick,16.5,0.630
7025.1,g2,tick,8.5,0.660
7025.1,g4,tick,16.5,0.630
7031.4,g1,tick,20.1,0.590
7032.8,g2,tick,10.5,0.619
7034.3,g4,tick,20.1,0.591
7036.5,g1,tick,21.9,0.554
7037.9,g2,tick,11.5,0.580
7039.3,g4,tick,21.9,0.554
7041.4,g1,tick,22.8,0.519
7042.8,g2,tick,12.0,0.544
7044.1,g4,tick,22.8,0.519
7045.1,g1,tick,23.3,0.487
7046.4,g2,tick,12.3,0.510
7046.4,g4,tick,23.3,0.487
7051.4,g1,tick,23.5,0.456
7051.4,g2,tick,12.4,0.478
7053.0,g4,tick,23.5,0.456
7056.5,g1,tick,28.6,0.428
7058.0,g2,tick,17.5,0.448
7059.6,g4,tick,28.6,0.428
7061.6,g1,tick,36.2,0.401
7063.1,g2,tick,25.0,0.420
7064.4,g4,tick,36.2,0.401
7066.7,g1,tick,45.0,0.376
7068.2,g2,tick,33.8,0.394
7069.8,g4,tick,44.9,0.376
7071.4,g1,tick,54.3,0.352
7072.7,g2,tick,43.2,0.369
7074.0,g4,tick,54.3,0.352
7076.8,g1,tick,64.0,0.330
7078.0,g2,tick,52.9,0.346
7079.4,g4,tick,64.0,0.330
7081.4,g1,tick,93.9,0.310
7082.8,g2,tick,82.7,0.325
7084.4,g4,tick,93.9,0.310
7086.6,g1,tick,133.8,0.290
7088.3,g2,tick,122.6,0.304
7089.6,g4,tick,133.8,0.290
7091.4,g1,tick,178.8,0.272
7092.7,g2,tick,167.6,0.285
7094.0,g4,tick,178.8,0.272
7096.6,g1,tick,226.2,0.255
7097.9,g2,tick,215.1,0.267
7099.2,g4,tick,226.2,0.255
7099.2,g1,cut,197.4,0.302
7100.6,g2,cut,186.3,0.313
7101.9,g1,tick,197.4,0.302
7101.9,g2,tick,186.3,0.313
7103.2,g4,tick,275.0,0.239
7103.2,g1,cnp,197.4,0.302
7103.2,g2,cnp,186.3,0.313
7103.2,g4,cut,242.1,0.287
7103.2,g4,cnp,242.1,0.287
7104.6,g1,cnp,197.4,0.302
7105.1,g1,tick,197.4,0.302
7105.1,g2,tick,186.3,0.313
7105.1,g4,tick,242.1,0.287
7105.3,g2,cnp,186.3,0.313
7105.9,g4,cnp,242.1,0.287
7107.0,g1,cnp,197.4,0.302
7108.1,g2,cnp,186.3,0.313
7108.2,g4,cnp,242.1,0.287
7109.3,g1,cut,167.6,0.345
7110.7,g1,tick,167.6,0.345
7110.7,g2,tick,186.3,0.313
7110.7,g4,tick,242.1,0.287
7110.7,g2,cut,157.1,0.356
7112.4,g4,cnp,242.1,0.287
7112.4,g1,cnp,167.6,0.345
7112.5,g2,cnp,157.1,0.356
7112.6,g4,cnp,242.1,0.287
7113.9,g1,cnp,167.6,0.345
7114.8,g2,cnp,157.1,0.356
7115.0,g4,cut,207.4,0.331
7116.6,g1,tick,167.6,0.345
7116.6,g2,tick,157.1,0.356
7116.6,g4,tick,207.4,0.331
7116.6,g1,cnp,167.6,0.345
7117.0,g2,cnp,157.1,0.356
7117.1,g4,cnp,207.4,0.331
7118.3,g1,cnp,167.6,0.345
7119.3,g2,cnp,157.1,0.356
7119.4,g4,cnp,207.4,0.331
7120.0,g1,tick,167.6,0.345
7120.0,g2,tick,157.1,0.356
7120.0,g4,tick,207.4,0.331
7120.3,g1,cut,138.7,0.386
7121.7,g2,cut,129.1,0.396
7123.0,g4,cnp,207.4,0.331
7123.0,g1,cnp,138.7,0.386
7123.7,g4,cnp,207.4,0.331
7123.7,g2,cnp,129.1,0.396
7124.7,g1,cnp,138.7,0.386
7125.1,g1,tick,138.7,0.386
7125.1,g2,tick,129.1,0.396
7125.1,g4,tick,207.4,0.331
7125.9,g4,cut,173.0,0.373
7127.8,g1,cnp,138.7,0.386
7127.8,g2,cnp,129.1,0.396
7128.0,g4,cnp,173.0,0.373
7128.3,g2,cnp,129.1,0.396
7129.2,g1,cnp,138.7,0.386
7130.1,g1,tick,138.7,0.386
7130.1,g2,tick,129.1,0.396
7130.1,g4,tick,173.0,0.373
7130.3,g4,cnp,173.0,0.373
7130.4,g2,cnp,129.1,0.396
7131.4,g1,cut,111.9,0.425
7132.9,g2,cut,103.5,0.434
7134.7,g4,cnp,173.0,0.373
7134.7,g4,cnp,173.0,0.373
7134.7,g1,cnp,111.9,0.425
7134.9,g2,cnp,103.5,0.434
7135.1,g1,tick,111.9,0.425
7135.1,g2,tick,103.5,0.434
7135.1,g4,tick,173.0,0.373
7136.0,g1,cnp,111.9,0.425
7136.8,g4,cut,140.7,0.412
7138.5,g1,cnp,111.9,0.425
7138.5,g2,cnp,103.5,0.434
7139.0,g4,cnp,140.7,0.412
7139.3,g2,cnp,103.5,0.434
7140.1,g1,tick,111.9,0.425
7140.1,g2,tick,103.5,0.434
7140.1,g4,tick,140.7,0.412
7140.4,g1,cnp,111.9,0.425
7141.4,g4,cnp,140.7,0.412
7141.7,g2,cnp,103.5,0.434
7142.6,g1,cut,88.1,0.461
7144.2,g2,cut,81.1,0.469
7145.5,g4,cnp,140.7,0.412
7145.5,g1,tick,88.1,0.461
7145.6,g2,tick,81.1,0.469
7145.6,g4,tick,140.7,0.412
7145.6,g1,cnp,88.1,0.461
7145.6,g4,cnp,140.7,0.412
7146.3,g2,cnp,81.1,0.469
7146.8,g1,cnp,88.1,0.461
7147.9,g4,cut,111.7,0.449
7149.5,g1,cnp,88.1,0.461
7149.6,g2,cnp,81.1,0.469
7150.1,g1,tick,88.1,0.461
7150.1,g2,tick,81.1,0.469
7150.1,g4,tick,111.7,0.449
7150.2,g4,cnp,111.7,0.449
7150.7,g2,cnp,81.1,0.469
7151.1,g1,cnp,88.1,0.461
7152.4,g4,cnp,111.7,0.449
7152.9,g2,cnp,81.1,0.469
7153.4,g1,cut,67.8,0.494
7155.4,g1,tick,67.8,0.494
7155.4,g2,tick,81.1,0.469
7155.4,g4,tick,111.7,0.449
7155.4,g2,cut,62.0,0.503
7157.4,g4,cnp,111.7,0.449
7157.4,g4,cnp,111.7,0.449
7157.4,g1,cnp,67.8,0.494
7157.4,g2,cnp,62.0,0.503
7158.1,g1,cnp,67.8,0.494
7158.7,g4,cut,86.6,0.483
7160.6,g1,tick,67.8,0.494
7160.6,g2,tick,62.0,0.503
7160.6,g4,tick,86.6,0.483
7160.6,g1,cnp,67.8,0.494
7160.6,g2,cnp,62.0,0.503
7161.3,g4,cnp,86.6,0.483
7161.4,g2,cnp,62.0,0.503
7162.2,g1,cnp,67.8,0.494
7163.3,g4,cnp,86.6,0.483
7163.4,g2,cnp,62.0,0.503
7164.3,g1,cut,51.1,0.526
7166.2,g1,tick,51.1,0.526
7166.2,g2,tick,62.0,0.503
7166.2,g4,tick,86.6,0.483
7166.2,g2,cut,46.4,0.534
7168.2,g4,cnp,86.6,0.483
7168.2,g4,cnp,86.6,0.483
7168.2,g1,cnp,51.1,0.526
7168.2,g2,cnp,46.4,0.534
7168.4,g1,cnp,51.1,0.526
7169.6,g4,cut,65.7,0.516
7171.3,g1,tick,51.1,0.526
7171.3,g2,tick,46.4,0.534
7171.3,g4,tick,65.7,0.516
7171.3,g1,cnp,51.1,0.526
7171.3,g2,cnp,46.4,0.534
7171.8,g4,cnp,65.7,0.516
7172.2,g2,cnp,46.4,0.534
7173.2,g1,cnp,51.1,0.526
7173.9,g4,cnp,65.7,0.516
7174.4,g2,cnp,46.4,0.534
7175.1,g1,tick,51.1,0.526
7175.1,g2,tick,46.4,0.534
7175.1,g4,tick,65.7,0.516
7175.3,g1,cut,37.6,0.556
7178.0,g1,cnp,37.6,0.556
7178.0,g2,cut,34.1,0.563
7180.3,g4,cut,48.7,0.546
7180.4,g4,cnp,48.7,0.546
7182.3,g1,tick,37.6,0.556
7182.3,g2,tick,34.1,0.563
7182.3,g4,tick,48.7,0.546
7182.3,g1,cnp,37.6,0.556
7182.3,g2,cnp,34.1,0.563
7182.4,g4,cnp,48.7,0.546
7182.4,g1,cnp,37.6,0.556
7182.4,g2,cnp,34.1,0.563
7184.4,g4,cnp,48.7,0.546
7184.5,g1,cnp,37.6,0.556
7184.7,g2,cnp,34.1,0.563
7185.1,g1,tick,37.6,0.556
7185.1,g2,tick,34.1,0.563
7185.1,g4,tick,48.7,0.546
7186.6,g4,cnp,48.7,0.546
7186.7,g1,cut,27.2,0.583
7188.7,g2,cut,24.5,0.590
7190.7,g1,tick,27.2,0.583
7190.7,g2,tick,24.5,0.590
7190.7,g4,tick,48.7,0.546
7190.7,g1,cnp,27.2,0.583
7190.7,g2,cnp,24.5,0.590
7190.7,g4,cut,35.4,0.574
7192.7,g1,cnp,27.2,0.583
7192.7,g2,cnp,24.5,0.590
7192.7,g4,cnp,35.4,0.574
7192.9,g4,cnp,35.4,0.574
7193.2,g1,cnp,27.2,0.583
7193.5,g2,cnp,24.5,0.590
7195.1,g1,tick,27.2,0.583
7195.1,g2,tick,24.5,0.590
7195.1,g4,tick,35.4,0.574
7195.2,g4,cnp,35.4,0.574
7195.3,g1,cnp,27.2,0.583
7195.5,g2,cnp,24.5,0.590
7197.3,g4,cnp,35.4,0.574
7197.6,g1,cut,19.3,0.609
7199.1,g2,cut,17.2,0.616
7200.9,g1,tick,19.3,0.609
7200.9,g2,tick,17.2,0.616
7200.9,g4,tick,35.4,0.574
7200.9,g1,cnp,19.3,0.609
7200.9,g2,cnp,17.2,0.616
7200.9,g4,cut,25.3,0.601
7202.5,g1,cnp,19.3,0.609
7202.5,g2,cnp,17.2,0.616
7202.5,g4,cnp,25.3,0.601
7203.9,g4,cnp,25.3,0.601
7204.4,g1,cnp,19.3,0.609
7204.6,g2,cnp,17.2,0.616
7205.1,g1,tick,19.3,0.609
7205.1,g2,tick,17.2,0.616
7205.1,g4,tick,25.3,0.601
7206.0,g4,cnp,25.3,0.601
7206.4,g1,cnp,19.3,0.609
7206.9,g2,cnp,17.2,0.616
7208.1,g4,cnp,25.3,0.601
7208.6,g1,cut,13.4,0.634
7210.4,g1,tick,13.4,0.634
7210.4,g2,tick,17.2,0.616
7210.4,g4,tick,25.3,0.601
7210.4,g2,cut,11.9,0.640
7212.7,g4,cut,17.7,0.626
7212.7,g4,cnp,17.7,0.626
7214.8,g1,cnp,13.4,0.634
7214.8,g1,cnp,13.4,0.634
7214.8,g2,cnp,11.9,0.640
7214.8,g2,cnp,11.9,0.640
7214.9,g4,cnp,17.7,0.626
7215.1,g1,tick,13.4,0.634
7215.1,g2,tick,11.9,0.640
7215.1,g4,tick,17.7,0.626
7215.1,g1,cnp,13.4,0.634
7215.9,g2,cnp,11.9,0.640
7220.1,g1,tick,13.4,0.634
7220.1,g2,tick,11.9,0.640
7221.8,g4,tick,21.5,0.587
7226.5,g1,tick,16.3,0.594
7227.9,g2,tick,14.6,0.600
7229.3,g4,tick,23.4,0.550
7231.4,g1,tick,17.8,0.557
7232.7,g2,tick,15.9,0.562
7234.2,g4,tick,24.3,0.516
7236.7,g1,tick,18.5,0.522
7238.3,g2,tick,16.6,0.527
7238.3,g4,tick,24.8,0.484
7240.1,g1,tick,18.9,0.490
7241.4,g2,tick,16.9,0.494
7242.8,g4,tick,25.0,0.453
7246.7,g1,tick,19.1,0.459
7246.7,g2,tick,17.1,0.463
7248.3,g4,tick,30.1,0.425
7251.5,g1,tick,24.2,0.430
7252.9,g2,tick,22.2,0.434
7254.3,g4,tick,37.7,0.398
7256.4,g1,tick,31.7,0.403
7257.8,g2,tick,29.7,0.407
7259.3,g4,tick,46.5,0.374
7261.5,g1,tick,40.5,0.378
7262.9,g2,tick,38.5,0.382
7264.3,g4,tick,55.9,0.350
7266.5,g1,tick,49.9,0.355
7267.9,g2,tick,47.9,0.358
7269.3,g4,tick,65.6,0.328
7271.5,g1,tick,59.6,0.332
7273.1,g2,tick,57.6,0.336
7274.5,g4,tick,95.4,0.308
7276.6,g1,tick,89.4,0.312
7278.0,g2,tick,87.4,0.315
7279.7,g4,tick,135.3,0.289
7281.5,g1,tick,129.3,0.292
7283.1,g2,tick,127.3,0.295
7284.7,g4,tick,180.3,0.270
7286.4,g1,tick,174.3,0.274
7287.8,g2,tick,172.3,0.276
7289.1,g4,tick,227.8,0.254
7291.4,g1,tick,221.8,0.257
7292.8,g2,tick,219.8,0.259
7294.4,g4,tick,276.5,0.238
7294.4,g2,cut,191.3,0.306
7295.7,g4,cut,243.7,0.285
7295.7,g4,cnp,243.7,0.285
7298.5,g1,tick,270.5,0.241
7298.5,g2,tick,191.3,0.306
7298.5,g4,tick,243.7,0.285
7298.5,g1,cut,238.0,0.288
7298.5,g1,cnp,238.0,0.288
7299.8,g2,cnp,191.3,0.306
7299.9,g2,cnp,191.3,0.306
7299.9,g4,cnp,243.7,0.285
7300.1,g1,tick,238.0,0.288
7300.1,g2,tick,191.3,0.306
7300.1,g4,tick,243.7,0.285
7301.0,g2,cnp,191.3,0.306
7301.0,g1,cnp,238.0,0.288
7301.0,g4,cnp,243.7,0.285
7303.0,g2,cnp,191.3,0.306
7303.2,g1,cnp,238.0,0.288
7303.3,g4,cnp,243.7,0.285
7305.1,g1,tick,238.0,0.288
7305.1,g2,tick,191.3,0.306
7305.1,g4,tick,243.7,0.285
7305.1,g2,cut,162.1,0.349
7306.8,g1,cnp,238.0,0.288
7306.8,g4,cut,208.9,0.330
7308.1,g1,cnp,238.0,0.288
7308.1,g2,cnp,162.1,0.349
7308.1,g4,cnp,208.9,0.330
7309.6,g1,cut,203.7,0.333
7311.1,g1,tick,203.7,0.333
7311.1,g2,tick,162.1,0.349
7311.1,g4,tick,208.9,0.330
7311.1,g2,cnp,162.1,0.349
7311.2,g4,cnp,208.9,0.330
7311.9,g1,cnp,203.7,0.333
7312.0,g2,cnp,162.1,0.349
7312.1,g4,cnp,208.9,0.330
7314.1,g1,cnp,203.7,0.333
7314.3,g4,cnp,208.9,0.330
7314.4,g2,cnp,162.1,0.349
7315.1,g1,tick,203.7,0.333
7315.1,g2,tick,162.1,0.349
7315.1,g4,tick,208.9,0.330
7316.3,g1,cnp,203.7,0.333
7316.5,g4,cnp,208.9,0.330
7316.7,g2,cut,133.8,0.390
7318.5,g1,cnp,203.7,0.333
7318.6,g4,cut,174.4,0.372
7320.2,g1,tick,203.7,0.333
7320.2,g2,tick,133.8,0.390
7320.2,g4,tick,174.4,0.372
7320.3,g2,cnp,133.8,0.390
7320.7,g1,cut,169.8,0.374
7322.1,g2,cnp,133.8,0.390
7322.1,g4,cnp,174.4,0.372
7322.9,g1,cnp,169.8,0.374
7323.0,g4,cnp,174.4,0.372
7323.1,g2,cnp,133.8,0.390
7325.1,g4,cnp,174.4,0.372
7325.1,g1,tick,169.8,0.374
7325.1,g2,tick,133.8,0.390
7325.1,g4,tick,174.4,0.372
7325.2,g1,cnp,169.8,0.374
7325.3,g2,cnp,133.8,0.390
7327.3,g4,cnp,174.4,0.372
7327.4,g1,cnp,169.8,0.374
7327.5,g2,cut,107.7,0.428
7329.5,g4,cut,142.0,0.411
7331.1,g1,tick,169.8,0.374
7331.1,g2,tick,107.7,0.428
7331.1,g4,tick,142.0,0.411
7331.1,g1,cut,138.0,0.413
7332.7,g2,cnp,107.7,0.428
7332.7,g2,cnp,107.7,0.428
7332.7,g1,cnp,138.0,0.413
7332.7,g4,cnp,142.0,0.411
7333.7,g4,cnp,142.0,0.411
7334.1,g1,cnp,138.0,0.413
7334.4,g2,cnp,107.7,0.428
7335.1,g1,tick,138.0,0.413
7335.1,g2,tick,107.7,0.428
7335.1,g4,tick,142.0,0.411
7335.8,g4,cnp,142.0,0.411
7336.3,g1,cnp,138.0,0.413
7336.6,g2,cnp,107.7,0.428
7338.1,g4,cnp,142.0,0.411
7338.5,g1,cnp,138.0,0.413
7338.6,g2,cut,84.7,0.464
7340.1,g1,tick,138.0,0.413
7340.1,g2,tick,84.7,0.464
7340.1,g4,tick,142.0,0.411
7340.4,g4,cut,112.8,0.448
7341.8,g1,cut,109.5,0.450
7343.7,g2,cnp,84.7,0.464
7343.7,g1,cnp,109.5,0.450
7343.7,g4,cnp,112.8,0.448
7345.1,g1,tick,109.5,0.450
7345.1,g2,tick,84.7,0.464
7345.1,g4,tick,112.8,0.448
7345.8,g2,cnp,84.7,0.464
7345.9,g4,cnp,112.8,0.448
7346.2,g1,cnp,109.5,0.450
7348.0,g4,cnp,112.8,0.448
7348.1,g2,cnp,84.7,0.464
7348.6,g1,cnp,109.5,0.450
7350.1,g1,tick,109.5,0.450
7350.1,g2,tick,84.7,0.464
7350.1,g4,tick,112.8,0.448
7350.1,g4,cnp,112.8,0.448
7350.5,g2,cut,65.1,0.497
7352.0,g1,cut,84.8,0.484
7353.4,g1,cnp,84.8,0.484
7353.4,g2,cnp,65.1,0.497
7353.4,g4,cut,87.5,0.482
7354.8,g4,cnp,87.5,0.482
7354.9,g2,cnp,65.1,0.497
7355.0,g1,tick,84.8,0.484
7355.1,g2,tick,65.1,0.497
7355.1,g4,tick,87.5,0.482
7355.1,g1,cnp,84.8,0.484
7356.3,g4,cnp,87.5,0.482
7356.9,g2,cnp,65.1,0.497
7357.1,g1,cnp,84.8,0.484
7358.6,g4,cnp,87.5,0.482
7359.4,g1,cnp,84.8,0.484
7359.4,g2,cnp,65.1,0.497
7360.0,g1,tick,84.8,0.484
7360.0,g2,tick,65.1,0.497
7360.0,g4,tick,87.5,0.482
7360.7,g4,cnp,87.5,0.482
7361.6,g2,cut,48.9,0.528
7363.4,g1,cut,64.3,0.517
7364.9,g2,cnp,48.9,0.528
7364.9,g4,cut,66.4,0.515
7366.6,g1,tick,64.3,0.517
7366.6,g2,tick,48.9,0.528
7366.6,g4,tick,66.4,0.515
7366.6,g1,cnp,64.3,0.517
7366.6,g2,cnp,48.9,0.528
7366.6,g4,cnp,66.4,0.515
7367.4,g1,cnp,64.3,0.517
7368.0,g2,cnp,48.9,0.528
7369.4,g1,cnp,64.3,0.517
7369.5,g4,cnp,66.4,0.515
7370.1,g1,tick,64.3,0.517
7370.1,g2,tick,48.9,0.528
7370.1,g4,tick,66.4,0.515
7370.2,g2,cnp,48.9,0.528
7371.5,g1,cnp,64.3,0.517
7371.6,g4,cnp,66.4,0.515
7372.3,g2,cut,36.0,0.558
7374.0,g1,cut,47.7,0.547
7375.4,g1,tick,47.7,0.547
7375.4,g2,tick,36.0,0.558
7375.4,g4,tick,66.4,0.515
7375.4,g2,cnp,36.0,0.558
7375.4,g4,cut,49.3,0.545
7376.9,g1,cnp,47.7,0.547
7376.9,g2,cnp,36.0,0.558
7376.9,g4,cnp,49.3,0.545
7378.2,g1,cnp,47.7,0.547
7378.8,g2,cnp,36.0,0.558
7378.9,g4,cnp,49.3,0.545
7380.1,g1,tick,47.7,0.547
7380.1,g2,tick,36.0,0.558
7380.1,g4,tick,49.3,0.545
7380.4,g1,cnp,47.7,0.547
7380.9,g2,cnp,36.0,0.558
7381.1,g4,cnp,49.3,0.545
7382.7,g1,cnp,47.7,0.547
7383.2,g2,cut,25.9,0.586
7384.8,g1,cut,34.6,0.575
7386.1,g4,cut,35.9,0.574
7386.1,g4,cnp,35.9,0.574
7387.4,g1,tick,34.6,0.575
7387.4,g2,tick,25.9,0.586
7387.4,g4,tick,35.9,0.574
7387.4,g1,cnp,34.6,0.575
7387.5,g2,cnp,25.9,0.586
7387.5,g4,cnp,35.9,0.574
7387.5,g2,cnp,25.9,0.586
7388.8,g1,cnp,34.6,0.575
7389.4,g4,cnp,35.9,0.574
7389.8,g2,cnp,25.9,0.586
7390.1,g1,tick,34.6,0.575
7390.1,g2,tick,25.9,0.586
7390.1,g4,tick,35.9,0.574
7390.9,g1,cnp,34.6,0.575
7391.6,g4,cnp,35.9,0.574
7392.3,g2,cnp,25.9,0.586
7392.9,g1,cnp,34.6,0.575
7393.7,g4,cnp,35.9,0.574
7394.4,g2,cut,18.3,0.611
7396.0,g1,tick,34.6,0.575
7396.0,g2,tick,18.3,0.611
7396.0,g4,tick,35.9,0.574
7396.1,g1,cut,24.7,0.602
7397.5,g4,cut,25.6,0.600
7399.2,g1,cnp,24.7,0.602
7399.2,g2,cnp,18.3,0.611
7399.2,g2,cnp,18.3,0.611
7399.2,g4,cnp,25.6,0.600
7399.5,g1,cnp,24.7,0.602
7400.1,g1,tick,24.7,0.602
7400.1,g2,tick,18.3,0.611
7400.1,g4,tick,25.6,0.600
7400.2,g4,cnp,25.6,0.600
7400.5,g2,cnp,18.3,0.611
7401.7,g1,cnp,24.7,0.602
7402.3,g4,cnp,25.6,0.600
7402.8,g2,cnp,18.3,0.611
7403.8,g1,cnp,24.7,0.602
7404.4,g4,cnp,25.6,0.600
7404.9,g2,cut,12.7,0.636
7406.2,g1,tick,24.7,0.602
7406.2,g2,tick,12.7,0.636
7406.2,g4,tick,25.6,0.600
7406.2,g1,cut,17.3,0.627
7407.8,g2,cnp,12.7,0.636
7407.8,g4,cut,17.9,0.625
7409.2,g1,cnp,17.3,0.627
7409.2,g4,cnp,17.9,0.625
7409.3,g2,cnp,12.7,0.636
7410.0,g1,tick,17.3,0.627
7410.0,g2,tick,12.7,0.636
7410.0,g4,tick,17.9,0.625
7410.4,g1,cnp,17.3,0.627
7410.9,g4,cnp,17.9,0.625
7411.3,g2,cnp,12.7,0.636
7412.5,g1,cnp,17.3,0.627
7413.1,g4,cnp,17.9,0.625
7413.6,g2,cnp,12.7,0.636
7414.7,g1,cnp,17.3,0.627
7415.1,g1,tick,17.3,0.627
7415.1,g2,tick,12.7,0.636
7415.1,g4,tick,17.9,0.625
7415.2,g4,cnp,17.9,0.625
7416.2,g2,cut,8.7,0.659
7417.7,g1,cut,11.8,0.650
7419.1,g4,cut,12.3,0.649
7420.7,g1,tick,11.8,0.650
7420.7,g2,tick,8.7,0.659
7420.7,g4,tick,12.3,0.649
7420.7,g1,cnp,11.8,0.650
7420.8,g2,cnp,8.7,0.659
7420.8,g4,cnp,12.3,0.649
7425.1,g1,tick,11.8,0.650
7425.1,g2,tick,8.7,0.659
7425.1,g4,tick,12.3,0.649
7431.4,g1,tick,14.5,0.609
7432.9,g2,tick,10.7,0.617
7434.3,g4,tick,15.1,0.608
7436.4,g1,tick,15.9,0.571
7437.7,g2,tick,11.7,0.579
7439.0,g4,tick,16.5,0.570
7441.4,g1,tick,16.6,0.536
7443.0,g2,tick,12.2,0.543
7444.6,g4,tick,17.2,0.534
7446.6,g1,tick,16.9,0.502
7448.1,g2,tick,12.5,0.509
7449.5,g4,tick,17.6,0.501
7450.1,g1,tick,17.1,0.471
7450.1,g2,tick,12.6,0.477
7450.1,g4,tick,17.7,0.470
7456.7,g1,tick,22.2,0.441
7458.3,g2,tick,17.7,0.447
7460.3,g4,tick,22.8,0.440
7461.6,g1,tick,29.7,0.414
7463.1,g2,tick,25.2,0.419
7464.5,g4,tick,30.4,0.413
7466.4,g1,tick,38.5,0.388
7468.1,g2,tick,34.0,0.393
7469.4,g4,tick,39.1,0.387
7471.4,g1,tick,47.9,0.364
7472.9,g2,tick,43.4,0.368
7474.3,g4,tick,48.5,0.363
7476.3,g1,tick,57.6,0.341
7477.6,g2,tick,53.0,0.345
7479.0,g4,tick,58.2,0.340
7481.4,g1,tick,87.4,0.320
7482.8,g2,tick,82.9,0.324
7484.2,g4,tick,88.1,0.319
7486.7,g1,tick,127.3,0.300
7488.2,g2,tick,122.8,0.304
7489.5,g4,tick,128.0,0.299
7491.4,g1,tick,172.3,0.281
7492.9,g2,tick,167.8,0.285
7494.2,g4,tick,172.9,0.280
7496.5,g1,tick,219.8,0.263
7497.8,g2,tick,215.3,0.267
7499.1,g4,tick,220.4,0.263
7499.9,g1,cut,190.8,0.309
7501.4,g1,tick,190.8,0.309
7502.8,g2,tick,264.0,0.250
7504.2,g4,tick,269.2,0.246
7504.2,g1,cnp,190.8,0.309
7504.2,g2,cut,231.0,0.297
7505.5,g4,cut,236.0,0.293
7506.7,g1,tick,190.8,0.309
7506.7,g2,tick,231.0,0.297
7506.7,g4,tick,236.0,0.293
7506.7,g1,cnp,190.8,0.309
7506.7,g2,cnp,231.0,0.297
7506.7,g4,cnp,236.0,0.293
7506.9,g1,cnp,190.8,0.309
7507.1,g2,cnp,231.0,0.297
7508.0,g4,cnp,236.0,0.293
7509.2,g1,cnp,190.8,0.309
7509.5,g2,cnp,231.0,0.297
7510.0,g4,cnp,236.0,0.293
7510.1,g1,tick,190.8,0.309
7510.1,g2,tick,231.0,0.297
7510.1,g4,tick,236.0,0.293
7511.3,g1,cut,161.3,0.353
7512.6,g2,cnp,231.0,0.297
7512.6,g4,cnp,236.0,0.293
7513.5,g1,cnp,161.3,0.353
7513.9,g2,cnp,231.0,0.297
7514.5,g4,cnp,236.0,0.293
7515.1,g1,tick,161.3,0.353
7515.1,g2,tick,231.0,0.297
7515.1,g4,tick,236.0,0.293
7515.7,g1,cnp,161.3,0.353
7516.0,g2,cut,196.7,0.341
7517.7,g4,cut,201.4,0.338
7519.0,g1,cnp,161.3,0.353
7519.0,g2,cnp,196.7,0.341
7519.0,g4,cnp,201.4,0.338
7519.9,g1,cnp,161.3,0.353
7520.1,g1,tick,161.3,0.353
7520.1,g2,tick,196.7,0.341
7520.1,g4,tick,201.4,0.338
7520.5,g2,cnp,196.7,0.341
7521.2,g4,cnp,201.4,0.338
7522.2,g1,cut,132.9,0.393
7523.8,g2,cnp,196.7,0.341
7523.8,g4,cnp,201.4,0.338
7524.7,g1,cnp,132.9,0.393
7524.9,g2,cnp,196.7,0.341
7525.1,g1,tick,132.9,0.393
7525.1,g2,tick,196.7,0.341
7525.1,g4,tick,201.4,0.338
7525.5,g4,cnp,201.4,0.338
7526.9,g1,cnp,132.9,0.393
7527.1,g2,cut,163.2,0.382
7528.5,g4,cut,167.4,0.379
7529.9,g1,cnp,132.9,0.393
7529.9,g2,cnp,163.2,0.382
7529.9,g4,cnp,167.4,0.379
7530.1,g1,tick,132.9,0.393
7530.1,g2,tick,163.2,0.382
7530.1,g4,tick,167.4,0.379
7531.1,g1,cnp,132.9,0.393
7531.6,g2,cnp,163.2,0.382
7532.0,g4,cnp,167.4,0.379
7533.3,g1,cut,106.8,0.431
7534.9,g2,cnp,163.2,0.382
7534.9,g4,cnp,167.4,0.379
7535.1,g1,tick,106.8,0.431
7535.1,g2,tick,163.2,0.382
7535.1,g4,tick,167.4,0.379
7535.9,g1,cnp,106.8,0.431
7536.0,g2,cnp,163.2,0.382
7536.3,g4,cnp,167.4,0.379
7537.9,g1,cnp,106.8,0.431
7538.1,g2,cut,132.0,0.421
7540.2,g1,tick,106.8,0.431
7540.2,g2,tick,132.0,0.421
7540.2,g4,tick,167.4,0.379
7540.2,g1,cnp,106.8,0.431
7540.2,g2,cnp,132.0,0.421
7540.3,g4,cut,135.7,0.418
7542.2,g1,cnp,106.8,0.431
7542.2,g4,cnp,135.7,0.418
7542.3,g2,cnp,132.0,0.421
7542.4,g4,cnp,135.7,0.418
7544.4,g1,cut,83.8,0.467
7545.8,g1,tick,83.8,0.467
7545.9,g2,tick,132.0,0.421
7545.9,g4,tick,135.7,0.418
7545.9,g2,cnp,132.0,0.421
7545.9,g4,cnp,135.7,0.418
7546.5,g4,cnp,135.7,0.418
7546.6,g2,cnp,132.0,0.421
7546.8,g1,cnp,83.8,0.467
7548.7,g4,cnp,135.7,0.418
7548.8,g2,cut,104.2,0.457
7550.9,g1,tick,83.8,0.467
7550.9,g2,tick,104.2,0.457
7550.9,g4,tick,135.7,0.418
7551.0,g1,cnp,83.8,0.467
7551.0,g4,cut,107.3,0.454
7553.2,g1,cnp,83.8,0.467
7553.2,g2,cnp,104.2,0.457
7553.2,g4,cnp,107.3,0.454
7553.3,g2,cnp,104.2,0.457
7553.4,g1,cnp,83.8,0.467
7555.1,g1,tick,83.8,0.467
7555.1,g2,tick,104.2,0.457
7555.1,g4,tick,107.3,0.454
7555.3,g4,cnp,107.3,0.454
7555.5,g1,cut,64.2,0.500
7557.0,g2,cnp,104.2,0.457
7557.5,g4,cnp,107.3,0.454
7557.6,g2,cnp,104.2,0.457
7557.8,g1,cnp,64.2,0.500
7559.7,g4,cnp,107.3,0.454
7559.9,g2,cut,80.4,0.491
7561.3,g1,tick,64.2,0.500
7561.3,g2,tick,80.4,0.491
7561.3,g4,tick,107.3,0.454
7561.3,g1,cnp,64.2,0.500
7561.8,g4,cut,82.9,0.488
7563.2,g1,cnp,64.2,0.500
7563.3,g2,cnp,80.4,0.491
7564.3,g2,cnp,80.4,0.491
7564.4,g1,cnp,64.2,0.500
7565.1,g4,cnp,82.9,0.488
7565.1,g1,tick,64.2,0.500
7565.1,g2,tick,80.4,0.491
7565.1,g4,tick,82.9,0.488
7566.3,g2,cnp,80.4,0.491
7566.7,g1,cut,48.2,0.531
7568.5,g4,cnp,82.9,0.488
7568.6,g2,cnp,80.4,0.491
7569.0,g1,cnp,48.2,0.531
7569.4,g4,cnp,82.9,0.488
7570.1,g1,tick,48.2,0.531
7570.1,g2,tick,80.4,0.491
7570.1,g4,tick,82.9,0.488
7571.3,g1,cnp,48.2,0.531
7571.4,g4,cnp,82.9,0.488
7571.5,g2,cut,60.7,0.523
7573.4,g4,cut,62.7,0.520
7575.0,g1,cnp,48.2,0.531
7575.0,g2,cnp,60.7,0.523
7575.1,g1,tick,48.2,0.531
7575.1,g2,tick,60.7,0.523
7575.1,g4,tick,62.7,0.520
7575.6,g1,cnp,48.2,0.531
7575.7,g2,cnp,60.7,0.523
7576.3,g4,cnp,62.7,0.520
7577.7,g1,cut,35.4,0.560
7579.1,g2,cnp,60.7,0.523
7579.1,g4,cnp,62.7,0.520
7579.9,g2,cnp,60.7,0.523
7580.1,g1,tick,35.4,0.560
7580.1,g2,tick,60.7,0.523
7580.1,g4,tick,62.7,0.520
7580.3,g1,cnp,35.4,0.560
7581.5,g4,cnp,62.7,0.520
7582.2,g2,cut,44.8,0.553
7584.2,g1,cnp,35.4,0.560
7584.4,g4,cut,46.4,0.550
7585.8,g1,tick,35.4,0.560
7585.8,g2,tick,44.8,0.553
7585.8,g4,tick,46.4,0.550
7585.8,g1,cnp,35.4,0.560
7585.8,g2,cnp,44.8,0.553
7586.5,g4,cnp,46.4,0.550
7587.0,g1,cnp,35.4,0.560
7587.7,g2,cnp,44.8,0.553
7588.6,g4,cnp,46.4,0.550
7589.5,g1,cut,25.5,0.588
7590.9,g1,tick,25.5,0.588
7590.9,g2,tick,44.8,0.553
7590.9,g4,tick,46.4,0.550
7590.9,g2,cnp,44.8,0.553
7591.2,g4,cnp,46.4,0.550
7591.9,g1,cnp,25.5,0.588
7592.1,g2,cnp,44.8,0.553
7593.2,g4,cnp,46.4,0.550
7594.2,g1,cnp,25.5,0.588
7594.3,g2,cut,32.4,0.580
7595.6,g1,tick,25.5,0.588
7595.6,g2,tick,32.4,0.580
7595.6,g4,tick,46.4,0.550
7595.6,g4,cut,33.6,0.578
7597.2,g1,cnp,25.5,0.588
7597.2,g2,cnp,32.4,0.580
7597.6,g4,cnp,33.6,0.578
7598.4,g2,cnp,32.4,0.580
7598.8,g1,cnp,25.5,0.588
7599.8,g4,cnp,33.6,0.578
7600.1,g1,tick,25.5,0.588
7600.1,g2,tick,32.4,0.580
7600.1,g4,tick,33.6,0.578
7600.6,g2,cnp,32.4,0.580
7600.8,g1,cut,18.0,0.614
7602.4,g4,cnp,33.6,0.578
7602.6,g2,cnp,32.4,0.580
7602.8,g1,cnp,18.0,0.614
7603.9,g4,cnp,33.6,0.578
7604.7,g2,cut,23.0,0.607
7606.3,g1,tick,18.0,0.614
7606.3,g2,tick,23.0,0.607
7606.3,g4,tick,33.6,0.578
7606.3,g1,cnp,18.0,0.614
7606.3,g4,cut,23.9,0.605
7607.8,g1,cnp,18.0,0.614
7607.8,g2,cnp,23.0,0.607
7608.2,g4,cnp,23.9,0.605
7609.2,g2,cnp,23.0,0.607
7609.6,g1,cnp,18.0,0.614
7610.1,g1,tick,18.0,0.614
7610.1,g2,tick,23.0,0.607
7610.1,g4,tick,23.9,0.605
7610.2,g4,cnp,23.9,0.605
7611.3,g2,cnp,23.0,0.607
7612.1,g1,cut,12.5,0.638
7613.8,g2,cnp,23.0,0.607
7613.8,g4,cnp,23.9,0.605
7614.4,g4,cnp,23.9,0.605
7614.5,g1,cnp,12.5,0.638
7615.1,g1,tick,12.5,0.638
7615.1,g2,tick,23.0,0.607
7615.1,g4,tick,23.9,0.605
7615.5,g2,cut,16.0,0.631
7616.9,g1,cnp,12.5,0.638
7616.9,g4,cut,16.7,0.629
7618.4,g2,cnp,16.0,0.631
7618.7,g4,cnp,16.7,0.629
7619.0,g1,cnp,12.5,0.638
7619.8,g2,cnp,16.0,0.631
7620.1,g1,tick,12.5,0.638
7620.1,g2,tick,16.0,0.631
7620.1,g4,tick,16.7,0.629
7621.0,g4,cnp,16.7,0.629
7621.1,g1,cnp,12.5,0.638
7621.9,g2,cnp,16.0,0.631
7623.1,g4,cnp,16.7,0.629
7623.4,g1,cut,8.5,0.660
7624.9,g2,cnp,16.0,0.631
7625.1,g1,tick,8.5,0.660
7625.1,g2,tick,16.0,0.631
7625.1,g4,tick,16.7,0.629
7631.7,g1,tick,10.5,0.619
7633.0,g2,tick,19.5,0.592
7634.5,g4,tick,20.3,0.590
7636.5,g1,tick,11.5,0.580
7637.9,g2,tick,21.3,0.555
7639.3,g4,tick,22.1,0.553
7641.4,g1,tick,12.0,0.544
7642.8,g2,tick,22.1,0.520
7644.1,g4,tick,23.0,0.519
7646.4,g1,tick,12.2,0.510
7646.4,g2,tick,22.6,0.488
7646.4,g4,tick,23.4,0.486
7650.1,g1,tick,12.3,0.478
7651.6,g2,tick,22.8,0.457
7652.9,g4,tick,23.7,0.456
7656.4,g1,tick,17.4,0.448
7658.0,g2,tick,27.9,0.429
7659.5,g4,tick,28.8,0.427
7661.4,g1,tick,24.9,0.420
7662.8,g2,tick,35.5,0.402
7664.1,g4,tick,36.3,0.401
7666.4,g1,tick,33.7,0.394
7667.9,g2,tick,44.2,0.377
7669.3,g4,tick,45.1,0.376
7671.6,g1,tick,43.1,0.369
7673.1,g2,tick,53.6,0.353
7674.5,g4,tick,54.5,0.352
7676.6,g1,tick,52.8,0.346
7678.0,g2,tick,63.3,0.331
7679.3,g4,tick,64.2,0.330
7681.5,g1,tick,82.6,0.325
7682.7,g2,tick,93.2,0.310
7684.2,g4,tick,94.1,0.309
7686.4,g1,tick,122.5,0.304
7687.9,g2,tick,133.1,0.291
7689.3,g4,tick,134.0,0.290
7691.7,g1,tick,167.5,0.285
7693.1,g2,tick,178.1,0.273
7694.5,g4,tick,178.9,0.272
7696.4,g1,tick,215.0,0.268
7697.7,g2,tick,225.5,0.256
7699.0,g4,tick,226.4,0.255
7699.2,g2,cut,196.7,0.302
7701.9,g1,tick,263.7,0.251
7701.9,g2,tick,196.7,0.302
7703.6,g4,tick,275.2,0.239
7703.6,g1,cut,230.6,0.298
7705.0,g2,cnp,196.7,0.302
7705.0,g2,cnp,196.7,0.302
7705.0,g4,cut,242.3,0.287
7705.0,g4,cnp,242.3,0.287
7706.3,g1,tick,230.6,0.298
7706.3,g2,tick,196.7,0.302
7706.3,g4,tick,242.3,0.287
7706.3,g1,cnp,230.6,0.298
7706.3,g1,cnp,230.6,0.298
7706.3,g4,cnp,242.3,0.287
7706.9,g2,cnp,196.7,0.302
7708.1,g4,cnp,242.3,0.287
7708.5,g1,cnp,230.6,0.298
7709.5,g2,cut,167.0,0.346
7710.9,g1,tick,230.6,0.298
7710.9,g2,tick,167.0,0.346
7710.9,g4,tick,242.3,0.287
7710.9,g1,cnp,230.6,0.298
7710.9,g4,cnp,242.3,0.287
7712.0,g2,cnp,167.0,0.346
7712.5,g4,cnp,242.3,0.287
7712.9,g1,cnp,230.6,0.298
7714.3,g2,cnp,167.0,0.346
7714.8,g4,cnp,242.3,0.287
7715.0,g1,cut,196.3,0.342
7716.7,g1,tick,196.3,0.342
7716.7,g2,tick,167.0,0.346
7716.7,g4,tick,242.3,0.287
7716.7,g2,cnp,167.0,0.346
7717.0,g4,cut,207.5,0.331
7718.5,g1,cnp,196.3,0.342
7719.1,g2,cnp,167.0,0.346
7719.2,g4,cnp,207.5,0.331
7719.3,g1,cnp,196.3,0.342
7720.1,g1,tick,196.3,0.342
7720.1,g2,tick,167.0,0.346
7720.1,g4,tick,207.5,0.331
7721.1,g2,cut,138.1,0.387
7722.5,g1,cnp,196.3,0.342
7722.5,g4,cnp,207.5,0.331
7723.4,g2,cnp,138.1,0.387
7723.4,g4,cnp,207.5,0.331
7723.9,g1,cnp,196.3,0.342
7725.1,g1,tick,196.3,0.342
7725.1,g2,tick,138.1,0.387
7725.1,g4,tick,207.5,0.331
7725.6,g4,cnp,207.5,0.331
7725.7,g2,cnp,138.1,0.387
7726.3,g1,cut,162.8,0.383
7727.9,g4,cut,173.2,0.373
7729.2,g1,cnp,162.8,0.383
7729.2,g2,cnp,138.1,0.387
7729.9,g4,cnp,173.2,0.373
7730.1,g2,cnp,138.1,0.387
7730.1,g1,tick,162.8,0.383
7730.1,g2,tick,138.1,0.387
7730.1,g4,tick,173.2,0.373
7730.7,g1,cnp,162.8,0.383
7732.1,g4,cnp,173.2,0.373
7732.4,g2,cut,111.4,0.425
7734.0,g1,cnp,162.8,0.383
7734.3,g4,cnp,173.2,0.373
7734.6,g2,cnp,111.4,0.425
7735.1,g1,tick,162.8,0.383
7735.1,g2,tick,111.4,0.425
7735.1,g4,tick,173.2,0.373
7735.1,g1,cnp,162.8,0.383
7736.4,g4,cnp,173.2,0.373
7736.7,g2,cnp,111.4,0.425
7737.2,g1,cut,131.6,0.421
7739.0,g4,cut,140.9,0.412
7740.3,g1,tick,131.6,0.421
7740.3,g2,tick,111.4,0.425
7740.3,g4,tick,140.9,0.412
7740.3,g1,cnp,131.6,0.421
7740.3,g2,cnp,111.4,0.425
7740.5,g4,cnp,140.9,0.412
7741.3,g2,cnp,111.4,0.425
7741.5,g1,cnp,131.6,0.421
7742.6,g4,cnp,140.9,0.412
7743.5,g2,cut,87.7,0.461
7744.9,g1,cnp,131.6,0.421
7744.9,g4,cnp,140.9,0.412
7745.1,g1,tick,131.6,0.421
7745.1,g2,tick,87.7,0.461
7745.1,g4,tick,140.9,0.412
7745.6,g2,cnp,87.7,0.461
7746.0,g1,cnp,131.6,0.421
7746.9,g4,cnp,140.9,0.412
7747.6,g2,cnp,87.7,0.461
7748.1,g1,cut,103.9,0.457
7749.5,g4,cut,111.8,0.449
7750.9,g1,tick,103.9,0.457
7750.9,g2,tick,87.7,0.461
7750.9,g4,tick,111.8,0.449
7750.9,g1,cnp,103.9,0.457
7750.9,g2,cnp,87.7,0.461
7751.2,g4,cnp,111.8,0.449
7752.2,g2,cnp,87.7,0.461
7752.7,g1,cnp,103.9,0.457
7753.5,g4,cnp,111.8,0.449
7754.5,g2,cut,67.5,0.495
7756.0,g1,tick,103.9,0.457
7756.0,g2,tick,67.5,0.495
7756.0,g4,tick,111.8,0.449
7756.1,g1,cnp,103.9,0.457
7756.1,g4,cnp,111.8,0.449
7756.7,g2,cnp,67.5,0.495
7757.1,g1,cnp,103.9,0.457
7757.9,g4,cnp,111.8,0.449
7758.9,g2,cnp,67.5,0.495
7759.2,g1,cut,80.1,0.491
7760.6,g1,tick,80.1,0.491
7760.6,g2,tick,67.5,0.495
7760.6,g4,tick,111.8,0.449
7761.1,g2,cnp,67.5,0.495
7761.2,g1,cnp,80.1,0.491
7761.9,g4,cut,86.7,0.483
7763.4,g1,cnp,80.1,0.491
7763.6,g2,cnp,67.5,0.495
7764.1,g4,cnp,86.7,0.483
7765.1,g1,tick,80.1,0.491
7765.1,g2,tick,67.5,0.495
7765.1,g4,tick,86.7,0.483
7765.6,g2,cut,50.8,0.526
7766.9,g1,cnp,80.1,0.491
7767.4,g4,cnp,86.7,0.483
7768.1,g2,cnp,50.8,0.526
7769.1,g1,cnp,80.1,0.491
7769.6,g4,cnp,86.7,0.483
7770.1,g1,tick,80.1,0.491
7770.1,g2,tick,50.8,0.526
7770.1,g4,tick,86.7,0.483
7770.4,g2,cnp,50.8,0.526
7771.3,g1,cut,60.5,0.523
7772.7,g2,cnp,50.8,0.526
7772.8,g4,cut,65.8,0.516
7774.4,g1,cnp,60.5,0.523
7774.4,g4,cnp,65.8,0.516
7774.5,g2,cnp,50.8,0.526
7775.1,g1,tick,60.5,0.523
7775.1,g2,tick,50.8,0.526
7775.1,g4,tick,65.8,0.516
7775.4,g1,cnp,60.5,0.523
7776.4,g4,cnp,65.8,0.516
7776.8,g2,cut,37.4,0.556
7778.3,g1,cnp,60.5,0.523
7778.6,g4,cnp,65.8,0.516
7779.2,g2,cnp,37.4,0.556
7780.1,g1,tick,60.5,0.523
7780.1,g2,tick,37.4,0.556
7780.1,g4,tick,65.8,0.516
7780.4,g1,cnp,60.5,0.523
7780.9,g4,cnp,65.8,0.516
7781.6,g2,cnp,37.4,0.556
7782.5,g1,cut,44.6,0.553
7783.8,g2,cnp,37.4,0.556
7783.8,g4,cut,48.8,0.546
7785.1,g1,tick,44.6,0.553
7785.1,g2,tick,37.4,0.556
7785.1,g4,tick,48.8,0.546
7785.1,g1,cnp,44.6,0.553
7785.5,g4,cnp,48.8,0.546
7786.2,g2,cnp,37.4,0.556
7786.9,g1,cnp,44.6,0.553
7787.7,g4,cnp,48.8,0.546
7788.4,g2,cut,27.0,0.584
7789.8,g1,cnp,44.6,0.553
7789.8,g4,cnp,48.8,0.546
7790.0,g1,tick,44.6,0.553
7790.0,g2,tick,27.0,0.584
7790.0,g4,tick,48.8,0.546
7790.4,g2,cnp,27.0,0.584
7791.5,g1,cnp,44.6,0.553
7791.8,g4,cnp,48.8,0.546
7792.6,g2,cnp,27.0,0.584
7793.7,g1,cut,32.3,0.581
7795.0,g4,cut,35.5,0.574
7796.3,g1,tick,32.3,0.581
7796.3,g2,tick,27.0,0.584
7796.3,g4,tick,35.5,0.574
7796.4,g1,cnp,32.3,0.581
7796.4,g2,cnp,27.0,0.584
7796.4,g4,cnp,35.5,0.574
7797.3,g2,cnp,27.0,0.584
7798.0,g1,cnp,32.3,0.581
7798.4,g4,cnp,35.5,0.574
7799.5,g2,cut,19.1,0.610
7800.8,g1,tick,32.3,0.581
7800.8,g2,tick,19.1,0.610
7800.8,g4,tick,35.5,0.574
7800.8,g1,cnp,32.3,0.581
7800.8,g4,cnp,35.5,0.574
7801.7,g2,cnp,19.1,0.610
7802.3,g1,cnp,32.3,0.581
7802.5,g4,cnp,35.5,0.574
7804.1,g2,cnp,19.1,0.610
7804.5,g1,cut,22.9,0.607
7805.8,g1,tick,22.9,0.607
7805.8,g2,tick,19.1,0.610
7805.8,g4,tick,35.5,0.574
7805.8,g4,cut,25.3,0.601
7807.2,g1,cnp,22.9,0.607
7807.2,g2,cnp,19.1,0.610
7807.2,g4,cnp,25.3,0.601
7808.7,g2,cnp,19.1,0.610
7809.0,g1,cnp,22.9,0.607
7809.1,g4,cnp,25.3,0.601
7810.1,g1,tick,22.9,0.607
7810.1,g2,tick,19.1,0.610
7810.1,g4,tick,25.3,0.601
7810.8,g2,cut,13.3,0.634
7812.6,g1,cnp,22.9,0.607
7812.6,g4,cnp,25.3,0.601
7812.9,g2,cnp,13.3,0.634
7813.0,g1,cnp,22.9,0.607
7813.3,g4,cnp,25.3,0.601
7815.1,g1,tick,22.9,0.607
7815.1,g2,tick,13.3,0.634
7815.1,g4,tick,25.3,0.601
7815.3,g1,cut,16.0,0.632
7816.9,g2,cnp,13.3,0.634
7816.9,g4,cut,17.7,0.626
7818.6,g1,cnp,16.0,0.632
7818.6,g2,cnp,13.3,0.634
7818.6,g4,cnp,17.7,0.626
7819.6,g1,cnp,16.0,0.632
7819.7,g4,cnp,17.7,0.626
7820.1,g1,tick,16.0,0.632
7820.1,g2,tick,13.3,0.634
7820.1,g4,tick,17.7,0.626
7820.1,g2,cnp,13.3,0.634
7821.6,g1,cnp,16.0,0.632
7822.0,g4,cnp,17.7,0.626
7822.4,g2,cut,9.1,0.657
7823.8,g1,cnp,16.0,0.632
7824.2,g4,cnp,17.7,0.626
7824.6,g2,cnp,9.1,0.657
7825.1,g1,tick,16.0,0.632
7825.1,g2,tick,9.1,0.657
7825.1,g4,tick,17.7,0.626
7831.5,g1,tick,19.4,0.592
7833.0,g2,tick,11.2,0.616
7834.3,g4,tick,21.5,0.587
7836.4,g1,tick,21.2,0.555
7837.8,g2,tick,12.3,0.577
7839.0,g4,tick,23.4,0.550
7841.4,g1,tick,22.0,0.520
7842.9,g2,tick,12.8,0.541
7844.4,g4,tick,24.3,0.516
7845.1,g1,tick,22.5,0.488
7846.4,g2,tick,13.0,0.507
7846.4,g4,tick,24.8,0.483
7851.6,g1,tick,22.7,0.457
7851.6,g2,tick,13.2,0.476
7853.0,g4,tick,25.1,0.453
7856.8,g1,tick,27.8,0.429
7858.1,g2,tick,18.2,0.446
7859.4,g4,tick,30.2,0.425
7861.5,g1,tick,35.4,0.402
7862.9,g2,tick,25.8,0.418
7864.3,g4,tick,37.7,0.398
7866.5,g1,tick,44.1,0.377
7868.2,g2,tick,34.5,0.392
7869.9,g4,tick,46.5,0.373
7871.6,g1,tick,53.5,0.353
7873.0,g2,tick,43.9,0.368
7874.4,g4,tick,55.9,0.350
7876.5,g1,tick,63.2,0.331
7877.8,g2,tick,53.6,0.345
7879.5,g4,tick,65.6,0.328
7881.6,g1,tick,93.1,0.311
7882.9,g2,tick,83.5,0.323
7884.2,g4,tick,95.5,0.308
7886.6,g1,tick,133.0,0.291
7888.0,g2,tick,123.4,0.303
7889.3,g4,tick,135.4,0.288
7891.4,g1,tick,178.0,0.273
7892.9,g2,tick,168.3,0.284
7894.2,g4,tick,180.3,0.270
7896.5,g1,tick,225.4,0.256
7897.8,g2,tick,215.8,0.266
7899.1,g4,tick,227.8,0.254
7899.3,g4,cut,198.9,0.300
7902.2,g1,tick,274.2,0.240
7903.4,g2,tick,264.6,0.250
7903.4,g4,tick,198.9,0.300
7903.4,g1,cut,241.3,0.287
7905.1,g2,cut,231.6,0.296
7905.1,g2,cnp,231.6,0.296
7906.4,g4,cnp,198.9,0.300
7906.4,g4,cnp,198.9,0.300
7906.4,g1,tick,241.3,0.287
7906.4,g2,tick,231.6,0.296
7906.4,g4,tick,198.9,0.300
7906.5,g1,cnp,241.3,0.287
7906.6,g4,cnp,198.9,0.300
7906.7,g2,cnp,231.6,0.296
7907.3,g1,cnp,241.3,0.287
7908.7,g2,cnp,231.6,0.296
7908.8,g4,cnp,198.9,0.300
7909.7,g1,cnp,241.3,0.287
7910.1,g1,tick,241.3,0.287
7910.1,g2,tick,231.6,0.296
7910.1,g4,tick,198.9,0.300
7911.1,g2,cnp,231.6,0.296
7911.2,g4,cut,169.1,0.344
7912.5,g1,cnp,241.3,0.287
7913.4,g4,cnp,169.1,0.344
7913.5,g2,cnp,231.6,0.296
7914.2,g1,cut,206.6,0.332
7915.5,g1,tick,206.6,0.332
7915.5,g2,tick,231.6,0.296
7915.5,g4,tick,169.1,0.344
7915.7,g4,cnp,169.1,0.344
7915.9,g2,cut,197.2,0.340
7917.2,g1,cnp,206.6,0.332
7918.0,g2,cnp,197.2,0.340
7918.0,g4,cnp,169.1,0.344
7918.4,g1,cnp,206.6,0.332
7919.9,g4,cnp,169.1,0.344
7920.0,g2,cnp,197.2,0.340
7920.0,g1,tick,206.6,0.332
7920.0,g2,tick,197.2,0.340
7920.0,g4,tick,169.1,0.344
7920.6,g1,cnp,206.6,0.332
7922.2,g2,cnp,197.2,0.340
7922.3,g4,cut,140.0,0.385
7923.6,g1,cnp,206.6,0.332
7924.4,g2,cnp,197.2,0.340
7924.5,g4,cnp,140.0,0.385
7924.9,g1,cut,172.3,0.374
7926.5,g1,tick,172.3,0.374
7926.5,g2,tick,197.2,0.340
7926.5,g4,tick,140.0,0.385
7926.6,g2,cut,163.7,0.382
7928.2,g1,cnp,172.3,0.374
7928.2,g4,cnp,140.0,0.385
7928.8,g2,cnp,163.7,0.382
7929.0,g4,cnp,140.0,0.385
7929.3,g1,cnp,172.3,0.374
7930.1,g1,tick,172.3,0.374
7930.1,g2,tick,163.7,0.382
7930.1,g4,tick,140.0,0.385
7931.1,g2,cnp,163.7,0.382
7931.3,g4,cnp,140.0,0.385
7931.4,g1,cnp,172.3,0.374
7933.4,g2,cnp,163.7,0.382
7933.5,g4,cut,113.1,0.423
7935.6,g1,tick,172.3,0.374
7935.6,g2,tick,163.7,0.382
7935.6,g4,tick,113.1,0.423
7935.6,g1,cut,140.1,0.413
7937.2,g1,cnp,140.1,0.413
7937.2,g2,cut,132.4,0.420
7938.6,g4,cnp,113.1,0.423
7938.6,g4,cnp,113.1,0.423
7938.6,g1,cnp,140.1,0.413
7938.6,g2,cnp,132.4,0.420
7940.0,g2,cnp,132.4,0.420
7940.1,g1,tick,140.1,0.413
7940.1,g2,tick,132.4,0.420
7940.1,g4,tick,113.1,0.423
7940.1,g1,cnp,140.1,0.413
7940.4,g4,cnp,113.1,0.423
7942.1,g2,cnp,132.4,0.420
7942.3,g1,cnp,140.1,0.413
7942.5,g4,cnp,113.1,0.423
7944.1,g2,cnp,132.4,0.420
7944.6,g1,cnp,140.1,0.413
7944.8,g4,cut,89.1,0.459
7946.3,g1,tick,140.1,0.413
7946.3,g2,tick,132.4,0.420
7946.3,g4,tick,89.1,0.459
7946.3,g2,cnp,132.4,0.420
7946.7,g1,cut,111.2,0.450
7948.2,g4,cnp,89.1,0.459
7948.5,g2,cut,104.6,0.457
7949.9,g1,cnp,111.2,0.450
7949.9,g4,cnp,89.1,0.459
7950.1,g1,tick,111.2,0.450
7950.1,g2,tick,104.6,0.457
7950.1,g4,tick,89.1,0.459
7950.6,g2,cnp,104.6,0.457
7951.1,g1,cnp,111.2,0.450
7951.3,g4,cnp,89.1,0.459
7952.9,g2,cnp,104.6,0.457
7953.3,g1,cnp,111.2,0.450
7953.6,g4,cnp,89.1,0.459
7954.9,g2,cnp,104.6,0.457
7955.1,g1,tick,111.2,0.450
7955.1,g2,tick,104.6,0.457
7955.1,g4,tick,89.1,0.459
7955.4,g1,cnp,111.2,0.450
7955.9,g4,cut,68.6,0.493
7957.7,g1,cut,86.2,0.484
7959.0,g2,cut,80.7,0.490
7961.2,g1,tick,86.2,0.484
7961.2,g2,tick,80.7,0.490
7961.2,g4,tick,68.6,0.493
7961.2,g1,cnp,86.2,0.484
7961.2,g2,cnp,80.7,0.490
7961.2,g4,cnp,68.6,0.493
7961.2,g4,cnp,68.6,0.493
7961.3,g2,cnp,80.7,0.490
7961.7,g1,cnp,86.2,0.484
7962.4,g4,cnp,68.6,0.493
7963.4,g2,cnp,80.7,0.490
7964.0,g1,cnp,86.2,0.484
7964.5,g4,cnp,68.6,0.493
7965.1,g1,tick,86.2,0.484
7965.1,g2,tick,80.7,0.490
7965.1,g4,tick,68.6,0.493
7965.8,g2,cnp,80.7,0.490
7966.3,g1,cnp,86.2,0.484
7966.8,g4,cut,51.7,0.525
7968.5,g2,cnp,80.7,0.490
7969.1,g4,cnp,51.7,0.525
7969.9,g1,cut,65.3,0.516
7971.5,g1,tick,65.3,0.516
7971.5,g2,tick,80.7,0.490
7971.5,g4,tick,51.7,0.525
7971.5,g2,cut,60.9,0.522
7973.1,g4,cnp,51.7,0.525
7973.1,g1,cnp,65.3,0.516
7973.4,g2,cnp,60.9,0.522
7973.8,g4,cnp,51.7,0.525
7975.1,g1,tick,65.3,0.516
7975.1,g2,tick,60.9,0.522
7975.1,g4,tick,51.7,0.525
7975.6,g1,cnp,65.3,0.516
7975.9,g4,cnp,51.7,0.525
7976.6,g2,cnp,60.9,0.522
7977.6,g1,cnp,65.3,0.516
7978.0,g4,cut,38.1,0.555
7979.5,g2,cnp,60.9,0.522
7980.1,g4,cnp,38.1,0.555
7980.1,g1,tick,65.3,0.516
7980.1,g2,tick,60.9,0.522
7980.1,g4,tick,38.1,0.555
7980.7,g1,cut,48.5,0.546
7982.3,g2,cut,45.0,0.552
7983.9,g4,cnp,38.1,0.555
7984.0,g1,cnp,48.5,0.546
7984.0,g2,cnp,45.0,0.552
7984.5,g4,cnp,38.1,0.555
7985.1,g2,cnp,45.0,0.552
7985.1,g1,tick,48.5,0.546
7985.1,g2,tick,45.0,0.552
7985.1,g4,tick,38.1,0.555
7986.1,g1,cnp,48.5,0.546
7986.7,g4,cnp,38.1,0.555
7987.3,g2,cnp,45.0,0.552
7988.2,g1,cnp,48.5,0.546
7989.0,g4,cut,27.6,0.582
7990.8,g1,tick,48.5,0.546
7990.8,g2,tick,45.0,0.552
7990.8,g4,tick,27.6,0.582
7990.8,g1,cut,35.2,0.575
7992.5,g2,cut,32.6,0.580
7992.5,g2,cnp,32.6,0.580
7994.2,g1,cnp,35.2,0.575
7994.2,g2,cnp,32.6,0.580
7994.2,g4,cnp,27.6,0.582
7994.2,g4,cnp,27.6,0.582
7995.1,g1,tick,35.2,0.575
7995.1,g2,tick,32.6,0.580
7995.1,g4,tick,27.6,0.582
7995.2,g4,cnp,27.6,0.582
7995.5,g1,cnp,35.2,0.575
7996.5,g2,cnp,32.6,0.580
7997.7,g4,cnp,27.6,0.582
7997.8,g1,cnp,35.2,0.575
7998.6,g2,cnp,32.6,0.580
7999.9,g1,cnp,35.2,0.575
7999.9,g4,cut,19.5,0.609
8001.9,g1,tick,35.2,0.575
8001.9,g2,tick,32.6,0.580
8001.9,g4,tick,19.5,0.609
8001.9,g2,cnp,32.6,0.580
8002.0,g4,cnp,19.5,0.609
8002.2,g1,cut,25.1,0.601
8004.0,g2,cut,23.1,0.606
8005.6,g1,tick,25.1,0.601
8005.6,g2,tick,23.1,0.606
8005.6,g4,tick,19.5,0.609
8005.6,g1,cnp,25.1,0.601
8005.7,g2,cnp,23.1,0.606
8005.7,g4,cnp,19.5,0.609
8006.4,g4,cnp,19.5,0.609
8006.6,g1,cnp,25.1,0.601
8007.4,g2,cnp,23.1,0.606
8008.5,g4,cnp,19.5,0.609
8008.6,g1,cnp,25.1,0.601
8009.8,g2,cnp,23.1,0.606
8010.1,g1,tick,25.1,0.601
8010.1,g2,tick,23.1,0.606
8010.1,g4,tick,19.5,0.609
8010.6,g1,cnp,25.1,0.601
8010.9,g4,cut,13.6,0.633
8012.8,g1,cut,17.6,0.626
8014.8,g2,cut,16.1,0.631
8014.8,g2,cnp,16.1,0.631
8016.4,g1,tick,17.6,0.626
8016.4,g2,tick,16.1,0.631
8016.4,g4,tick,13.6,0.633
8016.4,g1,cnp,17.6,0.626
8016.5,g2,cnp,16.1,0.631
8016.5,g4,cnp,13.6,0.633
8016.5,g4,cnp,13.6,0.633
8017.1,g1,cnp,17.6,0.626
8017.3,g4,cnp,13.6,0.633
8018.2,g2,cnp,16.1,0.631
8019.3,g1,cnp,17.6,0.626
8019.6,g4,cnp,13.6,0.633
8020.1,g1,tick,17.6,0.626
8020.1,g2,tick,16.1,0.631
8020.1,g4,tick,13.6,0.633
8020.4,g2,cnp,16.1,0.631
8021.4,g1,cnp,17.6,0.626
8022.0,g4,cut,9.3,0.656
8023.8,g1,cut,12.1,0.650
8025.1,g2,cut,11.0,0.654
8025.1,g2,cnp,11.0,0.654
8026.9,g1,tick,12.1,0.650
8026.9,g2,tick,11.0,0.654
8026.9,g4,tick,9.3,0.656
8026.9,g4,cnp,9.3,0.656
8031.5,g1,tick,14.8,0.609
8032.9,g2,tick,13.6,0.613
8032.9,g4,tick,9.3,0.656
8036.5,g1,tick,16.2,0.571
8037.8,g2,tick,14.9,0.575
8039.4,g4,tick,11.4,0.615
8041.6,g1,tick,16.9,0.535
8042.9,g2,tick,15.5,0.539
8044.3,g4,tick,12.5,0.576
8046.6,g1,tick,17.2,0.502
8048.2,g2,tick,15.8,0.505
8049.8,g4,tick,13.1,0.540
8050.1,g1,tick,17.4,0.470
8050.1,g2,tick,16.0,0.474
8051.4,g4,tick,13.3,0.507
8056.6,g1,tick,22.5,0.441
8058.0,g2,tick,21.0,0.444
8058.0,g4,tick,13.5,0.475
8061.5,g1,tick,30.0,0.413
8062.9,g2,tick,28.6,0.416
8064.2,g4,tick,18.5,0.445
8066.5,g1,tick,38.8,0.388
8068.2,g2,tick,37.4,0.390
8070.0,g4,tick,26.1,0.417
8071.7,g1,tick,48.2,0.363
8073.2,g2,tick,46.7,0.366
8074.7,g4,tick,34.8,0.391
8076.5,g1,tick,57.9,0.341
8078.1,g2,tick,56.4,0.343
8079.5,g4,tick,44.2,0.367
8081.7,g1,tick,87.7,0.319
8083.3,g2,tick,86.3,0.322
8085.2,g4,tick,53.9,0.344
8086.8,g1,tick,127.6,0.299
8088.9,g2,tick,126.2,0.301
8090.2,g4,tick,83.7,0.323
8091.5,g1,tick,172.6,0.281
8093.8,g2,tick,171.2,0.283
8095.2,g4,tick,123.7,0.302
8097.4,g1,tick,220.1,0.263
8099.2,g2,tick,218.6,0.265
8100.8,g4,tick,168.6,0.283
8102.4,g1,tick,268.8,0.247
8104.0,g2,tick,267.4,0.248
8105.3,g4,tick,216.1,0.266
8105.3,g1,cut,235.7,0.294
8105.3,g1,cnp,235.7,0.294
8106.9,g2,cut,234.2,0.295
8106.9,g2,cnp,234.2,0.295
8108.2,g4,cut,187.4,0.312
8108.2,g4,cnp,187.4,0.312
8109.7,g1,tick,235.7,0.294
8109.7,g2,tick,234.2,0.295
8109.7,g4,tick,187.4,0.312
8109.8,g1,cnp,235.7,0.294
8109.8,g2,cnp,234.2,0.295
8109.8,g4,cnp,187.4,0.312
8110.0,g2,cnp,234.2,0.295
8110.0,g1,tick,235.7,0.294
8110.0,g2,tick,234.2,0.295
8110.0,g4,tick,187.4,0.312
8110.6,g1,cnp,235.7,0.294
8110.8,g4,cnp,187.4,0.312
8112.3,g2,cnp,234.2,0.295
8112.7,g1,cnp,235.7,0.294
8112.9,g4,cnp,187.4,0.312
8114.4,g2,cnp,234.2,0.295
8114.9,g1,cnp,235.7,0.294
8115.1,g1,tick,235.7,0.294
8115.1,g2,tick,234.2,0.295
8115.1,g4,tick,187.4,0.312
8115.2,g4,cnp,187.4,0.312
8116.4,g2,cnp,234.2,0.295
8117.0,g1,cut,201.0,0.338
8118.6,g4,cut,158.2,0.355
8119.9,g1,cnp,201.0,0.338
8119.9,g2,cut,199.6,0.339
8121.3,g4,cnp,158.2,0.355
8121.3,g1,tick,201.0,0.338
8121.3,g2,tick,199.6,0.339
8121.3,g4,tick,158.2,0.355
8121.3,g1,cnp,201.0,0.338
8121.3,g2,cnp,199.6,0.339
8121.8,g4,cnp,158.2,0.355
8123.2,g2,cnp,199.6,0.339
8123.4,g1,cnp,201.0,0.338
8123.9,g4,cnp,158.2,0.355
8125.1,g1,tick,201.0,0.338
8125.1,g2,tick,199.6,0.339
8125.1,g4,tick,158.2,0.355
8125.5,g2,cnp,199.6,0.339
8125.6,g1,cnp,201.0,0.338
8126.0,g4,cnp,158.2,0.355
8127.8,g2,cnp,199.6,0.339
8127.8,g1,cut,167.1,0.379
8129.5,g4,cut,130.1,0.395
8130.9,g1,tick,167.1,0.379
8130.9,g2,tick,199.6,0.339
8130.9,g4,tick,130.1,0.395
8130.9,g1,cnp,167.1,0.379
8130.9,g2,cut,165.7,0.381
8132.4,g1,cnp,167.1,0.379
8132.4,g2,cnp,165.7,0.381
8132.4,g4,cnp,130.1,0.395
8133.8,g4,cnp,130.1,0.395
8134.3,g2,cnp,165.7,0.381
8134.4,g1,cnp,167.1,0.379
8135.1,g1,tick,167.1,0.379
8135.1,g2,tick,165.7,0.381
8135.1,g4,tick,130.1,0.395
8136.1,g4,cnp,130.1,0.395
8136.3,g2,cnp,165.7,0.381
8136.4,g1,cnp,167.1,0.379
8138.2,g4,cnp,130.1,0.395
8138.6,g2,cnp,165.7,0.381
8138.7,g1,cut,135.4,0.418
8140.2,g1,tick,135.4,0.418
8140.2,g2,tick,165.7,0.381
8140.2,g4,tick,130.1,0.395
8140.3,g4,cut,104.4,0.433
8142.0,g1,cnp,135.4,0.418
8142.0,g2,cut,134.2,0.419
8143.6,g1,cnp,135.4,0.418
8143.6,g2,cnp,134.2,0.419
8143.6,g4,cnp,104.4,0.433
8144.7,g4,cnp,104.4,0.433
8145.0,g1,cnp,135.4,0.418
8145.0,g1,tick,135.4,0.418
8145.0,g2,tick,134.2,0.419
8145.0,g4,tick,104.4,0.433
8145.2,g2,cnp,134.2,0.419
8147.0,g4,cnp,104.4,0.433
8147.1,g1,cnp,135.4,0.418
8147.5,g2,cnp,134.2,0.419
8149.1,g1,cut,107.1,0.454
8151.1,g1,tick,107.1,0.454
8151.1,g2,tick,134.2,0.419
8151.1,g4,tick,104.4,0.433
8151.2,g2,cnp,134.2,0.419
8151.2,g4,cut,81.8,0.468
8152.6,g1,cnp,107.1,0.454
8152.6,g2,cut,106.0,0.456
8154.2,g4,cnp,81.8,0.468
8154.2,g4,cnp,81.8,0.468
8154.2,g1,cnp,107.1,0.454
8154.2,g2,cnp,106.0,0.456
8155.1,g1,tick,107.1,0.454
8155.1,g2,tick,106.0,0.456
8155.1,g4,tick,81.8,0.468
8155.7,g4,cnp,81.8,0.468
8155.9,g1,cnp,107.1,0.454
8156.0,g2,cnp,106.0,0.456
8157.9,g1,cnp,107.1,0.454
8158.0,g4,cnp,81.8,0.468
8158.1,g2,cnp,106.0,0.456
8160.1,g4,cnp,81.8,0.468
8160.1,g1,tick,107.1,0.454
8160.1,g2,tick,106.0,0.456
8160.1,g4,tick,81.8,0.468
8160.1,g1,cut,82.7,0.489
8161.5,g2,cnp,106.0,0.456
8162.2,g1,cnp,82.7,0.489
8162.3,g4,cut,62.7,0.501
8163.7,g2,cut,81.9,0.490
8165.0,g1,cnp,82.7,0.489
8165.0,g2,cnp,81.9,0.490
8165.0,g4,cnp,62.7,0.501
8165.0,g1,tick,82.7,0.489
8165.0,g2,tick,81.9,0.490
8165.0,g4,tick,62.7,0.501
8166.7,g2,cnp,81.9,0.490
8166.8,g4,cnp,62.7,0.501
8166.9,g1,cnp,82.7,0.489
8168.9,g2,cnp,81.9,0.490
8169.1,g4,cnp,62.7,0.501
8170.1,g1,tick,82.7,0.489
8170.1,g2,tick,81.9,0.490
8170.1,g4,tick,62.7,0.501
8170.6,g1,cut,62.5,0.521
8172.2,g4,cnp,62.7,0.501
8172.4,g2,cnp,81.9,0.490
8172.7,g1,cnp,62.5,0.521
8173.4,g4,cut,47.0,0.533
8175.4,g1,tick,62.5,0.521
8175.4,g2,tick,81.9,0.490
8175.4,g4,tick,47.0,0.533
8175.4,g2,cut,61.8,0.522
8177.0,g1,cnp,62.5,0.521
8177.0,g4,cnp,47.0,0.533
8177.7,g4,cnp,47.0,0.533
8178.2,g2,cnp,61.8,0.522
8178.4,g1,cnp,62.5,0.521
8180.0,g4,cnp,47.0,0.533
8180.1,g1,tick,62.5,0.521
8180.1,g2,tick,61.8,0.522
8180.1,g4,tick,47.0,0.533
8180.4,g2,cnp,61.8,0.522
8181.8,g1,cut,46.3,0.551
8183.3,g4,cnp,47.0,0.533
8183.5,g2,cnp,61.8,0.522
8183.9,g1,cnp,46.3,0.551
8184.6,g4,cut,34.5,0.562
8186.2,g1,tick,46.3,0.551
8186.2,g2,tick,61.8,0.522
8186.2,g4,tick,34.5,0.562
8186.2,g2,cut,45.7,0.552
8188.2,g1,cnp,46.3,0.551
8188.2,g4,cnp,34.5,0.562
8188.3,g2,cnp,45.7,0.552
8188.9,g4,cnp,34.5,0.562
8189.1,g1,cnp,46.3,0.551
8190.1,g1,tick,46.3,0.551
8190.1,g2,tick,45.7,0.552
8190.1,g4,tick,34.5,0.562
8190.4,g2,cnp,45.7,0.552
8191.0,g4,cnp,34.5,0.562
8192.1,g1,cut,33.5,0.579
8194.1,g2,cnp,45.7,0.552
8194.1,g4,cnp,34.5,0.562
8194.1,g1,cnp,33.5,0.579
8195.0,g2,cnp,45.7,0.552
8195.1,g1,tick,33.5,0.579
8195.1,g2,tick,45.7,0.552
8195.1,g4,tick,34.5,0.562
8195.4,g4,cut,24.8,0.589
8197.2,g1,cnp,33.5,0.579
8197.2,g2,cut,33.1,0.580
8199.1,g1,cnp,33.5,0.579
8199.1,g4,cnp,24.8,0.589
8199.3,g2,cnp,33.1,0.580
8199.9,g4,cnp,24.8,0.589
8200.1,g1,tick,33.5,0.579
8200.1,g2,tick,33.1,0.580
8200.1,g4,tick,24.8,0.589
8200.8,g1,cnp,33.5,0.579
8201.4,g2,cnp,33.1,0.580
8202.1,g4,cnp,24.8,0.589
8202.8,g1,cut,23.8,0.605
8204.9,g2,cnp,33.1,0.580
8204.9,g4,cnp,24.8,0.589
8205.1,g1,cnp,23.8,0.605
8205.1,g1,tick,23.8,0.605
8205.1,g2,tick,33.1,0.580
8205.1,g4,tick,24.8,0.589
8205.5,g2,cnp,33.1,0.580
8206.2,g4,cut,17.5,0.615
8208.4,g1,cnp,23.8,0.605
8208.4,g2,cut,23.5,0.606
8210.6,g1,tick,23.8,0.605
8210.7,g2,tick,23.5,0.606
8210.7,g4,tick,17.5,0.615
8210.7,g1,cnp,23.8,0.605
8210.7,g2,cnp,23.5,0.606
8210.7,g4,cnp,17.5,0.615
8210.9,g4,cnp,17.5,0.615
8211.9,g1,cnp,23.8,0.605
8212.0,g2,cnp,23.5,0.606
8213.0,g4,cnp,17.5,0.615
8213.9,g1,cut,16.6,0.630
8216.2,g1,tick,16.6,0.630
8216.2,g2,tick,23.5,0.606
8216.2,g4,tick,17.5,0.615
8216.2,g1,cnp,16.6,0.630
8216.3,g2,cnp,23.5,0.606
8216.3,g2,cnp,23.5,0.606
8216.3,g4,cut,12.1,0.639
8218.6,g1,cnp,16.6,0.630
8218.6,g2,cut,16.4,0.630
8220.6,g4,cnp,12.1,0.639
8220.6,g4,cnp,12.1,0.639
8220.6,g1,tick,16.6,0.630
8220.6,g2,tick,16.4,0.630
8220.6,g4,tick,12.1,0.639
8220.7,g1,cnp,16.6,0.630
8220.7,g2,cnp,16.4,0.630
8221.5,g4,cnp,12.1,0.639
8222.3,g1,cnp,16.6,0.630
8222.4,g2,cnp,16.4,0.630
8223.9,g4,cnp,12.1,0.639
8224.4,g2,cnp,16.4,0.630
8224.5,g1,cut,11.4,0.653
8226.5,g1,tick,11.4,0.653
8226.5,g2,tick,16.4,0.630
8226.5,g4,tick,12.1,0.639
8226.5,g2,cnp,16.4,0.630
8226.6,g4,cut,8.2,0.662
8228.5,g1,cnp,11.4,0.653
8228.7,g4,cnp,8.2,0.662
8230.1,g1,tick,11.4,0.653
8230.1,g2,tick,16.4,0.630
8230.1,g4,tick,8.2,0.662
8237.4,g1,tick,14.0,0.612
8239.5,g2,tick,19.9,0.591
8241.5,g4,tick,10.2,0.620
8243.3,g1,tick,15.3,0.574
8245.4,g2,tick,21.7,0.554
8247.3,g4,tick,11.1,0.581
8249.3,g1,tick,16.0,0.538
8251.3,g2,tick,22.6,0.519
8253.4,g4,tick,11.6,0.545
8256.1,g1,tick,16.3,0.504
8256.1,g2,tick,23.1,0.487
8258.2,g4,tick,11.9,0.511
8258.3,g1,tick,16.5,0.473
8260.2,g2,tick,23.3,0.457
8260.2,g4,tick,12.0,0.479
8263.8,g1,tick,21.5,0.443
8265.8,g2,tick,28.4,0.428
8267.6,g4,tick,17.0,0.449
8269.4,g1,tick,29.1,0.415
8271.3,g2,tick,36.0,0.401
8273.8,g4,tick,24.6,0.421
8275.5,g1,tick,37.8,0.390
8277.3,g2,tick,44.7,0.376
8279.4,g4,tick,33.3,0.395
8281.3,g1,tick,47.2,0.365
8283.1,g2,tick,54.1,0.353
8285.0,g4,tick,42.7,0.370
8287.0,g1,tick,56.9,0.342
8288.8,g2,tick,63.8,0.331
8290.8,g4,tick,52.4,0.347
8292.6,g1,tick,86.8,0.321
8294.4,g2,tick,93.7,0.310
8296.8,g4,tick,82.3,0.325
8298.9,g1,tick,126.7,0.301
8301.1,g2,tick,133.6,0.291
8303.1,g4,tick,122.2,0.305
8305.2,g1,tick,171.7,0.282
8307.2,g2,tick,178.5,0.272
8309.1,g4,tick,167.1,0.286
8310.9,g1,tick,219.1,0.264
8312.9,g2,tick,226.0,0.255
8314.8,g4,tick,214.6,0.268
8314.8,g1,cut,190.2,0.310
8316.6,g2,cut,197.2,0.302
8316.6,g2,cnp,197.2,0.302
8318.5,g1,tick,190.2,0.310
8318.5,g2,tick,197.2,0.302
8320.4,g4,tick,263.4,0.251
8320.4,g1,cnp,190.2,0.310
8320.4,g1,cnp,190.2,0.310
8320.4,g1,cnp,190.2,0.310
8320.4,g2,cnp,197.2,0.302
8320.4,g2,cnp,197.2,0.302
8320.4,g4,cut,230.3,0.298
8320.4,g4,cnp,230.3,0.298
8322.1,g1,tick,190.2,0.310
8322.1,g2,tick,197.2,0.302
8322.1,g4,tick,230.3,0.298
8322.1,g4,cnp,230.3,0.298
8324.1,g1,tick,204.6,0.291
8326.6,g2,tick,211.6,0.283
8326.6,g4,tick,230.3,0.298
8326.6,g1,cut,174.9,0.335
8326.6,g1,cnp,174.9,0.335
8326.6,g1,cnp,174.9,0.335
8328.6,g2,cut,181.6,0.328
8328.6,g2,cnp,181.6,0.328
8328.6,g2,cnp,181.6,0.328
8330.6,g4,cut,196.0,0.342
8330.6,g4,cnp,196.0,0.342
8330.6,g4,cnp,196.0,0.342
8330.6,g4,cnp,196.0,0.342
8332.8,g1,tick,174.9,0.335
8332.8,g2,tick,181.6,0.328
8332.8,g4,tick,196.0,0.342
8332.9,g1,cnp,174.9,0.335
8332.9,g1,cnp,174.9,0.335
8332.9,g2,cnp,181.6,0.328
8332.9,g2,cnp,181.6,0.328
8332.9,g4,cnp,196.0,0.342
8332.9,g1,tick,174.9,0.335
8332.9,g2,tick,181.6,0.328
8332.9,g4,tick,196.0,0.342
8334.7,g1,tick,189.8,0.314
8336.7,g2,tick,196.6,0.307
8338.6,g4,tick,213.1,0.321
8338.6,g1,cut,159.9,0.357
8338.6,g1,cnp,159.9,0.357
8340.4,g2,cut,166.4,0.351
8340.5,g2,cnp,166.4,0.351
8340.5,g2,cnp,166.4,0.351
8342.0,g4,cut,179.0,0.363
8342.0,g4,cnp,179.0,0.363
8342.0,g4,cnp,179.0,0.363
8342.0,g4,cnp,179.0,0.363
8343.5,g1,tick,159.9,0.357
8343.5,g2,tick,166.4,0.351
8343.5,g4,tick,179.0,0.363
8343.5,g1,cnp,159.9,0.357
8343.5,g1,cnp,159.9,0.357
8343.5,g1,cnp,159.9,0.357
8343.5,g2,cnp,166.4,0.351
8343.5,g2,cnp,166.4,0.351
8343.5,g4,cnp,179.0,0.363
8343.5,g1,tick,159.9,0.357
8343.5,g2,tick,166.4,0.351
8343.5,g4,tick,179.0,0.363
8345.0,g4,cnp,179.0,0.363
8346.8,g1,tick,174.8,0.335
8348.8,g2,tick,181.5,0.329
8348.8,g4,tick,179.0,0.363
8348.9,g1,cut,145.6,0.376
8348.9,g1,cnp,145.6,0.376
8350.6,g2,cut,151.7,0.371
8350.6,g2,cnp,151.7,0.371
8350.6,g2,cnp,151.7,0.371
8352.5,g4,cut,146.5,0.403
8352.5,g4,cnp,146.5,0.403
8352.5,g4,cnp,146.5,0.403
8354.5,g1,tick,145.6,0.376
8354.5,g2,tick,151.7,0.371
8354.5,g4,tick,146.5,0.403
8354.5,g1,cnp,145.6,0.376
8354.5,g1,cnp,145.6,0.376
8354.5,g1,cnp,145.6,0.376
8354.5,g2,cnp,151.7,0.371
8354.5,g2,cnp,151.7,0.371
8354.5,g4,cnp,146.5,0.403
8355.1,g1,tick,145.6,0.376
8355.1,g2,tick,151.7,0.371
8355.1,g4,tick,146.5,0.403
8356.6,g1,cnp,145.6,0.376
8356.6,g4,cnp,146.5,0.403
8357.0,g2,cnp,151.7,0.371
8358.7,g1,cnp,145.6,0.376
8358.8,g4,cnp,146.5,0.403
8359.3,g2,cnp,151.7,0.371
8360.0,g1,tick,145.6,0.376
8360.0,g2,tick,151.7,0.371
8360.0,g4,tick,146.5,0.403
8360.8,g4,cnp,146.5,0.403
8360.9,g1,cut,118.2,0.415
8366.5,g1,tick,118.2,0.415
8371.3,g2,tick,166.6,0.348
8371.3,g4,tick,146.5,0.403
8371.4,g1,cut,93.6,0.452
8371.4,g1,cnp,93.6,0.452
8371.4,g1,cnp,93.6,0.452
8371.4,g1,cnp,93.6,0.452
8374.4,g2,cut,137.6,0.388
8374.4,g2,cnp,137.6,0.388
8374.4,g2,cnp,137.6,0.388
8374.4,g2,cnp,137.6,0.388
8374.4,g2,cnp,137.6,0.388
8377.0,g4,cut,117.0,0.440
8377.0,g4,cnp,117.0,0.440
8377.0,g4,cnp,117.0,0.440
8377.0,g4,cnp,117.0,0.440
8377.0,g4,cnp,117.0,0.440
8377.0,g4,cnp,117.0,0.440
8385.3,g1,tick,93.6,0.452
8385.3,g2,tick,137.6,0.388
8385.3,g4,tick,117.0,0.440
8385.3,g1,cut,72.5,0.486
8385.3,g1,cnp,72.5,0.486
8385.3,g1,cnp,72.5,0.486
8390.6,g2,cut,110.9,0.427
8390.6,g2,cnp,110.9,0.427
8390.6,g2,cnp,110.9,0.427
8390.6,g2,cnp,110.9,0.427
8394.0,g4,cut,91.2,0.475
8394.0,g4,cnp,91.2,0.475
8394.0,g4,cnp,91.2,0.475
8394.0,g4,cnp,91.2,0.475
8394.0,g4,cnp,91.2,0.475
8396.0,g1,tick,72.5,0.486
8396.0,g2,tick,110.9,0.427
8396.0,g4,tick,91.2,0.475
8396.0,g1,cut,54.8,0.518
8396.0,g1,cnp,54.8,0.518
8398.6,g2,cnp,110.9,0.427
8398.6,g2,cnp,110.9,0.427
8398.6,g2,cnp,110.9,0.427
8398.6,g1,tick,54.8,0.518
8398.6,g2,tick,110.9,0.427
8401.2,g4,tick,104.1,0.445
8401.2,g1,cnp,54.8,0.518
8401.2,g1,cnp,54.8,0.518
8401.3,g2,cut,87.3,0.462
8404.4,g4,cut,80.9,0.480
8404.4,g4,cnp,80.9,0.480
8404.4,g4,cnp,80.9,0.480
8404.4,g4,cnp,80.9,0.480
8407.3,g1,tick,54.8,0.518
8407.3,g2,tick,87.3,0.462
8407.3,g4,tick,80.9,0.480
8407.3,g1,cut,40.6,0.548
8407.3,g1,cnp,40.6,0.548
8411.0,g2,cnp,87.3,0.462
8411.0,g2,cnp,87.3,0.462
8411.0,g2,cnp,87.3,0.462
8411.0,g2,cnp,87.3,0.462
8411.0,g4,cnp,80.9,0.480
8411.0,g4,cnp,80.9,0.480
8411.0,g1,tick,40.6,0.548
8411.0,g2,tick,87.3,0.462
8411.0,g4,tick,80.9,0.480
8411.0,g1,cnp,40.6,0.548
8411.0,g1,tick,40.6,0.548
8414.8,g2,tick,99.1,0.433
8420.4,g4,tick,92.5,0.450
8420.5,g1,cut,29.5,0.577
8420.5,g1,cnp,29.5,0.577
8420.5,g1,cnp,29.5,0.577
8423.6,g2,cut,77.6,0.469
8423.6,g2,cnp,77.6,0.469
8423.6,g2,cnp,77.6,0.469
8423.6,g2,cnp,77.6,0.469
8425.2,g4,cut,71.7,0.484
8425.2,g4,cnp,71.7,0.484
8425.2,g4,cnp,71.7,0.484
8425.2,g4,cnp,71.7,0.484
8425.2,g4,cnp,71.7,0.484
8426.6,g1,tick,29.5,0.577
8426.6,g2,tick,77.6,0.469
8426.6,g4,tick,71.7,0.484
8426.6,g1,cnp,29.5,0.577
8426.6,g1,cnp,29.5,0.577
8426.6,g2,cnp,77.6,0.469
8426.6,g4,cnp,71.7,0.484
8426.6,g1,tick,29.5,0.577
8426.6,g2,tick,77.6,0.469
8426.6,g4,tick,71.7,0.484
8428.5,g1,tick,35.1,0.541
8430.6,g2,tick,88.3,0.440
8432.1,g4,tick,82.1,0.454
8432.1,g1,cut,25.6,0.569
8432.1,g1,cnp,25.6,0.569
8432.1,g1,cnp,25.6,0.569
8433.7,g2,cut,68.9,0.475
8433.7,g2,cnp,68.9,0.475
8433.8,g2,cnp,68.9,0.475
8433.8,g2,cnp,68.9,0.475
8435.4,g4,cut,63.5,0.488
8435.4,g4,cnp,63.5,0.488
8435.4,g4,cnp,63.5,0.488
8435.4,g4,cnp,63.5,0.488
8437.1,g1,tick,25.6,0.569
8437.1,g2,tick,68.9,0.475
8437.1,g4,tick,63.5,0.488
8437.1,g1,cnp,25.6,0.569
8437.1,g1,cnp,25.6,0.569
8437.1,g2,cnp,68.9,0.475
8437.1,g4,cnp,63.5,0.488
8437.1,g1,tick,25.6,0.569
8437.1,g2,tick,68.9,0.475
8437.1,g4,tick,63.5,0.488
8439.0,g1,tick,30.3,0.534
8440.9,g2,tick,78.6,0.445
8442.6,g4,tick,72.8,0.458
8442.7,g1,cut,22.2,0.563
8442.7,g1,cnp,22.2,0.563
8444.4,g2,cut,61.1,0.480
8444.5,g2,cnp,61.1,0.480
8444.5,g2,cnp,61.1,0.480
8450.6,g4,cut,56.1,0.492
8450.6,g4,cnp,56.1,0.492
8450.6,g4,cnp,56.1,0.492
8450.6,g4,cnp,56.1,0.492
8450.6,g4,cnp,56.1,0.492
8452.9,g1,tick,22.2,0.563
8452.9,g2,tick,61.1,0.480
8452.9,g4,tick,56.1,0.492
8453.0,g1,cut,16.0,0.590
8453.0,g1,cnp,16.0,0.590
8453.0,g1,cnp,16.0,0.590
8453.0,g1,cnp,16.0,0.590
8453.0,g1,cnp,16.0,0.590
8454.5,g2,cut,46.5,0.512
8454.5,g2,cnp,46.5,0.512
8454.5,g2,cnp,46.5,0.512
8454.5,g2,cnp,46.5,0.512
8454.5,g2,cnp,46.5,0.512
8456.2,g4,cnp,56.1,0.492
8456.2,g4,cnp,56.1,0.492
8456.2,g1,tick,16.0,0.590
8456.2,g2,tick,46.5,0.512
8456.2,g4,tick,56.1,0.492
8456.2,g1,cnp,16.0,0.590
8456.2,g1,tick,16.0,0.590
8458.0,g2,tick,53.8,0.480
8459.5,g4,tick,64.4,0.461
8459.5,g1,cnp,16.0,0.590
8459.5,g2,cnp,53.8,0.480
8459.5,g2,cnp,53.8,0.480
8459.5,g4,cnp,64.4,0.461
8459.5,g4,cnp,64.4,0.461
8459.5,g1,tick,16.0,0.590
8459.5,g2,tick,53.8,0.480
8459.5,g4,tick,64.4,0.461
8461.0,g1,tick,19.1,0.553
8462.5,g2,tick,57.5,0.450
8464.1,g4,tick,68.6,0.432
8464.1,g1,cut,13.8,0.581
8464.1,g1,cnp,13.8,0.581
8465.6,g2,cut,44.5,0.485
8465.6,g2,cnp,44.5,0.485
8465.6,g2,cnp,44.5,0.485
8466.9,g4,cut,53.8,0.468
8467.0,g4,cnp,53.8,0.468
8467.0,g4,cnp,53.8,0.468
8468.3,g1,tick,13.8,0.581
8468.3,g2,tick,44.5,0.485
8468.3,g4,tick,53.8,0.468
8468.3,g1,cnp,13.8,0.581
8468.3,g1,cnp,13.8,0.581
8468.3,g2,cnp,44.5,0.485
8468.3,g4,cnp,53.8,0.468
8468.3,g1,tick,13.8,0.581
8468.3,g2,tick,44.5,0.485
8468.3,g4,tick,53.8,0.468
8469.6,g1,tick,16.5,0.545
8471.2,g2,tick,51.0,0.454
8472.6,g4,tick,61.2,0.438
8472.7,g1,cnp,16.5,0.545
8472.7,g1,cnp,16.5,0.545
8472.7,g2,cnp,51.0,0.454
8472.7,g2,cnp,51.0,0.454
8472.7,g4,cnp,61.2,0.438
8472.7,g4,cnp,61.2,0.438
8472.7,g1,tick,16.5,0.545
8472.7,g2,tick,51.0,0.454
8472.7,g4,tick,61.2,0.438
8473.6,g2,cnp,51.0,0.454
8473.9,g4,cnp,61.2,0.438
8474.2,g1,cut,12.0,0.573
8475.5,g1,tick,12.0,0.573
8475.5,g2,tick,51.0,0.454
8475.5,g4,tick,61.2,0.438
8476.1,g2,cut,39.4,0.488
8477.4,g4,cut,47.8,0.474
8478.7,g2,cnp,39.4,0.488
8478.8,g4,cnp,47.8,0.474
8481.5,g1,tick,14.2,0.538
8481.5,g2,tick,39.4,0.488
8481.5,g4,tick,47.8,0.474
8486.8,g1,tick,15.3,0.504
8488.5,g2,tick,45.2,0.458
8490.2,g4,tick,54.5,0.444
8491.5,g1,tick,15.9,0.472
8493.0,g2,tick,48.1,0.429
8494.5,g4,tick,57.8,0.416
8495.1,g1,tick,16.2,0.443
8496.7,g2,tick,49.6,0.402
8498.1,g4,tick,59.5,0.390
8501.3,g1,tick,16.3,0.415
8501.3,g2,tick,50.3,0.377
8501.3,g4,tick,60.4,0.366
8506.5,g1,tick,21.4,0.389
8507.8,g2,tick,50.6,0.354
8509.5,g4,tick,60.8,0.343
8511.6,g1,tick,28.9,0.365
8512.9,g2,tick,55.8,0.332
8514.3,g4,tick,66.0,0.321
8516.9,g1,tick,37.7,0.342
8518.5,g2,tick,63.4,0.311
8520.2,g4,tick,73.6,0.301
8523.3,g1,tick,47.1,0.321
8524.7,g2,tick,72.2,0.291
8526.1,g4,tick,82.4,0.283
8527.5,g1,tick,56.8,0.301
8529.0,g2,tick,81.6,0.273
8530.3,g4,tick,91.8,0.265
8531.6,g1,tick,86.6,0.282
8533.1,g2,tick,91.3,0.256
8534.5,g4,tick,101.5,0.248
8536.4,g1,tick,126.5,0.264
8538.0,g2,tick,121.2,0.240
8539.4,g4,tick,131.3,0.233
8541.7,g1,tick,171.5,0.248
8543.3,g2,tick,161.1,0.225
8544.9,g4,tick,171.3,0.218
8546.6,g1,tick,219.0,0.232
8548.0,g2,tick,206.0,0.211
8549.3,g4,tick,216.2,0.205
8550.0,g2,cut,184.3,0.260
8552.6,g1,tick,267.7,0.218
8552.6,g2,tick,184.3,0.260
8554.3,g4,tick,263.7,0.192
8554.3,g1,cut,238.6,0.267
8555.9,g2,cnp,184.3,0.260
8555.9,g2,cnp,184.3,0.260
8555.9,g4,cut,238.4,0.242
8555.9,g4,cnp,238.4,0.242
8557.4,g1,tick,238.6,0.267
8557.5,g2,tick,184.3,0.260
8557.5,g4,tick,238.4,0.242
8557.5,g1,cnp,238.6,0.267
8557.5,g4,cnp,238.4,0.242
8557.6,g1,cnp,238.6,0.267
8558.0,g2,cnp,184.3,0.260
8559.2,g4,cnp,238.4,0.242
8559.9,g1,cnp,238.6,0.267
8560.1,g1,tick,238.6,0.267
8560.1,g2,tick,184.3,0.260
8560.1,g4,tick,238.4,0.242
8560.4,g2,cut,160.3,0.307
8561.8,g4,cnp,238.4,0.242
8562.0,g1,cnp,238.6,0.267
8562.8,g2,cnp,160.3,0.307
8563.8,g4,cnp,238.4,0.242
8564.3,g1,cut,206.8,0.312
8565.7,g1,tick,206.8,0.312
8565.7,g2,tick,160.3,0.307
8565.7,g4,tick,238.4,0.242
8565.7,g2,cnp,160.3,0.307
8566.1,g4,cut,209.5,0.290
8567.4,g1,cnp,206.8,0.312
8567.4,g2,cnp,160.3,0.307
8568.1,g4,cnp,209.5,0.290
8568.9,g1,cnp,206.8,0.312
8569.6,g2,cnp,160.3,0.307
8570.1,g1,tick,206.8,0.312
8570.1,g2,tick,160.3,0.307
8570.1,g4,tick,209.5,0.290
8570.3,g4,cnp,209.5,0.290
8571.0,g1,cnp,206.8,0.312
8572.0,g2,cut,135.7,0.350
8573.8,g1,cnp,206.8,0.312
8573.8,g4,cnp,209.5,0.290
8574.1,g2,cnp,135.7,0.350
8574.7,g4,cnp,209.5,0.290
8575.1,g1,tick,206.8,0.312
8575.1,g2,tick,135.7,0.350
8575.1,g4,tick,209.5,0.290
8575.1,g1,cut,174.5,0.355
8576.5,g2,cnp,135.7,0.350
8576.8,g4,cut,179.2,0.334
8578.2,g1,cnp,174.5,0.355
8578.8,g2,cnp,135.7,0.350
8579.0,g4,cnp,179.2,0.334
8579.4,g1,cnp,174.5,0.355
8580.1,g1,tick,174.5,0.355
8580.1,g2,tick,135.7,0.350
8580.1,g4,tick,179.2,0.334
8581.1,g4,cnp,179.2,0.334
8581.2,g2,cnp,135.7,0.350
8581.5,g1,cnp,174.5,0.355
8583.3,g4,cnp,179.2,0.334
8583.7,g2,cut,112.0,0.391
8585.1,g1,tick,174.5,0.355
8585.1,g2,tick,112.0,0.391
8585.1,g4,tick,179.2,0.334
8585.1,g1,cut,143.4,0.396
8586.5,g1,cnp,143.4,0.396
8586.5,g2,cnp,112.0,0.391
8586.5,g4,cnp,179.2,0.334
8587.4,g4,cut,149.3,0.376
8589.2,g1,cnp,143.4,0.396
8589.2,g2,cnp,112.0,0.391
8589.5,g4,cnp,149.3,0.376
8590.1,g1,tick,143.4,0.396
8590.1,g2,tick,112.0,0.391
8590.1,g4,tick,149.3,0.376
8590.3,g2,cnp,112.0,0.391
8590.5,g1,cnp,143.4,0.396
8591.9,g4,cnp,149.3,0.376
8592.5,g2,cnp,112.0,0.391
8592.7,g1,cnp,143.4,0.396
8593.9,g4,cnp,149.3,0.376
8594.7,g2,cut,90.1,0.429
8596.3,g1,tick,143.4,0.396
8596.3,g2,tick,90.1,0.429
8596.3,g4,tick,149.3,0.376
8596.3,g1,cut,115.1,0.434
8597.7,g4,cut,121.2,0.415
8599.1,g1,cnp,115.1,0.434
8599.1,g2,cnp,90.1,0.429
8599.1,g4,cnp,121.2,0.415
8599.3,g1,cnp,115.1,0.434
8599.4,g2,cnp,90.1,0.429
8600.1,g1,tick,115.1,0.434
8600.1,g2,tick,90.1,0.429
8600.1,g4,tick,121.2,0.415
8600.4,g4,cnp,121.2,0.415
8601.5,g1,cnp,115.1,0.434
8601.7,g2,cnp,90.1,0.429
8602.6,g4,cnp,121.2,0.415
8603.7,g1,cnp,115.1,0.434
8603.8,g2,cnp,90.1,0.429
8604.8,g4,cnp,121.2,0.415
8605.1,g1,tick,115.1,0.434
8605.1,g2,tick,90.1,0.429
8605.1,g4,tick,121.2,0.415
8605.9,g1,cnp,115.1,0.434
8606.3,g2,cut,70.8,0.464
8608.3,g1,cut,90.1,0.469
8610.0,g4,cut,96.1,0.451
8610.0,g4,cnp,96.1,0.451
8611.4,g1,tick,90.1,0.469
8611.4,g2,tick,70.8,0.464
8611.4,g4,tick,96.1,0.451
8611.4,g1,cnp,90.1,0.469
8611.4,g2,cnp,70.8,0.464
8611.4,g2,cnp,70.8,0.464
8612.0,g4,cnp,96.1,0.451
8612.2,g1,cnp,90.1,0.469
8612.7,g2,cnp,70.8,0.464
8614.4,g1,cnp,90.1,0.469
8614.5,g4,cnp,96.1,0.451
8615.0,g2,cnp,70.8,0.464
8615.0,g1,tick,90.1,0.469
8615.1,g2,tick,70.8,0.464
8615.1,g4,tick,96.1,0.451
8616.5,g1,cnp,90.1,0.469
8617.4,g2,cut,54.4,0.498
8618.7,g1,cut,69.0,0.502
8620.3,g4,cut,74.4,0.486
8620.3,g4,cnp,74.4,0.486
8621.6,g1,tick,69.0,0.502
8621.6,g2,tick,54.4,0.498
8621.6,g4,tick,74.4,0.486
8621.6,g2,cnp,54.4,0.498
8621.6,g2,cnp,54.4,0.498
8622.1,g1,cnp,69.0,0.502
8623.5,g4,cnp,74.4,0.486
8623.6,g2,cnp,54.4,0.498
8624.4,g1,cnp,69.0,0.502
8625.1,g1,tick,69.0,0.502
8625.1,g2,tick,54.4,0.498
8625.1,g4,tick,74.4,0.486
8625.6,g4,cnp,74.4,0.486
8625.8,g2,cnp,54.4,0.498
8627.5,g1,cnp,69.0,0.502
8627.9,g2,cut,40.8,0.529
8629.3,g4,cnp,74.4,0.486
8629.6,g1,cut,51.7,0.533
8631.2,g1,tick,51.7,0.533
8631.2,g2,tick,40.8,0.529
8631.2,g4,tick,74.4,0.486
8631.3,g2,cnp,40.8,0.529
8631.3,g4,cut,56.3,0.518
8632.7,g2,cnp,40.8,0.529
8632.8,g1,cnp,51.7,0.533
8633.8,g4,cnp,56.3,0.518
8634.7,g2,cnp,40.8,0.529
8634.8,g1,cnp,51.7,0.533
8635.1,g1,tick,51.7,0.533
8635.1,g2,tick,40.8,0.529
8635.1,g4,tick,56.3,0.518
8636.0,g4,cnp,56.3,0.518
8636.9,g2,cnp,40.8,0.529
8637.1,g1,cnp,51.7,0.533
8638.7,g4,cnp,56.3,0.518
8639.0,g2,cut,30.0,0.559
8640.7,g1,tick,51.7,0.533
8640.7,g2,tick,30.0,0.559
8640.7,g4,tick,56.3,0.518
8640.7,g1,cut,37.9,0.562
8642.0,g1,cnp,37.9,0.562
8642.0,g2,cnp,30.0,0.559
8642.0,g4,cut,41.8,0.548
8643.4,g2,cnp,30.0,0.559
8643.6,g1,cnp,37.9,0.562
8643.7,g4,cnp,41.8,0.548
8645.1,g1,tick,37.9,0.562
8645.1,g2,tick,30.0,0.559
8645.1,g4,tick,41.8,0.548
8645.8,g2,cnp,30.0,0.559
8645.9,g1,cnp,37.9,0.562
8646.0,g4,cnp,41.8,0.548
8647.9,g2,cnp,30.0,0.559
8648.0,g1,cnp,37.9,0.562
8648.4,g4,cnp,41.8,0.548
8650.1,g1,cnp,37.9,0.562
8650.1,g1,tick,37.9,0.562
8650.1,g2,tick,30.0,0.559
8650.1,g4,tick,41.8,0.548
8650.3,g2,cut,21.6,0.586
8651.7,g4,cnp,41.8,0.548
8652.2,g1,cut,27.2,0.590
8653.5,g2,cnp,21.6,0.586
8653.5,g4,cut,30.3,0.576
8654.9,g1,cnp,27.2,0.590
8654.9,g4,cnp,30.3,0.576
8655.1,g1,tick,27.2,0.590
8655.1,g2,tick,21.6,0.586
8655.1,g4,tick,30.3,0.576
8655.2,g2,cnp,21.6,0.586
8656.6,g1,cnp,27.2,0.590
8657.0,g4,cnp,30.3,0.576
8657.4,g2,cnp,21.6,0.586
8658.8,g1,cnp,27.2,0.590
8659.3,g4,cnp,30.3,0.576
8660.0,g2,cnp,21.6,0.586
8660.1,g1,tick,27.2,0.590
8660.1,g2,tick,21.6,0.586
8660.1,g4,tick,30.3,0.576
8661.1,g1,cnp,27.2,0.590
8661.4,g4,cnp,30.3,0.576
8662.4,g2,cut,15.3,0.612
8664.2,g1,cut,19.2,0.615
8665.8,g4,cut,21.6,0.603
8665.8,g4,cnp,21.6,0.603
8667.1,g1,tick,19.2,0.615
8667.1,g2,tick,15.3,0.612
8667.1,g4,tick,21.6,0.603
8667.2,g1,cnp,19.2,0.615
8667.2,g2,cnp,15.3,0.612
8667.2,g2,cnp,15.3,0.612
8667.7,g4,cnp,21.6,0.603
8667.8,g1,cnp,19.2,0.615
8668.8,g2,cnp,15.3,0.612
8669.8,g4,cnp,21.6,0.603
8670.1,g1,tick,19.2,0.615
8670.1,g2,tick,15.3,0.612
8670.1,g4,tick,21.6,0.603
8670.1,g1,cnp,19.2,0.615
8671.2,g2,cnp,15.3,0.612
8672.0,g4,cnp,21.6,0.603
8672.3,g1,cnp,19.2,0.615
8673.2,g2,cut,10.6,0.636
8674.6,g1,cut,13.3,0.639
8676.0,g4,cut,15.1,0.627
8677.3,g1,tick,13.3,0.639
8677.3,g2,tick,10.6,0.636
8677.3,g4,tick,15.1,0.627
8677.3,g1,cnp,13.3,0.639
8677.3,g2,cnp,10.6,0.636
8677.4,g4,cnp,15.1,0.627
8677.5,g2,cnp,10.6,0.636
8678.7,g1,cnp,13.3,0.639
8680.1,g1,tick,13.3,0.639
8680.1,g2,tick,10.6,0.636
8680.1,g4,tick,15.1,0.627
8686.7,g1,tick,16.3,0.599
8688.1,g2,tick,13.0,0.597
8689.8,g4,tick,18.3,0.588
8691.6,g1,tick,17.7,0.562
8693.3,g2,tick,14.1,0.559
8694.9,g4,tick,20.0,0.551
8696.7,g1,tick,18.5,0.527
8698.4,g2,tick,14.7,0.524
8700.4,g4,tick,20.8,0.517
8701.8,g1,tick,18.8,0.494
8701.8,g2,tick,15.0,0.492
8701.8,g4,tick,21.2,0.485
8705.1,g1,tick,19.0,0.463
8706.5,g2,tick,15.2,0.461
8707.9,g4,tick,21.4,0.454
8711.8,g1,tick,24.1,0.434
8713.4,g2,tick,20.2,0.432
8715.0,g4,tick,26.5,0.426
8716.6,g1,tick,31.7,0.407
8718.2,g2,tick,27.8,0.405
8719.7,g4,tick,34.0,0.399
8721.4,g1,tick,40.4,0.382
8722.7,g2,tick,36.5,0.380
8724.4,g4,tick,42.8,0.374
8726.4,g1,tick,49.8,0.358
8727.8,g2,tick,45.9,0.356
8729.3,g4,tick,52.2,0.351
8731.5,g1,tick,59.5,0.335
8732.8,g2,tick,55.6,0.334
8734.1,g4,tick,61.9,0.329
8736.6,g1,tick,89.4,0.314
8738.1,g2,tick,85.5,0.313
8739.4,g4,tick,91.7,0.309
8741.3,g1,tick,129.3,0.295
8742.8,g2,tick,125.4,0.293
8744.4,g4,tick,131.7,0.289
8746.7,g1,tick,174.2,0.276
8748.3,g2,tick,170.3,0.275
8749.9,g4,tick,176.6,0.271
8751.7,g1,tick,221.7,0.259
8753.1,g2,tick,217.8,0.258
8754.5,g4,tick,224.1,0.254
8754.5,g2,cut,189.7,0.304
8757.2,g1,tick,270.5,0.243
8757.2,g2,tick,189.7,0.304
8758.6,g4,tick,272.8,0.238
8758.6,g1,cut,237.6,0.290
8758.6,g1,cnp,237.6,0.290
8760.1,g2,cnp,189.7,0.304
8760.1,g2,cnp,189.7,0.304
8760.1,g4,cut,240.3,0.286
8760.1,g4,cnp,240.3,0.286
8761.5,g1,tick,237.6,0.290
8761.5,g2,tick,189.7,0.304
8761.5,g4,tick,240.3,0.286
8761.5,g1,cnp,237.6,0.290
8761.6,g4,cnp,240.3,0.286
8762.4,g1,cnp,237.6,0.290
8762.6,g2,cnp,189.7,0.304
8763.8,g4,cnp,240.3,0.286
8764.6,g1,cnp,237.6,0.290
8764.7,g2,cut,160.9,0.348
8766.1,g1,tick,237.6,0.290
8766.1,g2,tick,160.9,0.348
8766.1,g4,tick,240.3,0.286
8766.1,g4,cnp,240.3,0.286
8766.8,g1,cnp,237.6,0.290
8766.9,g2,cnp,160.9,0.348
8768.1,g4,cnp,240.3,0.286
8768.9,g1,cut,203.1,0.335
8770.4,g1,tick,203.1,0.335
8770.4,g2,tick,160.9,0.348
8770.4,g4,tick,240.3,0.286
8770.5,g2,cnp,160.9,0.348
8770.5,g4,cut,206.0,0.331
8772.1,g1,cnp,203.1,0.335
8772.1,g2,cnp,160.9,0.348
8772.2,g4,cnp,206.0,0.331
8773.2,g1,cnp,203.1,0.335
8773.5,g2,cnp,160.9,0.348
8774.6,g4,cnp,206.0,0.331
8775.1,g1,tick,203.1,0.335
8775.1,g2,tick,160.9,0.348
8775.1,g4,tick,206.0,0.331
8775.4,g1,cnp,203.1,0.335
8775.9,g2,cut,132.9,0.388
8777.3,g4,cnp,206.0,0.331
8777.8,g1,cnp,203.1,0.335
8777.9,g2,cnp,132.9,0.388
8778.9,g4,cnp,206.0,0.331
8780.0,g1,cut,169.2,0.376
8781.4,g1,tick,169.2,0.376
8781.4,g2,tick,132.9,0.388
8781.4,g4,tick,206.0,0.331
8781.5,g2,cnp,132.9,0.388
8781.5,g4,cut,171.9,0.372
8783.0,g1,cnp,169.2,0.376
8783.0,g2,cnp,132.9,0.388
8783.2,g4,cnp,171.9,0.372
8784.3,g1,cnp,169.2,0.376
8785.0,g2,cnp,132.9,0.388
8785.1,g1,tick,169.2,0.376
8785.1,g2,tick,132.9,0.388
8785.1,g4,tick,171.9,0.372
8785.4,g4,cnp,171.9,0.372
8786.4,g1,cnp,169.2,0.376
8787.3,g2,cut,107.1,0.427
8788.7,g1,cnp,169.2,0.376
8788.7,g4,cnp,171.9,0.372
8789.5,g2,cnp,107.1,0.427
8789.6,g4,cnp,171.9,0.372
8790.1,g1,tick,169.2,0.376
8790.1,g2,tick,107.1,0.427
8790.1,g4,tick,171.9,0.372
8790.6,g1,cut,137.4,0.415
8792.1,g2,cnp,107.1,0.427
8792.1,g4,cut,139.9,0.412
8793.6,g1,cnp,137.4,0.415
8793.8,g2,cnp,107.1,0.427
8794.0,g4,cnp,139.9,0.412
8794.9,g1,cnp,137.4,0.415
8795.1,g1,tick,137.4,0.415
8795.1,g2,tick,107.1,0.427
8795.1,g4,tick,139.9,0.412
8796.1,g2,cnp,107.1,0.427
8796.2,g4,cnp,139.9,0.412
8796.9,g1,cnp,137.4,0.415
8798.2,g2,cut,84.3,0.462
8799.6,g1,cnp,137.4,0.415
8799.6,g4,cnp,139.9,0.412
8800.1,g1,tick,137.4,0.415
8800.1,g2,tick,84.3,0.462
8800.1,g4,tick,139.9,0.412
8800.3,g2,cnp,84.3,0.462
8800.7,g4,cnp,139.9,0.412
8801.5,g1,cut,108.8,0.452
8803.0,g2,cnp,84.3,0.462
8803.1,g4,cut,111.1,0.448
8804.8,g1,cnp,108.8,0.452
8805.1,g2,cnp,84.3,0.462
8805.1,g1,tick,108.8,0.452
8805.1,g2,tick,84.3,0.462
8805.1,g4,tick,111.1,0.448
8805.2,g4,cnp,111.1,0.448
8805.9,g1,cnp,108.8,0.452
8807.2,g4,cnp,111.1,0.448
8807.3,g2,cnp,84.3,0.462
8808.0,g1,cnp,108.8,0.452
8809.5,g4,cnp,111.1,0.448
8809.8,g2,cut,64.8,0.496
8811.1,g1,tick,108.8,0.452
8811.1,g2,tick,64.8,0.496
8811.1,g4,tick,111.1,0.448
8811.1,g1,cnp,108.8,0.452
8811.5,g4,cnp,111.1,0.448
8812.0,g2,cnp,64.8,0.496
8812.4,g1,cut,84.3,0.486
8813.9,g4,cut,86.2,0.483
8815.2,g1,tick,84.3,0.486
8815.2,g2,tick,64.8,0.496
8815.2,g4,tick,86.2,0.483
8815.2,g1,cnp,84.3,0.486
8815.2,g2,cnp,64.8,0.496
8816.5,g2,cnp,64.8,0.496
8816.7,g4,cnp,86.2,0.483
8816.9,g1,cnp,84.3,0.486
8818.7,g2,cnp,64.8,0.496
8818.8,g4,cnp,86.2,0.483
8818.9,g1,cnp,84.3,0.486
8820.1,g1,tick,84.3,0.486
8820.1,g2,tick,64.8,0.496
8820.1,g4,tick,86.2,0.483
8820.7,g2,cut,48.7,0.528
8822.1,g1,cnp,84.3,0.486
8822.5,g4,cnp,86.2,0.483
8822.9,g2,cnp,48.7,0.528
8823.8,g1,cut,63.8,0.518
8825.5,g1,tick,63.8,0.518
8825.5,g2,tick,48.7,0.528
8825.5,g4,tick,86.2,0.483
8825.5,g2,cnp,48.7,0.528
8825.5,g4,cut,65.4,0.515
8827.2,g1,cnp,63.8,0.518
8827.2,g2,cnp,48.7,0.528
8827.7,g4,cnp,65.4,0.515
8829.2,g1,cnp,63.8,0.518
8829.4,g2,cnp,48.7,0.528
8829.8,g4,cnp,65.4,0.515
8830.1,g1,tick,63.8,0.518
8830.1,g2,tick,48.7,0.528
8830.1,g4,tick,65.4,0.515
8831.4,g1,cnp,63.8,0.518
8831.6,g2,cut,35.9,0.557
8833.2,g4,cnp,65.4,0.515
8833.7,g1,cnp,63.8,0.518
8833.9,g2,cnp,35.9,0.557
8835.0,g4,cnp,65.4,0.515
8835.1,g1,tick,63.8,0.518
8835.1,g2,tick,35.9,0.557
8835.1,g4,tick,65.4,0.515
8835.9,g1,cut,47.3,0.548
8837.5,g2,cnp,35.9,0.557
8837.6,g4,cut,48.5,0.545
8838.9,g1,cnp,47.3,0.548
8838.9,g2,cnp,35.9,0.557
8839.1,g4,cnp,48.5,0.545
8840.1,g1,tick,47.3,0.548
8840.1,g2,tick,35.9,0.557
8840.1,g4,tick,48.5,0.545
8840.1,g1,cnp,47.3,0.548
8840.4,g2,cnp,35.9,0.557
8841.1,g4,cnp,48.5,0.545
8842.5,g1,cnp,47.3,0.548
8842.6,g2,cut,25.9,0.585
8844.0,g4,cnp,48.5,0.545
8844.6,g1,cnp,47.3,0.548
8844.8,g2,cnp,25.9,0.585
8845.1,g1,tick,47.3,0.548
8845.1,g2,tick,25.9,0.585
8845.1,g4,tick,48.5,0.545
8845.3,g4,cnp,48.5,0.545
8846.9,g1,cut,34.3,0.576
8848.8,g2,cnp,25.9,0.585
8848.8,g4,cut,35.3,0.574
8850.4,g1,tick,34.3,0.576
8850.4,g2,tick,25.9,0.585
8850.4,g4,tick,35.3,0.574
8850.5,g1,cnp,34.3,0.576
8850.5,g2,cnp,25.9,0.585
8850.5,g4,cnp,35.3,0.574
8851.0,g1,cnp,34.3,0.576
8851.6,g2,cnp,25.9,0.585
8851.8,g4,cnp,35.3,0.574
8853.0,g1,cnp,34.3,0.576
8853.8,g4,cnp,35.3,0.574
8854.2,g2,cut,18.3,0.611
8855.7,g1,tick,34.3,0.576
8855.7,g2,tick,18.3,0.611
8855.7,g4,tick,35.3,0.574
8855.7,g1,cnp,34.3,0.576
8856.1,g4,cnp,35.3,0.574
8856.5,g2,cnp,18.3,0.611
8857.5,g1,cut,24.4,0.603
8858.8,g2,cnp,18.3,0.611
8858.8,g4,cut,25.2,0.601
8860.5,g1,tick,24.4,0.603
8860.5,g2,tick,18.3,0.611
8860.5,g4,tick,25.2,0.601
8860.5,g1,cnp,24.4,0.603
8860.5,g4,cnp,25.2,0.601
8861.1,g2,cnp,18.3,0.611
8861.8,g1,cnp,24.4,0.603
8862.6,g4,cnp,25.2,0.601
8863.2,g2,cnp,18.3,0.611
8863.9,g1,cnp,24.4,0.603
8864.7,g4,cnp,25.2,0.601
8865.1,g1,tick,24.4,0.603
8865.1,g2,tick,18.3,0.611
8865.1,g4,tick,25.2,0.601
8865.3,g2,cut,12.7,0.635
8866.7,g1,cnp,24.4,0.603
8866.7,g4,cnp,25.2,0.601
8867.4,g2,cnp,12.7,0.635
8868.1,g1,cut,17.1,0.628
8869.7,g2,cnp,12.7,0.635
8869.8,g4,cut,17.6,0.625
8871.1,g1,tick,17.1,0.628
8871.1,g2,tick,12.7,0.635
8871.1,g4,tick,17.6,0.625
8871.1,g1,cnp,17.1,0.628
8871.3,g4,cnp,17.6,0.625
8871.7,g2,cnp,12.7,0.635
8872.5,g1,cnp,17.1,0.628
8873.3,g4,cnp,17.6,0.625
8874.0,g2,cnp,12.7,0.635
8874.7,g1,cnp,17.1,0.628
8875.1,g1,tick,17.1,0.628
8875.1,g2,tick,12.7,0.635
8875.1,g4,tick,17.6,0.625
8875.5,g4,cnp,17.6,0.625
8876.3,g2,cut,8.7,0.658
8878.3,g1,cut,11.7,0.651
8880.4,g4,cut,12.1,0.649
8882.4,g1,tick,11.7,0.651
8882.4,g2,tick,8.7,0.658
8882.4,g4,tick,12.1,0.649
8882.5,g1,cnp,11.7,0.651
8882.5,g2,cnp,8.7,0.658
8885.1,g1,tick,11.7,0.651
8885.1,g2,tick,8.7,0.658
8886.7,g4,tick,14.9,0.608
8891.9,g1,tick,14.4,0.610
8893.3,g2,tick,10.7,0.617
8894.6,g4,tick,16.2,0.570
8896.7,g1,tick,15.7,0.572
8898.0,g2,tick,11.7,0.578
8899.5,g4,tick,16.9,0.535
8901.4,g1,tick,16.4,0.536
8902.7,g2,tick,12.2,0.542
8904.2,g4,tick,17.3,0.501
8906.5,g1,tick,16.7,0.503
8908.1,g2,tick,12.5,0.508
8908.1,g4,tick,17.4,0.470
8910.1,g1,tick,16.9,0.471
8910.1,g2,tick,12.6,0.476
8912.0,g4,tick,22.5,0.441
8916.4,g1,tick,22.0,0.442
8917.7,g2,tick,17.7,0.447
8919.1,g4,tick,30.1,0.413
8921.7,g1,tick,29.5,0.414
8923.0,g2,tick,25.2,0.419
8924.7,g4,tick,38.8,0.387
8926.6,g1,tick,38.3,0.388
8928.3,g2,tick,33.9,0.393
8929.9,g4,tick,48.2,0.363
8931.3,g1,tick,47.7,0.364
8932.6,g2,tick,43.3,0.368
8933.9,g4,tick,57.9,0.340
8936.6,g1,tick,57.4,0.341
8938.2,g2,tick,53.0,0.345
8939.7,g4,tick,87.8,0.319
8941.6,g1,tick,87.2,0.320
8942.9,g2,tick,82.9,0.323
8944.6,g4,tick,127.7,0.299
8946.5,g1,tick,127.1,0.300
8948.0,g2,tick,122.8,0.303
8949.5,g4,tick,172.7,0.280
8951.7,g1,tick,172.1,0.281
8953.1,g2,tick,167.8,0.284
8954.7,g4,tick,220.1,0.263
8956.4,g1,tick,219.6,0.264
8958.0,g2,tick,215.2,0.267
8959.6,g4,tick,268.9,0.246
8959.6,g1,cut,190.6,0.310
8961.2,g1,tick,190.6,0.310
8962.9,g2,tick,264.0,0.250
8964.6,g4,tick,318.2,0.231
8964.6,g1,cnp,190.6,0.310
8964.6,g1,cnp,190.6,0.310
8964.6,g2,cut,231.0,0.297
8964.6,g2,cnp,231.0,0.297
8964.6,g2,cnp,231.0,0.297
8966.0,g4,cut,281.5,0.279
8966.0,g4,cnp,281.5,0.279
8967.6,g1,tick,190.6,0.310
8967.6,g2,tick,231.0,0.297
8967.6,g4,tick,281.5,0.279
8967.6,g1,cnp,190.6,0.310
8967.6,g1,cnp,190.6,0.310
8967.6,g2,cnp,231.0,0.297
8967.6,g4,cnp,281.5,0.279
8968.4,g4,cnp,281.5,0.279
8968.7,g2,cnp,231.0,0.297
8969.6,g1,cnp,190.6,0.310
8970.1,g1,tick,190.6,0.310
8970.1,g2,tick,231.0,0.297
8970.1,g4,tick,281.5,0.279
8970.6,g4,cnp,281.5,0.279
8970.8,g2,cnp,231.0,0.297
8971.7,g1,cut,161.1,0.353
8973.1,g2,cnp,231.0,0.297
8973.1,g4,cnp,281.5,0.279
8974.0,g1,cnp,161.1,0.353
8974.9,g4,cnp,281.5,0.279
8975.0,g2,cut,196.7,0.341
8976.3,g1,tick,161.1,0.353
8976.3,g2,tick,196.7,0.341
8976.3,g4,tick,281.5,0.279
8976.3,g1,cnp,161.1,0.353
8977.0,g4,cut,242.2,0.324
8978.6,g1,cnp,161.1,0.353
8978.6,g2,cnp,196.7,0.341
8979.1,g4,cnp,242.2,0.324
8979.2,g2,cnp,196.7,0.341
8980.1,g1,tick,161.1,0.353
8980.1,g2,tick,196.7,0.341
8980.1,g4,tick,242.2,0.324
8980.3,g1,cnp,161.1,0.353
8981.2,g4,cnp,242.2,0.324
8981.3,g2,cnp,196.7,0.341
8982.4,g1,cut,132.7,0.393
8983.9,g2,cnp,196.7,0.341
8983.9,g4,cnp,242.2,0.324
8984.8,g1,cnp,132.7,0.393
8985.1,g1,tick,132.7,0.393
8985.1,g2,tick,196.7,0.341
8985.1,g4,tick,242.2,0.324
8985.4,g4,cnp,242.2,0.324
8985.6,g2,cut,163.2,0.382
8987.1,g1,cnp,132.7,0.393
8987.5,g4,cut,202.9,0.366
8989.0,g2,cnp,163.2,0.382
8989.3,g1,cnp,132.7,0.393
8989.8,g4,cnp,202.9,0.366
8989.8,g2,cnp,163.2,0.382
8990.1,g1,tick,132.7,0.393
8990.1,g2,tick,163.2,0.382
8990.1,g4,tick,202.9,0.366
8991.8,g1,cnp,132.7,0.393
8991.9,g2,cnp,163.2,0.382
8992.0,g4,cnp,202.9,0.366
8994.1,g2,cnp,163.2,0.382
8994.2,g4,cnp,202.9,0.366
8994.3,g1,cut,106.6,0.431
8995.6,g1,tick,106.6,0.431
8995.6,g2,tick,163.2,0.382
8995.6,g4,tick,202.9,0.366
8996.2,g2,cut,132.0,0.421
8997.5,g1,cnp,106.6,0.431
8997.5,g4,cut,165.8,0.406
8998.9,g1,cnp,106.6,0.431
8998.9,g2,cnp,132.0,0.421
8998.9,g4,cnp,165.8,0.406
9000.1,g1,tick,106.6,0.431
9000.1,g2,tick,132.0,0.421
9000.1,g4,tick,165.8,0.406
9000.5,g1,cnp,106.6,0.431
9000.7,g2,cnp,132.0,0.421
9000.9,g4,cnp,165.8,0.406
9002.6,g1,cnp,106.6,0.431
9002.9,g2,cnp,132.0,0.421
9003.0,g4,cnp,165.8,0.406
9005.1,g1,cut,83.6,0.467
9006.6,g1,tick,83.6,0.467
9006.6,g2,tick,132.0,0.421
9006.6,g4,tick,165.8,0.406
9006.6,g2,cut,104.3,0.457
9008.1,g4,cut,132.1,0.443
9008.1,g4,cnp,132.1,0.443
9009.5,g1,cnp,83.6,0.467
9009.6,g1,cnp,83.6,0.467
9009.6,g2,cnp,104.3,0.457
9009.6,g2,cnp,104.3,0.457
9009.6,g4,cnp,132.1,0.443
9010.1,g1,tick,83.6,0.467
9010.1,g2,tick,104.3,0.457
9010.1,g4,tick,132.1,0.443
9011.4,g2,cnp,104.3,0.457
9011.6,g4,cnp,132.1,0.443
9011.8,g1,cnp,83.6,0.467
9013.5,g2,cnp,104.3,0.457
9013.6,g4,cnp,132.1,0.443
9014.1,g1,cnp,83.6,0.467
9015.1,g1,tick,83.6,0.467
9015.1,g2,tick,104.3,0.457
9015.1,g4,tick,132.1,0.443
9015.6,g2,cnp,104.3,0.457
9015.7,g4,cnp,132.1,0.443
9016.1,g1,cut,64.1,0.500
9018.0,g2,cut,80.5,0.491
9019.6,g1,cnp,64.1,0.500
9019.6,g4,cut,102.8,0.478
9021.0,g1,tick,64.1,0.500
9021.0,g2,tick,80.5,0.491
9021.0,g4,tick,102.8,0.478
9021.0,g1,cnp,64.1,0.500
9021.0,g2,cnp,80.5,0.491
9021.0,g4,cnp,102.8,0.478
9022.4,g2,cnp,80.5,0.491
9022.6,g1,cnp,64.1,0.500
9024.2,g4,cnp,102.8,0.478
9024.4,g2,cnp,80.5,0.491
9024.9,g1,cnp,64.1,0.500
9025.1,g1,tick,64.1,0.500
9025.1,g2,tick,80.5,0.491
9025.1,g4,tick,102.8,0.478
9026.3,g4,cnp,102.8,0.478
9027.1,g1,cut,48.1,0.531
9029.0,g2,cut,60.7,0.523
9030.3,g1,tick,48.1,0.531
9030.3,g2,tick,60.7,0.523
9030.3,g4,tick,102.8,0.478
9030.3,g1,cnp,48.1,0.531
9030.3,g4,cut,78.3,0.511
9031.6,g1,cnp,48.1,0.531
9031.6,g2,cnp,60.7,0.523
9031.6,g4,cnp,78.3,0.511
9032.8,g2,cnp,60.7,0.523
9033.2,g4,cnp,78.3,0.511
9033.5,g1,cnp,48.1,0.531
9034.8,g2,cnp,60.7,0.523
9035.1,g1,tick,48.1,0.531
9035.1,g2,tick,60.7,0.523
9035.1,g4,tick,78.3,0.511
9035.4,g4,cnp,78.3,0.511
9035.6,g1,cnp,48.1,0.531
9037.0,g2,cnp,60.7,0.523
9037.5,g4,cnp,78.3,0.511
9037.6,g1,cut,35.3,0.561
9039.1,g2,cut,44.9,0.552
9040.6,g1,tick,35.3,0.561
9040.6,g2,tick,44.9,0.552
9040.6,g4,tick,78.3,0.511
9040.6,g1,cnp,35.3,0.561
9040.6,g4,cut,58.3,0.541
9041.9,g2,cnp,44.9,0.552
9041.9,g4,cnp,58.3,0.541
9042.2,g1,cnp,35.3,0.561
9043.3,g2,cnp,44.9,0.552
9043.8,g4,cnp,58.3,0.541
9044.3,g1,cnp,35.3,0.561
9045.0,g1,tick,35.3,0.561
9045.0,g2,tick,44.9,0.552
9045.0,g4,tick,58.3,0.541
9045.9,g4,cnp,58.3,0.541
9046.0,g2,cnp,44.9,0.552
9046.7,g1,cnp,35.3,0.561
9048.0,g4,cnp,58.3,0.541
9048.0,g2,cnp,44.9,0.552
9049.1,g1,cut,25.4,0.588
9050.4,g1,tick,25.4,0.588
9050.4,g2,tick,44.9,0.552
9050.4,g4,tick,58.3,0.541
9050.5,g2,cut,32.5,0.580
9051.8,g4,cut,42.5,0.570
9053.2,g1,cnp,25.4,0.588
9053.2,g2,cnp,32.5,0.580
9053.2,g1,cnp,25.4,0.588
9053.4,g4,cnp,42.5,0.570
9054.6,g2,cnp,32.5,0.580
9055.1,g1,tick,25.4,0.588
9055.1,g2,tick,32.5,0.580
9055.1,g4,tick,42.5,0.570
9055.5,g4,cnp,42.5,0.570
9055.6,g1,cnp,25.4,0.588
9056.7,g2,cnp,32.5,0.580
9057.9,g1,cnp,25.4,0.588
9058.7,g2,cnp,32.5,0.580
9059.0,g4,cnp,42.5,0.570
9060.1,g1,cut,17.9,0.614
9061.5,g1,tick,17.9,0.614
9061.6,g2,tick,32.5,0.580
9061.6,g4,tick,42.5,0.570
9061.6,g2,cut,23.0,0.607
9063.2,g4,cut,30.4,0.597
9064.9,g1,cnp,17.9,0.614
9064.9,g1,cnp,17.9,0.614
9064.9,g2,cnp,23.0,0.607
9064.9,g4,cnp,30.4,0.597
9065.1,g1,tick,17.9,0.614
9065.1,g2,tick,23.0,0.607
9065.1,g4,tick,30.4,0.597
9065.2,g2,cnp,23.0,0.607
9065.4,g4,cnp,30.4,0.597
9066.4,g1,cnp,17.9,0.614
9067.3,g2,cnp,23.0,0.607
9067.4,g4,cnp,30.4,0.597
9068.5,g1,cnp,17.9,0.614
9069.3,g2,cnp,23.0,0.607
9069.5,g4,cnp,30.4,0.597
9070.1,g1,tick,17.9,0.614
9070.1,g2,tick,23.0,0.607
9070.1,g4,tick,30.4,0.597
9070.7,g1,cut,12.4,0.638
9072.4,g2,cut,16.1,0.631
9073.8,g4,cut,21.3,0.622
9075.2,g1,tick,12.4,0.638
9075.2,g2,tick,16.1,0.631
9075.2,g4,tick,21.3,0.622
9075.2,g1,cnp,12.4,0.638
9075.2,g2,cnp,16.1,0.631
9075.2,g4,cnp,21.3,0.622
9075.3,g1,cnp,12.4,0.638
9075.5,g2,cnp,16.1,0.631
9075.9,g4,cnp,21.3,0.622
9077.6,g1,cnp,12.4,0.638
9077.8,g2,cnp,16.1,0.631
9078.4,g4,cnp,21.3,0.622
9079.9,g1,cnp,12.4,0.638
9080.1,g2,cnp,16.1,0.631
9080.1,g1,tick,12.4,0.638
9080.1,g2,tick,16.1,0.631
9080.1,g4,tick,21.3,0.622
9080.5,g4,cnp,21.3,0.622
9081.9,g1,cut,8.5,0.661
9083.5,g2,cut,11.0,0.654
9085.1,g4,cut,14.7,0.646
9085.1,g4,cnp,14.7,0.646
9086.7,g1,tick,8.5,0.661
9086.7,g2,tick,11.0,0.654
9086.7,g4,tick,14.7,0.646
9086.7,g1,cnp,8.5,0.661
9086.7,g2,cnp,11.0,0.654
9090.1,g1,tick,8.5,0.661
9090.1,g2,tick,11.0,0.654
9091.7,g4,tick,18.0,0.605
9096.8,g1,tick,10.4,0.619
9098.4,g2,tick,13.5,0.613
9099.9,g4,tick,19.7,0.567
9101.7,g1,tick,11.4,0.581
9103.3,g2,tick,14.8,0.575
9105.1,g4,tick,20.5,0.532
9106.6,g1,tick,11.9,0.544
9108.1,g2,tick,15.4,0.539
9109.7,g4,tick,20.9,0.499
9111.7,g1,tick,12.2,0.510
9113.0,g2,tick,15.7,0.505
9113.0,g4,tick,21.1,0.468
9115.1,g1,tick,12.3,0.478
9115.1,g2,tick,15.9,0.474
9116.7,g4,tick,26.2,0.438
9121.8,g1,tick,17.4,0.449
9123.2,g2,tick,21.0,0.444
9124.6,g4,tick,33.8,0.411
9126.5,g1,tick,24.9,0.420
9128.0,g2,tick,28.5,0.416
9129.4,g4,tick,42.6,0.385
9131.7,g1,tick,33.7,0.394
9133.4,g2,tick,37.3,0.390
9134.8,g4,tick,51.9,0.361
9136.7,g1,tick,43.0,0.370
9138.3,g2,tick,46.7,0.366
9139.6,g4,tick,61.6,0.339
9141.4,g1,tick,52.7,0.346
9142.6,g2,tick,56.4,0.343
9144.0,g4,tick,91.5,0.317
9146.5,g1,tick,82.6,0.325
9148.1,g2,tick,86.2,0.322
9149.6,g4,tick,131.4,0.298
9151.4,g1,tick,122.5,0.305
9152.7,g2,tick,126.1,0.302
9154.0,g4,tick,176.4,0.279
9156.5,g1,tick,167.5,0.285
9157.8,g2,tick,171.1,0.283
9159.2,g4,tick,223.8,0.262
9161.7,g1,tick,214.9,0.268
9163.1,g2,tick,218.6,0.265
9164.3,g4,tick,272.6,0.245
9164.4,g1,cut,186.2,0.313
9165.8,g2,cut,189.6,0.311
9167.5,g1,tick,186.2,0.313
9167.5,g2,tick,189.6,0.311
9168.8,g4,tick,322.0,0.230
9168.8,g1,cnp,186.2,0.313
9168.8,g1,cnp,186.2,0.313
9168.8,g2,cnp,189.6,0.311
9168.8,g4,cut,285.0,0.278
9168.8,g4,cnp,285.0,0.278
9170.4,g1,tick,186.2,0.313
9170.4,g2,tick,189.6,0.311
9170.4,g4,tick,285.0,0.278
9170.4,g1,cnp,186.2,0.313
9170.4,g4,cnp,285.0,0.278
9170.6,g2,cnp,189.6,0.311
9171.4,g4,cnp,285.0,0.278
9172.2,g1,cnp,186.2,0.313
9173.0,g2,cnp,189.6,0.311
9173.6,g4,cnp,285.0,0.278
9174.3,g1,cnp,186.2,0.313
9175.1,g1,tick,186.2,0.313
9175.1,g2,tick,189.6,0.311
9175.1,g4,tick,285.0,0.278
9175.2,g2,cnp,189.6,0.311
9175.9,g4,cnp,285.0,0.278
9176.5,g1,cut,157.0,0.356
9177.8,g2,cut,160.1,0.354
9179.4,g1,cnp,157.0,0.356
9179.4,g4,cut,245.3,0.323
9181.1,g1,tick,157.0,0.356
9181.1,g2,tick,160.1,0.354
9181.1,g4,tick,245.3,0.323
9181.1,g1,cnp,157.0,0.356
9181.2,g2,cnp,160.1,0.354
9181.2,g4,cnp,245.3,0.323
9181.8,g2,cnp,160.1,0.354
9182.4,g4,cnp,245.3,0.323
9183.3,g1,cnp,157.0,0.356
9184.2,g2,cnp,160.1,0.354
9184.7,g4,cnp,245.3,0.323
9185.1,g1,tick,157.0,0.356
9185.1,g2,tick,160.1,0.354
9185.1,g4,tick,245.3,0.323
9185.9,g1,cnp,157.0,0.356
9186.7,g2,cnp,160.1,0.354
9186.8,g4,cnp,245.3,0.323
9188.1,g1,cut,129.0,0.397
9189.6,g2,cut,131.8,0.394
9191.1,g4,cut,205.7,0.365
9192.6,g1,tick,129.0,0.397
9192.6,g2,tick,131.8,0.394
9192.6,g4,tick,205.7,0.365
9192.6,g1,cnp,129.0,0.397
9192.6,g2,cnp,131.8,0.394
9192.6,g4,cnp,205.7,0.365
9192.9,g1,cnp,129.0,0.397
9193.6,g2,cnp,131.8,0.394
9193.8,g4,cnp,205.7,0.365
9195.0,g1,cnp,129.0,0.397
9195.1,g1,tick,129.0,0.397
9195.1,g2,tick,131.8,0.394
9195.1,g4,tick,205.7,0.365
9195.9,g2,cnp,131.8,0.394
9196.1,g4,cnp,205.7,0.365
9197.2,g1,cnp,129.0,0.397
9198.3,g2,cnp,131.8,0.394
9198.5,g4,cnp,205.7,0.365
9199.3,g1,cut,103.4,0.434
9201.2,g1,tick,103.4,0.434
9201.2,g2,tick,131.8,0.394
9201.2,g4,tick,205.7,0.365
9201.2,g2,cut,105.8,0.432
9203.1,g4,cut,168.1,0.405
9203.1,g4,cnp,168.1,0.405
9206.8,g1,tick,116.2,0.407
9206.8,g2,tick,105.8,0.432
9206.8,g4,tick,168.1,0.405
9206.8,g1,cnp,116.2,0.407
9206.8,g1,cnp,116.2,0.407
9206.8,g1,cnp,116.2,0.407
9206.8,g2,cnp,105.8,0.432
9206.8,g2,cnp,105.8,0.432
9206.8,g4,cnp,168.1,0.405
9207.3,g4,cnp,168.1,0.405
9207.4,g2,cnp,105.8,0.432
9208.0,g1,cnp,116.2,0.407
9209.3,g4,cnp,168.1,0.405
9209.5,g2,cnp,105.8,0.432
9210.1,g1,tick,116.2,0.407
9210.1,g2,tick,105.8,0.432
9210.1,g4,tick,168.1,0.405
9210.1,g1,cut,92.6,0.444
9211.8,g2,cut,82.9,0.468
9214.2,g1,cnp,92.6,0.444
9214.2,g2,cnp,82.9,0.468
9214.2,g4,cut,134.1,0.442
9216.3,g1,tick,92.6,0.444
9216.3,g2,tick,82.9,0.468
9216.3,g4,tick,134.1,0.442
9216.3,g1,cnp,92.6,0.444
9216.4,g2,cnp,82.9,0.468
9216.4,g4,cnp,134.1,0.442
9216.5,g1,cnp,92.6,0.444
9218.0,g2,cnp,82.9,0.468
9218.0,g4,cnp,134.1,0.442
9218.6,g1,cnp,92.6,0.444
9220.1,g4,cnp,134.1,0.442
9220.1,g1,tick,92.6,0.444
9220.1,g2,tick,82.9,0.468
9220.1,g4,tick,134.1,0.442
9220.3,g2,cnp,82.9,0.468
9220.7,g1,cut,72.0,0.479
9222.4,g2,cut,63.5,0.501
9224.2,g1,cnp,72.0,0.479
9224.2,g4,cnp,134.1,0.442
9224.8,g2,cnp,63.5,0.501
9225.1,g1,tick,72.0,0.479
9225.1,g2,tick,63.5,0.501
9225.1,g4,tick,134.1,0.442
9225.2,g1,cnp,72.0,0.479
9226.5,g4,cut,104.4,0.477
9228.3,g1,cnp,72.0,0.479
9228.3,g2,cnp,63.5,0.501
9229.3,g2,cnp,63.5,0.501
9229.4,g1,cnp,72.0,0.479
9229.7,g4,cnp,104.4,0.477
9230.1,g1,tick,72.0,0.479
9230.1,g2,tick,63.5,0.501
9230.1,g4,tick,104.4,0.477
9231.4,g2,cnp,63.5,0.501
9231.7,g1,cut,54.8,0.511
9233.5,g2,cut,47.6,0.532
9234.9,g4,cnp,104.4,0.477
9235.0,g1,cnp,54.8,0.511
9235.0,g4,cnp,104.4,0.477
9235.0,g1,tick,54.8,0.511
9235.0,g2,tick,47.6,0.532
9235.0,g4,tick,104.4,0.477
9235.8,g2,cnp,47.6,0.532
9235.9,g1,cnp,54.8,0.511
9237.3,g4,cut,79.5,0.510
9238.9,g1,cnp,54.8,0.511
9238.9,g2,cnp,47.6,0.532
9239.9,g2,cnp,47.6,0.532
9240.0,g1,cnp,54.8,0.511
9240.0,g1,tick,54.8,0.511
9240.0,g2,tick,47.6,0.532
9240.0,g4,tick,79.5,0.510
9240.2,g4,cnp,79.5,0.510
9242.0,g2,cnp,47.6,0.532
9242.3,g1,cut,40.8,0.542
9243.9,g4,cnp,79.5,0.510
9244.1,g2,cut,34.9,0.561
9245.8,g1,tick,40.8,0.542
9245.8,g2,tick,34.9,0.561
9245.8,g4,tick,79.5,0.510
9245.8,g1,cnp,40.8,0.542
9245.8,g4,cnp,79.5,0.510
9246.3,g2,cnp,34.9,0.561
9246.5,g1,cnp,40.8,0.542
9246.8,g4,cnp,79.5,0.510
9248.5,g1,cnp,40.8,0.542
9249.1,g4,cut,59.2,0.540
9250.6,g1,tick,40.8,0.542
9250.6,g2,tick,34.9,0.561
9250.6,g4,tick,59.2,0.540
9250.6,g2,cnp,34.9,0.561
9250.7,g1,cnp,40.8,0.542
9251.3,g4,cnp,59.2,0.540
9251.7,g2,cnp,34.9,0.561
9252.8,g1,cut,29.7,0.571
9254.3,g2,cut,25.1,0.589
9255.9,g4,cnp,59.2,0.540
9255.9,g1,tick,29.7,0.571
9255.9,g2,tick,25.1,0.589
9255.9,g4,tick,59.2,0.540
9255.9,g1,cnp,29.7,0.571
9256.2,g2,cnp,25.1,0.589
9256.4,g4,cnp,59.2,0.540
9257.4,g1,cnp,29.7,0.571
9258.3,g2,cnp,25.1,0.589
9259.3,g4,cut,43.2,0.569
9260.7,g1,tick,29.7,0.571
9260.7,g2,tick,25.1,0.589
9260.7,g4,tick,43.2,0.569
9260.7,g1,cnp,29.7,0.571
9260.7,g2,cnp,25.1,0.589
9261.4,g4,cnp,43.2,0.569
9262.1,g1,cnp,29.7,0.571
9262.8,g2,cnp,25.1,0.589
9264.1,g4,cnp,43.2,0.569
9264.6,g1,cut,21.2,0.597
9265.9,g1,tick,21.2,0.597
9265.9,g2,tick,25.1,0.589
9265.9,g4,tick,43.2,0.569
9265.9,g2,cut,17.7,0.615
9267.3,g1,cnp,21.2,0.597
9267.3,g2,cnp,17.7,0.615
9267.3,g4,cnp,43.2,0.569
9268.5,g4,cnp,43.2,0.569
9269.1,g2,cnp,17.7,0.615
9269.2,g1,cnp,21.2,0.597
9270.1,g1,tick,21.2,0.597
9270.1,g2,tick,17.7,0.615
9270.1,g4,tick,43.2,0.569
9270.6,g4,cut,30.9,0.596
9272.0,g1,cnp,21.2,0.597
9272.0,g2,cnp,17.7,0.615
9272.8,g4,cnp,30.9,0.596
9273.5,g2,cnp,17.7,0.615
9274.0,g1,cnp,21.2,0.597
9274.9,g4,cnp,30.9,0.596
9275.1,g1,tick,21.2,0.597
9275.1,g2,tick,17.7,0.615
9275.1,g4,tick,30.9,0.596
9275.7,g2,cnp,17.7,0.615
9276.2,g1,cut,14.9,0.623
9277.6,g4,cnp,30.9,0.596
9277.8,g2,cut,12.3,0.639
9279.2,g1,cnp,14.9,0.623
9279.2,g4,cnp,30.9,0.596
9279.8,g2,cnp,12.3,0.639
9280.1,g1,tick,14.9,0.623
9280.1,g2,tick,12.3,0.639
9280.1,g4,tick,30.9,0.596
9280.7,g1,cnp,14.9,0.623
9281.2,g4,cut,21.7,0.621
9282.6,g2,cnp,12.3,0.639
9282.9,g1,cnp,14.9,0.623
9283.4,g4,cnp,21.7,0.621
9284.2,g2,cnp,12.3,0.639
9285.1,g1,tick,14.9,0.623
9285.1,g2,tick,12.3,0.639
9285.1,g4,tick,21.7,0.621
9285.1,g1,cnp,14.9,0.623
9285.7,g4,cnp,21.7,0.621
9286.6,g2,cnp,12.3,0.639
9287.2,g1,cut,10.3,0.646
9289.1,g2,cut,8.4,0.661
9290.5,g4,cnp,21.7,0.621
9290.5,g1,tick,10.3,0.646
9290.5,g2,tick,8.4,0.661
9290.5,g4,tick,21.7,0.621
9290.5,g1,cnp,10.3,0.646
9295.1,g1,tick,10.3,0.646
9296.4,g2,tick,10.3,0.620
9297.8,g4,tick,26.3,0.583
9301.4,g1,tick,12.6,0.606
9302.7,g2,tick,11.3,0.581
9304.1,g4,tick,28.6,0.546
9306.5,g1,tick,13.7,0.568
9308.1,g2,tick,11.8,0.545
9309.4,g4,tick,29.8,0.512
9311.4,g1,tick,14.3,0.532
9313.1,g2,tick,12.0,0.511
9313.1,g4,tick,30.4,0.480
9316.6,g1,tick,14.6,0.499
9316.6,g2,tick,12.2,0.479
9317.9,g4,tick,30.6,0.450
9320.1,g1,tick,14.7,0.468
9321.7,g2,tick,17.2,0.449
9323.1,g4,tick,35.8,0.422
9326.7,g1,tick,19.8,0.439
9328.0,g2,tick,24.8,0.421
9329.2,g4,tick,43.4,0.395
9331.4,g1,tick,27.4,0.411
9332.7,g2,tick,33.5,0.395
9334.0,g4,tick,52.1,0.371
9336.3,g1,tick,36.1,0.386
9337.6,g2,tick,42.9,0.370
9339.3,g4,tick,61.5,0.348
9341.4,g1,tick,45.5,0.362
9343.1,g2,tick,52.6,0.347
9344.7,g4,tick,71.2,0.326
9346.7,g1,tick,55.2,0.339
9348.1,g2,tick,82.4,0.325
9349.6,g4,tick,101.1,0.306
9351.6,g1,tick,85.0,0.318
9353.2,g2,tick,122.4,0.305
9354.9,g4,tick,141.0,0.286
9357.0,g1,tick,125.0,0.298
9358.5,g2,tick,167.3,0.286
9359.9,g4,tick,186.0,0.269
9361.5,g1,tick,169.9,0.279
9363.4,g2,tick,214.8,0.268
9365.3,g4,tick,233.4,0.252
9366.7,g1,tick,217.4,0.262
9368.4,g2,tick,263.5,0.251
9370.1,g4,tick,282.2,0.236
9370.1,g1,cut,189.0,0.308
9370.1,g1,cnp,189.0,0.308
9371.9,g2,cut,230.5,0.298
9371.9,g2,cnp,230.5,0.298
9371.9,g2,cnp,230.5,0.298
9373.6,g4,cut,248.9,0.284
9373.6,g4,cnp,248.9,0.284
9373.6,g4,cnp,248.9,0.284
9375.3,g1,tick,189.0,0.308
9375.3,g2,tick,230.5,0.298
9375.3,g4,tick,248.9,0.284
9375.3,g1,cnp,189.0,0.308
9375.3,g1,cnp,189.0,0.308
9375.3,g2,cnp,230.5,0.298
9375.3,g1,tick,189.0,0.308
9375.3,g2,tick,230.5,0.298
9376.9,g4,tick,265.5,0.266
9376.9,g1,cnp,189.0,0.308
9376.9,g2,cnp,230.5,0.298
9376.9,g4,cnp,265.5,0.266
9377.8,g2,cnp,230.5,0.298
9378.1,g4,cnp,265.5,0.266
9378.5,g1,cnp,189.0,0.308
9379.9,g2,cnp,230.5,0.298
9380.1,g1,tick,189.0,0.308
9380.1,g2,tick,230.5,0.298
9380.1,g4,tick,265.5,0.266
9380.4,g4,cnp,265.5,0.266
9380.6,g1,cut,159.9,0.351
9382.3,g2,cut,196.1,0.342
9383.8,g1,cnp,159.9,0.351
9383.8,g4,cut,230.2,0.312
9385.6,g1,tick,159.9,0.351
9385.6,g2,tick,196.1,0.342
9385.6,g4,tick,230.2,0.312
9385.6,g1,cnp,159.9,0.351
9385.6,g2,cnp,196.1,0.342
9385.6,g4,cnp,230.2,0.312
9386.6,g2,cnp,196.1,0.342
9387.1,g4,cnp,230.2,0.312
9387.4,g1,cnp,159.9,0.351
9388.7,g2,cnp,196.1,0.342
9389.4,g4,cnp,230.2,0.312
9389.5,g1,cnp,159.9,0.351
9390.1,g1,tick,159.9,0.351
9390.1,g2,tick,196.1,0.342
9390.1,g4,tick,230.2,0.312
9390.9,g2,cnp,196.1,0.342
9391.4,g4,cnp,230.2,0.312
9391.7,g1,cut,131.8,0.392
9393.8,g2,cut,162.6,0.383
9395.7,g4,cut,194.3,0.355
9395.7,g4,cnp,194.3,0.355
9397.6,g1,tick,131.8,0.392
9397.6,g2,tick,162.6,0.383
9397.6,g4,tick,194.3,0.355
9397.6,g1,cnp,131.8,0.392
9397.6,g1,cnp,131.8,0.392
9397.6,g2,cnp,162.6,0.383
9397.6,g2,cnp,162.6,0.383
9397.7,g4,cnp,194.3,0.355
9398.4,g1,cnp,131.8,0.392
9399.7,g4,cnp,194.3,0.355
9399.8,g2,cnp,162.6,0.383
9400.1,g1,tick,131.8,0.392
9400.1,g2,tick,162.6,0.383
9400.1,g4,tick,194.3,0.355
9400.8,g1,cnp,131.8,0.392
9401.7,g4,cnp,194.3,0.355
9401.8,g2,cnp,162.6,0.383
9402.8,g1,cut,106.0,0.430
9405.1,g1,tick,106.0,0.430
9405.1,g2,tick,162.6,0.383
9405.1,g4,tick,194.3,0.355
9406.9,g4,cut,159.8,0.395
9408.6,g1,cnp,106.0,0.430
9408.6,g2,cut,131.5,0.422
9410.3,g1,tick,106.0,0.430
9410.3,g2,tick,131.5,0.422
9410.3,g4,tick,159.8,0.395
9410.4,g1,cnp,106.0,0.430
9410.4,g2,cnp,131.5,0.422
9410.4,g4,cnp,159.8,0.395
9411.0,g1,cnp,106.0,0.430
9411.1,g4,cnp,159.8,0.395
9411.4,g2,cnp,131.5,0.422
9413.2,g1,cut,83.2,0.465
9415.0,g2,cnp,131.5,0.422
9415.0,g4,cnp,159.8,0.395
9415.1,g1,tick,83.2,0.465
9415.1,g2,tick,131.5,0.422
9415.1,g4,tick,159.8,0.395
9415.5,g1,cnp,83.2,0.465
9415.7,g4,cnp,159.8,0.395
9415.7,g2,cnp,131.5,0.422
9417.7,g1,cnp,83.2,0.465
9417.8,g4,cut,128.3,0.433
9419.5,g2,cut,103.8,0.458
9421.2,g1,tick,83.2,0.465
9421.2,g2,tick,103.8,0.458
9421.2,g4,tick,128.3,0.433
9421.2,g1,cnp,83.2,0.465
9421.2,g2,cnp,103.8,0.458
9421.2,g4,cnp,128.3,0.433
9421.8,g1,cnp,83.2,0.465
9422.4,g2,cnp,103.8,0.458
9422.6,g4,cnp,128.3,0.433
9424.2,g1,cut,63.8,0.499
9425.8,g1,tick,63.8,0.499
9425.8,g2,tick,103.8,0.458
9426.0,g4,tick,128.3,0.433
9426.0,g2,cnp,103.8,0.458
9426.0,g4,cnp,128.3,0.433
9426.2,g1,cnp,63.8,0.499
9426.9,g2,cnp,103.8,0.458
9428.5,g1,cnp,63.8,0.499
9428.9,g2,cnp,103.8,0.458
9429.4,g4,cut,100.5,0.468
9431.2,g1,tick,63.8,0.499
9431.2,g2,tick,103.8,0.458
9431.2,g4,tick,100.5,0.468
9431.2,g1,cnp,63.8,0.499
9431.3,g2,cut,80.0,0.492
9432.9,g1,cnp,63.8,0.499
9433.0,g4,cnp,100.5,0.468
9433.7,g2,cnp,80.0,0.492
9434.7,g1,cut,47.9,0.530
9436.9,g1,tick,47.9,0.530
9436.9,g2,tick,80.0,0.492
9436.9,g4,tick,100.5,0.468
9436.9,g2,cnp,80.0,0.492
9436.9,g4,cnp,100.5,0.468
9437.0,g1,cnp,47.9,0.530
9437.0,g4,cnp,100.5,0.468
9437.9,g2,cnp,80.0,0.492
9439.0,g1,cnp,47.9,0.530
9440.0,g4,cut,77.0,0.502
9441.7,g1,tick,47.9,0.530
9441.7,g2,tick,80.0,0.492
9441.7,g4,tick,77.0,0.502
9441.7,g1,cnp,47.9,0.530
9441.7,g2,cut,60.3,0.523
9443.3,g1,cnp,47.9,0.530
9443.3,g2,cnp,60.3,0.523
9443.3,g4,cnp,77.0,0.502
9445.0,g4,cnp,77.0,0.502
9445.1,g1,tick,47.9,0.530
9445.1,g2,tick,60.3,0.523
9445.1,g4,tick,77.0,0.502
9445.3,g1,cut,35.2,0.560
9446.7,g2,cnp,60.3,0.523
9447.2,g4,cnp,77.0,0.502
9447.6,g1,cnp,35.2,0.560
9447.7,g2,cnp,60.3,0.523
9449.6,g1,cnp,35.2,0.560
9450.0,g4,cnp,77.0,0.502
9450.1,g1,tick,35.2,0.560
9450.1,g2,tick,60.3,0.523
9450.1,g4,tick,77.0,0.502
9451.0,g2,cnp,60.3,0.523
9451.9,g1,cnp,35.2,0.560
9452.1,g4,cut,57.6,0.533
9453.7,g2,cut,44.6,0.553
9455.3,g1,tick,35.2,0.560
9455.3,g2,tick,44.6,0.553
9455.3,g4,tick,57.6,0.533
9455.3,g1,cut,25.4,0.587
9457.0,g4,cnp,57.6,0.533
9457.0,g4,cnp,57.6,0.533
9457.0,g2,cnp,44.6,0.553
9457.4,g1,cnp,25.4,0.587
9458.3,g2,cnp,44.6,0.553
9458.6,g4,cnp,57.6,0.533
9459.4,g1,cnp,25.4,0.587
9460.1,g1,tick,25.4,0.587
9460.1,g2,tick,44.6,0.553
9460.1,g4,tick,57.6,0.533
9460.4,g2,cnp,44.6,0.553
9460.7,g4,cnp,57.6,0.533
9461.5,g1,cnp,25.4,0.587
9462.5,g2,cnp,44.6,0.553
9463.6,g1,cnp,25.4,0.587
9464.2,g4,cut,42.3,0.562
9465.6,g1,tick,25.4,0.587
9465.6,g2,tick,44.6,0.553
9465.6,g4,tick,42.3,0.562
9465.6,g2,cut,32.2,0.581
9467.3,g1,cut,17.9,0.613
9469.0,g2,cnp,32.2,0.581
9469.0,g2,cnp,32.2,0.581
9469.0,g4,cnp,42.3,0.562
9469.0,g1,cnp,17.9,0.613
9469.6,g4,cnp,42.3,0.562
9470.2,g1,tick,17.9,0.613
9470.2,g2,tick,32.2,0.581
9470.2,g4,tick,42.3,0.562
9470.3,g1,cnp,17.9,0.613
9470.8,g2,cnp,32.2,0.581
9471.7,g4,cnp,42.3,0.562
9472.5,g1,cnp,17.9,0.613
9473.2,g2,cnp,32.2,0.581
9474.1,g4,cnp,42.3,0.562
9475.0,g1,cnp,17.9,0.613
9475.0,g1,tick,17.9,0.613
9475.0,g2,tick,32.2,0.581
9475.0,g4,tick,42.3,0.562
9475.2,g2,cnp,32.2,0.581
9476.1,g4,cut,30.4,0.589
9477.5,g1,cut,12.4,0.637
9479.0,g2,cut,22.9,0.607
9480.4,g1,tick,12.4,0.637
9480.4,g2,tick,22.9,0.607
9480.4,g4,tick,30.4,0.589
9480.4,g1,cnp,12.4,0.637
9480.4,g2,cnp,22.9,0.607
9480.4,g4,cnp,30.4,0.589
9480.4,g4,cnp,30.4,0.589
9481.7,g2,cnp,22.9,0.607
9481.9,g1,cnp,12.4,0.637
9482.4,g4,cnp,30.4,0.589
9483.8,g2,cnp,22.9,0.607
9484.0,g1,cnp,12.4,0.637
9484.4,g4,cnp,30.4,0.589
9485.1,g1,tick,12.4,0.637
9485.1,g2,tick,22.9,0.607
9485.1,g4,tick,30.4,0.589
9486.0,g2,cnp,22.9,0.607
9486.4,g1,cnp,12.4,0.637
9486.5,g4,cut,21.4,0.615
9488.1,g2,cnp,22.9,0.607
9488.6,g4,cnp,21.4,0.615
9488.8,g1,cut,8.5,0.660
9490.4,g1,tick,8.5,0.660
9490.4,g2,tick,22.9,0.607
9490.4,g4,tick,21.4,0.615
9490.4,g2,cut,15.9,0.632
9492.0,g1,cnp,8.5,0.660
9492.0,g4,cnp,21.4,0.615
9492.6,g2,cnp,15.9,0.632
9493.0,g4,cnp,21.4,0.615
9493.5,g1,cnp,8.5,0.660
9494.8,g2,cnp,15.9,0.632
9495.1,g1,tick,8.5,0.660
9495.1,g2,tick,15.9,0.632
9495.1,g4,tick,21.4,0.615
9495.1,g4,cnp,21.4,0.615
9496.5,g1,cnp,8.5,0.660
9500.1,g1,tick,8.5,0.660
9501.6,g2,tick,19.4,0.592
9501.6,g4,tick,21.4,0.615
9506.7,g1,tick,10.4,0.618
9508.1,g2,tick,21.1,0.555
9509.4,g4,tick,25.9,0.577
9511.7,g1,tick,11.4,0.580
9513.2,g2,tick,22.0,0.521
9514.5,g4,tick,28.2,0.541
9516.4,g1,tick,11.9,0.544
9516.5,g2,tick,22.4,0.488
9517.7,g4,tick,29.3,0.507
9521.7,g1,tick,12.2,0.510
9523.0,g2,tick,22.7,0.458
9523.0,g4,tick,29.8,0.475
9525.1,g1,tick,12.3,0.478
9526.6,g2,tick,27.8,0.429
9528.2,g4,tick,30.1,0.445
9531.8,g1,tick,17.4,0.448
9533.5,g2,tick,35.3,0.402
9534.9,g4,tick,35.3,0.418
9536.4,g1,tick,24.9,0.420
9537.8,g2,tick,44.1,0.377
9539.2,g4,tick,42.8,0.391
9541.4,g1,tick,33.7,0.394
9543.1,g2,tick,53.5,0.353
9544.6,g4,tick,51.6,0.367
9546.7,g1,tick,43.0,0.369
9548.3,g2,tick,63.2,0.331
9549.9,g4,tick,61.0,0.344
9551.7,g1,tick,52.7,0.346
9553.3,g2,tick,93.0,0.311
9555.0,g4,tick,70.7,0.323
9556.6,g1,tick,82.6,0.324
9558.3,g2,tick,132.9,0.291
9559.6,g4,tick,100.6,0.302
9561.7,g1,tick,122.5,0.304
9563.2,g2,tick,177.9,0.273
9564.6,g4,tick,140.5,0.284
9566.4,g1,tick,167.5,0.285
9568.1,g2,tick,225.4,0.256
9569.4,g4,tick,185.4,0.266
9571.3,g1,tick,214.9,0.267
9572.7,g2,tick,274.1,0.240
9574.2,g4,tick,232.9,0.249
9574.2,g1,cut,186.2,0.313
9575.5,g2,cut,241.2,0.287
9575.5,g2,cnp,241.2,0.287
9577.3,g4,cut,203.9,0.296
9577.3,g4,cnp,203.9,0.296
9578.9,g1,tick,186.2,0.313
9579.0,g2,tick,241.2,0.287
9579.0,g4,tick,203.9,0.296
9579.0,g1,cnp,186.2,0.313
9579.0,g2,cnp,241.2,0.287
9579.0,g4,cnp,203.9,0.296
9579.5,g1,cnp,186.2,0.313
9579.7,g2,cnp,241.2,0.287
9580.1,g1,tick,186.2,0.313
9580.1,g2,tick,241.2,0.287
9580.1,g4,tick,203.9,0.296
9581.2,g4,cnp,203.9,0.296
9581.6,g1,cnp,186.2,0.313
9582.0,g2,cnp,241.2,0.287
9583.5,g4,cnp,203.9,0.296
9583.7,g1,cnp,186.2,0.313
9584.2,g2,cnp,241.2,0.287
9585.1,g1,tick,186.2,0.313
9585.1,g2,tick,241.2,0.287
9585.1,g4,tick,203.9,0.296
9585.6,g4,cnp,203.9,0.296
9585.9,g1,cut,157.1,0.356
9587.8,g2,cut,206.6,0.332
9589.2,g4,cut,173.7,0.340
9590.8,g1,tick,157.1,0.356
9590.8,g2,tick,206.6,0.332
9590.8,g4,tick,173.7,0.340
9590.8,g1,cnp,157.1,0.356
9590.9,g1,cnp,157.1,0.356
9590.9,g2,cnp,206.6,0.332
9590.9,g4,cnp,173.7,0.340
9591.0,g2,cnp,206.6,0.332
9592.2,g4,cnp,173.7,0.340
9592.8,g1,cnp,157.1,0.356
9593.2,g2,cnp,206.6,0.332
9594.2,g4,cnp,173.7,0.340
9595.1,g1,tick,157.1,0.356
9595.1,g2,tick,206.6,0.332
9595.1,g4,tick,173.7,0.340
9595.3,g1,cnp,157.1,0.356
9595.3,g2,cnp,206.6,0.332
9596.4,g4,cnp,173.7,0.340
9597.3,g1,cut,129.1,0.396
9598.7,g2,cut,172.3,0.374
9600.3,g4,cut,144.2,0.381
9601.6,g1,tick,129.1,0.396
9601.6,g2,tick,172.3,0.374
9601.6,g4,tick,144.2,0.381
9601.6,g1,cnp,129.1,0.396
9601.6,g2,cnp,172.3,0.374
9601.6,g4,cnp,144.2,0.381
9601.8,g1,cnp,129.1,0.396
9602.0,g2,cnp,172.3,0.374
9602.9,g4,cnp,144.2,0.381
9603.8,g1,cnp,129.1,0.396
9604.2,g2,cnp,172.3,0.374
9605.0,g4,cnp,144.2,0.381
9605.0,g1,tick,129.1,0.396
9605.0,g2,tick,172.3,0.374
9605.0,g4,tick,144.2,0.381
9606.0,g1,cnp,129.1,0.396
9606.2,g2,cnp,172.3,0.374
9607.4,g4,cnp,144.2,0.381
9608.2,g1,cut,103.5,0.434
9609.6,g2,cut,140.1,0.413
9611.0,g4,cut,116.7,0.420
9612.5,g1,tick,103.5,0.434
9612.5,g2,tick,140.1,0.413
9612.5,g4,tick,116.7,0.420
9612.5,g1,cnp,103.5,0.434
9612.5,g2,cnp,140.1,0.413
9612.5,g4,cnp,116.7,0.420
9612.7,g2,cnp,140.1,0.413
9612.9,g1,cnp,103.5,0.434
9613.5,g4,cnp,116.7,0.420
9615.0,g2,cnp,140.1,0.413
9615.1,g1,tick,103.5,0.434
9615.1,g2,tick,140.1,0.413
9615.1,g4,tick,116.7,0.420
9615.1,g1,cnp,103.5,0.434
9615.6,g4,cnp,116.7,0.420
9617.3,g2,cnp,140.1,0.413
9617.5,g1,cnp,103.5,0.434
9617.7,g4,cnp,116.7,0.420
9619.4,g2,cnp,140.1,0.413
9619.8,g1,cut,81.1,0.469
9621.5,g1,tick,81.1,0.469
9621.5,g2,tick,140.1,0.413
9621.5,g4,tick,116.7,0.420
9621.5,g2,cut,111.2,0.450
9623.0,g4,cut,92.2,0.456
9623.0,g4,cnp,92.2,0.456
9624.4,g1,cnp,81.1,0.469
9624.4,g1,cnp,81.1,0.469
9624.4,g2,cnp,111.2,0.450
9624.4,g4,cnp,92.2,0.456
9625.1,g1,tick,81.1,0.469
9625.1,g2,tick,111.2,0.450
9625.1,g4,tick,92.2,0.456
9625.7,g2,cnp,111.2,0.450
9626.5,g4,cnp,92.2,0.456
9626.7,g1,cnp,81.1,0.469
9627.7,g2,cnp,111.2,0.450
9628.6,g4,cnp,92.2,0.456
9628.8,g1,cnp,81.1,0.469
9629.8,g2,cnp,111.2,0.450
9630.1,g1,tick,81.1,0.469
9630.1,g2,tick,111.2,0.450
9630.1,g4,tick,92.2,0.456
9631.0,g4,cnp,92.2,0.456
9631.1,g1,cut,62.0,0.503
9632.5,g2,cut,86.2,0.484
9634.0,g1,cnp,62.0,0.503
9634.0,g4,cut,71.2,0.490
9635.4,g1,tick,62.0,0.503
9635.4,g2,tick,86.2,0.484
9635.4,g4,tick,71.2,0.490
9635.4,g2,cnp,86.2,0.484
9635.6,g4,cnp,71.2,0.490
9635.7,g1,cnp,62.0,0.503
9637.1,g2,cnp,86.2,0.484
9637.8,g4,cnp,71.2,0.490
9638.0,g1,cnp,62.0,0.503
9639.0,g2,cnp,86.2,0.484
9639.9,g4,cnp,71.2,0.490
9640.0,g1,cnp,62.0,0.503
9640.0,g1,tick,62.0,0.503
9640.0,g2,tick,86.2,0.484
9640.0,g4,tick,71.2,0.490
9641.1,g2,cnp,86.2,0.484
9642.0,g4,cnp,71.2,0.490
9642.1,g1,cut,46.5,0.534
9643.8,g2,cut,65.3,0.516
9645.3,g1,tick,46.5,0.534
9645.3,g2,tick,65.3,0.516
9645.3,g4,tick,71.2,0.490
9647.7,g4,cut,53.7,0.522
9649.4,g1,cnp,46.5,0.534
9649.4,g2,cnp,65.3,0.516
9649.8,g4,cnp,53.7,0.522
9649.9,g2,cnp,65.3,0.516
9650.0,g1,cnp,46.5,0.534
9650.1,g1,tick,46.5,0.534
9650.1,g2,tick,65.3,0.516
9650.1,g4,tick,53.7,0.522
9651.8,g4,cnp,53.7,0.522
9652.0,g2,cnp,65.3,0.516
9652.2,g1,cut,34.1,0.563
9653.9,g4,cnp,53.7,0.522
9654.2,g2,cut,48.5,0.546
9655.6,g1,tick,34.1,0.563
9655.6,g2,tick,48.5,0.546
9655.6,g4,tick,53.7,0.522
9655.6,g1,cnp,34.1,0.563
9656.0,g4,cnp,53.7,0.522
9656.5,g2,cnp,48.5,0.546
9656.7,g1,cnp,34.1,0.563
9658.1,g4,cut,39.7,0.552
9659.5,g1,cnp,34.1,0.563
9659.5,g2,cnp,48.5,0.546
9660.1,g1,tick,34.1,0.563
9660.1,g2,tick,48.5,0.546
9660.1,g4,tick,39.7,0.552
9660.3,g4,cnp,39.7,0.552
9661.1,g1,cnp,34.1,0.563
9661.3,g2,cnp,48.5,0.546
9662.5,g4,cnp,39.7,0.552
9663.2,g1,cut,24.5,0.590
9664.6,g2,cut,35.2,0.575
9666.0,g4,cnp,39.7,0.552
9666.0,g1,tick,24.5,0.590
9666.0,g2,tick,35.2,0.575
9666.0,g4,tick,39.7,0.552
9666.0,g1,cnp,24.5,0.590
9666.0,g2,cnp,35.2,0.575
9666.9,g4,cnp,39.7,0.552
9667.3,g1,cnp,24.5,0.590
9667.6,g2,cnp,35.2,0.575
9668.9,g4,cut,28.7,0.580
9670.3,g1,tick,24.5,0.590
9670.3,g2,tick,35.2,0.575
9670.3,g4,tick,28.7,0.580
9670.3,g1,cnp,24.5,0.590
9670.4,g2,cnp,35.2,0.575
9671.2,g4,cnp,28.7,0.580
9671.9,g1,cnp,24.5,0.590
9671.9,g2,cnp,35.2,0.575
9673.4,g4,cnp,28.7,0.580
9673.9,g1,cut,17.3,0.616
9675.3,g1,tick,17.3,0.616
9675.3,g2,tick,35.2,0.575
9675.3,g4,tick,28.7,0.580
9675.3,g2,cut,25.1,0.601
9676.7,g1,cnp,17.3,0.616
9676.8,g2,cnp,25.1,0.601
9676.8,g4,cnp,28.7,0.580
9677.9,g4,cnp,28.7,0.580
9678.8,g2,cnp,25.1,0.601
9678.8,g1,cnp,17.3,0.616
9679.9,g4,cut,20.4,0.606
9681.6,g1,tick,17.3,0.616
9681.6,g2,tick,25.1,0.601
9681.6,g4,tick,20.4,0.606
9681.6,g1,cnp,17.3,0.616
9681.6,g2,cnp,25.1,0.601
9682.0,g4,cnp,20.4,0.606
9683.1,g2,cnp,25.1,0.601
9683.3,g1,cnp,17.3,0.616
9684.3,g4,cnp,20.4,0.606
9685.1,g1,tick,17.3,0.616
9685.1,g2,tick,25.1,0.601
9685.1,g4,tick,20.4,0.606
9685.2,g2,cnp,25.1,0.601
9685.4,g1,cut,11.9,0.640
9686.8,g4,cnp,20.4,0.606
9687.5,g2,cut,17.6,0.626
9689.1,g1,cnp,11.9,0.640
9689.1,g4,cnp,20.4,0.606
9689.7,g2,cnp,17.6,0.626
9689.8,g1,cnp,11.9,0.640
9690.1,g1,tick,11.9,0.640
9690.1,g2,tick,17.6,0.626
9690.1,g4,tick,20.4,0.606
9691.3,g4,cut,14.2,0.631
9692.8,g1,cnp,11.9,0.640
9692.8,g2,cnp,17.6,0.626
9693.5,g4,cnp,14.2,0.631
9694.1,g2,cnp,17.6,0.626
9694.2,g1,cnp,11.9,0.640
9695.1,g1,tick,11.9,0.640
9695.1,g2,tick,17.6,0.626
9695.1,g4,tick,14.2,0.631
9701.8,g1,tick,14.6,0.600
9703.2,g2,tick,21.3,0.587
9704.9,g4,tick,17.3,0.591
9706.7,g1,tick,15.9,0.562
9708.4,g2,tick,23.2,0.550
9709.8,g4,tick,18.9,0.554
9711.4,g1,tick,16.6,0.527
9713.0,g2,tick,24.2,0.516
9714.6,g4,tick,19.6,0.520
9716.8,g1,tick,16.9,0.494
9716.8,g2,tick,24.6,0.484
9716.8,g4,tick,20.0,0.487
9720.1,g1,tick,17.1,0.463
9721.5,g2,tick,24.9,0.454
9722.8,g4,tick,20.2,0.457
9726.7,g1,tick,22.2,0.434
9728.3,g2,tick,30.0,0.425
9729.8,g4,tick,25.3,0.428
9731.7,g1,tick,29.7,0.407
9733.3,g2,tick,37.5,0.399
9734.6,g4,tick,32.9,0.402
9736.7,g1,tick,38.5,0.382
9738.3,g2,tick,46.3,0.374
9739.8,g4,tick,41.6,0.376
9741.4,g1,tick,47.9,0.358
9742.8,g2,tick,55.7,0.350
9744.2,g4,tick,51.0,0.353
9746.6,g1,tick,57.6,0.336
9748.1,g2,tick,65.4,0.328
9749.4,g4,tick,60.7,0.331
9751.5,g1,tick,87.4,0.315
9752.9,g2,tick,95.2,0.308
9754.5,g4,tick,90.6,0.310
9756.4,g1,tick,127.3,0.295
9757.9,g2,tick,135.2,0.289
9759.4,g4,tick,130.5,0.291
9761.5,g1,tick,172.3,0.276
9763.0,g2,tick,180.1,0.271
9764.7,g4,tick,175.4,0.273
9766.7,g1,tick,219.8,0.259
9768.6,g2,tick,227.6,0.254
9770.2,g4,tick,222.9,0.256
9770.2,g1,cut,191.3,0.305
9771.5,g2,cut,198.7,0.300
9773.2,g4,cut,194.4,0.302
9773.2,g4,cnp,194.4,0.302
9774.7,g1,tick,191.3,0.305
9774.7,g2,tick,198.7,0.300
9774.7,g4,tick,194.4,0.302
9774.7,g1,cnp,191.3,0.305
9774.7,g2,cnp,198.7,0.300
9774.7,g2,cnp,198.7,0.300
9775.0,g1,cnp,191.3,0.305
9775.1,g1,tick,191.3,0.305
9775.1,g2,tick,198.7,0.300
9776.7,g4,tick,208.7,0.283
9776.7,g2,cnp,198.7,0.300
9776.7,g4,cnp,208.7,0.283
9777.2,g1,cnp,191.3,0.305
9778.3,g4,cnp,208.7,0.283
9778.8,g2,cnp,198.7,0.300
9779.4,g1,cnp,191.3,0.305
9780.1,g1,tick,191.3,0.305
9780.1,g2,tick,198.7,0.300
9780.1,g4,tick,208.7,0.283
9780.6,g4,cnp,208.7,0.283
9781.1,g2,cnp,198.7,0.300
9781.6,g1,cut,162.1,0.349
9783.1,g4,cnp,208.7,0.283
9783.3,g2,cut,168.9,0.344
9784.6,g1,cnp,162.1,0.349
9785.1,g4,cut,179.1,0.328
9786.4,g1,tick,162.1,0.349
9786.4,g2,tick,168.9,0.344
9786.4,g4,tick,179.1,0.328
9786.4,g1,cnp,162.1,0.349
9786.4,g2,cnp,168.9,0.344
9787.2,g4,cnp,179.1,0.328
9787.7,g2,cnp,168.9,0.344
9788.1,g1,cnp,162.1,0.349
9789.5,g4,cnp,179.1,0.328
9789.9,g2,cnp,168.9,0.344
9790.1,g1,tick,162.1,0.349
9790.1,g2,tick,168.9,0.344
9790.1,g4,tick,179.1,0.328
9790.5,g1,cnp,162.1,0.349
9791.7,g4,cnp,179.1,0.328
9792.2,g2,cnp,168.9,0.344
9792.5,g1,cut,133.8,0.390
9794.3,g2,cut,139.8,0.385
9795.7,g4,cut,149.7,0.370
9797.1,g1,tick,133.8,0.390
9797.1,g2,tick,139.8,0.385
9797.1,g4,tick,149.7,0.370
9797.1,g1,cnp,133.8,0.390
9797.1,g1,cnp,133.8,0.390
9797.1,g2,cnp,139.8,0.385
9797.1,g4,cnp,149.7,0.370
9798.5,g4,cnp,149.7,0.370
9798.8,g1,cnp,133.8,0.390
9798.9,g2,cnp,139.8,0.385
9800.1,g1,tick,133.8,0.390
9800.1,g2,tick,139.8,0.385
9800.1,g4,tick,149.7,0.370
9800.7,g4,cnp,149.7,0.370
9800.8,g1,cnp,133.8,0.390
9801.2,g2,cnp,139.8,0.385
9802.8,g4,cnp,149.7,0.370
9803.0,g1,cut,107.7,0.428
9804.7,g2,cut,112.9,0.424
9806.1,g1,tick,107.7,0.428
9806.1,g2,tick,112.9,0.424
9806.1,g4,tick,149.7,0.370
9806.1,g1,cnp,107.7,0.428
9806.1,g2,cnp,112.9,0.424
9806.1,g4,cut,122.0,0.409
9807.5,g1,cnp,107.7,0.428
9807.5,g4,cnp,122.0,0.409
9808.0,g2,cnp,112.9,0.424
9809.0,g4,cnp,122.0,0.409
9809.8,g1,cnp,107.7,0.428
9810.0,g2,cnp,112.9,0.424
9810.0,g1,tick,107.7,0.428
9810.0,g2,tick,112.9,0.424
9810.0,g4,tick,122.0,0.409
9811.3,g4,cnp,122.0,0.409
9811.9,g1,cnp,107.7,0.428
9812.2,g2,cnp,112.9,0.424
9813.3,g4,cnp,122.0,0.409
9814.0,g1,cut,84.7,0.463
9815.6,g1,tick,84.7,0.463
9815.6,g2,tick,112.9,0.424
9815.6,g4,tick,122.0,0.409
9815.6,g2,cut,89.0,0.460
9817.4,g4,cut,97.1,0.446
9819.1,g1,cnp,84.7,0.463
9819.1,g1,cnp,84.7,0.463
9819.1,g2,cnp,89.0,0.460
9819.1,g2,cnp,89.0,0.460
9819.1,g4,cnp,97.1,0.446
9819.7,g4,cnp,97.1,0.446
9820.1,g1,tick,84.7,0.463
9820.1,g2,tick,89.0,0.460
9820.1,g4,tick,97.1,0.446
9820.5,g1,cnp,84.7,0.463
9820.9,g2,cnp,89.0,0.460
9822.0,g4,cnp,97.1,0.446
9822.4,g1,cnp,84.7,0.463
9823.0,g2,cnp,89.0,0.460
9824.1,g4,cnp,97.1,0.446
9824.6,g1,cut,65.1,0.497
9826.4,g1,tick,65.1,0.497
9826.4,g2,tick,89.0,0.460
9826.4,g4,tick,97.1,0.446
9826.4,g2,cut,68.5,0.493
9828.1,g4,cut,75.4,0.481
9831.5,g1,tick,74.9,0.466
9831.5,g2,tick,68.5,0.493
9831.6,g4,tick,75.4,0.481
9831.6,g1,cnp,74.9,0.466
9831.6,g1,cnp,74.9,0.466
9831.6,g1,cnp,74.9,0.466
9831.6,g2,cnp,68.5,0.493
9831.6,g2,cnp,68.5,0.493
9831.6,g4,cnp,75.4,0.481
9831.6,g4,cnp,75.4,0.481
9831.6,g2,cnp,68.5,0.493
9832.6,g4,cnp,75.4,0.481
9833.4,g1,cnp,74.9,0.466
9834.0,g2,cnp,68.5,0.493
9834.7,g4,cnp,75.4,0.481
9835.0,g1,tick,74.9,0.466
9835.0,g2,tick,68.5,0.493
9835.0,g4,tick,75.4,0.481
9835.5,g1,cut,57.4,0.499
9836.9,g2,cut,51.6,0.525
9838.6,g4,cut,57.3,0.513
9840.2,g1,tick,57.4,0.499
9840.2,g2,tick,51.6,0.525
9840.2,g4,tick,57.3,0.513
9840.2,g1,cnp,57.4,0.499
9840.2,g1,cnp,57.4,0.499
9840.2,g2,cnp,51.6,0.525
9840.2,g4,cnp,57.3,0.513
9840.4,g2,cnp,51.6,0.525
9841.2,g4,cnp,57.3,0.513
9841.9,g1,cnp,57.4,0.499
9842.5,g2,cnp,51.6,0.525
9843.4,g4,cnp,57.3,0.513
9844.0,g1,cnp,57.4,0.499
9844.9,g2,cnp,51.6,0.525
9845.1,g1,tick,57.4,0.499
9845.1,g2,tick,51.6,0.525
9845.1,g4,tick,57.3,0.513
9845.7,g4,cnp,57.3,0.513
9846.2,g1,cut,43.1,0.531
9847.8,g2,cut,38.1,0.555
9849.5,g1,cnp,43.1,0.531
9849.5,g2,cnp,38.1,0.555
9849.5,g4,cut,42.6,0.544
9851.1,g1,tick,43.1,0.531
9851.1,g2,tick,38.1,0.555
9851.1,g4,tick,42.6,0.544
9851.1,g1,cnp,43.1,0.531
9851.1,g4,cnp,42.6,0.544
9851.4,g2,cnp,38.1,0.555
9852.5,g1,cnp,43.1,0.531
9852.7,g4,cnp,42.6,0.544
9853.4,g2,cnp,38.1,0.555
9854.8,g1,cnp,43.1,0.531
9855.0,g4,cnp,42.6,0.544
9855.0,g1,tick,43.1,0.531
9855.0,g2,tick,38.1,0.555
9855.0,g4,tick,42.6,0.544
9855.5,g2,cnp,38.1,0.555
9856.9,g1,cut,31.7,0.560
9858.7,g2,cut,27.5,0.583
9860.3,g4,cut,31.0,0.572
9860.3,g4,cnp,31.0,0.572
9861.6,g1,tick,31.7,0.560
9861.6,g2,tick,27.5,0.583
9861.6,g4,tick,31.0,0.572
9861.6,g1,cnp,31.7,0.560
9861.6,g1,cnp,31.7,0.560
9861.7,g2,cnp,27.5,0.583
9861.7,g4,cnp,31.0,0.572
9862.3,g2,cnp,27.5,0.583
9863.2,g1,cnp,31.7,0.560
9863.8,g4,cnp,31.0,0.572
9864.7,g2,cnp,27.5,0.583
9865.1,g1,tick,31.7,0.560
9865.1,g2,tick,27.5,0.583
9865.1,g4,tick,31.0,0.572
9865.5,g1,cnp,31.7,0.560
9865.9,g4,cnp,31.0,0.572
9867.0,g2,cnp,27.5,0.583
9867.8,g1,cut,22.8,0.587
9869.4,g2,cut,19.5,0.609
9870.8,g4,cut,22.1,0.599
9870.8,g4,cnp,22.1,0.599
9872.2,g1,tick,22.8,0.587
9872.2,g2,tick,19.5,0.609
9872.2,g4,tick,22.1,0.599
9872.2,g1,cnp,22.8,0.587
9872.2,g1,cnp,22.8,0.587
9872.2,g2,cnp,19.5,0.609
9872.5,g4,cnp,22.1,0.599
9873.6,g2,cnp,19.5,0.609
9874.4,g1,cnp,22.8,0.587
9874.8,g4,cnp,22.1,0.599
9875.1,g1,tick,22.8,0.587
9875.1,g2,tick,19.5,0.609
9875.1,g4,tick,22.1,0.599
9875.8,g2,cnp,19.5,0.609
9876.8,g1,cnp,22.8,0.587
9876.9,g4,cnp,22.1,0.599
9877.7,g2,cnp,19.5,0.609
9879.0,g4,cnp,22.1,0.599
9879.1,g1,cut,16.1,0.613
9880.9,g1,tick,16.1,0.613
9880.9,g2,tick,19.5,0.609
9880.9,g4,tick,22.1,0.599
9880.9,g2,cut,13.6,0.633
9882.5,g1,cnp,16.1,0.613
9882.6,g2,cnp,13.6,0.633
9882.6,g4,cut,15.5,0.624
9884.3,g1,cnp,16.1,0.613
9884.3,g2,cnp,13.6,0.633
9884.3,g4,cnp,15.5,0.624
9885.1,g1,tick,16.1,0.613
9885.1,g2,tick,13.6,0.633
9885.1,g4,tick,15.5,0.624
9885.5,g4,cnp,15.5,0.624
9885.6,g1,cnp,16.1,0.613
9886.5,g2,cnp,13.6,0.633
9890.1,g1,tick,16.1,0.613
9890.1,g2,tick,13.6,0.633
9890.1,g4,tick,15.5,0.624
9896.9,g1,tick,19.4,0.575
9898.6,g2,tick,16.5,0.594
9900.1,g4,tick,18.8,0.585
9901.4,g1,tick,21.1,0.539
9902.8,g2,tick,18.0,0.556
9904.4,g4,tick,20.5,0.549
9906.5,g1,tick,22.0,0.505
9908.3,g2,tick,18.8,0.522
9909.7,g4,tick,21.3,0.514
9910.1,g1,tick,22.4,0.474
9910.1,g2,tick,19.1,0.489
9910.1,g4,tick,21.7,0.482
9916.5,g1,tick,22.6,0.444
9917.8,g2,tick,19.3,0.458
9919.4,g4,tick,21.9,0.452
9921.5,g1,tick,27.7,0.416
9922.8,g2,tick,24.4,0.430
9924.4,g4,tick,27.0,0.424
9926.4,g1,tick,35.2,0.390
9927.8,g2,tick,32.0,0.403
9929.3,g4,tick,34.6,0.397
9931.4,g1,tick,44.0,0.366
9932.8,g2,tick,40.7,0.378
9934.1,g4,tick,43.4,0.372
9936.5,g1,tick,53.4,0.343
9937.9,g2,tick,50.1,0.354
9939.3,g4,tick,52.7,0.349
9941.5,g1,tick,63.1,0.322
9942.8,g2,tick,59.8,0.332
9944.4,g4,tick,62.4,0.327
9946.6,g1,tick,93.0,0.302
9948.2,g2,tick,89.7,0.311
9949.7,g4,tick,92.3,0.307
9951.7,g1,tick,132.9,0.283
9953.2,g2,tick,129.6,0.292
9955.0,g4,tick,132.2,0.288
9956.4,g1,tick,177.8,0.265
9957.9,g2,tick,174.5,0.274
9959.5,g4,tick,177.2,0.270
9961.5,g1,tick,225.3,0.248
9963.0,g2,tick,222.0,0.256
9964.6,g4,tick,224.6,0.253
9964.7,g4,cut,196.2,0.300
9967.6,g1,tick,274.1,0.233
9969.2,g2,tick,270.8,0.240
9969.2,g4,tick,196.2,0.300
9969.2,g1,cut,242.1,0.281
9969.2,g1,cnp,242.1,0.281
9970.7,g2,cut,238.2,0.288
9970.8,g2,cnp,238.2,0.288
9972.3,g4,cnp,196.2,0.300
9972.3,g4,cnp,196.2,0.300
9972.3,g1,tick,242.1,0.281
9972.3,g2,tick,238.2,0.288
9972.3,g4,tick,196.2,0.300
9972.3,g1,cnp,242.1,0.281
9972.3,g2,cnp,238.2,0.288
9972.7,g4,cnp,196.2,0.300
9974.1,g2,cnp,238.2,0.288
9974.2,g1,cnp,242.1,0.281
9974.9,g4,cut,166.9,0.343
9976.3,g1,tick,242.1,0.281
9976.3,g2,tick,238.2,0.288
9976.3,g4,tick,166.9,0.343
9976.3,g2,cnp,238.2,0.288
9976.5,g1,cnp,242.1,0.281
9977.1,g4,cnp,166.9,0.343
9978.5,g2,cnp,238.2,0.288
9978.7,g1,cnp,242.1,0.281
9979.4,g4,cnp,166.9,0.343
9980.1,g1,tick,242.1,0.281
9980.1,g2,tick,238.2,0.288
9980.1,g4,tick,166.9,0.343
9980.6,g2,cnp,238.2,0.288
9980.8,g1,cut,208.1,0.326
9982.3,g4,cnp,166.9,0.343
9982.6,g2,cut,203.9,0.332
9984.0,g1,cnp,208.1,0.326
9984.2,g4,cnp,166.9,0.343
9984.7,g2,cnp,203.9,0.332
9985.0,g1,cnp,208.1,0.326
9985.0,g1,tick,208.1,0.326
9985.0,g2,tick,203.9,0.332
9985.0,g4,tick,166.9,0.343
9986.3,g4,cut,138.2,0.384
9987.9,g1,cnp,208.1,0.326
9987.9,g2,cnp,203.9,0.332
9988.3,g4,cnp,138.2,0.384
9988.8,g2,cnp,203.9,0.332
9989.2,g1,cnp,208.1,0.326
9990.1,g1,tick,208.1,0.326
9990.1,g2,tick,203.9,0.332
9990.1,g4,tick,138.2,0.384
9990.5,g4,cnp,138.2,0.384
9990.9,g2,cnp,203.9,0.332
9991.4,g1,cut,174.2,0.368
9993.2,g2,cut,170.0,0.374
9994.6,g4,cnp,138.2,0.384
9994.6,g1,cnp,174.2,0.368
9995.1,g1,tick,174.2,0.368
9995.1,g2,tick,170.0,0.374
9995.1,g4,tick,138.2,0.384
9995.2,g4,cnp,138.2,0.384
9995.3,g2,cnp,170.0,0.374
9995.8,g1,cnp,174.2,0.368
9997.3,g2,cnp,170.0,0.374
9997.4,g4,cut,111.7,0.423
9999.1,g1,cnp,174.2,0.368
9999.5,g2,cnp,170.0,0.374
9999.5,g4,cnp,111.7,0.423
10000.1,g1,tick,174.2,0.368
10000.1,g2,tick,170.0,0.374
10000.1,g4,tick,111.7,0.423
10000.2,g1,cnp,174.2,0.368
10001.5,g2,cnp,170.0,0.374
10001.6,g4,cnp,111.7,0.423
10002.3,g1,cut,142.2,0.407
10003.8,g2,cut,138.2,0.413
10005.2,g4,cnp,111.7,0.423
10005.3,g1,tick,142.2,0.407
10005.3,g2,tick,138.2,0.413
10005.3,g4,tick,111.7,0.423
10005.3,g1,cnp,142.2,0.407
10005.8,g2,cnp,138.2,0.413
10006.0,g4,cnp,111.7,0.423
10006.5,g1,cnp,142.2,0.407
10007.9,g2,cnp,138.2,0.413
10008.1,g4,cut,88.0,0.459
10009.5,g1,cnp,142.2,0.407
10010.0,g2,cnp,138.2,0.413
10010.1,g1,tick,142.2,0.407
10010.1,g2,tick,138.2,0.413
10010.1,g4,tick,88.0,0.459
10010.2,g4,cnp,88.0,0.459
10011.0,g1,cnp,142.2,0.407
10012.2,g2,cnp,138.2,0.413
10012.4,g4,cnp,88.0,0.459
10013.2,g1,cut,113.2,0.444
10014.8,g2,cut,109.7,0.450
10016.4,g4,cnp,88.0,0.459
10016.4,g1,tick,113.2,0.444
10016.4,g2,tick,109.7,0.450
10016.4,g4,tick,88.0,0.459
10016.4,g1,cnp,113.2,0.444
10016.4,g2,cnp,109.7,0.450
10016.8,g4,cnp,88.0,0.459
10017.7,g1,cnp,113.2,0.444
10018.4,g2,cnp,109.7,0.450
10019.1,g4,cut,67.8,0.493
10020.7,g1,tick,113.2,0.444
10020.7,g2,tick,109.7,0.450
10020.7,g4,tick,67.8,0.493
10020.7,g1,cnp,113.2,0.444
10020.8,g2,cnp,109.7,0.450
10021.7,g4,cnp,67.8,0.493
10021.9,g1,cnp,113.2,0.444
10023.0,g2,cnp,109.7,0.450
10024.1,g4,cnp,67.8,0.493
10024.2,g1,cut,88.1,0.479
10025.9,g1,tick,88.1,0.479
10025.9,g2,tick,109.7,0.450
10025.9,g4,tick,67.8,0.493
10025.9,g2,cut,85.0,0.484
10027.7,g1,cnp,88.1,0.479
10027.7,g2,cnp,85.0,0.484
10027.7,g4,cnp,67.8,0.493
10028.4,g1,cnp,88.1,0.479
10028.6,g4,cnp,67.8,0.493
10030.0,g2,cnp,85.0,0.484
10030.0,g1,tick,88.1,0.479
10030.0,g2,tick,85.0,0.484
10030.0,g4,tick,67.8,0.493
10030.7,g1,cnp,88.1,0.479
10030.9,g4,cut,51.1,0.524
10032.8,g2,cnp,85.0,0.484
10033.1,g4,cnp,51.1,0.524
10034.1,g1,cnp,88.1,0.479
10035.1,g1,tick,88.1,0.479
10035.1,g2,tick,85.0,0.484
10035.1,g4,tick,51.1,0.524
10035.2,g4,cnp,51.1,0.524
10035.9,g2,cnp,85.0,0.484
10036.3,g1,cut,67.0,0.512
10037.7,g4,cnp,51.1,0.524
10038.0,g2,cut,64.4,0.517
10040.0,g1,cnp,67.0,0.512
10040.0,g4,cnp,51.1,0.524
10040.1,g1,tick,67.0,0.512
10040.1,g2,tick,64.4,0.517
10040.1,g4,tick,51.1,0.524
10041.2,g2,cnp,64.4,0.517
10041.8,g4,cut,37.7,0.554
10043.5,g1,cnp,67.0,0.512
10043.5,g2,cnp,64.4,0.517
10043.8,g4,cnp,37.7,0.554
10045.0,g1,cnp,67.0,0.512
10045.0,g1,tick,67.0,0.512
10045.0,g2,tick,64.4,0.517
10045.0,g4,tick,37.7,0.554
10045.9,g4,cnp,37.7,0.554
10046.6,g2,cnp,64.4,0.517
10047.3,g1,cut,49.8,0.542
10049.2,g2,cut,47.8,0.547
10050.7,g4,cnp,37.7,0.554
10050.7,g4,cnp,37.7,0.554
10050.7,g1,tick,49.8,0.542
10050.7,g2,tick,47.8,0.547
10050.7,g4,tick,37.7,0.554
10050.8,g1,cnp,49.8,0.542
10051.5,g2,cnp,47.8,0.547
10052.3,g1,cnp,49.8,0.542
10052.7,g4,cut,27.3,0.582
10054.4,g2,cnp,47.8,0.547
10054.9,g4,cnp,27.3,0.582
10055.1,g1,cnp,49.8,0.542
10055.1,g1,tick,49.8,0.542
10055.1,g2,tick,47.8,0.547
10055.1,g4,tick,27.3,0.582
10056.2,g2,cnp,47.8,0.547
10057.0,g4,cnp,27.3,0.582
10057.2,g1,cnp,49.8,0.542
10058.3,g2,cnp,47.8,0.547
10059.1,g4,cnp,27.3,0.582
10059.3,g1,cut,36.3,0.571
10061.0,g1,tick,36.3,0.571
10061.0,g2,tick,47.8,0.547
10061.0,g4,tick,27.3,0.582
10061.0,g2,cut,34.7,0.575
10062.9,g1,cnp,36.3,0.571
10062.9,g2,cnp,34.7,0.575
10062.9,g4,cut,19.3,0.608
10064.4,g1,cnp,36.3,0.571
10064.4,g4,cnp,19.3,0.608
10064.7,g2,cnp,34.7,0.575
10065.1,g1,tick,36.3,0.571
10065.1,g2,tick,34.7,0.575
10065.1,g4,tick,19.3,0.608
10065.5,g4,cnp,19.3,0.608
10065.7,g1,cnp,36.3,0.571
10066.9,g2,cnp,34.7,0.575
10067.6,g4,cnp,19.3,0.608
10067.7,g1,cnp,36.3,0.571
10069.0,g2,cnp,34.7,0.575
10069.8,g1,cut,25.9,0.598
10071.3,g1,tick,25.9,0.598
10071.3,g2,tick,34.7,0.575
10071.3,g4,tick,19.3,0.608
10071.3,g2,cut,24.7,0.602
10072.9,g4,cnp,19.3,0.608
10072.9,g4,cnp,19.3,0.608
10072.9,g1,cnp,25.9,0.598
10073.5,g2,cnp,24.7,0.602
10074.0,g1,cnp,25.9,0.598
10074.5,g4,cut,13.5,0.633
10075.9,g1,tick,25.9,0.598
10075.9,g2,tick,24.7,0.602
10075.9,g4,tick,13.5,0.633
10075.9,g2,cnp,24.7,0.602
10076.2,g1,cnp,25.9,0.598
10076.6,g4,cnp,13.5,0.633
10078.0,g2,cnp,24.7,0.602
10078.4,g1,cnp,25.9,0.598
10079.1,g4,cnp,13.5,0.633
10080.0,g1,tick,25.9,0.598
10080.0,g2,tick,24.7,0.602
10080.0,g4,tick,13.5,0.633
10080.3,g2,cnp,24.7,0.602
10080.4,g1,cut,18.2,0.623
10081.9,g4,cnp,13.5,0.633
10082.4,g2,cut,17.3,0.627
10083.9,g1,cnp,18.2,0.623
10083.9,g4,cnp,13.5,0.633
10084.4,g2,cnp,17.3,0.627
10084.9,g1,cnp,18.2,0.623
10085.1,g1,tick,18.2,0.623
10085.1,g2,tick,17.3,0.627
10085.1,g4,tick,13.5,0.633
10086.1,g4,cut,9.2,0.656
10087.5,g1,cnp,18.2,0.623
10087.5,g2,cnp,17.3,0.627
10088.5,g4,cnp,9.2,0.656
10088.7,g2,cnp,17.3,0.627
10089.1,g1,cnp,18.2,0.623
10090.1,g1,tick,18.2,0.623
10090.1,g2,tick,17.3,0.627
10090.1,g4,tick,9.2,0.656
10090.9,g4,cnp,9.2,0.656
10090.9,g2,cnp,17.3,0.627
10091.3,g1,cut,12.5,0.646
10095.1,g1,tick,12.5,0.646
10095.1,g2,tick,17.3,0.627
10095.1,g4,tick,9.2,0.656
10101.6,g1,tick,15.4,0.606
10103.2,g2,tick,21.0,0.587
10105.2,g4,tick,11.3,0.615
10106.6,g1,tick,16.8,0.568
10108.3,g2,tick,22.9,0.551
10109.7,g4,tick,12.4,0.576
10111.8,g1,tick,17.5,0.533
10113.4,g2,tick,23.8,0.516
10114.7,g4,tick,12.9,0.540
10116.6,g1,tick,17.8,0.499
10116.6,g2,tick,24.3,0.484
10117.9,g4,tick,13.2,0.506
10120.1,g1,tick,18.0,0.468
10121.6,g2,tick,24.5,0.454
10121.6,g4,tick,13.3,0.475
10126.5,g1,tick,23.1,0.439
10128.0,g2,tick,29.6,0.425
10129.6,g4,tick,18.4,0.445
10132.2,g1,tick,30.6,0.411
10133.8,g2,tick,37.2,0.399
10135.1,g4,tick,25.9,0.417
10136.6,g1,tick,39.4,0.386
10138.2,g2,tick,46.0,0.374
10139.9,g4,tick,34.7,0.391
10141.6,g1,tick,48.8,0.362
10143.2,g2,tick,55.3,0.351
10144.7,g4,tick,44.1,0.367
10146.5,g1,tick,58.5,0.339
10147.9,g2,tick,65.0,0.329
10149.6,g4,tick,53.8,0.344
10151.8,g1,tick,88.3,0.318
10153.3,g2,tick,94.9,0.308
10154.9,g4,tick,83.6,0.322
10156.6,g1,tick,128.3,0.298
10158.4,g2,tick,134.8,0.289
10159.8,g4,tick,123.5,0.302
10161.8,g1,tick,173.2,0.279
10163.2,g2,tick,179.8,0.271
10165.0,g4,tick,168.5,0.283
10166.4,g1,tick,220.7,0.262
10167.7,g2,tick,227.3,0.254
10169.3,g4,tick,216.0,0.266
10169.3,g2,cut,198.4,0.300
10172.3,g1,tick,269.5,0.246
10172.3,g2,tick,198.4,0.300
10173.5,g4,tick,264.7,0.249
10173.6,g1,cut,236.4,0.293
10174.9,g2,cnp,198.4,0.300
10174.9,g2,cnp,198.4,0.300
10174.9,g4,cut,231.8,0.296
10174.9,g4,cnp,231.8,0.296
10176.2,g1,tick,236.4,0.293
10176.2,g2,tick,198.4,0.300
10176.2,g4,tick,231.8,0.296
10176.2,g1,cnp,236.4,0.293
10176.2,g4,cnp,231.8,0.296
10176.3,g2,cnp,198.4,0.300
10176.9,g1,cnp,236.4,0.293
10178.4,g4,cnp,231.8,0.296
10178.6,g2,cnp,198.4,0.300
10179.2,g1,cnp,236.4,0.293
10180.1,g1,tick,236.4,0.293
10180.1,g2,tick,198.4,0.300
10180.1,g4,tick,231.8,0.296
10180.5,g4,cnp,231.8,0.296
10180.6,g2,cut,168.6,0.344
10182.0,g1,cnp,236.4,0.293
10182.7,g4,cnp,231.8,0.296
10182.8,g2,cnp,168.6,0.344
10183.5,g1,cnp,236.4,0.293
10184.8,g4,cnp,231.8,0.296
10185.0,g2,cnp,168.6,0.344
10185.0,g1,tick,236.4,0.293
10185.0,g2,tick,168.6,0.344
10185.0,g4,tick,231.8,0.296
10185.7,g1,cut,201.8,0.337
10187.4,g2,cnp,168.6,0.344
10187.4,g4,cut,197.5,0.340
10188.8,g1,cnp,201.8,0.337
10189.1,g4,cnp,197.5,0.340
10189.3,g2,cnp,168.6,0.344
10190.1,g1,tick,201.8,0.337
10190.1,g2,tick,168.6,0.344
10190.1,g4,tick,197.5,0.340
10190.1,g1,cnp,201.8,0.337
10191.2,g4,cnp,197.5,0.340
10191.6,g2,cut,139.6,0.385
10193.0,g1,cnp,201.8,0.337
10193.4,g4,cnp,197.5,0.340
10193.8,g2,cnp,139.6,0.385
10194.6,g1,cnp,201.8,0.337
10195.1,g1,tick,201.8,0.337
10195.1,g2,tick,139.6,0.385
10195.1,g4,tick,197.5,0.340
10195.7,g4,cnp,197.5,0.340
10196.0,g2,cnp,139.6,0.385
10196.8,g1,cut,167.8,0.378
10198.3,g2,cnp,139.6,0.385
10198.3,g4,cut,163.9,0.381
10199.9,g1,cnp,167.8,0.378
10199.9,g4,cnp,163.9,0.381
10200.1,g1,tick,167.8,0.378
10200.1,g2,tick,139.6,0.385
10200.1,g4,tick,163.9,0.381
10200.8,g2,cnp,139.6,0.385
10201.0,g1,cnp,167.8,0.378
10201.9,g4,cnp,163.9,0.381
10203.0,g2,cut,112.7,0.424
10204.8,g1,cnp,167.8,0.378
10204.8,g4,cnp,163.9,0.381
10205.1,g1,tick,167.8,0.378
10205.1,g2,tick,112.7,0.424
10205.1,g4,tick,163.9,0.381
10205.3,g2,cnp,112.7,0.424
10205.5,g1,cnp,167.8,0.378
10206.2,g4,cnp,163.9,0.381
10207.4,g2,cnp,112.7,0.424
10207.5,g1,cut,136.1,0.417
10209.3,g4,cut,132.7,0.420
10211.0,g1,tick,136.1,0.417
10211.0,g2,tick,112.7,0.424
10211.0,g4,tick,132.7,0.420
10211.0,g1,cnp,136.1,0.417
10211.0,g2,cnp,112.7,0.424
10211.0,g4,cnp,132.7,0.420
10211.5,g2,cnp,112.7,0.424
10211.9,g1,cnp,136.1,0.417
10212.7,g4,cnp,132.7,0.420
10213.7,g2,cut,88.8,0.460
10215.1,g1,tick,136.1,0.417
10215.1,g2,tick,88.8,0.460
10215.1,g4,tick,132.7,0.420
10215.1,g1,cnp,136.1,0.417
10215.1,g4,cnp,132.7,0.420
10215.8,g2,cnp,88.8,0.460
10216.2,g1,cnp,136.1,0.417
10217.0,g4,cnp,132.7,0.420
10218.2,g2,cnp,88.8,0.460
10218.3,g1,cut,107.7,0.454
10219.9,g4,cut,104.8,0.456
10221.2,g1,tick,107.7,0.454
10221.2,g2,tick,88.8,0.460
10221.2,g4,tick,104.8,0.456
10221.2,g1,cnp,107.7,0.454
10221.2,g2,cnp,88.8,0.460
10221.3,g4,cnp,104.8,0.456
10222.7,g1,cnp,107.7,0.454
10222.8,g2,cnp,88.8,0.460
10223.5,g4,cnp,104.8,0.456
10224.9,g1,cnp,107.7,0.454
10225.0,g2,cut,68.4,0.493
10226.6,g1,tick,107.7,0.454
10226.6,g2,tick,68.4,0.493
10226.6,g4,tick,104.8,0.456
10226.6,g4,cnp,104.8,0.456
10227.2,g1,cnp,107.7,0.454
10227.3,g2,cnp,68.4,0.493
10227.6,g4,cnp,104.8,0.456
10229.3,g1,cut,83.3,0.488
10230.9,g1,tick,83.3,0.488
10230.9,g2,tick,68.4,0.493
10230.9,g4,tick,104.8,0.456
10230.9,g2,cnp,68.4,0.493
10230.9,g4,cut,80.9,0.490
10232.6,g1,cnp,83.3,0.488
10232.6,g2,cnp,68.4,0.493
10232.6,g4,cnp,80.9,0.490
10233.5,g1,cnp,83.3,0.488
10233.6,g2,cnp,68.4,0.493
10233.9,g4,cnp,80.9,0.490
10235.1,g1,tick,83.3,0.488
10235.1,g2,tick,68.4,0.493
10235.1,g4,tick,80.9,0.490
10235.5,g1,cnp,83.3,0.488
10235.7,g2,cut,51.5,0.525
10237.8,g2,cnp,51.5,0.525
10237.9,g4,cnp,80.9,0.490
10238.0,g4,cnp,80.9,0.490
10239.1,g1,cnp,83.3,0.488
10240.0,g2,cnp,51.5,0.525
10240.0,g1,tick,83.3,0.488
10240.0,g2,tick,51.5,0.525
10240.0,g4,tick,80.9,0.490
10240.2,g4,cnp,80.9,0.490
10241.4,g1,cut,63.0,0.520
10242.9,g2,cnp,51.5,0.525
10242.9,g4,cut,61.1,0.522
10245.0,g1,cnp,63.0,0.520
10245.0,g2,cnp,51.5,0.525
10245.0,g1,tick,63.0,0.520
10245.0,g2,tick,51.5,0.525
10245.0,g4,tick,61.1,0.522
10245.3,g4,cnp,61.1,0.522
10245.7,g1,cnp,63.0,0.520
10246.5,g2,cut,38.0,0.555
10247.9,g1,cnp,63.0,0.520
10247.9,g4,cnp,61.1,0.522
10248.6,g2,cnp,38.0,0.555
10250.1,g1,cnp,63.0,0.520
10250.1,g1,tick,63.0,0.520
10250.1,g2,tick,38.0,0.555
10250.1,g4,tick,61.1,0.522
10250.7,g2,cnp,38.0,0.555
10250.8,g4,cnp,61.1,0.522
10252.2,g1,cut,46.6,0.550
10253.5,g2,cnp,38.0,0.555
10253.5,g4,cut,45.1,0.552
10254.8,g1,cnp,46.6,0.550
10255.0,g4,cnp,45.1,0.552
10255.1,g1,tick,46.6,0.550
10255.1,g2,tick,38.0,0.555
10255.1,g4,tick,45.1,0.552
10255.2,g2,cnp,38.0,0.555
10256.6,g1,cnp,46.6,0.550
10257.1,g4,cnp,45.1,0.552
10257.4,g2,cut,27.5,0.583
10258.7,g1,cnp,46.6,0.550
10259.3,g4,cnp,45.1,0.552
10259.5,g2,cnp,27.5,0.583
10260.1,g1,tick,46.6,0.550
10260.1,g2,tick,27.5,0.583
10260.1,g4,tick,45.1,0.552
10260.9,g1,cnp,46.6,0.550
10261.3,g4,cnp,45.1,0.552
10261.7,g2,cnp,27.5,0.583
10263.2,g1,cut,33.8,0.578
10264.8,g2,cnp,27.5,0.583
10264.8,g4,cut,32.7,0.580
10266.4,g1,tick,33.8,0.578
10266.4,g2,tick,27.5,0.583
10266.4,g4,tick,32.7,0.580
10266.4,g1,cnp,33.8,0.578
10266.4,g2,cnp,27.5,0.583
10266.4,g4,cnp,32.7,0.580
10267.3,g1,cnp,33.8,0.578
10267.8,g4,cnp,32.7,0.580
10268.3,g2,cut,19.5,0.609
10269.6,g1,cnp,33.8,0.578
10269.9,g4,cnp,32.7,0.580
10270.1,g1,tick,33.8,0.578
10270.1,g2,tick,19.5,0.609
10270.1,g4,tick,32.7,0.580
10270.4,g2,cnp,19.5,0.609
10271.4,g1,cnp,33.8,0.578
10272.0,g4,cnp,32.7,0.580
10272.7,g2,cnp,19.5,0.609
10273.6,g1,cut,24.0,0.604
10275.1,g1,tick,24.0,0.604
10275.1,g2,tick,19.5,0.609
10275.2,g4,tick,32.7,0.580
10275.2,g2,cnp,19.5,0.609
10275.2,g4,cut,23.2,0.606
10276.5,g1,cnp,24.0,0.604
10276.5,g4,cnp,23.2,0.606
10277.3,g2,cnp,19.5,0.609
10277.9,g1,cnp,24.0,0.604
10278.4,g4,cnp,23.2,0.606
10279.5,g2,cut,13.5,0.633
10281.0,g1,tick,24.0,0.604
10281.1,g2,tick,13.5,0.633
10281.1,g4,tick,23.2,0.606
10281.1,g1,cnp,24.0,0.604
10281.1,g4,cnp,23.2,0.606
10281.9,g2,cnp,13.5,0.633
10282.0,g1,cnp,24.0,0.604
10282.5,g4,cnp,23.2,0.606
10284.2,g2,cnp,13.5,0.633
10284.4,g1,cut,16.8,0.629
10285.8,g1,tick,16.8,0.629
10285.8,g2,tick,13.5,0.633
10285.8,g4,tick,23.2,0.606
10285.8,g4,cut,16.2,0.631
10287.3,g1,cnp,16.8,0.629
10287.3,g2,cnp,13.5,0.633
10287.3,g4,cnp,16.2,0.631
10288.4,g2,cnp,13.5,0.633
10288.7,g1,cnp,16.8,0.629
10288.8,g4,cnp,16.2,0.631
10290.1,g1,tick,16.8,0.629
10290.1,g2,tick,13.5,0.633
10290.1,g4,tick,16.2,0.631
10290.6,g2,cut,9.3,0.656
10292.1,g1,cnp,16.8,0.629
10292.1,g4,cnp,16.2,0.631
10292.9,g2,cnp,9.3,0.656
10293.0,g1,cnp,16.8,0.629
10293.2,g4,cnp,16.2,0.631
10295.1,g1,tick,16.8,0.629
10295.1,g2,tick,9.3,0.656
10295.1,g4,tick,16.2,0.631
10295.4,g1,cut,11.5,0.652
10300.1,g1,tick,11.5,0.652
10301.7,g2,tick,11.4,0.615
10303.2,g4,tick,19.7,0.591
10306.7,g1,tick,14.1,0.611
10308.2,g2,tick,12.5,0.577
10309.6,g4,tick,21.4,0.554
10311.4,g1,tick,15.4,0.573
10313.0,g2,tick,13.0,0.541
10314.4,g4,tick,22.3,0.520
10316.5,g1,tick,16.1,0.537
10317.8,g2,tick,13.3,0.507
10317.8,g4,tick,22.8,0.487
10321.6,g1,tick,16.4,0.504
10321.6,g2,tick,13.4,0.475
10323.0,g4,tick,23.0,0.457
10325.1,g1,tick,16.6,0.472
10326.5,g2,tick,18.5,0.445
10328.0,g4,tick,28.1,0.428
10331.7,g1,tick,21.7,0.443
10333.0,g2,tick,26.0,0.418
10334.3,g4,tick,35.7,0.401
10336.7,g1,tick,29.2,0.415
10338.2,g2,tick,34.8,0.391
10339.8,g4,tick,44.4,0.376
10341.4,g1,tick,38.0,0.389
10342.8,g2,tick,44.2,0.367
10344.2,g4,tick,53.8,0.353
10346.5,g1,tick,47.4,0.365
10348.0,g2,tick,53.8,0.344
10349.3,g4,tick,63.5,0.331
10351.4,g1,tick,57.1,0.342
10353.0,g2,tick,83.7,0.323
10354.6,g4,tick,93.4,0.310
10356.6,g1,tick,86.9,0.321
10358.0,g2,tick,123.6,0.302
10359.3,g4,tick,133.3,0.291
10361.7,g1,tick,126.8,0.301
10363.2,g2,tick,168.6,0.284
10364.6,g4,tick,178.2,0.273
10366.4,g1,tick,171.8,0.282
10367.8,g2,tick,216.1,0.266
10369.1,g4,tick,225.7,0.256
10371.4,g1,tick,219.3,0.264
10372.7,g2,tick,264.8,0.249
10374.3,g4,tick,274.5,0.240
10374.3,g2,cut,231.8,0.296
10375.9,g4,cut,241.6,0.287
10375.9,g4,cnp,241.6,0.287
10375.9,g4,cnp,241.6,0.287
10378.6,g1,tick,268.0,0.248
10378.6,g2,tick,231.8,0.296
10378.7,g4,tick,241.6,0.287
10378.7,g1,cut,234.8,0.295
10378.7,g1,cnp,234.8,0.295
10380.4,g2,cnp,231.8,0.296
10380.4,g2,cnp,231.8,0.296
10380.4,g2,cnp,231.8,0.296
10380.4,g4,cnp,241.6,0.287
10380.4,g4,cnp,241.6,0.287
10380.4,g1,tick,234.8,0.295
10380.4,g2,tick,231.8,0.296
10380.4,g4,tick,241.6,0.287
10380.4,g1,cnp,234.8,0.295
10381.6,g2,cnp,231.8,0.296
10382.0,g1,cnp,234.8,0.295
10382.4,g4,cnp,241.6,0.287
10383.6,g2,cnp,231.8,0.296
10384.1,g1,cnp,234.8,0.295
10384.5,g4,cnp,241.6,0.287
10385.1,g1,tick,234.8,0.295
10385.1,g2,tick,231.8,0.296
10385.1,g4,tick,241.6,0.287
10385.9,g2,cut,197.5,0.340
10387.2,g1,cnp,234.8,0.295
10387.3,g4,cut,206.9,0.332
10388.9,g1,cut,200.2,0.339
10390.2,g2,cnp,197.5,0.340
10390.2,g2,cnp,197.5,0.340
10390.2,g4,cnp,206.9,0.332
10390.2,g1,tick,200.2,0.339
10390.2,g2,tick,197.5,0.340
10390.2,g4,tick,206.9,0.332
10390.8,g1,cnp,200.2,0.339
10391.0,g4,cnp,206.9,0.332
10392.5,g2,cnp,197.5,0.340
10392.9,g1,cnp,200.2,0.339
10393.0,g4,cnp,206.9,0.332
10394.8,g2,cnp,197.5,0.340
10395.0,g1,cnp,200.2,0.339
10395.0,g1,tick,200.2,0.339
10395.0,g2,tick,197.5,0.340
10395.0,g4,tick,206.9,0.332
10395.2,g4,cnp,206.9,0.332
10396.8,g2,cut,163.9,0.381
10398.3,g1,cnp,200.2,0.339
10398.3,g4,cut,172.6,0.373
10399.7,g1,cut,166.3,0.380
10401.1,g2,cnp,163.9,0.381
10401.1,g4,cnp,172.6,0.373
10401.1,g1,tick,166.3,0.380
10401.1,g2,tick,163.9,0.381
10401.1,g4,tick,172.6,0.373
10401.4,g2,cnp,163.9,0.381
10401.7,g1,cnp,166.3,0.380
10401.9,g4,cnp,172.6,0.373
10403.7,g1,cnp,166.3,0.380
10403.8,g2,cnp,163.9,0.381
10404.3,g4,cnp,172.6,0.373
10405.1,g1,tick,166.3,0.380
10405.1,g2,tick,163.9,0.381
10405.1,g4,tick,172.6,0.373
10405.9,g2,cnp,163.9,0.381
10406.0,g1,cnp,166.3,0.380
10406.5,g4,cnp,172.6,0.373
10408.0,g2,cut,132.7,0.420
10409.6,g1,cnp,166.3,0.380
10409.6,g4,cut,140.4,0.413
10411.0,g1,tick,166.3,0.380
10411.0,g2,tick,132.7,0.420
10411.0,g4,tick,140.4,0.413
10411.0,g1,cut,134.7,0.419
10412.3,g2,cnp,132.7,0.420
10412.3,g4,cnp,140.4,0.413
10412.5,g1,cnp,134.7,0.419
10412.6,g2,cnp,132.7,0.420
10413.4,g4,cnp,140.4,0.413
10414.7,g2,cnp,132.7,0.420
10414.8,g1,cnp,134.7,0.419
10415.1,g1,tick,134.7,0.419
10415.1,g2,tick,132.7,0.420
10415.1,g4,tick,140.4,0.413
10415.6,g4,cnp,140.4,0.413
10416.8,g2,cnp,132.7,0.420
10417.0,g1,cnp,134.7,0.419
10417.8,g4,cnp,140.4,0.413
10419.1,g2,cut,104.8,0.456
10420.8,g1,tick,134.7,0.419
10420.8,g2,tick,104.8,0.456
10420.8,g4,tick,140.4,0.413
10420.8,g1,cnp,134.7,0.419
10420.8,g4,cut,111.4,0.449
10422.2,g1,cut,106.5,0.455
10423.6,g2,cnp,104.8,0.456
10423.6,g2,cnp,104.8,0.456
10423.6,g4,cnp,111.4,0.449
10423.6,g1,cnp,106.5,0.455
10424.4,g4,cnp,111.4,0.449
10425.1,g1,tick,106.5,0.455
10425.1,g2,tick,104.8,0.456
10425.1,g4,tick,111.4,0.449
10425.7,g1,cnp,106.5,0.455
10425.8,g2,cnp,104.8,0.456
10426.7,g4,cnp,111.4,0.449
10427.8,g1,cnp,106.5,0.455
10427.9,g2,cnp,104.8,0.456
10429.0,g4,cnp,111.4,0.449
10429.8,g1,cnp,106.5,0.455
10430.1,g2,cut,80.9,0.490
10431.7,g1,tick,106.5,0.455
10431.7,g2,tick,80.9,0.490
10431.7,g4,tick,111.4,0.449
10431.7,g4,cut,86.4,0.484
10433.1,g1,cut,82.2,0.489
10434.6,g2,cnp,80.9,0.490
10434.6,g2,cnp,80.9,0.490
10434.6,g4,cnp,86.4,0.484
10435.0,g1,cnp,82.2,0.489
10435.1,g1,tick,82.2,0.489
10435.1,g2,tick,80.9,0.490
10435.1,g4,tick,86.4,0.484
10435.7,g4,cnp,86.4,0.484
10436.8,g2,cnp,80.9,0.490
10437.2,g1,cnp,82.2,0.489
10437.9,g4,cnp,86.4,0.484
10439.2,g2,cnp,80.9,0.490
10440.1,g1,tick,82.2,0.489
10440.1,g2,tick,80.9,0.490
10440.1,g4,tick,86.4,0.484
10440.5,g4,cnp,86.4,0.484
10440.7,g1,cnp,82.2,0.489
10441.6,g2,cut,61.1,0.522
10443.4,g1,cut,62.1,0.521
10446.1,g4,cut,65.5,0.516
10446.1,g4,cnp,65.5,0.516
10447.9,g1,tick,62.1,0.521
10447.9,g2,tick,61.1,0.522
10447.9,g4,tick,65.5,0.516
10447.9,g1,cnp,62.1,0.521
10447.9,g2,cnp,61.1,0.522
10447.9,g2,cnp,61.1,0.522
10448.1,g4,cnp,65.5,0.516
10448.4,g1,cnp,62.1,0.521
10449.9,g2,cnp,61.1,0.522
10450.1,g1,tick,62.1,0.521
10450.1,g2,tick,61.1,0.522
10450.1,g4,tick,65.5,0.516
10450.8,g4,cnp,65.5,0.516
10451.4,g1,cnp,62.1,0.521
10452.0,g2,cut,45.1,0.552
10453.5,g4,cnp,65.5,0.516
10453.6,g1,cut,45.9,0.551
10455.2,g1,tick,45.9,0.551
10455.2,g2,tick,45.1,0.552
10455.2,g4,tick,65.5,0.516
10455.2,g2,cnp,45.1,0.552
10456.1,g4,cut,48.6,0.546
10457.9,g1,cnp,45.9,0.551
10457.9,g2,cnp,45.1,0.552
10458.2,g4,cnp,48.6,0.546
10459.0,g1,cnp,45.9,0.551
10460.1,g1,tick,45.9,0.551
10460.1,g2,tick,45.1,0.552
10460.1,g4,tick,48.6,0.546
10460.3,g4,cnp,48.6,0.546
10460.7,g2,cnp,45.1,0.552
10461.3,g1,cnp,45.9,0.551
10462.5,g4,cnp,48.6,0.546
10463.0,g2,cut,32.7,0.580
10464.7,g1,cut,33.3,0.579
10466.3,g1,tick,33.3,0.579
10466.3,g2,tick,32.7,0.580
10466.3,g4,tick,48.6,0.546
10466.3,g1,cnp,33.3,0.579
10466.3,g2,cnp,32.7,0.580
10466.3,g4,cut,35.3,0.575
10468.0,g1,cnp,33.3,0.579
10468.0,g2,cnp,32.7,0.580
10468.0,g4,cnp,35.3,0.575
10469.0,g4,cnp,35.3,0.575
10469.1,g2,cnp,32.7,0.580
10469.9,g1,cnp,33.3,0.579
10470.1,g1,tick,33.3,0.579
10470.1,g2,tick,32.7,0.580
10470.1,g4,tick,35.3,0.575
10471.5,g2,cnp,32.7,0.580
10471.5,g4,cnp,35.3,0.575
10472.0,g1,cnp,33.3,0.579
10473.7,g2,cut,23.2,0.606
10475.7,g1,tick,33.3,0.579
10475.7,g2,tick,23.2,0.606
10475.7,g4,tick,35.3,0.575
10475.8,g1,cut,23.6,0.605
10477.4,g2,cnp,23.2,0.606
10477.4,g4,cut,25.2,0.601
10477.4,g4,cnp,25.2,0.601
10479.6,g1,cnp,23.6,0.605
10479.6,g1,cnp,23.6,0.605
10479.6,g2,cnp,23.2,0.606
10479.6,g4,cnp,25.2,0.601
10480.1,g1,tick,23.6,0.605
10480.1,g2,tick,23.2,0.606
10480.1,g4,tick,25.2,0.601
10480.2,g2,cnp,23.2,0.606
10480.5,g4,cnp,25.2,0.601
10480.7,g1,cnp,23.6,0.605
10482.2,g2,cnp,23.2,0.606
10482.5,g4,cnp,25.2,0.601
10483.1,g1,cnp,23.6,0.605
10484.3,g2,cut,16.2,0.631
10486.1,g1,tick,23.6,0.605
10486.1,g2,tick,16.2,0.631
10486.1,g4,tick,25.2,0.601
10486.1,g1,cut,16.5,0.630
10488.0,g4,cut,17.6,0.626
10488.0,g4,cnp,17.6,0.626
10489.8,g1,cnp,16.5,0.630
10489.8,g1,cnp,16.5,0.630
10489.8,g2,cnp,16.2,0.631
10489.8,g2,cnp,16.2,0.631
10489.8,g4,cnp,17.6,0.626
10490.1,g1,tick,16.5,0.630
10490.1,g2,tick,16.2,0.631
10490.1,g4,tick,17.6,0.626
10491.0,g2,cnp,16.2,0.631
10491.1,g4,cnp,17.6,0.626
10491.9,g1,cnp,16.5,0.630
10493.1,g2,cnp,16.2,0.631
10493.3,g4,cnp,17.6,0.626
10494.0,g1,cnp,16.5,0.630
10495.1,g1,tick,16.5,0.630
10495.1,g2,tick,16.2,0.631
10495.1,g4,tick,17.6,0.626
10495.2,g2,cut,11.1,0.654
10497.3,g1,cut,11.3,0.653
10499.0,g4,cut,12.1,0.649
10499.0,g4,cnp,12.1,0.649
10500.7,g1,tick,11.3,0.653
10500.7,g2,tick,11.1,0.654
10500.7,g4,tick,12.1,0.649
10500.7,g1,cnp,11.3,0.653
10500.7,g1,cnp,11.3,0.653
10500.7,g2,cnp,11.1,0.654
10500.7,g2,cnp,11.1,0.654
10500.7,g4,cnp,12.1,0.649
10505.2,g1,tick,11.3,0.653
10505.2,g2,tick,11.1,0.654
10505.2,g4,tick,12.1,0.649
10511.8,g1,tick,13.9,0.612
10513.9,g2,tick,13.6,0.613
10515.5,g4,tick,14.9,0.609
10517.3,g1,tick,15.2,0.574
10519.1,g2,tick,14.9,0.575
10521.1,g4,tick,16.2,0.571
10522.7,g1,tick,15.8,0.538
10524.5,g2,tick,15.5,0.539
10525.9,g4,tick,16.9,0.535
10527.6,g1,tick,16.2,0.505
10529.1,g2,tick,15.8,0.505
10530.7,g4,tick,17.3,0.502
10530.7,g1,tick,16.3,0.473
10530.7,g2,tick,16.0,0.474
10530.7,g4,tick,17.4,0.470
10536.8,g1,tick,21.4,0.444
10538.6,g2,tick,21.1,0.444
10539.9,g4,tick,22.5,0.441
10541.8,g1,tick,28.9,0.416
10543.1,g2,tick,28.6,0.416
10544.5,g4,tick,30.1,0.413
10546.7,g1,tick,37.7,0.390
10548.2,g2,tick,37.4,0.390
10549.7,g4,tick,38.8,0.388
10551.8,g1,tick,47.1,0.365
10553.5,g2,tick,46.8,0.366
10555.2,g4,tick,48.2,0.363
10556.6,g1,tick,56.8,0.343
10558.0,g2,tick,56.5,0.343
10559.3,g4,tick,57.9,0.341
10561.4,g1,tick,86.6,0.321
10562.7,g2,tick,86.3,0.322
10564.1,g4,tick,87.8,0.319
10566.7,g1,tick,126.6,0.301
10568.4,g2,tick,126.2,0.301
10570.0,g4,tick,127.7,0.299
10571.6,g1,tick,171.5,0.282
10573.0,g2,tick,171.2,0.283
10574.4,g4,tick,172.6,0.281
10576.4,g1,tick,219.0,0.265
10577.7,g2,tick,218.7,0.265
10579.0,g4,tick,220.1,0.263
10579.5,g1,cut,190.0,0.311
10580.9,g1,tick,190.0,0.311
10582.2,g2,tick,267.4,0.248
10583.5,g4,tick,268.9,0.247
10583.5,g1,cnp,190.0,0.311
10583.6,g2,cut,234.2,0.295
10583.6,g2,cnp,234.2,0.295
10584.8,g4,cut,235.7,0.294
10584.8,g4,cnp,235.7,0.294
10584.8,g4,cnp,235.7,0.294
10586.2,g1,tick,190.0,0.311
10586.2,g2,tick,234.2,0.295
10586.2,g4,tick,235.7,0.294
10586.2,g1,cnp,190.0,0.311
10586.2,g2,cnp,234.2,0.295
10586.5,g4,cnp,235.7,0.294
10586.9,g1,cnp,190.0,0.311
10588.7,g2,cnp,234.2,0.295
10589.1,g4,cnp,235.7,0.294
10589.3,g1,cnp,190.0,0.311
10590.1,g1,tick,190.0,0.311
10590.1,g2,tick,234.2,0.295
10590.1,g4,tick,235.7,0.294
10590.9,g2,cnp,234.2,0.295
10591.5,g4,cnp,235.7,0.294
10591.5,g1,cut,160.5,0.354
10593.2,g2,cnp,234.2,0.295
10593.7,g4,cnp,235.7,0.294
10593.8,g1,cnp,160.5,0.354
10595.1,g1,tick,160.5,0.354
10595.1,g2,tick,234.2,0.295
10595.1,g4,tick,235.7,0.294
10595.2,g2,cut,199.6,0.339
10596.6,g1,cnp,160.5,0.354
10596.6,g4,cut,201.1,0.338
10598.3,g2,cnp,199.6,0.339
10598.3,g4,cnp,201.1,0.338
10598.8,g1,cnp,160.5,0.354
10599.4,g2,cnp,199.6,0.339
10600.0,g4,cnp,201.1,0.338
10600.0,g1,tick,160.5,0.354
10600.0,g2,tick,199.6,0.339
10600.0,g4,tick,201.1,0.338
10600.8,g1,cnp,160.5,0.354
10601.7,g2,cnp,199.6,0.339
10602.1,g4,cnp,201.1,0.338
10603.2,g1,cut,132.1,0.394
10604.5,g2,cnp,199.6,0.339
10604.5,g4,cnp,201.1,0.338
10605.1,g1,tick,132.1,0.394
10605.1,g2,tick,199.6,0.339
10605.1,g4,tick,201.1,0.338
10605.5,g1,cnp,132.1,0.394
10606.0,g2,cut,165.8,0.381
10607.3,g4,cut,167.1,0.379
10608.7,g1,cnp,132.1,0.394
10608.7,g2,cnp,165.8,0.381
10608.7,g4,cnp,167.1,0.379
10610.0,g1,cnp,132.1,0.394
10610.1,g1,tick,132.1,0.394
10610.1,g2,tick,165.8,0.381
10610.1,g4,tick,167.1,0.379
10610.3,g2,cnp,165.8,0.381
10610.8,g4,cnp,167.1,0.379
10612.1,g1,cnp,132.1,0.394
10612.6,g2,cnp,165.8,0.381
10613.0,g4,cnp,167.1,0.379
10614.3,g1,cut,106.1,0.432
10615.7,g1,tick,106.1,0.432
10615.7,g2,tick,165.8,0.381
10615.7,g4,tick,167.1,0.379
10615.7,g2,cnp,165.8,0.381
10615.7,g4,cnp,167.1,0.379
10616.7,g1,cnp,106.1,0.432
10617.0,g2,cut,134.2,0.419
10618.3,g4,cut,135.4,0.418
10619.6,g1,cnp,106.1,0.432
10619.7,g2,cnp,134.2,0.419
10619.7,g4,cnp,135.4,0.418
10620.1,g1,tick,106.1,0.432
10620.1,g2,tick,134.2,0.419
10620.1,g4,tick,135.4,0.418
10621.1,g1,cnp,106.1,0.432
10621.2,g2,cnp,134.2,0.419
10621.6,g4,cnp,135.4,0.418
10623.2,g1,cnp,106.1,0.432
10623.3,g2,cnp,134.2,0.419
10623.8,g4,cnp,135.4,0.418
10625.1,g1,tick,106.1,0.432
10625.1,g2,tick,134.2,0.419
10625.1,g4,tick,135.4,0.418
10625.3,g1,cut,83.2,0.467
10627.0,g2,cut,106.1,0.456
10629.0,g4,cut,107.1,0.454
10629.0,g4,cnp,107.1,0.454
10630.6,g1,tick,83.2,0.467
10630.6,g2,tick,106.1,0.456
10630.6,g4,tick,107.1,0.454
10630.6,g1,cnp,83.2,0.467
10630.6,g1,cnp,83.2,0.467
10630.6,g2,cnp,106.1,0.456
10630.6,g2,cnp,106.1,0.456
10630.6,g4,cnp,107.1,0.454
10631.9,g1,cnp,83.2,0.467
10632.1,g4,cnp,107.1,0.454
10632.4,g2,cnp,106.1,0.456
10634.1,g1,cnp,83.2,0.467
10634.3,g4,cnp,107.1,0.454
10634.5,g2,cnp,106.1,0.456
10635.1,g1,tick,83.2,0.467
10635.1,g2,tick,106.1,0.456
10635.1,g4,tick,107.1,0.454
10636.5,g4,cnp,107.1,0.454
10636.6,g1,cut,63.7,0.501
10638.0,g2,cut,81.9,0.490
10639.4,g1,cnp,63.7,0.501
10639.4,g2,cnp,81.9,0.490
10639.4,g4,cut,82.8,0.489
10640.8,g1,tick,63.7,0.501
10640.8,g2,tick,81.9,0.490
10640.8,g4,tick,82.8,0.489
10640.8,g2,cnp,81.9,0.490
10640.8,g4,cnp,82.8,0.489
10641.2,g1,cnp,63.7,0.501
10642.7,g4,cnp,82.8,0.489
10642.9,g2,cnp,81.9,0.490
10643.5,g1,cnp,63.7,0.501
10645.0,g4,cnp,82.8,0.489
10645.1,g1,tick,63.7,0.501
10645.1,g2,tick,81.9,0.490
10645.1,g4,tick,82.8,0.489
10645.6,g1,cnp,63.7,0.501
10646.0,g2,cnp,81.9,0.490
10647.9,g1,cut,47.8,0.532
10649.3,g2,cut,61.8,0.522
10650.6,g4,cut,62.6,0.521
10650.6,g4,cnp,62.6,0.521
10652.3,g1,tick,47.8,0.532
10652.3,g2,tick,61.8,0.522
10652.3,g4,tick,62.6,0.521
10652.3,g1,cnp,47.8,0.532
10652.3,g1,cnp,47.8,0.532
10652.3,g2,cnp,61.8,0.522
10653.4,g4,cnp,62.6,0.521
10653.6,g2,cnp,61.8,0.522
10654.4,g1,cnp,47.8,0.532
10655.1,g1,tick,47.8,0.532
10655.1,g2,tick,61.8,0.522
10655.1,g4,tick,62.6,0.521
10655.5,g4,cnp,62.6,0.521
10656.4,g1,cnp,47.8,0.532
10657.0,g2,cnp,61.8,0.522
10658.5,g4,cnp,62.6,0.521
10658.9,g1,cut,35.1,0.561
10660.3,g1,tick,35.1,0.561
10660.3,g2,tick,61.8,0.522
10660.3,g4,tick,62.6,0.521
10660.3,g2,cut,45.7,0.551
10661.7,g1,cnp,35.1,0.561
10661.7,g4,cut,46.3,0.550
10663.1,g2,cnp,45.7,0.551
10663.1,g4,cnp,46.3,0.550
10663.2,g1,cnp,35.1,0.561
10664.2,g2,cnp,45.7,0.551
10664.8,g4,cnp,46.3,0.550
10665.0,g1,tick,35.1,0.561
10665.0,g2,tick,45.7,0.551
10665.0,g4,tick,46.3,0.550
10665.3,g1,cnp,35.1,0.561
10666.3,g2,cnp,45.7,0.551
10667.0,g4,cnp,46.3,0.550
10667.5,g1,cnp,35.1,0.561
10668.3,g2,cnp,45.7,0.551
10669.3,g4,cnp,46.3,0.550
10669.6,g1,cut,25.2,0.589
10671.4,g1,tick,25.2,0.589
10671.4,g2,tick,45.7,0.551
10671.4,g4,tick,46.3,0.550
10671.5,g2,cut,33.1,0.580
10672.9,g4,cut,33.5,0.579
10674.3,g1,cnp,25.2,0.589
10674.3,g1,cnp,25.2,0.589
10674.3,g2,cnp,33.1,0.580
10674.3,g4,cnp,33.5,0.579
10675.0,g2,cnp,33.1,0.580
10675.1,g1,tick,25.2,0.589
10675.1,g2,tick,33.1,0.580
10675.1,g4,tick,33.5,0.579
10675.7,g4,cnp,33.5,0.579
10676.0,g1,cnp,25.2,0.589
10677.1,g2,cnp,33.1,0.580
10678.1,g4,cnp,33.5,0.579
10678.2,g1,cnp,25.2,0.589
10679.4,g2,cnp,33.1,0.580
10680.1,g1,tick,25.2,0.589
10680.1,g2,tick,33.1,0.580
10680.1,g4,tick,33.5,0.579
10680.1,g4,cnp,33.5,0.579
10680.2,g1,cut,17.8,0.614
10681.6,g2,cut,23.5,0.606
10682.9,g1,cnp,17.8,0.614
10682.9,g4,cnp,33.5,0.579
10683.7,g2,cnp,23.5,0.606
10684.5,g4,cut,23.8,0.605
10686.1,g1,tick,17.8,0.614
10686.1,g2,tick,23.5,0.606
10686.1,g4,tick,23.8,0.605
10686.1,g1,cnp,17.8,0.614
10686.2,g2,cnp,23.5,0.606
10686.7,g4,cnp,23.8,0.605
10686.9,g1,cnp,17.8,0.614
10688.0,g2,cnp,23.5,0.606
10688.9,g4,cnp,23.8,0.605
10689.0,g1,cnp,17.8,0.614
10690.0,g2,cnp,23.5,0.606
10690.0,g1,tick,17.8,0.614
10690.0,g2,tick,23.5,0.606
10690.0,g4,tick,23.8,0.605
10691.0,g4,cnp,23.8,0.605
10691.1,g1,cut,12.3,0.638
10692.5,g2,cut,16.4,0.630
10693.8,g1,cnp,12.3,0.638
10693.8,g4,cnp,23.8,0.605
10694.3,g2,cnp,16.4,0.630
10695.1,g1,tick,12.3,0.638
10695.1,g2,tick,16.4,0.630
10695.1,g4,tick,23.8,0.605
10695.4,g4,cut,16.6,0.630
10696.8,g1,cnp,12.3,0.638
10696.8,g2,cnp,16.4,0.630
10697.6,g4,cnp,16.6,0.630
10697.8,g1,cnp,12.3,0.638
10698.8,g2,cnp,16.4,0.630
10699.9,g4,cnp,16.6,0.630
10699.9,g1,cnp,12.3,0.638
10700.1,g1,tick,12.3,0.638
10700.1,g2,tick,16.4,0.630
10700.1,g4,tick,16.6,0.630
10701.0,g2,cnp,16.4,0.630
10702.0,g4,cnp,16.6,0.630
10702.2,g1,cut,8.4,0.661
10703.7,g2,cut,11.2,0.654
10705.1,g1,tick,8.4,0.661
10705.1,g2,tick,11.2,0.654
10705.1,g4,tick,16.6,0.630
10711.4,g1,tick,10.4,0.620
10713.0,g2,tick,13.8,0.613
10714.7,g4,tick,20.2,0.590
10716.7,g1,tick,11.4,0.581
10718.0,g2,tick,15.1,0.574
10719.4,g4,tick,22.0,0.553
10721.4,g1,tick,11.8,0.545
10723.0,g2,tick,15.7,0.538
10724.3,g4,tick,22.9,0.519
10726.4,g1,tick,12.1,0.511
10727.7,g2,tick,16.1,0.505
10727.7,g4,tick,23.4,0.486
10730.1,g1,tick,12.2,0.479
10730.1,g2,tick,16.2,0.473
10731.4,g4,tick,23.6,0.456
10736.6,g1,tick,17.3,0.449
10738.0,g2,tick,21.3,0.444
10739.4,g4,tick,28.7,0.427
10741.4,g1,tick,24.8,0.421
10742.7,g2,tick,28.9,0.416
10744.0,g4,tick,36.3,0.401
10746.4,g1,tick,33.6,0.394
10747.9,g2,tick,37.6,0.390
10749.4,g4,tick,45.1,0.376
10751.7,g1,tick,43.0,0.370
10753.0,g2,tick,47.0,0.366
10754.4,g4,tick,54.4,0.352
10756.4,g1,tick,52.6,0.347
10757.8,g2,tick,56.7,0.343
10759.3,g4,tick,64.1,0.330
10761.5,g1,tick,82.5,0.325
10762.8,g2,tick,86.5,0.321
10764.5,g4,tick,94.0,0.310
10766.4,g1,tick,122.4,0.305
10767.9,g2,tick,126.5,0.301
10769.3,g4,tick,133.9,0.290
10771.7,g1,tick,167.4,0.286
10773.3,g2,tick,171.4,0.282
10774.7,g4,tick,178.9,0.272
10776.4,g1,tick,214.9,0.268
10777.7,g2,tick,218.9,0.265
10779.1,g4,tick,226.4,0.255
10779.7,g4,cut,197.5,0.302
10782.8,g1,tick,263.6,0.251
10784.3,g2,tick,267.7,0.248
10784.3,g4,tick,197.5,0.302
10784.3,g1,cut,230.5,0.298
10784.3,g1,cnp,230.5,0.298
10785.7,g2,cut,234.4,0.295
10785.7,g2,cnp,234.4,0.295
10785.7,g2,cnp,234.4,0.295
10787.0,g4,cnp,197.5,0.302
10787.0,g4,cnp,197.5,0.302
10787.0,g1,tick,230.5,0.298
10787.0,g2,tick,234.4,0.295
10787.0,g4,tick,197.5,0.302
10787.0,g1,cnp,230.5,0.298
10787.9,g2,cnp,234.4,0.295
10788.1,g1,cnp,230.5,0.298
10788.3,g4,cnp,197.5,0.302
10790.1,g1,tick,230.5,0.298
10790.1,g2,tick,234.4,0.295
10790.1,g4,tick,197.5,0.302
10790.1,g2,cnp,234.4,0.295
10790.2,g1,cnp,230.5,0.298
10790.6,g4,cut,167.7,0.345
10792.4,g2,cnp,234.4,0.295
10792.5,g1,cnp,230.5,0.298
10793.0,g4,cnp,167.7,0.345
10794.6,g1,cut,196.2,0.342
10796.1,g1,tick,196.2,0.342
10796.1,g2,tick,234.4,0.295
10796.1,g4,tick,167.7,0.345
10796.1,g2,cut,199.8,0.339
10797.4,g4,cnp,167.7,0.345
10797.4,g4,cnp,167.7,0.345
10797.4,g1,cnp,196.2,0.342
10797.4,g2,cnp,199.8,0.339
10799.1,g1,cnp,196.2,0.342
10799.2,g2,cnp,199.8,0.339
10799.4,g4,cnp,167.7,0.345
10800.1,g1,tick,196.2,0.342
10800.1,g2,tick,199.8,0.339
10800.1,g4,tick,167.7,0.345
10801.1,g1,cnp,196.2,0.342
10801.5,g2,cnp,199.8,0.339
10801.7,g4,cut,138.7,0.386
10803.4,g1,cnp,196.2,0.342
10803.6,g2,cnp,199.8,0.339
10803.7,g4,cnp,138.7,0.386
10805.1,g1,tick,196.2,0.342
10805.1,g2,tick,199.8,0.339
10805.1,g4,tick,138.7,0.386
10805.5,g1,cut,162.7,0.383
10806.9,g2,cut,165.9,0.381
10808.2,g4,cnp,138.7,0.386
10808.3,g4,cnp,138.7,0.386
10808.3,g1,cnp,162.7,0.383
10808.3,g2,cnp,165.9,0.381
10809.9,g1,cnp,162.7,0.383
10810.1,g1,tick,162.7,0.383
10810.1,g2,tick,165.9,0.381
10810.1,g4,tick,138.7,0.386
10810.1,g2,cnp,165.9,0.381
10810.4,g4,cnp,138.7,0.386
10812.1,g1,cnp,162.7,0.383
10812.3,g2,cnp,165.9,0.381
10812.6,g4,cut,112.0,0.425
10814.4,g1,cnp,162.7,0.383
10814.6,g2,cnp,165.9,0.381
10814.9,g4,cnp,112.0,0.425
10815.1,g1,tick,162.7,0.383
10815.1,g2,tick,165.9,0.381
10815.1,g4,tick,112.0,0.425
10816.5,g1,cut,131.5,0.421
10817.9,g2,cut,134.4,0.419
10819.2,g4,cnp,112.0,0.425
10819.2,g4,cnp,112.0,0.425
10819.2,g1,cnp,131.5,0.421
10819.2,g2,cnp,134.4,0.419
10820.1,g1,tick,131.5,0.421
10820.1,g2,tick,134.4,0.419
10820.1,g4,tick,112.0,0.425
10820.7,g1,cnp,131.5,0.421
10820.9,g2,cnp,134.4,0.419
10821.3,g4,cnp,112.0,0.425
10822.9,g1,cnp,131.5,0.421
10823.0,g2,cnp,134.4,0.419
10823.7,g4,cut,88.2,0.461
10825.3,g1,tick,131.5,0.421
10825.3,g2,tick,134.4,0.419
10825.3,g4,tick,88.2,0.461
10825.3,g1,cnp,131.5,0.421
10825.3,g2,cnp,134.4,0.419
10826.0,g4,cnp,88.2,0.461
10827.3,g1,cut,103.8,0.458
10828.9,g2,cut,106.2,0.456
10830.6,g4,cnp,88.2,0.461
10830.6,g4,cnp,88.2,0.461
10830.7,g1,tick,103.8,0.458
10830.7,g2,tick,106.2,0.456
10830.7,g4,tick,88.2,0.461
10830.7,g1,cnp,103.8,0.458
10830.7,g2,cnp,106.2,0.456
10831.7,g1,cnp,103.8,0.458
10831.8,g2,cnp,106.2,0.456
10832.7,g4,cnp,88.2,0.461
10833.9,g1,cnp,103.8,0.458
10834.0,g2,cnp,106.2,0.456
10834.9,g4,cut,67.9,0.494
10836.6,g1,tick,103.8,0.458
10836.6,g2,tick,106.2,0.456
10836.6,g4,tick,67.9,0.494
10836.6,g1,cnp,103.8,0.458
10836.6,g2,cnp,106.2,0.456
10837.2,g4,cnp,67.9,0.494
10838.3,g2,cnp,106.2,0.456
10838.4,g1,cut,80.0,0.492
10839.7,g4,cnp,67.9,0.494
10840.1,g1,tick,80.0,0.492
10840.1,g2,tick,106.2,0.456
10840.1,g4,tick,67.9,0.494
10840.4,g2,cut,82.0,0.490
10841.8,g1,cnp,80.0,0.492
10841.9,g4,cnp,67.9,0.494
10842.5,g2,cnp,82.0,0.490
10842.6,g1,cnp,80.0,0.492
10843.8,g4,cnp,67.9,0.494
10845.1,g1,tick,80.0,0.492
10845.1,g2,tick,82.0,0.490
10845.1,g4,tick,67.9,0.494
10845.2,g2,cnp,82.0,0.490
10845.3,g1,cnp,80.0,0.492
10845.9,g4,cut,51.1,0.526
10847.4,g2,cnp,82.0,0.490
10847.5,g1,cnp,80.0,0.492
10848.1,g4,cnp,51.1,0.526
10849.5,g2,cnp,82.0,0.490
10849.8,g1,cut,60.4,0.523
10851.1,g1,tick,60.4,0.523
10851.1,g2,tick,82.0,0.490
10851.1,g4,tick,51.1,0.526
10851.1,g4,cnp,51.1,0.526
10851.7,g2,cut,61.9,0.521
10853.0,g1,cnp,60.4,0.523
10853.0,g4,cnp,51.1,0.526
10854.0,g2,cnp,61.9,0.521
10854.2,g1,cnp,60.4,0.523
10855.0,g4,cnp,51.1,0.526
10855.0,g1,tick,60.4,0.523
10855.0,g2,tick,61.9,0.521
10855.0,g4,tick,51.1,0.526
10856.4,g2,cnp,61.9,0.521
10856.7,g1,cnp,60.4,0.523
10857.1,g4,cut,37.7,0.555
10858.7,g2,cnp,61.9,0.521
10858.7,g1,cnp,60.4,0.523
10859.3,g4,cnp,37.7,0.555
10860.1,g1,tick,60.4,0.523
10860.1,g2,tick,61.9,0.521
10860.1,g4,tick,37.7,0.555
10860.6,g2,cnp,61.9,0.521
10861.0,g1,cut,44.6,0.553
10862.6,g4,cnp,37.7,0.555
10862.9,g2,cut,45.8,0.551
10864.5,g1,cnp,44.6,0.553
10864.5,g4,cnp,37.7,0.555
10864.9,g2,cnp,45.8,0.551
10865.1,g1,tick,44.6,0.553
10865.1,g2,tick,45.8,0.551
10865.1,g4,tick,37.7,0.555
10865.5,g1,cnp,44.6,0.553
10865.6,g4,cnp,37.7,0.555
10867.0,g2,cnp,45.8,0.551
10867.7,g1,cnp,44.6,0.553
10867.8,g4,cut,27.2,0.583
10869.3,g2,cnp,45.8,0.551
10870.0,g1,cnp,44.6,0.553
10870.0,g1,tick,44.6,0.553
10870.0,g2,tick,45.8,0.551
10870.0,g4,tick,27.2,0.583
10870.1,g4,cnp,27.2,0.583
10871.6,g2,cnp,45.8,0.551
10872.2,g4,cnp,27.2,0.583
10872.5,g1,cut,32.2,0.581
10873.9,g2,cut,33.2,0.579
10875.4,g1,tick,32.2,0.581
10875.4,g2,tick,33.2,0.579
10875.4,g4,tick,27.2,0.583
10875.4,g1,cnp,32.2,0.581
10875.4,g4,cnp,27.2,0.583
10875.7,g2,cnp,33.2,0.579
10876.7,g4,cnp,27.2,0.583
10876.8,g1,cnp,32.2,0.581
10877.8,g2,cnp,33.2,0.579
10878.9,g4,cut,19.3,0.609
10880.6,g1,tick,32.2,0.581
10880.6,g2,tick,33.2,0.579
10880.6,g4,tick,19.3,0.609
10880.6,g1,cnp,32.2,0.581
10880.7,g2,cnp,33.2,0.579
10881.1,g4,cnp,19.3,0.609
10881.3,g1,cnp,32.2,0.581
10882.1,g2,cnp,33.2,0.579
10883.3,g4,cnp,19.3,0.609
10883.6,g1,cut,22.9,0.607
10885.3,g1,tick,22.9,0.607
10885.3,g2,tick,33.2,0.579
10885.3,g4,tick,19.3,0.609
10885.4,g2,cut,23.6,0.606
10887.1,g1,cnp,22.9,0.607
10887.1,g2,cnp,23.6,0.606
10887.2,g4,cnp,19.3,0.609
10887.9,g4,cnp,19.3,0.609
10887.9,g1,cnp,22.9,0.607
10888.4,g2,cnp,23.6,0.606
10890.0,g4,cut,13.4,0.634
10892.1,g1,tick,22.9,0.607
10892.1,g2,tick,23.6,0.606
10892.1,g4,tick,13.4,0.634
10892.1,g1,cnp,22.9,0.607
10892.1,g2,cnp,23.6,0.606
10892.3,g4,cnp,13.4,0.634
10892.4,g1,cnp,22.9,0.607
10892.5,g2,cnp,23.6,0.606
10894.3,g4,cnp,13.4,0.634
10894.4,g1,cut,15.9,0.632
10896.4,g1,tick,15.9,0.632
10896.4,g2,tick,23.6,0.606
10896.4,g4,tick,13.4,0.634
10896.4,g2,cut,16.4,0.630
10898.0,g1,cnp,15.9,0.632
10898.0,g2,cnp,16.4,0.630
10898.0,g4,cnp,13.4,0.634
10898.7,g1,cnp,15.9,0.632
10898.8,g2,cnp,16.4,0.630
10898.9,g4,cnp,13.4,0.634
10900.1,g1,tick,15.9,0.632
10900.1,g2,tick,16.4,0.630
10900.1,g4,tick,13.4,0.634
10900.8,g1,cnp,15.9,0.632
10900.9,g2,cnp,16.4,0.630
10901.1,g4,cut,9.2,0.657
10903.0,g1,cnp,15.9,0.632
10903.2,g2,cnp,16.4,0.630
10903.3,g4,cnp,9.2,0.657
10905.1,g1,tick,15.9,0.632
10905.1,g2,tick,16.4,0.630
10905.1,g4,tick,9.2,0.657
10911.4,g1,tick,19.4,0.592
10912.7,g2,tick,20.0,0.591
10914.2,g4,tick,11.3,0.616
10916.5,g1,tick,21.1,0.555
10917.7,g2,tick,21.8,0.554
10919.0,g4,tick,12.3,0.577
10921.5,g1,tick,22.0,0.521
10922.8,g2,tick,22.7,0.519
10924.0,g4,tick,12.9,0.541
10925.1,g1,tick,22.4,0.488
10925.1,g2,tick,23.1,0.487
10926.4,g4,tick,13.1,0.507
10931.4,g1,tick,22.7,0.458
10932.8,g2,tick,23.3,0.457
10932.8,g4,tick,13.3,0.476
10936.8,g1,tick,27.8,0.429
10938.3,g2,tick,28.4,0.428
10939.6,g4,tick,18.3,0.446
10941.4,g1,tick,35.3,0.402
10942.8,g2,tick,36.0,0.401
10944.2,g4,tick,25.9,0.418
10946.4,g1,tick,44.1,0.377
10947.9,g2,tick,44.8,0.376
10949.2,g4,tick,34.6,0.392
10951.4,g1,tick,53.5,0.353
10952.9,g2,tick,54.2,0.353
10954.3,g4,tick,44.0,0.367
10956.5,g1,tick,63.2,0.331
10958.2,g2,tick,63.9,0.331
10960.0,g4,tick,53.7,0.344
10961.4,g1,tick,93.0,0.311
10962.9,g2,tick,93.7,0.310
10964.7,g4,tick,83.6,0.323
10966.8,g1,tick,133.0,0.291
10968.3,g2,tick,133.6,0.291
10969.7,g4,tick,123.5,0.303
10971.5,g1,tick,177.9,0.273
10972.9,g2,tick,178.6,0.272
10974.2,g4,tick,168.4,0.284
10976.4,g1,tick,225.4,0.256
10977.7,g2,tick,226.1,0.255
10978.9,g4,tick,215.9,0.266
10979.1,g2,cut,197.2,0.302
10981.7,g1,tick,274.1,0.240
10981.7,g2,tick,197.2,0.302
10983.1,g4,tick,264.7,0.249
10983.1,g1,cut,241.2,0.287
10984.6,g2,cnp,197.2,0.302
10984.6,g2,cnp,197.2,0.302
10984.6,g4,cut,231.7,0.296
10984.6,g4,cnp,231.7,0.296
10986.0,g1,tick,241.2,0.287
10986.0,g2,tick,197.2,0.302
10986.0,g4,tick,231.7,0.296
10986.0,g1,cnp,241.2,0.287
10986.1,g4,cnp,231.7,0.296
10986.6,g1,cnp,241.2,0.287
10987.4,g2,cnp,197.2,0.302
10988.5,g4,cnp,231.7,0.296
10988.9,g1,cnp,241.2,0.287
10989.6,g2,cut,167.4,0.346
10991.1,g1,tick,241.2,0.287
10991.1,g2,tick,167.4,0.346
10991.1,g4,tick,231.7,0.296
10991.1,g1,cnp,241.2,0.287
10991.1,g4,cnp,231.7,0.296
10991.8,g2,cnp,167.4,0.346
10992.9,g4,cnp,231.7,0.296
10993.3,g1,cut,206.6,0.332
10994.8,g2,cnp,167.4,0.346
10994.9,g4,cut,197.3,0.340
10996.4,g1,tick,206.6,0.332
10996.4,g2,tick,167.4,0.346
10996.4,g4,tick,197.3,0.340
10996.4,g1,cnp,206.6,0.332
10996.6,g2,cnp,167.4,0.346
10997.1,g4,cnp,197.3,0.340
10997.6,g1,cnp,206.6,0.332
10999.0,g2,cnp,167.4,0.346
10999.5,g4,cnp,197.3,0.340
10999.9,g1,cnp,206.6,0.332
11000.1,g1,tick,206.6,0.332
11000.1,g2,tick,167.4,0.346
11000.1,g4,tick,197.3,0.340
11001.3,g2,cut,138.5,0.386
11002.9,g1,cnp,206.6,0.332
11002.9,g4,cnp,197.3,0.340
11003.5,g2,cnp,138.5,0.386
11003.8,g4,cnp,197.3,0.340
11004.2,g1,cut,172.3,0.374
11005.7,g1,tick,172.3,0.374
11005.7,g2,tick,138.5,0.386
11005.7,g4,tick,197.3,0.340
11005.9,g2,cnp,138.5,0.386
11006.0,g4,cut,163.8,0.382
11007.5,g1,cnp,172.3,0.374
11008.1,g2,cnp,138.5,0.386
11008.3,g4,cnp,163.8,0.382
11008.5,g1,cnp,172.3,0.374
11010.1,g1,tick,172.3,0.374
11010.1,g2,tick,138.5,0.386
11010.1,g4,tick,163.8,0.382
11010.3,g2,cnp,138.5,0.386
11010.5,g4,cnp,163.8,0.382
11010.7,g1,cnp,172.3,0.374
11012.6,g2,cut,111.7,0.425
11014.2,g1,cnp,172.3,0.374
11014.2,g4,cnp,163.8,0.382
11014.7,g2,cnp,111.7,0.425
11014.8,g4,cnp,163.8,0.382
11014.9,g1,cut,140.1,0.413
11016.3,g1,tick,140.1,0.413
11016.3,g2,tick,111.7,0.425
11016.3,g4,tick,163.8,0.382
11016.8,g2,cnp,111.7,0.425
11017.1,g4,cut,132.5,0.420
11018.4,g1,cnp,140.1,0.413
11018.9,g2,cnp,111.7,0.425
11019.1,g4,cnp,132.5,0.420
11019.6,g1,cnp,140.1,0.413
11020.0,g1,tick,140.1,0.413
11020.0,g2,tick,111.7,0.425
11020.0,g4,tick,132.5,0.420
11021.2,g2,cnp,111.7,0.425
11021.3,g4,cnp,132.5,0.420
11021.7,g1,cnp,140.1,0.413
11023.5,g2,cut,88.0,0.461
11025.0,g1,tick,140.1,0.413
11025.0,g2,tick,88.0,0.461
11025.0,g4,tick,132.5,0.420
11025.1,g1,cut,111.2,0.450
11026.3,g4,cnp,132.5,0.420
11026.3,g4,cnp,132.5,0.420
11026.4,g1,cnp,111.2,0.450
11026.4,g2,cnp,88.0,0.461
11027.9,g2,cnp,88.0,0.461
11028.0,g1,cnp,111.2,0.450
11028.1,g4,cut,104.7,0.456
11030.0,g2,cnp,88.0,0.461
11030.1,g1,tick,111.2,0.450
11030.1,g2,tick,88.0,0.461
11030.1,g4,tick,104.7,0.456
11030.1,g1,cnp,111.2,0.450
11030.4,g4,cnp,104.7,0.456
11032.1,g2,cnp,88.0,0.461
11032.3,g1,cnp,111.2,0.450
11032.6,g4,cnp,104.7,0.456
11034.4,g1,cnp,111.2,0.450
11034.5,g2,cut,67.7,0.494
11035.9,g1,tick,111.2,0.450
11035.9,g2,tick,67.7,0.494
11035.9,g4,tick,104.7,0.456
11036.0,g4,cnp,104.7,0.456
11036.6,g1,cut,86.2,0.484
11037.9,g2,cnp,67.7,0.494
11037.9,g4,cnp,104.7,0.456
11038.7,g1,cnp,86.2,0.484
11038.8,g4,cut,80.8,0.490
11040.4,g1,tick,86.2,0.484
11040.4,g2,tick,67.7,0.494
11040.4,g4,tick,80.8,0.490
11040.4,g2,cnp,67.7,0.494
11040.9,g1,cnp,86.2,0.484
11041.1,g4,cnp,80.8,0.490
11041.2,g2,cnp,67.7,0.494
11042.9,g1,cnp,86.2,0.484
11043.3,g2,cnp,67.7,0.494
11043.9,g4,cnp,80.8,0.490
11045.0,g1,cnp,86.2,0.484
11045.0,g1,tick,86.2,0.484
11045.0,g2,tick,67.7,0.494
11045.0,g4,tick,80.8,0.490
11045.4,g2,cut,51.0,0.526
11047.7,g2,cnp,51.0,0.526
11047.7,g4,cnp,80.8,0.490
11048.4,g1,cut,65.3,0.516
11050.1,g1,tick,65.3,0.516
11050.1,g2,tick,51.0,0.526
11050.1,g4,tick,80.8,0.490
11050.1,g2,cnp,51.0,0.526
11050.1,g4,cut,61.0,0.522
11052.2,g1,cnp,65.3,0.516
11052.2,g2,cnp,51.0,0.526
11052.2,g4,cnp,61.0,0.522
11053.9,g1,cnp,65.3,0.516
11054.1,g2,cnp,51.0,0.526
11055.1,g1,tick,65.3,0.516
11055.1,g2,tick,51.0,0.526
11055.1,g4,tick,61.0,0.522
11055.4,g4,cnp,61.0,0.522
11056.0,g1,cnp,65.3,0.516
11056.2,g2,cut,37.6,0.556
11057.9,g4,cnp,61.0,0.522
11058.4,g2,cnp,37.6,0.556
11059.0,g1,cut,48.5,0.546
11060.7,g1,tick,48.5,0.546
11060.7,g2,tick,37.6,0.556
11060.7,g4,tick,61.0,0.522
11060.7,g2,cnp,37.6,0.556
11060.7,g4,cut,45.1,0.552
11062.1,g1,cnp,48.5,0.546
11062.1,g4,cnp,45.1,0.552
11062.7,g2,cnp,37.6,0.556
11063.1,g1,cnp,48.5,0.546
11063.9,g4,cnp,45.1,0.552
11065.0,g2,cnp,37.6,0.556
11065.1,g1,tick,48.5,0.546
11065.1,g2,tick,37.6,0.556
11065.1,g4,tick,45.1,0.552
11065.1,g1,cnp,48.5,0.546
11066.1,g4,cnp,45.1,0.552
11067.1,g2,cut,27.1,0.583
11068.8,g1,cnp,48.5,0.546
11068.8,g4,cnp,45.1,0.552
11069.4,g2,cnp,27.1,0.583
11069.5,g1,cut,35.2,0.575
11071.5,g1,tick,35.2,0.575
11071.5,g2,tick,27.1,0.583
11071.5,g4,tick,45.1,0.552
11071.5,g4,cut,32.6,0.580
11073.3,g1,cnp,35.2,0.575
11073.3,g2,cnp,27.1,0.583
11073.3,g4,cnp,32.6,0.580
11073.9,g2,cnp,27.1,0.583
11074.1,g1,cnp,35.2,0.575
11075.1,g1,tick,35.2,0.575
11075.1,g2,tick,27.1,0.583
11075.1,g4,tick,32.6,0.580
11075.3,g4,cnp,32.6,0.580
11076.1,g2,cnp,27.1,0.583
11076.3,g1,cnp,35.2,0.575
11077.5,g4,cnp,32.6,0.580
11078.2,g2,cut,19.2,0.609
11079.9,g1,cut,25.1,0.601
11081.3,g4,cnp,32.6,0.580
11081.3,g1,tick,25.1,0.601
11081.3,g2,tick,19.2,0.609
11081.3,g4,tick,32.6,0.580
11081.3,g1,cnp,25.1,0.601
11081.3,g2,cnp,19.2,0.609
11081.9,g4,cut,23.2,0.606
11083.2,g1,cnp,25.1,0.601
11083.2,g2,cnp,19.2,0.609
11084.2,g4,cnp,23.2,0.606
11084.8,g2,cnp,19.2,0.609
11084.9,g1,cnp,25.1,0.601
11085.1,g1,tick,25.1,0.601
11085.1,g2,tick,19.2,0.609
11085.1,g4,tick,23.2,0.606
11086.4,g4,cnp,23.2,0.606
11087.0,g2,cnp,19.2,0.609
11087.1,g1,cnp,25.1,0.601
11088.6,g4,cnp,23.2,0.606
11089.3,g2,cut,13.4,0.634
11090.7,g1,tick,25.1,0.601
11090.7,g2,tick,13.4,0.634
11090.7,g4,tick,23.2,0.606
11090.7,g1,cut,17.6,0.626
11092.0,g1,cnp,17.6,0.626
11092.0,g2,cnp,13.4,0.634
11092.0,g4,cut,16.1,0.631
11093.4,g4,cnp,16.1,0.631
11093.6,g2,cnp,13.4,0.634
11093.7,g1,cnp,17.6,0.626
11095.1,g1,tick,17.6,0.626
11095.1,g2,tick,13.4,0.634
11095.1,g4,tick,16.1,0.631
11095.1,g4,cnp,16.1,0.631
11095.8,g1,cnp,17.6,0.626
11095.9,g2,cnp,13.4,0.634
11097.2,g4,cnp,16.1,0.631
11097.9,g1,cnp,17.6,0.626
11098.0,g2,cnp,13.4,0.634
11099.5,g4,cnp,16.1,0.631
11100.2,g1,cnp,17.6,0.626
11100.2,g1,tick,17.6,0.626
11100.2,g2,tick,13.4,0.634
11100.2,g4,tick,16.1,0.631
11100.3,g2,cut,9.1,0.657
11101.7,g4,cnp,16.1,0.631
11102.4,g1,cut,12.1,0.650
11103.8,g2,cnp,9.1,0.657
11105.1,g1,tick,12.1,0.650
11105.1,g2,tick,9.1,0.657
11105.1,g4,tick,16.1,0.631
11111.4,g1,tick,14.8,0.609
11112.8,g2,tick,11.2,0.616
11114.2,g4,tick,19.6,0.592
11116.5,g1,tick,16.2,0.571
11117.9,g2,tick,12.3,0.577
11119.2,g4,tick,21.4,0.555
11121.6,g1,tick,16.9,0.535
11123.2,g2,tick,12.8,0.541
11124.8,g4,tick,22.3,0.520
11126.6,g1,tick,17.2,0.502
11128.3,g2,tick,13.1,0.507
11128.3,g4,tick,22.7,0.487
11130.1,g1,tick,17.4,0.470
11130.1,g2,tick,13.2,0.476
11131.7,g4,tick,22.9,0.457
11136.4,g1,tick,22.5,0.441
11137.7,g2,tick,18.3,0.446
11139.0,g4,tick,28.0,0.428
11141.5,g1,tick,30.0,0.414
11142.8,g2,tick,25.8,0.418
11144.2,g4,tick,35.6,0.402
11146.6,g1,tick,38.8,0.388
11147.9,g2,tick,34.6,0.392
11149.2,g4,tick,44.4,0.376
11151.6,g1,tick,48.2,0.363
11152.9,g2,tick,44.0,0.367
11154.2,g4,tick,53.8,0.353
11156.6,g1,tick,57.9,0.341
11158.0,g2,tick,53.7,0.344
11159.3,g4,tick,63.5,0.331
11161.5,g1,tick,87.7,0.319
11162.9,g2,tick,83.5,0.323
11164.3,g4,tick,93.3,0.310
11166.5,g1,tick,127.6,0.299
11168.1,g2,tick,123.4,0.303
11169.4,g4,tick,133.2,0.291
11171.4,g1,tick,172.6,0.281
11172.9,g2,tick,168.4,0.284
11174.3,g4,tick,178.2,0.273
11176.4,g1,tick,220.1,0.263
11177.8,g2,tick,215.9,0.266
11179.1,g4,tick,225.7,0.256
11179.4,g4,cut,196.8,0.302
11182.1,g1,tick,268.8,0.247
11183.7,g2,tick,264.6,0.249
11183.7,g4,tick,196.8,0.302
11183.7,g1,cut,235.6,0.294
11185.3,g2,cut,231.6,0.296
11185.3,g2,cnp,231.6,0.296
11187.0,g4,cnp,196.8,0.302
11187.0,g4,cnp,196.8,0.302
11187.0,g1,tick,235.6,0.294
11187.0,g2,tick,231.6,0.296
11187.0,g4,tick,196.8,0.302
11187.0,g1,cnp,235.6,0.294
11187.0,g1,cnp,235.6,0.294
11187.0,g2,cnp,231.6,0.296
11187.4,g4,cnp,196.8,0.302
11188.0,g2,cnp,231.6,0.296
11189.2,g1,cnp,235.6,0.294
11189.8,g4,cut,167.1,0.346
11191.3,g1,tick,235.6,0.294
11191.3,g2,tick,231.6,0.296
11191.3,g4,tick,167.1,0.346
11191.3,g1,cnp,235.6,0.294
11191.3,g2,cnp,231.6,0.296
11191.9,g4,cnp,167.1,0.346
11192.6,g2,cnp,231.6,0.296
11193.5,g1,cnp,235.6,0.294
11194.2,g4,cnp,167.1,0.346
11194.7,g2,cnp,231.6,0.296
11195.1,g1,tick,235.6,0.294
11195.1,g2,tick,231.6,0.296
11195.1,g4,tick,167.1,0.346
11195.9,g1,cut,201.0,0.338
11197.6,g2,cut,197.3,0.340
11199.2,g4,cnp,167.1,0.346
11199.2,g4,cnp,167.1,0.346
11199.2,g1,cnp,201.0,0.338
11199.2,g2,cnp,197.3,0.340
11200.1,g1,cnp,201.0,0.338
11200.1,g1,tick,201.0,0.338
11200.1,g2,tick,197.3,0.340
11200.1,g4,tick,167.1,0.346
11201.1,g2,cnp,197.3,0.340
11201.4,g4,cut,138.2,0.387
11202.9,g1,cnp,201.0,0.338
11203.2,g2,cnp,197.3,0.340
11203.7,g4,cnp,138.2,0.387
11204.6,g1,cnp,201.0,0.338
11205.1,g1,tick,201.0,0.338
11205.1,g2,tick,197.3,0.340
11205.1,g4,tick,138.2,0.387
11205.4,g2,cnp,197.3,0.340
11205.9,g4,cnp,138.2,0.387
11206.9,g1,cut,167.1,0.379
11209.1,g1,cnp,167.1,0.379
11209.1,g2,cut,163.7,0.382
11210.8,g4,cnp,138.2,0.387
11210.8,g4,cnp,138.2,0.387
11210.8,g1,tick,167.1,0.379
11210.8,g2,tick,163.7,0.382
11210.8,g4,tick,138.2,0.387
11210.8,g2,cnp,163.7,0.382
11211.2,g1,cnp,167.1,0.379
11212.1,g2,cnp,163.7,0.382
11212.7,g4,cut,111.5,0.425
11214.1,g1,cnp,167.1,0.379
11214.2,g2,cnp,163.7,0.382
11214.8,g4,cnp,111.5,0.425
11215.1,g1,tick,167.1,0.379
11215.1,g2,tick,163.7,0.382
11215.1,g4,tick,111.5,0.425
11215.5,g1,cnp,167.1,0.379
11216.3,g2,cnp,163.7,0.382
11217.0,g4,cnp,111.5,0.425
11217.6,g1,cut,135.4,0.418
11219.0,g2,cnp,163.7,0.382
11219.1,g4,cnp,111.5,0.425
11219.9,g1,cnp,135.4,0.418
11220.1,g1,tick,135.4,0.418
11220.1,g2,tick,163.7,0.382
11220.1,g4,tick,111.5,0.425
11220.6,g2,cut,132.5,0.420
11222.2,g1,cnp,135.4,0.418
11222.2,g4,cnp,111.5,0.425
11222.6,g2,cnp,132.5,0.420
11223.8,g4,cut,87.8,0.461
11225.6,g1,tick,135.4,0.418
11225.6,g2,tick,132.5,0.420
11225.6,g4,tick,87.8,0.461
11225.6,g1,cnp,135.4,0.418
11225.6,g2,cnp,132.5,0.420
11225.9,g4,cnp,87.8,0.461
11226.5,g1,cnp,135.4,0.418
11226.9,g2,cnp,132.5,0.420
11227.9,g4,cnp,87.8,0.461
11228.5,g1,cut,107.1,0.454
11230.1,g1,tick,107.1,0.454
11230.1,g2,tick,132.5,0.420
11230.1,g4,tick,87.8,0.461
11230.1,g2,cnp,132.5,0.420
11230.1,g4,cnp,87.8,0.461
11230.7,g1,cnp,107.1,0.454
11231.3,g2,cut,104.7,0.456
11232.7,g4,cnp,87.8,0.461
11232.9,g1,cnp,107.1,0.454
11233.4,g2,cnp,104.7,0.456
11234.4,g4,cut,67.6,0.495
11235.8,g1,tick,107.1,0.454
11235.8,g2,tick,104.7,0.456
11235.8,g4,tick,67.6,0.495
11235.8,g1,cnp,107.1,0.454
11235.8,g2,cnp,104.7,0.456
11236.6,g4,cnp,67.6,0.495
11237.3,g1,cnp,107.1,0.454
11237.7,g2,cnp,104.7,0.456
11238.7,g4,cnp,67.6,0.495
11239.3,g1,cut,82.7,0.489
11240.8,g1,tick,82.7,0.489
11240.8,g2,tick,104.7,0.456
11240.8,g4,tick,67.6,0.495
11240.8,g2,cnp,104.7,0.456
11240.9,g4,cnp,67.6,0.495
11241.3,g1,cnp,82.7,0.489
11242.1,g2,cut,80.8,0.490
11243.5,g4,cnp,67.6,0.495
11243.6,g1,cnp,82.7,0.489
11244.2,g2,cnp,80.8,0.490
11245.1,g1,tick,82.7,0.489
11245.1,g2,tick,80.8,0.490
11245.1,g4,tick,67.6,0.495
11245.5,g4,cut,50.9,0.526
11246.9,g1,cnp,82.7,0.489
11246.9,g2,cnp,80.8,0.490
11247.6,g4,cnp,50.9,0.526
11248.5,g2,cnp,80.8,0.490
11248.9,g1,cnp,82.7,0.489
11249.9,g4,cnp,50.9,0.526
11250.1,g1,tick,82.7,0.489
11250.1,g2,tick,80.8,0.490
11250.1,g4,tick,50.9,0.526
11250.7,g2,cnp,80.8,0.490
11251.1,g1,cut,62.5,0.521
11252.7,g4,cnp,50.9,0.526
11253.0,g2,cut,61.0,0.522
11254.5,g1,cnp,62.5,0.521
11254.5,g4,cnp,50.9,0.526
11255.1,g1,tick,62.5,0.521
11255.1,g2,tick,61.0,0.522
11255.1,g4,tick,50.9,0.526
11255.1,g2,cnp,61.0,0.522
11255.3,g1,cnp,62.5,0.521
11256.3,g4,cut,37.5,0.556
11258.0,g2,cnp,61.0,0.522
11258.3,g1,cnp,62.5,0.521
11258.6,g4,cnp,37.5,0.556
11260.0,g2,cnp,61.0,0.522
11260.1,g1,tick,62.5,0.521
11260.1,g2,tick,61.0,0.522
11260.1,g4,tick,37.5,0.556
11260.5,g1,cnp,62.5,0.521
11260.6,g4,cnp,37.5,0.556
11262.3,g2,cnp,61.0,0.522
11262.6,g1,cut,46.3,0.551
11264.4,g4,cnp,37.5,0.556
11264.6,g2,cut,45.0,0.552
11266.2,g1,tick,46.3,0.551
11266.2,g2,tick,45.0,0.552
11266.2,g4,tick,37.5,0.556
11266.2,g1,cnp,46.3,0.551
11266.2,g4,cnp,37.5,0.556
11266.6,g2,cnp,45.0,0.552
11266.8,g1,cnp,46.3,0.551
11267.2,g4,cut,27.1,0.584
11268.7,g2,cnp,45.0,0.552
11268.8,g1,cnp,46.3,0.551
11269.7,g4,cnp,27.1,0.584
11270.1,g1,tick,46.3,0.551
11270.1,g2,tick,45.0,0.552
11270.1,g4,tick,27.1,0.584
11271.0,g2,cnp,45.0,0.552
11271.4,g1,cnp,46.3,0.551
11272.0,g4,cnp,27.1,0.584
11273.3,g1,cut,33.5,0.579
11274.7,g2,cut,32.6,0.580
11276.4,g4,cnp,27.1,0.584
11276.4,g1,tick,33.5,0.579
11276.4,g2,tick,32.6,0.580
11276.4,g4,tick,27.1,0.584
11276.4,g1,cnp,33.5,0.579
11276.4,g2,cnp,32.6,0.580
11276.6,g4,cnp,27.1,0.584
11277.6,g1,cnp,33.5,0.579
11277.7,g2,cnp,32.6,0.580
11278.7,g4,cut,19.2,0.610
11280.6,g1,tick,33.5,0.579
11280.7,g2,tick,32.6,0.580
11280.7,g4,tick,19.2,0.610
11280.7,g1,cnp,33.5,0.579
11280.7,g2,cnp,32.6,0.580
11281.0,g4,cnp,19.2,0.610
11282.2,g1,cnp,33.5,0.579
11282.3,g2,cnp,32.6,0.580
11283.7,g4,cnp,19.2,0.610
11284.2,g1,cut,23.8,0.605
11285.9,g1,tick,23.8,0.605
11285.9,g2,tick,32.6,0.580
11285.9,g4,tick,19.2,0.610
11285.9,g2,cut,23.1,0.606
11287.5,g4,cnp,19.2,0.610
11287.5,g1,cnp,23.8,0.605
11287.5,g2,cnp,23.1,0.606
11288.2,g4,cnp,19.2,0.610
11288.6,g1,cnp,23.8,0.605
11288.8,g2,cnp,23.1,0.606
11290.1,g1,tick,23.8,0.605
11290.1,g2,tick,23.1,0.606
11290.1,g4,tick,19.2,0.610
11290.5,g4,cut,13.3,0.634
11292.3,g1,cnp,23.8,0.605
11292.3,g2,cnp,23.1,0.606
11292.8,g4,cnp,13.3,0.634
11293.0,g2,cnp,23.1,0.606
11293.1,g1,cnp,23.8,0.605
11295.1,g4,cnp,13.3,0.634
11295.1,g1,tick,23.8,0.605
11295.1,g2,tick,23.1,0.606
11295.1,g4,tick,13.3,0.634
11295.2,g1,cut,16.6,0.630
11297.5,g1,cnp,16.6,0.630
11297.5,g2,cut,16.1,0.631
11299.3,g4,cnp,13.3,0.634
11299.3,g2,cnp,16.1,0.631
11299.5,g4,cnp,13.3,0.634
11299.6,g1,cnp,16.6,0.630
11299.7,g2,cnp,16.1,0.631
11300.1,g1,tick,16.6,0.630
11300.1,g2,tick,16.1,0.631
11300.1,g4,tick,13.3,0.634
11301.5,g4,cut,9.1,0.657
11304.2,g1,cnp,16.6,0.630
11304.2,g2,cnp,16.1,0.631
11304.2,g4,cnp,9.1,0.657
11305.1,g1,tick,16.6,0.630
11305.1,g2,tick,16.1,0.631
11305.1,g4,tick,9.1,0.657
11311.8,g1,tick,20.2,0.590
11313.2,g2,tick,19.6,0.592
11314.6,g4,tick,11.2,0.616
11316.5,g1,tick,22.0,0.553
11318.3,g2,tick,21.4,0.555
11319.6,g4,tick,12.3,0.577
11321.5,g1,tick,22.9,0.519
11323.1,g2,tick,22.3,0.520
11324.7,g4,tick,12.8,0.541
11325.1,g1,tick,23.4,0.486
11325.1,g2,tick,22.7,0.487
11326.8,g4,tick,13.1,0.507
11331.9,g1,tick,23.6,0.456
11333.6,g2,tick,22.9,0.457
11333.6,g4,tick,13.2,0.476
11337.0,g1,tick,28.7,0.427
11338.7,g2,tick,28.0,0.428
11340.1,g4,tick,18.3,0.446
11341.6,g1,tick,36.3,0.401
11342.9,g2,tick,35.6,0.402
11344.4,g4,tick,25.8,0.418
11346.6,g1,tick,45.0,0.376
11348.0,g2,tick,44.4,0.377
11349.7,g4,tick,34.6,0.392
11351.9,g1,tick,54.4,0.352
11353.3,g2,tick,53.8,0.353
11354.9,g4,tick,43.9,0.367
11356.7,g1,tick,64.1,0.330
11358.1,g2,tick,63.5,0.331
11359.7,g4,tick,53.6,0.345
11361.5,g1,tick,94.0,0.310
11363.2,g2,tick,93.3,0.310
11364.8,g4,tick,83.5,0.323
11366.4,g1,tick,133.9,0.290
11368.1,g2,tick,133.2,0.291
11369.5,g4,tick,123.4,0.303
11371.4,g1,tick,178.9,0.272
11373.2,g2,tick,178.2,0.273
11374.5,g4,tick,168.4,0.284
11376.7,g1,tick,226.3,0.255
11378.3,g2,tick,225.7,0.256
11379.9,g4,tick,215.8,0.266
11379.9,g2,cut,196.8,0.302
11382.8,g1,tick,275.1,0.239
11382.8,g2,tick,196.8,0.302
11384.2,g4,tick,264.6,0.249
11384.2,g1,cut,242.2,0.287
11384.2,g1,cnp,242.2,0.287
11385.5,g2,cnp,196.8,0.302
11385.5,g2,cnp,196.8,0.302
11385.5,g4,cut,231.6,0.296
11386.8,g1,tick,242.2,0.287
11386.8,g2,tick,196.8,0.302
11386.8,g4,tick,231.6,0.296
11386.8,g1,cnp,242.2,0.287
11386.8,g2,cnp,196.8,0.302
11386.8,g4,cnp,231.6,0.296
11388.6,g4,cnp,231.6,0.296
11388.7,g1,cnp,242.2,0.287
11388.8,g2,cnp,196.8,0.302
11390.1,g1,tick,242.2,0.287
11390.1,g2,tick,196.8,0.302
11390.1,g4,tick,231.6,0.296
11390.7,g4,cnp,231.6,0.296
11390.9,g1,cnp,242.2,0.287
11391.1,g2,cut,167.1,0.346
11393.0,g4,cnp,231.6,0.296
11393.1,g1,cnp,242.2,0.287
11393.2,g2,cnp,167.1,0.346
11395.1,g1,tick,242.2,0.287
11395.1,g2,tick,167.1,0.346
11395.1,g4,tick,231.6,0.296
11395.3,g2,cnp,167.1,0.346
11395.3,g1,cut,207.5,0.331
11397.2,g4,cut,197.3,0.340
11398.6,g1,cnp,207.5,0.331
11398.6,g2,cnp,167.1,0.346
11398.6,g4,cnp,197.3,0.340
11399.4,g2,cnp,167.1,0.346
11399.5,g1,cnp,207.5,0.331
11399.6,g4,cnp,197.3,0.340
11400.1,g1,tick,207.5,0.331
11400.1,g2,tick,167.1,0.346
11400.1,g4,tick,197.3,0.340
11401.8,g2,cut,138.2,0.387
11403.5,g1,cnp,207.5,0.331
11403.6,g4,cnp,197.3,0.340
11403.8,g1,cnp,207.5,0.331
11403.9,g2,cnp,138.2,0.387
11404.1,g4,cnp,197.3,0.340
11405.1,g1,tick,207.5,0.331
11405.1,g2,tick,138.2,0.387
11405.1,g4,tick,197.3,0.340
11406.1,g1,cut,173.1,0.373
11407.9,g2,cnp,138.2,0.387
11407.9,g4,cut,163.7,0.382
11409.9,g1,cnp,173.1,0.373
11409.9,g2,cnp,138.2,0.387
11409.9,g4,cnp,163.7,0.382
11410.1,g1,tick,173.1,0.373
11410.1,g2,tick,138.2,0.387
11410.1,g4,tick,163.7,0.382
11410.5,g1,cnp,173.1,0.373
11410.9,g2,cnp,138.2,0.387
11410.9,g4,cnp,163.7,0.382
11412.6,g1,cnp,173.1,0.373
11413.0,g2,cut,111.5,0.425
11414.9,g1,cnp,173.1,0.373
11414.9,g4,cnp,163.7,0.382
11415.1,g1,tick,173.1,0.373
11415.1,g2,tick,111.5,0.425
11415.1,g4,tick,163.7,0.382
11415.2,g4,cnp,163.7,0.382
11415.3,g2,cnp,111.5,0.425
11417.1,g1,cut,140.8,0.412
11418.8,g2,cnp,111.5,0.425
11418.8,g4,cut,132.5,0.420
11420.6,g1,tick,140.8,0.412
11420.6,g2,tick,111.5,0.425
11420.6,g4,tick,132.5,0.420
11420.6,g1,cnp,140.8,0.412
11420.6,g2,cnp,111.5,0.425
11420.6,g4,cnp,132.5,0.420
11421.6,g1,cnp,140.8,0.412
11421.8,g2,cnp,111.5,0.425
11421.9,g4,cnp,132.5,0.420
11423.6,g1,cnp,140.8,0.412
11423.9,g2,cut,87.8,0.461
11425.6,g1,tick,140.8,0.412
11425.6,g2,tick,87.8,0.461
11425.6,g4,tick,132.5,0.420
11425.6,g4,cnp,132.5,0.420
11425.7,g1,cnp,140.8,0.412
11426.2,g4,cnp,132.5,0.420
11426.4,g2,cnp,87.8,0.461
11428.1,g1,cut,111.8,0.449
11429.8,g2,cnp,87.8,0.461
11429.8,g4,cut,104.6,0.456
11431.5,g1,tick,111.8,0.449
11431.5,g2,tick,87.8,0.461
11431.5,g4,tick,104.6,0.456
11431.5,g1,cnp,111.8,0.449
11431.5,g2,cnp,87.8,0.461
11431.5,g4,cnp,104.6,0.456
11432.6,g1,cnp,111.8,0.449
11432.9,g2,cnp,87.8,0.461
11433.1,g4,cnp,104.6,0.456
11434.7,g1,cnp,111.8,0.449
11435.1,g1,tick,111.8,0.449
11435.1,g2,tick,87.8,0.461
11435.1,g4,tick,104.6,0.456
11435.2,g2,cut,67.6,0.495
11436.7,g4,cnp,104.6,0.456
11436.9,g1,cnp,111.8,0.449
11437.4,g4,cnp,104.6,0.456
11437.5,g2,cnp,67.6,0.495
11439.1,g1,cut,86.7,0.483
11440.5,g1,tick,86.7,0.483
11440.5,g2,tick,67.6,0.495
11440.5,g4,tick,104.6,0.456
11440.5,g2,cnp,67.6,0.495
11440.5,g4,cut,80.7,0.490
11442.2,g1,cnp,86.7,0.483
11442.2,g2,cnp,67.6,0.495
11442.2,g4,cnp,80.7,0.490
11443.7,g1,cnp,86.7,0.483
11443.8,g4,cnp,80.7,0.490
11444.0,g2,cnp,67.6,0.495
11445.1,g1,tick,86.7,0.483
11445.1,g2,tick,67.6,0.495
11445.1,g4,tick,80.7,0.490
11445.9,g4,cnp,80.7,0.490
11446.1,g2,cut,50.9,0.526
11448.4,g1,cnp,86.7,0.483
11448.4,g2,cnp,50.9,0.526
11448.4,g4,cnp,80.7,0.490
11448.5,g1,cnp,86.7,0.483
11450.1,g1,tick,86.7,0.483
11450.1,g2,tick,50.9,0.526
11450.1,g4,tick,80.7,0.490
11450.5,g2,cnp,50.9,0.526
11450.6,g1,cut,65.7,0.516
11452.2,g4,cut,60.9,0.522
11453.6,g1,cnp,65.7,0.516
11453.6,g2,cnp,50.9,0.526
11453.6,g4,cnp,60.9,0.522
11454.9,g2,cnp,50.9,0.526
11455.1,g1,tick,65.7,0.516
11455.1,g2,tick,50.9,0.526
11455.1,g4,tick,60.9,0.522
11455.1,g1,cnp,65.7,0.516
11455.6,g4,cnp,60.9,0.522
11457.0,g2,cut,37.5,0.556
11458.5,g1,cnp,65.7,0.516
11458.5,g4,cnp,60.9,0.522
11459.1,g2,cnp,37.5,0.556
11459.7,g1,cnp,65.7,0.516
11460.0,g4,cnp,60.9,0.522
11460.1,g1,tick,65.7,0.516
11460.1,g2,tick,37.5,0.556
11460.1,g4,tick,60.9,0.522
11461.4,g2,cnp,37.5,0.556
11462.3,g1,cut,48.8,0.546
11463.8,g2,cnp,37.5,0.556
11463.8,g4,cut,45.0,0.552
11465.2,g1,tick,48.8,0.546
11465.2,g2,tick,37.5,0.556
11465.2,g4,tick,45.0,0.552
11465.2,g1,cnp,48.8,0.546
11465.2,g4,cnp,45.0,0.552
11465.6,g2,cnp,37.5,0.556
11466.6,g1,cnp,48.8,0.546
11466.8,g4,cnp,45.0,0.552
11468.0,g2,cut,27.1,0.584
11469.7,g1,cnp,48.8,0.546
11469.7,g4,cnp,45.0,0.552
11470.1,g1,tick,48.8,0.546
11470.1,g2,tick,27.1,0.584
11470.1,g4,tick,45.0,0.552
11470.3,g2,cnp,27.1,0.584
11471.1,g4,cnp,45.0,0.552
11471.3,g1,cnp,48.8,0.546
11472.3,g2,cnp,27.1,0.584
11473.2,g4,cnp,45.0,0.552
11473.4,g1,cut,35.5,0.574
11474.8,g2,cnp,27.1,0.584
11475.1,g1,tick,35.5,0.574
11475.1,g2,tick,27.1,0.584
11475.1,g4,tick,45.0,0.552
11475.5,g1,cnp,35.5,0.574
11475.5,g4,cut,32.6,0.580
11477.4,g2,cnp,27.1,0.584
11477.5,g1,cnp,35.5,0.574
11477.6,g4,cnp,32.6,0.580
11478.8,g2,cut,19.2,0.610
11480.9,g1,tick,35.5,0.574
11480.9,g2,tick,19.2,0.610
11480.9,g4,tick,32.6,0.580
11480.9,g1,cnp,35.5,0.574
11480.9,g2,cnp,19.2,0.610
11480.9,g4,cnp,32.6,0.580
11481.8,g1,cnp,35.5,0.574
11482.2,g4,cnp,32.6,0.580
11483.2,g2,cnp,19.2,0.610
11483.9,g1,cut,25.3,0.601
11485.7,g1,tick,25.3,0.601
11485.7,g2,tick,19.2,0.610
11485.7,g4,tick,32.6,0.580
11485.7,g2,cnp,19.2,0.610
11485.7,g4,cut,23.1,0.606
11487.5,g1,cnp,25.3,0.601
11487.5,g4,cnp,23.1,0.606
11487.5,g2,cnp,19.2,0.610
11488.3,g1,cnp,25.3,0.601
11488.5,g4,cnp,23.1,0.606
11489.7,g2,cut,13.3,0.634
11491.7,g1,tick,25.3,0.601
11491.7,g2,tick,13.3,0.634
11491.7,g4,tick,23.1,0.606
11491.7,g1,cnp,25.3,0.601
11491.7,g4,cnp,23.1,0.606
11492.0,g2,cnp,13.3,0.634
11492.7,g4,cnp,23.1,0.606
11492.8,g1,cnp,25.3,0.601
11494.0,g2,cnp,13.3,0.634
11494.8,g4,cnp,23.1,0.606
11495.1,g1,cut,17.7,0.626
11496.9,g1,tick,17.7,0.626
11496.9,g2,tick,13.3,0.634
11496.9,g4,tick,23.1,0.606
11496.9,g2,cnp,13.3,0.634
11497.0,g4,cut,16.1,0.631
11498.7,g1,cnp,17.7,0.626
11498.7,g2,cnp,13.3,0.634
11499.1,g4,cnp,16.1,0.631
11499.4,g1,cnp,17.7,0.626
11500.1,g1,tick,17.7,0.626
11500.1,g2,tick,13.3,0.634
11500.1,g4,tick,16.1,0.631
11500.6,g2,cut,9.1,0.657
11502.4,g1,cnp,17.7,0.626
11502.4,g4,cnp,16.1,0.631
11502.8,g2,cnp,9.1,0.657
11503.1,g4,cnp,16.1,0.631
11503.9,g1,cnp,17.7,0.626
11505.1,g1,tick,17.7,0.626
11505.1,g2,tick,9.1,0.657
11505.1,g4,tick,16.1,0.631
11505.3,g2,cnp,9.1,0.657
11505.4,g4,cnp,16.1,0.631
11506.1,g1,cut,12.2,0.649
11510.1,g1,tick,12.2,0.649
11510.1,g2,tick,9.1,0.657
11510.1,g4,tick,16.1,0.631
11516.9,g1,tick,14.9,0.609
11518.2,g2,tick,11.2,0.616
11519.5,g4,tick,19.6,0.592
11521.4,g1,tick,16.3,0.571
11522.8,g2,tick,12.3,0.577
11524.2,g4,tick,21.4,0.555
11526.5,g1,tick,17.0,0.535
11528.0,g2,tick,12.8,0.541
11529.3,g4,tick,22.3,0.520
11531.5,g1,tick,17.3,0.502
11532.8,g2,tick,13.1,0.507
11532.8,g4,tick,22.7,0.487
11535.1,g1,tick,17.5,0.470
11535.1,g2,tick,13.2,0.476
11536.5,g4,tick,22.9,0.457
11541.8,g1,tick,22.6,0.441
11543.5,g2,tick,18.3,0.446
11545.2,g4,tick,28.0,0.428
11546.8,g1,tick,30.1,0.413
11548.5,g2,tick,25.8,0.418
11549.8,g4,tick,35.6,0.402
11551.4,g1,tick,38.9,0.387
11553.4,g2,tick,34.6,0.392
11555.1,g4,tick,44.4,0.377
11557.0,g1,tick,48.3,0.363
11558.9,g2,tick,43.9,0.367
11560.6,g4,tick,53.8,0.353
11562.5,g1,tick,58.0,0.341
11564.0,g2,tick,53.6,0.345
11565.3,g4,tick,63.4,0.331
11567.0,g1,tick,87.8,0.319
11568.6,g2,tick,83.5,0.323
11570.4,g4,tick,93.3,0.310
11572.4,g1,tick,127.8,0.299
11574.1,g2,tick,123.4,0.303
11575.6,g4,tick,133.2,0.291
11577.3,g1,tick,172.7,0.281
11578.8,g2,tick,168.4,0.284
11580.3,g4,tick,178.2,0.273
11582.2,g1,tick,220.2,0.263
11584.9,g2,tick,215.8,0.266
11586.4,g4,tick,225.7,0.256
11586.5,g1,cut,191.2,0.309
11588.2,g1,tick,191.2,0.309
11589.8,g2,tick,264.6,0.249
11591.3,g4,tick,274.4,0.240
11591.3,g1,cnp,191.2,0.309
11591.3,g1,cnp,191.2,0.309
11591.4,g2,cut,231.6,0.296
11591.4,g2,cnp,231.6,0.296
11593.0,g4,cut,241.5,0.287
11593.0,g4,cnp,241.5,0.287
11593.0,g4,cnp,241.5,0.287
11594.4,g1,tick,191.2,0.309
11594.4,g2,tick,231.6,0.296
11594.4,g4,tick,241.5,0.287
11594.4,g1,cnp,191.2,0.309
11594.4,g2,cnp,231.6,0.296
11594.4,g2,cnp,231.6,0.296
11594.8,g4,cnp,241.5,0.287
11595.1,g1,tick,191.2,0.309
11595.1,g2,tick,231.6,0.296
11595.1,g4,tick,241.5,0.287
11595.3,g1,cnp,191.2,0.309
11596.2,g2,cnp,231.6,0.296
11596.8,g4,cnp,241.5,0.287
11597.4,g1,cut,161.7,0.352
11599.3,g2,cnp,231.6,0.296
11599.3,g4,cnp,241.5,0.287
11599.4,g1,cnp,161.7,0.352
11600.1,g1,tick,161.7,0.352
11600.1,g2,tick,231.6,0.296
11600.1,g4,tick,241.5,0.287
11600.4,g2,cnp,231.6,0.296
11601.2,g4,cnp,241.5,0.287
11601.8,g1,cnp,161.7,0.352
11602.7,g2,cut,197.3,0.340
11604.8,g1,cnp,161.7,0.352
11604.8,g4,cut,206.8,0.332
11606.5,g1,tick,161.7,0.352
11606.5,g2,tick,197.3,0.340
11606.5,g4,tick,206.8,0.332
11606.5,g1,cnp,161.7,0.352
11606.5,g2,cnp,197.3,0.340
11606.5,g4,cnp,206.8,0.332
11607.0,g2,cnp,197.3,0.340
11607.8,g4,cnp,206.8,0.332
11608.8,g1,cut,133.2,0.393
11610.6,g1,tick,133.2,0.393
11610.6,g2,tick,197.3,0.340
11610.6,g4,tick,206.8,0.332
11610.6,g2,cnp,197.3,0.340
11610.6,g4,cnp,206.8,0.332
11610.8,g1,cnp,133.2,0.393
11611.2,g2,cnp,197.3,0.340
11611.8,g4,cnp,206.8,0.332
11613.2,g1,cnp,133.2,0.393
11613.5,g2,cut,163.7,0.382
11615.4,g1,tick,133.2,0.393
11615.4,g2,tick,163.7,0.382
11615.4,g4,tick,206.8,0.332
11615.4,g4,cut,172.5,0.373
11617.2,g1,cnp,133.2,0.393
11617.2,g2,cnp,163.7,0.382
11617.2,g4,cnp,172.5,0.373
11617.8,g1,cnp,133.2,0.393
11618.0,g2,cnp,163.7,0.382
11618.4,g4,cnp,172.5,0.373
11620.1,g1,tick,133.2,0.393
11620.1,g2,tick,163.7,0.382
11620.1,g4,tick,172.5,0.373
11620.1,g1,cut,107.0,0.431
11621.9,g2,cnp,163.7,0.382
11621.9,g4,cnp,172.5,0.373
11622.1,g1,cnp,107.0,0.431
11622.3,g2,cnp,163.7,0.382
11622.8,g4,cnp,172.5,0.373
11624.2,g1,cnp,107.0,0.431
11624.5,g2,cut,132.5,0.420
11627.0,g1,tick,107.0,0.431
11627.0,g2,tick,132.5,0.420
11627.0,g4,tick,172.5,0.373
11627.0,g1,cnp,107.0,0.431
11627.0,g2,cnp,132.5,0.420
11627.0,g4,cut,140.3,0.413
11627.0,g4,cnp,140.3,0.413
11628.9,g1,cnp,107.0,0.431
11628.9,g2,cnp,132.5,0.420
11629.2,g4,cnp,140.3,0.413
11630.0,g1,tick,107.0,0.431
11630.1,g2,tick,132.5,0.420
11630.1,g4,tick,140.3,0.413
11630.8,g1,cut,84.0,0.466
11632.2,g2,cnp,132.5,0.420
11632.2,g4,cnp,140.3,0.413
11632.9,g1,cnp,84.0,0.466
11633.1,g2,cnp,132.5,0.420
11633.5,g4,cnp,140.3,0.413
11635.1,g1,cnp,84.0,0.466
11635.1,g1,tick,84.0,0.466
11635.1,g2,tick,132.5,0.420
11635.1,g4,tick,140.3,0.413
11635.2,g2,cut,104.6,0.456
11636.7,g4,cnp,140.3,0.413
11637.3,g2,cnp,104.6,0.456
11637.5,g1,cnp,84.0,0.466
11637.7,g4,cut,111.4,0.449
11639.3,g2,cnp,104.6,0.456
11639.5,g1,cnp,84.0,0.466
11639.9,g4,cnp,111.4,0.449
11640.1,g1,tick,84.0,0.466
11640.1,g2,tick,104.6,0.456
11640.1,g4,tick,111.4,0.449
11641.6,g2,cnp,104.6,0.456
11641.9,g1,cut,64.4,0.500
11644.3,g1,cnp,64.4,0.500
11644.3,g2,cnp,104.6,0.456
11644.3,g4,cnp,111.4,0.449
11644.8,g4,cnp,111.4,0.449
11645.1,g1,tick,64.4,0.500
11645.2,g2,tick,104.6,0.456
11645.2,g4,tick,111.4,0.449
11646.0,g2,cut,80.7,0.490
11647.5,g1,cnp,64.4,0.500
11647.5,g4,cnp,111.4,0.449
11648.1,g2,cnp,80.7,0.490
11648.5,g1,cnp,64.4,0.500
11649.1,g4,cut,86.3,0.484
11650.6,g1,tick,64.4,0.500
11650.6,g2,tick,80.7,0.490
11650.6,g4,tick,86.3,0.484
11650.8,g1,cnp,64.4,0.500
11651.0,g2,cnp,80.7,0.490
11651.2,g4,cnp,86.3,0.484
11653.0,g1,cut,48.3,0.531
11654.3,g2,cnp,80.7,0.490
11654.4,g4,cnp,86.3,0.484
11655.0,g1,tick,48.3,0.531
11655.0,g2,tick,80.7,0.490
11655.0,g4,tick,86.3,0.484
11655.1,g1,cnp,48.3,0.531
11655.4,g2,cnp,80.7,0.490
11656.4,g4,cnp,86.3,0.484
11657.4,g1,cnp,48.3,0.531
11657.5,g2,cut,60.9,0.522
11659.0,g4,cnp,86.3,0.484
11659.6,g2,cnp,60.9,0.522
11659.8,g1,cnp,48.3,0.531
11660.1,g1,tick,48.3,0.531
11660.1,g2,tick,60.9,0.522
11660.1,g4,tick,86.3,0.484
11660.6,g4,cut,65.5,0.516
11662.2,g1,cnp,48.3,0.531
11662.6,g2,cnp,60.9,0.522
11662.7,g4,cnp,65.5,0.516
11664.4,g1,cut,35.5,0.560
11666.0,g1,tick,35.5,0.560
11666.0,g2,tick,60.9,0.522
11666.0,g4,tick,65.5,0.516
11666.0,g2,cnp,60.9,0.522
11666.0,g4,cnp,65.5,0.516
11666.4,g1,cnp,35.5,0.560
11667.1,g4,cnp,65.5,0.516
11667.7,g2,cut,45.0,0.552
11669.3,g1,cnp,35.5,0.560
11669.4,g4,cnp,65.5,0.516
11669.8,g2,cnp,45.0,0.552
11670.1,g1,tick,35.5,0.560
11670.1,g2,tick,45.0,0.552
11670.1,g4,tick,65.5,0.516
11671.3,g1,cnp,35.5,0.560
11672.0,g2,cnp,45.0,0.552
11672.1,g4,cut,48.6,0.546
11673.5,g1,cnp,35.5,0.560
11674.1,g2,cnp,45.0,0.552
11674.3,g4,cnp,48.6,0.546
11675.1,g1,tick,35.5,0.560
11675.1,g2,tick,45.0,0.552
11675.1,g4,tick,48.6,0.546
11675.5,g1,cut,25.5,0.588
11677.2,g2,cnp,45.0,0.552
11677.2,g4,cnp,48.6,0.546
11677.7,g1,cnp,25.5,0.588
11678.3,g2,cut,32.6,0.580
11679.7,g4,cnp,48.6,0.546
11680.0,g1,cnp,25.5,0.588
11680.0,g1,tick,25.5,0.588
11680.0,g2,tick,32.6,0.580
11680.0,g4,tick,48.6,0.546
11680.5,g2,cnp,32.6,0.580
11680.9,g4,cnp,48.6,0.546
11682.2,g1,cnp,25.5,0.588
11682.5,g2,cnp,32.6,0.580
11683.0,g4,cut,35.3,0.575
11684.7,g1,cnp,25.5,0.588
11684.8,g2,cnp,32.6,0.580
11685.1,g1,tick,25.5,0.588
11685.1,g2,tick,32.6,0.580
11685.1,g4,tick,35.3,0.575
11685.2,g4,cnp,35.3,0.575
11687.1,g2,cnp,32.6,0.580
11687.2,g1,cut,18.0,0.613
11688.5,g4,cnp,35.3,0.575
11689.2,g1,cnp,18.0,0.613
11689.4,g2,cut,23.1,0.606
11690.8,g1,tick,18.0,0.613
11690.8,g2,tick,23.1,0.606
11690.8,g4,tick,35.3,0.575
11690.8,g4,cnp,35.3,0.575
11691.3,g1,cnp,18.0,0.613
11691.5,g2,cnp,23.1,0.606
11692.0,g4,cnp,35.3,0.575
11693.5,g2,cnp,23.1,0.606
11693.7,g1,cnp,18.0,0.613
11694.1,g4,cut,25.2,0.601
11695.4,g1,tick,18.0,0.613
11695.4,g2,tick,23.1,0.606
11695.4,g4,tick,25.2,0.601
11695.7,g2,cnp,23.1,0.606
11695.9,g1,cnp,18.0,0.613
11696.2,g4,cnp,25.2,0.601
11697.9,g2,cnp,23.1,0.606
11698.1,g1,cut,12.5,0.638
11699.7,g4,cnp,25.2,0.601
11700.1,g1,tick,12.5,0.638
11700.1,g2,tick,23.1,0.606
11700.1,g4,tick,25.2,0.601
11700.1,g2,cut,16.1,0.631
11701.5,g1,cnp,12.5,0.638
11701.5,g4,cnp,25.2,0.601
11702.4,g2,cnp,16.1,0.631
11702.6,g1,cnp,12.5,0.638
11702.8,g4,cnp,25.2,0.601
11704.6,g2,cnp,16.1,0.631
11704.8,g1,cnp,12.5,0.638
11705.0,g4,cut,17.6,0.626
11706.4,g1,tick,12.5,0.638
11706.4,g2,tick,16.1,0.631
11706.4,g4,tick,17.6,0.626
11706.9,g2,cnp,16.1,0.631
11707.2,g1,cnp,12.5,0.638
11707.3,g4,cnp,17.6,0.626
11709.1,g2,cnp,16.1,0.631
11709.3,g1,cut,8.5,0.660
11711.0,g1,tick,8.5,0.660
11711.0,g2,tick,16.1,0.631
11711.0,g4,tick,17.6,0.626
11711.0,g4,cnp,17.6,0.626
11711.4,g2,cut,11.0,0.654
11712.8,g4,cnp,17.6,0.626
11716.6,g1,tick,10.5,0.619
11716.6,g2,tick,11.0,0.654
11716.6,g4,tick,17.6,0.626
11721.4,g1,tick,11.5,0.580
11722.8,g2,tick,13.6,0.613
11724.4,g4,tick,21.4,0.587
11726.7,g1,tick,12.0,0.544
11728.3,g2,tick,14.9,0.575
11729.8,g4,tick,23.3,0.550
11731.6,g1,tick,12.3,0.510
11733.0,g2,tick,15.5,0.539
11734.3,g4,tick,24.2,0.516
11735.1,g1,tick,12.4,0.478
11736.4,g2,tick,15.8,0.505
11736.4,g4,tick,24.7,0.484
11741.3,g1,tick,17.4,0.448
11741.3,g2,tick,16.0,0.474
11742.6,g4,tick,24.9,0.453
11746.3,g1,tick,25.0,0.420
11747.7,g2,tick,21.0,0.444
11749.0,g4,tick,30.0,0.425
11751.6,g1,tick,33.7,0.394
11753.0,g2,tick,28.6,0.416
11754.3,g4,tick,37.6,0.399
11756.6,g1,tick,43.1,0.369
11758.0,g2,tick,37.4,0.390
11759.4,g4,tick,46.4,0.374
11761.4,g1,tick,52.8,0.346
11762.8,g2,tick,46.7,0.366
11764.2,g4,tick,55.8,0.350
11766.4,g1,tick,82.7,0.325
11768.0,g2,tick,56.4,0.343
11769.3,g4,tick,65.5,0.328
11771.4,g1,tick,122.6,0.304
11772.9,g2,tick,86.3,0.322
11774.2,g4,tick,95.3,0.308
11776.5,g1,tick,167.5,0.285
11777.8,g2,tick,126.2,0.301
11779.2,g4,tick,135.2,0.289
11781.5,g1,tick,215.0,0.268
11783.2,g2,tick,171.2,0.283
11784.6,g4,tick,180.2,0.271
11786.6,g1,tick,263.8,0.251
11788.5,g2,tick,218.6,0.265
11790.1,g4,tick,227.7,0.254
11790.1,g1,cut,230.7,0.298
11791.4,g2,cut,189.7,0.311
11792.8,g4,cut,198.8,0.300
11792.8,g4,cnp,198.8,0.300
11794.2,g1,tick,230.7,0.298
11794.2,g2,tick,189.7,0.311
11794.2,g4,tick,198.8,0.300
11794.3,g1,cnp,230.7,0.298
11794.3,g1,cnp,230.7,0.298
11794.3,g2,cnp,189.7,0.311
11794.3,g4,cnp,198.8,0.300
11794.7,g1,cnp,230.7,0.298
11795.0,g2,cnp,189.7,0.311
11795.1,g1,tick,230.7,0.298
11795.1,g2,tick,189.7,0.311
11795.1,g4,tick,198.8,0.300
11795.3,g4,cnp,198.8,0.300
11796.7,g1,cnp,230.7,0.298
11797.2,g2,cnp,189.7,0.311
11797.4,g4,cnp,198.8,0.300
11799.1,g1,cnp,230.7,0.298
11799.5,g2,cnp,189.7,0.311
11799.7,g4,cnp,198.8,0.300
11800.1,g1,tick,230.7,0.298
11800.1,g2,tick,189.7,0.311
11800.1,g4,tick,198.8,0.300
11801.2,g1,cut,196.4,0.342
11803.0,g2,cut,160.2,0.354
11804.6,g4,cut,168.9,0.344
11804.6,g4,cnp,168.9,0.344
11806.3,g1,tick,196.4,0.342
11806.3,g2,tick,160.2,0.354
11806.3,g4,tick,168.9,0.344
11806.3,g1,cnp,196.4,0.342
11806.3,g1,cnp,196.4,0.342
11806.3,g2,cnp,160.2,0.354
11806.3,g2,cnp,160.2,0.354
11806.3,g4,cnp,168.9,0.344
11807.5,g1,cnp,196.4,0.342
11808.1,g2,cnp,160.2,0.354
11808.3,g4,cnp,168.9,0.344
11809.5,g1,cnp,196.4,0.342
11810.1,g1,tick,196.4,0.342
11810.1,g2,tick,160.2,0.354
11810.1,g4,tick,168.9,0.344
11810.4,g2,cnp,160.2,0.354
11810.6,g4,cnp,168.9,0.344
11811.6,g1,cut,162.8,0.383
11813.2,g2,cut,131.8,0.394
11814.6,g4,cnp,168.9,0.344
11814.6,g1,cnp,162.8,0.383
11814.7,g2,cnp,131.8,0.394
11814.8,g4,cut,139.9,0.385
11816.1,g1,tick,162.8,0.383
11816.1,g2,tick,131.8,0.394
11816.1,g4,tick,139.9,0.385
11816.2,g1,cnp,162.8,0.383
11816.8,g2,cnp,131.8,0.394
11816.9,g4,cnp,139.9,0.385
11817.9,g1,cnp,162.8,0.383
11818.9,g4,cnp,139.9,0.385
11819.0,g2,cnp,131.8,0.394
11820.0,g1,cnp,162.8,0.383
11820.0,g1,tick,162.8,0.383
11820.0,g2,tick,131.8,0.394
11820.0,g4,tick,139.9,0.385
11821.0,g4,cnp,139.9,0.385
11821.2,g2,cnp,131.8,0.394
11822.3,g1,cut,131.7,0.421
11823.8,g2,cut,105.8,0.432
11825.6,g4,cut,113.0,0.423
11827.3,g1,tick,131.7,0.421
11827.3,g2,tick,105.8,0.432
11827.3,g4,tick,113.0,0.423
11827.3,g1,cnp,131.7,0.421
11827.3,g1,cnp,131.7,0.421
11827.3,g2,cnp,105.8,0.432
11827.3,g4,cnp,113.0,0.423
11827.7,g4,cnp,113.0,0.423
11827.8,g2,cnp,105.8,0.432
11828.9,g1,cnp,131.7,0.421
11830.1,g4,cnp,113.0,0.423
11830.1,g1,tick,131.7,0.421
11830.1,g2,tick,105.8,0.432
11830.1,g4,tick,113.0,0.423
11830.2,g2,cnp,105.8,0.432
11830.9,g1,cnp,131.7,0.421
11832.1,g4,cnp,113.0,0.423
11832.6,g2,cnp,105.8,0.432
11833.1,g1,cut,103.9,0.457
11835.0,g2,cut,83.0,0.468
11836.7,g4,cut,89.0,0.460
11836.7,g4,cnp,89.0,0.460
11838.1,g1,tick,103.9,0.457
11838.1,g2,tick,83.0,0.468
11838.1,g4,tick,89.0,0.460
11838.1,g1,cnp,103.9,0.457
11838.1,g1,cnp,103.9,0.457
11838.1,g2,cnp,83.0,0.468
11838.6,g4,cnp,89.0,0.460
11839.2,g2,cnp,83.0,0.468
11839.4,g1,cnp,103.9,0.457
11840.1,g1,tick,103.9,0.457
11840.1,g2,tick,83.0,0.468
11840.1,g4,tick,89.0,0.460
11840.7,g4,cnp,89.0,0.460
11841.2,g2,cnp,83.0,0.468
11841.5,g1,cnp,103.9,0.457
11842.7,g4,cnp,89.0,0.460
11843.5,g2,cnp,83.0,0.468
11843.6,g1,cut,80.2,0.491
11845.0,g1,tick,80.2,0.491
11845.1,g2,tick,83.0,0.468
11845.1,g4,tick,89.0,0.460
11845.1,g4,cnp,89.0,0.460
11845.7,g2,cut,63.6,0.501
11847.1,g1,cnp,80.2,0.491
11847.2,g4,cut,68.6,0.493
11848.8,g1,cnp,80.2,0.491
11848.8,g2,cnp,63.6,0.501
11849.3,g4,cnp,68.6,0.493
11850.0,g2,cnp,63.6,0.501
11850.0,g1,tick,80.2,0.491
11850.0,g2,tick,63.6,0.501
11850.0,g4,tick,68.6,0.493
11850.5,g1,cnp,80.2,0.491
11851.6,g4,cnp,68.6,0.493
11852.1,g2,cnp,63.6,0.501
11852.8,g1,cnp,80.2,0.491
11853.9,g4,cnp,68.6,0.493
11854.4,g2,cnp,63.6,0.501
11854.9,g1,cut,60.5,0.523
11857.2,g1,tick,60.5,0.523
11857.2,g2,tick,63.6,0.501
11857.2,g4,tick,68.6,0.493
11857.2,g1,cnp,60.5,0.523
11857.3,g2,cut,47.6,0.532
11858.9,g4,cut,51.7,0.525
11858.9,g4,cnp,51.7,0.525
11860.8,g1,tick,60.5,0.523
11860.8,g2,tick,47.6,0.532
11860.8,g4,tick,51.7,0.525
11860.8,g1,cnp,60.5,0.523
11860.8,g2,cnp,47.6,0.532
11860.8,g4,cnp,51.7,0.525
11860.9,g2,cnp,47.6,0.532
11861.3,g1,cnp,60.5,0.523
11862.5,g4,cnp,51.7,0.525
11863.2,g2,cnp,47.6,0.532
11863.6,g1,cnp,60.5,0.523
11864.6,g4,cnp,51.7,0.525
11865.1,g1,tick,60.5,0.523
11865.1,g2,tick,47.6,0.532
11865.1,g4,tick,51.7,0.525
11865.5,g2,cnp,47.6,0.532
11865.6,g1,cut,44.7,0.553
11867.2,g4,cnp,51.7,0.525
11867.7,g1,cnp,44.7,0.553
11867.7,g2,cut,35.0,0.561
11869.4,g4,cut,38.1,0.555
11871.0,g1,tick,44.7,0.553
11871.0,g2,tick,35.0,0.561
11871.0,g4,tick,38.1,0.555
11871.0,g1,cnp,44.7,0.553
11871.0,g2,cnp,35.0,0.561
11871.5,g4,cnp,38.1,0.555
11872.0,g1,cnp,44.7,0.553
11872.4,g2,cnp,35.0,0.561
11873.8,g4,cnp,38.1,0.555
11874.2,g1,cnp,44.7,0.553
11874.5,g2,cnp,35.0,0.561
11875.1,g1,tick,44.7,0.553
11875.1,g2,tick,35.0,0.561
11875.1,g4,tick,38.1,0.555
11876.0,g4,cnp,38.1,0.555
11876.4,g1,cut,32.3,0.581
11877.8,g2,cut,25.2,0.589
11879.5,g1,cnp,32.3,0.581
11879.5,g2,cnp,25.2,0.589
11879.5,g4,cut,27.5,0.582
11881.0,g1,tick,32.3,0.581
11881.0,g2,tick,25.2,0.589
11881.0,g4,tick,27.5,0.582
11881.0,g1,cnp,32.3,0.581
11881.0,g4,cnp,27.5,0.582
11881.3,g2,cnp,25.2,0.589
11882.8,g4,cnp,27.5,0.582
11883.1,g1,cnp,32.3,0.581
11883.5,g2,cnp,25.2,0.589
11884.9,g4,cnp,27.5,0.582
11885.1,g1,tick,32.3,0.581
11885.1,g2,tick,25.2,0.589
11885.1,g4,tick,27.5,0.582
11885.3,g1,cnp,32.3,0.581
11885.7,g2,cnp,25.2,0.589
11886.9,g4,cnp,27.5,0.582
11887.4,g1,cut,22.9,0.607
11888.9,g2,cut,17.7,0.615
11890.6,g1,tick,22.9,0.607
11890.6,g2,tick,17.7,0.615
11890.6,g4,tick,27.5,0.582
11890.6,g1,cnp,22.9,0.607
11890.6,g2,cnp,17.7,0.615
11890.6,g4,cut,19.5,0.609
11892.0,g1,cnp,22.9,0.607
11892.0,g4,cnp,19.5,0.609
11892.3,g2,cnp,17.7,0.615
11893.8,g4,cnp,19.5,0.609
11894.0,g1,cnp,22.9,0.607
11894.6,g2,cnp,17.7,0.615
11895.1,g1,tick,22.9,0.607
11895.1,g2,tick,17.7,0.615
11895.1,g4,tick,19.5,0.609
11895.8,g4,cnp,19.5,0.609
11896.2,g1,cnp,22.9,0.607
11896.8,g2,cnp,17.7,0.615
11898.1,g4,cnp,19.5,0.609
11898.6,g1,cut,16.0,0.632
11900.0,g1,tick,16.0,0.632
11900.0,g2,tick,17.7,0.615
11900.0,g4,tick,19.5,0.609
11900.0,g2,cut,12.3,0.639
11901.4,g1,cnp,16.0,0.632
11901.4,g2,cnp,12.3,0.639
11901.4,g4,cut,13.6,0.633
11903.0,g1,cnp,16.0,0.632
11903.0,g4,cnp,13.6,0.633
11903.6,g2,cnp,12.3,0.639
11904.5,g4,cnp,13.6,0.633
11905.1,g1,tick,16.0,0.632
11905.1,g2,tick,12.3,0.639
11905.1,g4,tick,13.6,0.633
11905.2,g1,cnp,16.0,0.632
11905.9,g2,cnp,12.3,0.639
11906.7,g4,cnp,13.6,0.633
11907.2,g1,cnp,16.0,0.632
11910.1,g1,tick,16.0,0.632
11910.1,g2,tick,12.3,0.639
11910.1,g4,tick,13.6,0.633
11916.8,g1,tick,19.4,0.592
11918.2,g2,tick,15.0,0.599
11919.9,g4,tick,16.5,0.593
11921.6,g1,tick,21.2,0.555
11922.9,g2,tick,16.4,0.561
11924.3,g4,tick,18.0,0.556
11926.4,g1,tick,22.1,0.520
11927.8,g2,tick,17.1,0.526
11929.1,g4,tick,18.8,0.522
11930.1,g1,tick,22.5,0.488
11930.1,g2,tick,17.4,0.493
11930.1,g4,tick,19.1,0.489
11936.5,g1,tick,22.7,0.457
11937.9,g2,tick,17.6,0.462
11939.3,g4,tick,19.3,0.458
11941.6,g1,tick,27.8,0.429
11943.0,g2,tick,22.7,0.434
11944.8,g4,tick,24.4,0.430
11946.5,g1,tick,35.4,0.402
11947.9,g2,tick,30.2,0.406
11949.3,g4,tick,32.0,0.403
11951.5,g1,tick,44.1,0.377
11953.1,g2,tick,39.0,0.381
11954.5,g4,tick,40.7,0.378
11956.8,g1,tick,53.5,0.353
11958.1,g2,tick,48.4,0.357
11959.7,g4,tick,50.1,0.354
11961.8,g1,tick,63.2,0.331
11963.2,g2,tick,58.1,0.335
11964.5,g4,tick,59.8,0.332
11966.4,g1,tick,93.1,0.311
11968.4,g2,tick,87.9,0.314
11970.0,g4,tick,89.7,0.311
11971.6,g1,tick,133.0,0.291
11973.0,g2,tick,127.8,0.294
11974.4,g4,tick,129.6,0.292
11976.5,g1,tick,178.0,0.273
11977.9,g2,tick,172.8,0.276
11979.2,g4,tick,174.6,0.274
11981.6,g1,tick,225.4,0.256
11983.2,g2,tick,220.3,0.259
11984.7,g4,tick,222.0,0.256
11984.7,g4,cut,193.6,0.303
11988.0,g1,tick,274.2,0.240
11989.5,g2,tick,269.0,0.243
11989.5,g4,tick,193.6,0.303
11989.5,g1,cut,241.3,0.287
11989.5,g1,cnp,241.3,0.287
11991.1,g2,cut,236.4,0.290
11991.1,g2,cnp,236.4,0.290
11991.1,g2,cnp,236.4,0.290
11992.7,g4,cnp,193.6,0.303
11992.7,g4,cnp,193.6,0.303
11992.7,g4,cnp,193.6,0.303
11992.7,g1,tick,241.3,0.287
11992.7,g2,tick,236.4,0.290
11992.7,g4,tick,193.6,0.303
11992.7,g1,cnp,241.3,0.287
11992.7,g1,cnp,241.3,0.287
11992.7,g2,cnp,236.4,0.290
11994.2,g4,cnp,193.6,0.303
11994.4,g2,cnp,236.4,0.290
11994.6,g1,cnp,241.3,0.287
11995.1,g1,tick,241.3,0.287
11995.1,g2,tick,236.4,0.290
11995.1,g4,tick,193.6,0.303
11996.4,g4,cut,164.2,0.347
11998.0,g1,cnp,241.3,0.287
11998.0,g2,cnp,236.4,0.290
11998.5,g4,cnp,164.2,0.347
11998.8,g2,cnp,236.4,0.290
11999.0,g1,cnp,241.3,0.287
12000.1,g1,tick,241.3,0.287
12000.1,g2,tick,236.4,0.290
12000.1,g4,tick,164.2,0.347
12000.5,g4,cnp,164.2,0.347
12001.0,g2,cnp,236.4,0.290
12001.1,g1,cut,206.6,0.332
12002.8,g4,cnp,164.2,0.347
12003.2,g1,cnp,206.6,0.332
12003.3,g2,cut,202.1,0.334
12004.9,g4,cnp,164.2,0.347
12005.1,g1,tick,206.6,0.332
12005.2,g2,tick,202.1,0.334
12005.2,g4,tick,164.2,0.347
12005.3,g1,cnp,206.6,0.332
12005.4,g2,cnp,202.1,0.334
12007.0,g4,cut,135.8,0.387
12008.7,g1,cnp,206.6,0.332
12008.7,g2,cnp,202.1,0.334
12009.5,g4,cnp,135.8,0.387
12009.8,g1,cnp,206.6,0.332
12010.0,g2,cnp,202.1,0.334
12010.0,g1,tick,206.6,0.332
12010.0,g2,tick,202.1,0.334
12010.0,g4,tick,135.8,0.387
12011.8,g4,cnp,135.8,0.387
12012.0,g1,cut,172.3,0.374
12013.4,g2,cut,168.3,0.376
12014.8,g1,cnp,172.3,0.374
12014.8,g2,cnp,168.3,0.376
12014.8,g4,cnp,135.8,0.387
12015.1,g1,tick,172.3,0.374
12015.1,g2,tick,168.3,0.376
12015.1,g4,tick,135.8,0.387
12016.4,g4,cnp,135.8,0.387
12016.5,g1,cnp,172.3,0.374
12016.6,g2,cnp,168.3,0.376
12018.7,g4,cut,109.5,0.426
12020.1,g1,tick,172.3,0.374
12020.1,g2,tick,168.3,0.376
12020.1,g4,tick,109.5,0.426
12020.1,g1,cnp,172.3,0.374
12020.2,g2,cnp,168.3,0.376
12020.9,g1,cnp,172.3,0.374
12021.0,g4,cnp,109.5,0.426
12021.1,g2,cnp,168.3,0.376
12023.0,g4,cnp,109.5,0.426
12023.1,g1,cut,140.1,0.413
12024.5,g2,cut,136.7,0.415
12025.9,g1,tick,140.1,0.413
12025.9,g2,tick,136.7,0.415
12025.9,g4,tick,109.5,0.426
12025.9,g1,cnp,140.1,0.413
12025.9,g2,cnp,136.7,0.415
12025.9,g4,cnp,109.5,0.426
12027.3,g4,cnp,109.5,0.426
12027.4,g2,cnp,136.7,0.415
12027.5,g1,cnp,140.1,0.413
12029.4,g4,cut,86.2,0.462
12031.0,g1,tick,140.1,0.413
12031.0,g2,tick,136.7,0.415
12031.0,g4,tick,86.2,0.462
12031.0,g1,cnp,140.1,0.413
12031.0,g2,cnp,136.7,0.415
12031.8,g4,cnp,86.2,0.462
12031.9,g1,cnp,140.1,0.413
12032.0,g2,cnp,136.7,0.415
12033.8,g4,cnp,86.2,0.462
12034.2,g1,cut,111.2,0.450
12035.9,g1,tick,111.2,0.450
12035.9,g2,tick,136.7,0.415
12035.9,g4,tick,86.2,0.462
12035.9,g2,cut,108.3,0.451
12037.4,g4,cnp,86.2,0.462
12037.4,g1,cnp,111.2,0.450
12037.4,g2,cnp,108.3,0.451
12037.8,g4,cnp,86.2,0.462
12038.8,g1,cnp,111.2,0.450
12038.9,g2,cnp,108.3,0.451
12039.8,g4,cut,66.3,0.495
12041.5,g1,tick,111.2,0.450
12041.5,g2,tick,108.3,0.451
12041.5,g4,tick,66.3,0.495
12041.5,g1,cnp,111.2,0.450
12041.5,g2,cnp,108.3,0.451
12042.2,g4,cnp,66.3,0.495
12043.1,g1,cnp,111.2,0.450
12043.2,g2,cnp,108.3,0.451
12044.5,g4,cnp,66.3,0.495
12045.1,g1,tick,111.2,0.450
12045.1,g2,tick,108.3,0.451
12045.1,g4,tick,66.3,0.495
12045.3,g2,cnp,108.3,0.451
12046.1,g1,cut,86.2,0.484
12047.7,g4,cnp,66.3,0.495
12048.2,g1,cnp,86.2,0.484
12048.6,g4,cnp,66.3,0.495
12048.8,g2,cut,83.9,0.486
12050.4,g1,tick,86.2,0.484
12050.4,g2,tick,83.9,0.486
12050.4,g4,tick,66.3,0.495
12050.9,g4,cut,49.9,0.527
12052.6,g1,cnp,86.2,0.484
12052.6,g2,cnp,83.9,0.486
12052.9,g4,cnp,49.9,0.527
12054.1,g1,cnp,86.2,0.484
12054.6,g2,cnp,83.9,0.486
12055.1,g1,tick,86.2,0.484
12055.1,g2,tick,83.9,0.486
12055.1,g4,tick,49.9,0.527
12055.3,g4,cnp,49.9,0.527
12056.7,g2,cnp,83.9,0.486
12057.4,g4,cnp,49.9,0.527
12057.7,g1,cut,65.3,0.516
12059.5,g4,cnp,49.9,0.527
12059.9,g1,cnp,65.3,0.516
12060.0,g1,tick,65.3,0.516
12060.0,g2,tick,83.9,0.486
12060.0,g4,tick,49.9,0.527
12060.3,g2,cut,63.5,0.518
12061.8,g4,cut,36.7,0.556
12063.4,g1,cnp,65.3,0.516
12063.4,g2,cnp,63.5,0.518
12063.7,g4,cnp,36.7,0.556
12065.1,g1,tick,65.3,0.516
12065.1,g2,tick,63.5,0.518
12065.1,g4,tick,36.7,0.556
12065.2,g2,cnp,63.5,0.518
12065.2,g1,cnp,65.3,0.516
12066.0,g4,cnp,36.7,0.556
12067.2,g2,cnp,63.5,0.518
12067.9,g1,cut,48.5,0.546
12069.3,g4,cnp,36.7,0.556
12069.5,g2,cnp,63.5,0.518
12070.1,g1,tick,48.5,0.546
12070.1,g2,tick,63.5,0.518
12070.1,g4,tick,36.7,0.556
12070.1,g1,cnp,48.5,0.546
12070.2,g4,cnp,36.7,0.556
12071.8,g2,cut,47.1,0.548
12073.4,g1,cnp,48.5,0.546
12073.4,g4,cut,26.5,0.584
12074.7,g2,cnp,47.1,0.548
12074.7,g4,cnp,26.5,0.584
12075.0,g1,cnp,48.5,0.546
12075.0,g1,tick,48.5,0.546
12075.0,g2,tick,47.1,0.548
12075.0,g4,tick,26.5,0.584
12076.1,g2,cnp,47.1,0.548
12076.9,g4,cnp,26.5,0.584
12077.2,g1,cnp,48.5,0.546
12078.2,g2,cnp,47.1,0.548
12079.3,g4,cnp,26.5,0.584
12079.4,g1,cut,35.2,0.575
12081.1,g1,tick,35.2,0.575
12081.1,g2,tick,47.1,0.548
12081.1,g4,tick,26.5,0.584
12081.1,g2,cnp,47.1,0.548
12081.6,g1,cnp,35.2,0.575
12081.7,g4,cnp,26.5,0.584
12082.7,g2,cut,34.2,0.576
12084.2,g1,cnp,35.2,0.575
12084.2,g4,cut,18.8,0.610
12085.6,g1,tick,35.2,0.575
12085.6,g2,tick,34.2,0.576
12085.6,g4,tick,18.8,0.610
12085.6,g2,cnp,34.2,0.576
12085.7,g1,cnp,35.2,0.575
12086.5,g4,cnp,18.8,0.610
12087.0,g2,cnp,34.2,0.576
12087.9,g1,cnp,35.2,0.575
12088.7,g4,cnp,18.8,0.610
12089.1,g2,cnp,34.2,0.576
12090.1,g1,cut,25.1,0.601
12091.4,g1,tick,25.1,0.601
12091.4,g2,tick,34.2,0.576
12091.4,g4,tick,18.8,0.610
12091.4,g2,cnp,34.2,0.576
12091.4,g4,cnp,18.8,0.610
12092.3,g1,cnp,25.1,0.601
12092.7,g4,cnp,18.8,0.610
12093.2,g2,cut,24.3,0.603
12094.8,g1,cnp,25.1,0.601
12095.1,g4,cut,13.1,0.634
12096.5,g1,tick,25.1,0.601
12096.5,g2,tick,24.3,0.603
12096.5,g4,tick,13.1,0.634
12096.5,g2,cnp,24.3,0.603
12096.6,g1,cnp,25.1,0.601
12097.3,g4,cnp,13.1,0.634
12097.4,g2,cnp,24.3,0.603
12098.8,g1,cnp,25.1,0.601
12099.5,g2,cnp,24.3,0.603
12099.6,g4,cnp,13.1,0.634
12100.1,g1,tick,25.1,0.601
12100.1,g2,tick,24.3,0.603
12100.1,g4,tick,13.1,0.634
12100.9,g1,cut,17.6,0.626
12102.7,g2,cnp,24.3,0.603
12102.7,g4,cnp,13.1,0.634
12103.1,g1,cnp,17.6,0.626
12103.9,g2,cut,17.0,0.628
12105.4,g1,tick,17.6,0.626
12105.4,g2,tick,17.0,0.628
12105.4,g4,tick,13.1,0.634
12105.4,g4,cut,8.9,0.657
12106.7,g1,cnp,17.6,0.626
12106.8,g2,cnp,17.0,0.628
12106.8,g4,cnp,8.9,0.657
12107.7,g1,cnp,17.6,0.626
12108.2,g2,cnp,17.0,0.628
12108.5,g4,cnp,8.9,0.657
12109.8,g1,cnp,17.6,0.626
12110.2,g1,tick,17.6,0.626
12110.2,g2,tick,17.0,0.628
12110.2,g4,tick,8.9,0.657
12110.4,g2,cnp,17.0,0.628
12111.0,g4,cnp,8.9,0.657
12111.9,g1,cut,12.1,0.650
12115.1,g1,tick,12.1,0.650
12115.1,g2,tick,17.0,0.628
12115.1,g4,tick,8.9,0.657
12121.7,g1,tick,14.8,0.609
12123.0,g2,tick,20.7,0.588
12124.3,g4,tick,11.0,0.616
12126.4,g1,tick,16.2,0.571
12127.7,g2,tick,22.5,0.552
12129.0,g4,tick,12.0,0.578
12131.5,g1,tick,16.9,0.535
12133.1,g2,tick,23.4,0.517
12134.4,g4,tick,12.5,0.542
12136.4,g1,tick,17.2,0.502
12136.4,g2,tick,23.9,0.485
12137.7,g4,tick,12.8,0.508
12140.1,g1,tick,17.4,0.470
12141.6,g2,tick,24.1,0.454
12141.6,g4,tick,12.9,0.476
12146.7,g1,tick,22.5,0.441
12148.2,g2,tick,29.2,0.426
12149.5,g4,tick,18.0,0.446
12151.4,g1,tick,30.0,0.413
12152.9,g2,tick,36.8,0.399
12154.3,g4,tick,25.5,0.418
12156.5,g1,tick,38.8,0.388
12157.9,g2,tick,45.5,0.374
12159.2,g4,tick,34.3,0.392
12161.4,g1,tick,48.2,0.363
12162.8,g2,tick,54.9,0.351
12164.5,g4,tick,43.7,0.368
12166.4,g1,tick,57.9,0.341
12168.0,g2,tick,64.6,0.329
12169.5,g4,tick,53.4,0.345
12171.5,g1,tick,87.7,0.319
12172.9,g2,tick,94.5,0.309
12174.5,g4,tick,83.2,0.323
12176.7,g1,tick,127.6,0.299
12178.3,g2,tick,134.4,0.289
12180.2,g4,tick,123.1,0.303
12181.7,g1,tick,172.6,0.281
12183.1,g2,tick,179.4,0.271
12184.7,g4,tick,168.1,0.284
12186.5,g1,tick,220.1,0.263
12187.8,g2,tick,226.8,0.254
12189.3,g4,tick,215.6,0.266
12189.8,g1,cut,191.1,0.309
12191.1,g1,tick,191.1,0.309
12192.4,g2,tick,275.6,0.238
12194.0,g4,tick,264.3,0.250
12194.0,g1,cnp,191.1,0.309
12194.0,g2,cut,242.7,0.286
12194.0,g2,cnp,242.7,0.286
12195.4,g4,cut,231.3,0.297
12195.4,g4,cnp,231.3,0.297
12196.8,g1,tick,191.1,0.309
12196.8,g2,tick,242.7,0.286
12196.8,g4,tick,231.3,0.297
12196.8,g1,cnp,191.1,0.309
12196.8,g2,cnp,242.7,0.286
12197.2,g4,cnp,231.3,0.297
12197.4,g1,cnp,191.1,0.309
12199.3,g2,cnp,242.7,0.286
12199.5,g4,cnp,231.3,0.297
12199.7,g1,cnp,191.1,0.309
12200.1,g1,tick,191.1,0.309
12200.1,g2,tick,242.7,0.286
12200.1,g4,tick,231.3,0.297
12201.3,g2,cnp,242.7,0.286
12201.7,g4,cnp,231.3,0.297
12201.9,g1,cut,161.6,0.352
12203.7,g2,cnp,242.7,0.286
12203.8,g4,cnp,231.3,0.297
12203.9,g1,cnp,161.6,0.352
12205.1,g1,tick,161.6,0.352
12205.1,g2,tick,242.7,0.286
12205.1,g4,tick,231.3,0.297
12205.5,g2,cut,208.0,0.331
12207.1,g1,cnp,161.6,0.352
12207.2,g4,cut,197.0,0.341
12208.5,g1,cnp,161.6,0.352
12208.5,g2,cnp,208.0,0.331
12208.5,g4,cnp,197.0,0.341
12209.9,g2,cnp,208.0,0.331
12210.1,g1,tick,161.6,0.352
12210.1,g2,tick,208.0,0.331
12210.1,g4,tick,197.0,0.341
12210.5,g4,cnp,197.0,0.341
12210.9,g1,cnp,161.6,0.352
12212.2,g2,cnp,208.0,0.331
12212.6,g4,cnp,197.0,0.341
12213.3,g1,cut,133.1,0.393
12215.4,g1,tick,133.1,0.393
12215.5,g2,tick,208.0,0.331
12215.5,g4,tick,197.0,0.341
12215.5,g2,cnp,208.0,0.331
12215.5,g4,cnp,197.0,0.341
12215.6,g1,cnp,133.1,0.393
12216.5,g2,cut,173.6,0.372
12218.4,g1,cnp,133.1,0.393
12218.4,g4,cut,163.5,0.382
12220.3,g1,tick,133.1,0.393
12220.3,g2,tick,173.6,0.372
12220.3,g4,tick,163.5,0.382
12220.3,g1,cnp,133.1,0.393
12220.3,g2,cnp,173.6,0.372
12220.3,g4,cnp,163.5,0.382
12220.7,g2,cnp,173.6,0.372
12221.5,g4,cnp,163.5,0.382
12222.1,g1,cnp,133.1,0.393
12222.8,g2,cnp,173.6,0.372
12223.8,g4,cnp,163.5,0.382
12224.5,g1,cut,107.0,0.431
12226.4,g1,tick,107.0,0.431
12226.4,g2,tick,173.6,0.372
12226.4,g4,tick,163.5,0.382
12226.4,g2,cnp,173.6,0.372
12226.4,g4,cnp,163.5,0.382
12226.8,g1,cnp,107.0,0.431
12227.0,g2,cut,141.3,0.412
12228.8,g4,cut,132.3,0.420
12230.5,g1,tick,107.0,0.431
12230.5,g2,tick,141.3,0.412
12230.5,g4,tick,132.3,0.420
12230.5,g1,cnp,107.0,0.431
12230.5,g2,cnp,141.3,0.412
12230.6,g4,cnp,132.3,0.420
12231.0,g1,cnp,107.0,0.431
12231.7,g2,cnp,141.3,0.412
12232.4,g4,cnp,132.3,0.420
12233.2,g1,cnp,107.0,0.431
12233.8,g2,cnp,141.3,0.412
12234.7,g4,cnp,132.3,0.420
12235.1,g1,tick,107.0,0.431
12235.1,g2,tick,141.3,0.412
12235.1,g4,tick,132.3,0.420
12235.3,g1,cut,83.9,0.466
12237.1,g2,cut,112.2,0.448
12238.7,g4,cnp,132.3,0.420
12238.7,g1,cnp,83.9,0.466
12238.7,g2,cnp,112.2,0.448
12239.1,g4,cut,104.5,0.457
12240.7,g1,tick,83.9,0.466
12240.7,g2,tick,112.2,0.448
12240.7,g4,tick,104.5,0.457
12240.7,g1,cnp,83.9,0.466
12240.7,g2,cnp,112.2,0.448
12241.2,g4,cnp,104.5,0.457
12241.7,g1,cnp,83.9,0.466
12242.3,g2,cnp,112.2,0.448
12243.5,g4,cnp,104.5,0.457
12243.9,g1,cnp,83.9,0.466
12244.6,g2,cnp,112.2,0.448
12245.1,g1,tick,83.9,0.466
12245.1,g2,tick,112.2,0.448
12245.1,g4,tick,104.5,0.457
12245.7,g4,cnp,104.5,0.457
12246.4,g1,cut,64.3,0.500
12247.9,g2,cut,87.1,0.483
12249.2,g1,cnp,64.3,0.500
12249.2,g2,cnp,87.1,0.483
12249.2,g4,cut,80.6,0.491
12250.8,g1,tick,64.3,0.500
12250.8,g2,tick,87.1,0.483
12250.8,g4,tick,80.6,0.491
12250.8,g4,cnp,80.6,0.491
12251.0,g2,cnp,87.1,0.483
12251.1,g1,cnp,64.3,0.500
12252.2,g4,cnp,80.6,0.491
12253.2,g1,cnp,64.3,0.500
12253.9,g2,cnp,87.1,0.483
12254.2,g4,cnp,80.6,0.491
12255.1,g1,tick,64.3,0.500
12255.1,g2,tick,87.1,0.483
12255.1,g4,tick,80.6,0.491
12255.5,g1,cnp,64.3,0.500
12256.1,g2,cnp,87.1,0.483
12256.5,g4,cnp,80.6,0.491
12258.1,g1,cut,48.3,0.531
12259.5,g2,cut,66.0,0.515
12261.5,g4,cut,60.8,0.522
12261.5,g4,cnp,60.8,0.522
12262.9,g1,tick,48.3,0.531
12262.9,g2,tick,66.0,0.515
12262.9,g4,tick,60.8,0.522
12262.9,g1,cnp,48.3,0.531
12262.9,g1,cnp,48.3,0.531
12262.9,g2,cnp,66.0,0.515
12262.9,g2,cnp,66.0,0.515
12262.9,g4,cnp,60.8,0.522
12264.9,g1,cnp,48.3,0.531
12265.1,g1,tick,48.3,0.531
12265.1,g2,tick,66.0,0.515
12265.1,g4,tick,60.8,0.522
12265.4,g2,cnp,66.0,0.515
12265.9,g4,cnp,60.8,0.522
12266.9,g1,cnp,48.3,0.531
12267.5,g2,cnp,66.0,0.515
12268.0,g4,cnp,60.8,0.522
12269.0,g1,cut,35.5,0.560
12270.4,g1,tick,35.5,0.560
12270.4,g2,tick,66.0,0.515
12270.4,g4,tick,60.8,0.522
12270.4,g2,cut,49.0,0.546
12271.8,g4,cut,45.0,0.552
12273.2,g1,cnp,35.5,0.560
12273.2,g2,cnp,49.0,0.546
12273.2,g4,cnp,45.0,0.552
12273.8,g2,cnp,49.0,0.546
12273.9,g1,cnp,35.5,0.560
12274.4,g4,cnp,45.0,0.552
12275.1,g1,tick,35.5,0.560
12275.1,g2,tick,49.0,0.546
12275.1,g4,tick,45.0,0.552
12275.9,g2,cnp,49.0,0.546
12276.1,g1,cnp,35.5,0.560
12276.4,g4,cnp,45.0,0.552
12278.2,g2,cnp,49.0,0.546
12278.3,g1,cnp,35.5,0.560
12278.6,g4,cnp,45.0,0.552
12280.1,g1,tick,35.5,0.560
12280.1,g2,tick,49.0,0.546
12280.1,g4,tick,45.0,0.552
12280.4,g1,cut,25.5,0.588
12282.0,g2,cut,35.7,0.574
12283.5,g4,cut,32.5,0.580
12283.5,g4,cnp,32.5,0.580
12285.0,g1,tick,25.5,0.588
12285.1,g2,tick,35.7,0.574
12285.1,g4,tick,32.5,0.580
12285.1,g1,cnp,25.5,0.588
12285.1,g1,cnp,25.5,0.588
12285.1,g2,cnp,35.7,0.574
12285.2,g4,cnp,32.5,0.580
12285.3,g2,cnp,35.7,0.574
12286.9,g1,cnp,25.5,0.588
12287.3,g4,cnp,32.5,0.580
12287.4,g2,cnp,35.7,0.574
12289.1,g1,cnp,25.5,0.588
12289.3,g4,cnp,32.5,0.580
12289.6,g2,cnp,35.7,0.574
12290.1,g1,tick,25.5,0.588
12290.1,g2,tick,35.7,0.574
12290.1,g4,tick,32.5,0.580
12291.4,g1,cut,18.0,0.614
12292.9,g2,cut,25.4,0.601
12294.2,g4,cut,23.1,0.606
12294.2,g4,cnp,23.1,0.606
12296.2,g1,tick,18.0,0.614
12296.2,g2,tick,25.4,0.601
12296.2,g4,tick,23.1,0.606
12296.2,g1,cnp,18.0,0.614
12296.2,g1,cnp,18.0,0.614
12296.2,g2,cnp,25.4,0.601
12296.2,g2,cnp,25.4,0.601
12296.2,g4,cnp,23.1,0.606
12297.5,g1,cnp,18.0,0.614
12297.9,g4,cnp,23.1,0.606
12298.4,g2,cnp,25.4,0.601
12299.9,g1,cnp,18.0,0.614
12300.1,g1,tick,18.0,0.614
12300.1,g2,tick,25.4,0.601
12300.1,g4,tick,23.1,0.606
12300.1,g4,cnp,23.1,0.606
12300.7,g2,cnp,25.4,0.601
12302.3,g1,cut,12.5,0.638
12303.9,g2,cut,17.8,0.626
12305.5,g4,cut,16.1,0.631
12305.5,g4,cnp,16.1,0.631
12306.8,g1,tick,12.5,0.638
12306.9,g2,tick,17.8,0.626
12306.9,g4,tick,16.1,0.631
12306.9,g1,cnp,12.5,0.638
12306.9,g1,cnp,12.5,0.638
12306.9,g2,cnp,17.8,0.626
12306.9,g4,cnp,16.1,0.631
12307.1,g2,cnp,17.8,0.626
12308.8,g1,cnp,12.5,0.638
12309.0,g4,cnp,16.1,0.631
12309.5,g2,cnp,17.8,0.626
12310.1,g1,tick,12.5,0.638
12310.1,g2,tick,17.8,0.626
12310.1,g4,tick,16.1,0.631
12310.8,g1,cnp,12.5,0.638
12311.2,g4,cnp,16.1,0.631
12311.5,g2,cnp,17.8,0.626
12313.2,g1,cut,8.5,0.660
12315.0,g1,tick,8.5,0.660
12315.0,g2,tick,17.8,0.626
12315.0,g4,tick,16.1,0.631
12315.0,g2,cut,12.2,0.649
12316.6,g4,cut,11.0,0.654
12321.4,g1,tick,10.5,0.619
12321.5,g2,tick,12.2,0.649
12321.5,g4,tick,11.0,0.654
12326.6,g1,tick,11.5,0.580
12328.2,g2,tick,15.0,0.608
12329.5,g4,tick,13.6,0.613
12331.4,g1,tick,12.0,0.544
12332.8,g2,tick,16.4,0.570
12334.1,g4,tick,14.8,0.575
12336.7,g1,tick,12.2,0.510
12338.0,g2,tick,17.1,0.535
12339.4,g4,tick,15.5,0.539
12340.1,g1,tick,12.4,0.478
12341.4,g2,tick,17.4,0.501
12342.7,g4,tick,15.8,0.505
12346.3,g1,tick,17.4,0.448
12346.3,g2,tick,17.6,0.470
12346.3,g4,tick,15.9,0.474
12351.6,g1,tick,25.0,0.420
12353.3,g2,tick,22.7,0.441
12354.6,g4,tick,21.0,0.444
12356.4,g1,tick,33.7,0.394
12357.7,g2,tick,30.2,0.413
12359.3,g4,tick,28.6,0.416
12361.6,g1,tick,43.1,0.369
12362.9,g2,tick,39.0,0.387
12364.3,g4,tick,37.3,0.390
12366.4,g1,tick,52.8,0.346
12368.1,g2,tick,48.4,0.363
12369.4,g4,tick,46.7,0.366
12371.4,g1,tick,82.6,0.325
12372.8,g2,tick,58.1,0.340
12374.2,g4,tick,56.4,0.343
12376.6,g1,tick,122.6,0.304
12378.0,g2,tick,87.9,0.319
12379.6,g4,tick,86.2,0.322
12381.6,g1,tick,167.5,0.285
12383.2,g2,tick,127.9,0.299
12384.7,g4,tick,126.2,0.302
12386.5,g1,tick,215.0,0.268
12387.9,g2,tick,172.8,0.280
12389.2,g4,tick,171.1,0.283
12391.4,g1,tick,263.8,0.251
12392.7,g2,tick,220.3,0.263
12394.0,g4,tick,218.6,0.265
12394.1,g2,cut,191.3,0.309
12396.7,g1,tick,313.1,0.235
12396.7,g2,tick,191.3,0.309
12398.0,g4,tick,267.4,0.248
12398.0,g1,cut,276.3,0.283
12398.0,g1,cnp,276.3,0.283
12399.4,g2,cnp,191.3,0.309
12399.4,g4,cut,234.1,0.295
12399.4,g4,cnp,234.1,0.295
12401.2,g1,tick,276.3,0.283
12401.2,g2,tick,191.3,0.309
12401.2,g4,tick,234.1,0.295
12401.3,g1,cnp,276.3,0.283
12401.3,g2,cnp,191.3,0.309
12401.3,g4,cnp,234.1,0.295
12401.5,g1,cnp,276.3,0.283
12402.6,g2,cnp,191.3,0.309
12403.4,g4,cnp,234.1,0.295
12403.9,g1,cnp,276.3,0.283
12404.8,g2,cut,161.8,0.352
12406.1,g1,tick,276.3,0.283
12406.1,g2,tick,161.8,0.352
12406.1,g4,tick,234.1,0.295
12406.1,g1,cnp,276.3,0.283
12406.1,g4,cnp,234.1,0.295
12407.1,g2,cnp,161.8,0.352
12407.5,g4,cnp,234.1,0.295
12408.1,g1,cut,237.2,0.328
12409.8,g2,cnp,161.8,0.352
12409.8,g4,cut,199.6,0.339
12411.1,g1,tick,237.2,0.328
12411.1,g2,tick,161.8,0.352
12411.1,g4,tick,199.6,0.339
12411.1,g1,cnp,237.2,0.328
12411.4,g2,cnp,161.8,0.352
12411.7,g4,cnp,199.6,0.339
12412.5,g1,cnp,237.2,0.328
12413.9,g2,cnp,161.8,0.352
12414.0,g4,cnp,199.6,0.339
12414.6,g1,cnp,237.2,0.328
12415.1,g1,tick,237.2,0.328
12415.1,g2,tick,161.8,0.352
12415.1,g4,tick,199.6,0.339
12415.9,g2,cut,133.3,0.393
12417.3,g1,cnp,237.2,0.328
12417.3,g4,cnp,199.6,0.339
12418.1,g2,cnp,133.3,0.393
12418.3,g4,cnp,199.6,0.339
12419.0,g1,cut,198.3,0.370
12421.0,g1,tick,198.3,0.370
12421.0,g2,tick,133.3,0.393
12421.0,g4,tick,199.6,0.339
12421.0,g2,cnp,133.3,0.393
12421.0,g4,cut,165.7,0.381
12422.7,g1,cnp,198.3,0.370
12422.7,g2,cnp,133.3,0.393
12422.7,g4,cnp,165.7,0.381
12423.4,g1,cnp,198.3,0.370
12424.6,g2,cnp,133.3,0.393
12424.8,g4,cnp,165.7,0.381
12425.1,g1,tick,198.3,0.370
12425.1,g2,tick,133.3,0.393
12425.1,g4,tick,165.7,0.381
12425.6,g1,cnp,198.3,0.370
12427.0,g2,cut,107.1,0.431
12428.7,g1,cnp,198.3,0.370
12428.7,g4,cnp,165.7,0.381
12429.4,g2,cnp,107.1,0.431
12429.6,g4,cnp,165.7,0.381
12430.0,g1,cut,161.7,0.409
12431.5,g1,tick,161.7,0.409
12431.5,g2,tick,107.1,0.431
12431.5,g4,tick,165.7,0.381
12431.6,g2,cnp,107.1,0.431
12431.8,g4,cut,134.1,0.419
12433.2,g1,cnp,161.7,0.409
12433.9,g2,cnp,107.1,0.431
12434.0,g4,cnp,134.1,0.419
12434.5,g1,cnp,161.7,0.409
12435.1,g1,tick,161.7,0.409
12435.1,g2,tick,107.1,0.431
12435.1,g4,tick,134.1,0.419
12436.1,g2,cnp,107.1,0.431
12436.2,g4,cnp,134.1,0.419
12436.8,g1,cnp,161.7,0.409
12438.4,g4,cnp,134.1,0.419
12438.5,g2,cut,84.1,0.466
12440.4,g1,tick,161.7,0.409
12440.4,g2,tick,84.1,0.466
12440.4,g4,tick,134.1,0.419
12440.4,g1,cut,128.6,0.446
12442.2,g1,cnp,128.6,0.446
12442.3,g2,cnp,84.1,0.466
12442.3,g4,cut,106.0,0.456
12444.2,g1,cnp,128.6,0.446
12444.2,g2,cnp,84.1,0.466
12444.2,g4,cnp,106.0,0.456
12445.1,g1,tick,128.6,0.446
12445.1,g2,tick,84.1,0.466
12445.1,g4,tick,106.0,0.456
12445.5,g4,cnp,106.0,0.456
12445.6,g1,cnp,128.6,0.446
12446.0,g2,cnp,84.1,0.466
12447.8,g4,cnp,106.0,0.456
12447.9,g1,cnp,128.6,0.446
12448.0,g2,cnp,84.1,0.466
12450.0,g4,cnp,106.0,0.456
12450.1,g2,cut,64.5,0.500
12452.0,g1,tick,128.6,0.446
12452.0,g2,tick,64.5,0.500
12452.0,g4,tick,106.0,0.456
12452.0,g1,cut,99.9,0.481
12453.5,g4,cut,81.9,0.490
12455.1,g1,tick,99.9,0.481
12456.8,g2,tick,74.3,0.468
12456.8,g4,tick,81.9,0.490
12456.8,g1,cnp,99.9,0.481
12456.8,g1,cnp,99.9,0.481
12456.8,g2,cnp,74.3,0.468
12456.8,g2,cnp,74.3,0.468
12456.8,g4,cnp,81.9,0.490
12456.9,g2,cnp,74.3,0.468
12457.3,g4,cnp,81.9,0.490
12458.9,g1,cnp,99.9,0.481
12459.1,g2,cnp,74.3,0.468
12459.3,g4,cnp,81.9,0.490
12460.1,g1,tick,99.9,0.481
12460.1,g2,tick,74.3,0.468
12460.1,g4,tick,81.9,0.490
12461.4,g2,cut,56.9,0.502
12463.5,g1,cut,75.9,0.513
12465.7,g4,cut,61.8,0.522
12465.7,g4,cnp,61.8,0.522
12467.7,g1,tick,75.9,0.513
12467.7,g2,tick,56.9,0.502
12467.7,g4,tick,61.8,0.522
12467.7,g1,cnp,75.9,0.513
12467.7,g2,cnp,56.9,0.502
12467.7,g2,cnp,56.9,0.502
12467.7,g4,cnp,61.8,0.522
12468.0,g1,cnp,75.9,0.513
12468.2,g2,cnp,56.9,0.502
12470.1,g1,tick,75.9,0.513
12470.1,g2,tick,56.9,0.502
12470.1,g4,tick,61.8,0.522
12470.2,g4,cnp,61.8,0.522
12470.4,g1,cnp,75.9,0.513
12470.5,g2,cnp,56.9,0.502
12472.3,g4,cnp,61.8,0.522
12472.6,g1,cnp,75.9,0.513
12472.9,g2,cut,42.6,0.533
12474.6,g1,cut,56.4,0.544
12476.3,g1,tick,56.4,0.544
12476.3,g2,tick,42.6,0.533
12476.3,g4,tick,61.8,0.522
12476.4,g2,cnp,42.6,0.533
12476.4,g4,cut,45.7,0.552
12477.8,g1,cnp,56.4,0.544
12477.8,g2,cnp,42.6,0.533
12477.8,g4,cnp,45.7,0.552
12479.2,g1,cnp,56.4,0.544
12479.3,g2,cnp,42.6,0.533
12480.1,g1,tick,56.4,0.544
12480.1,g2,tick,42.6,0.533
12480.1,g4,tick,45.7,0.552
12480.1,g4,cnp,45.7,0.552
12481.5,g2,cnp,42.6,0.533
12482.0,g1,cnp,56.4,0.544
12482.1,g4,cnp,45.7,0.552
12483.8,g2,cut,31.3,0.562
12486.0,g1,tick,56.4,0.544
12486.0,g2,tick,31.3,0.562
12486.0,g4,tick,45.7,0.552
12486.0,g1,cut,41.1,0.572
12488.0,g4,cut,33.1,0.580
12488.0,g4,cnp,33.1,0.580
12489.5,g1,cnp,41.1,0.572
12489.5,g1,cnp,41.1,0.572
12489.5,g2,cnp,31.3,0.562
12489.5,g2,cnp,31.3,0.562
12489.5,g4,cnp,33.1,0.580
12490.1,g1,tick,41.1,0.572
12490.1,g2,tick,31.3,0.562
12490.1,g4,tick,33.1,0.580
12490.4,g4,cnp,33.1,0.580
12490.5,g2,cnp,31.3,0.562
12492.0,g1,cnp,41.1,0.572
12492.4,g4,cnp,33.1,0.580
12492.5,g2,cnp,31.3,0.562
12494.2,g1,cnp,41.1,0.572
12494.5,g2,cut,22.5,0.589
12496.4,g1,tick,41.1,0.572
12496.4,g2,tick,22.5,0.589
12496.4,g4,tick,33.1,0.580
12496.4,g4,cnp,33.1,0.580
12496.6,g2,cnp,22.5,0.589
12496.8,g4,cnp,33.1,0.580
12497.0,g1,cut,29.3,0.599
12499.1,g4,cut,23.5,0.606
12501.2,g1,tick,29.3,0.599
12501.2,g2,tick,22.5,0.589
12501.2,g4,tick,23.5,0.606
12501.2,g1,cnp,29.3,0.599
12501.2,g1,cnp,29.3,0.599
12501.2,g2,cnp,22.5,0.589
12501.4,g4,cnp,23.5,0.606
12501.5,g2,cnp,22.5,0.589
12503.4,g1,cnp,29.3,0.599
12503.5,g2,cnp,22.5,0.589
12503.6,g4,cnp,23.5,0.606
12505.1,g1,tick,29.3,0.599
12505.1,g2,tick,22.5,0.589
12505.1,g4,tick,23.5,0.606
12505.7,g1,cnp,29.3,0.599
12505.7,g4,cnp,23.5,0.606
12505.9,g2,cut,15.9,0.615
12508.0,g1,cut,20.6,0.624
12509.7,g2,cnp,15.9,0.615
12509.7,g4,cut,16.4,0.630
12511.5,g1,tick,20.6,0.624
12511.5,g2,tick,15.9,0.615
12511.5,g4,tick,16.4,0.630
12511.5,g1,cnp,20.6,0.624
12511.5,g2,cnp,15.9,0.615
12511.5,g4,cnp,16.4,0.630
12511.9,g1,cnp,20.6,0.624
12512.3,g4,cnp,16.4,0.630
12512.6,g2,cnp,15.9,0.615
12514.0,g1,cnp,20.6,0.624
12514.3,g4,cnp,16.4,0.630
12514.7,g2,cnp,15.9,0.615
12515.1,g1,tick,20.6,0.624
12515.1,g2,tick,15.9,0.615
12515.1,g4,tick,16.4,0.630
12516.0,g1,cnp,20.6,0.624
12516.3,g4,cnp,16.4,0.630
12517.0,g2,cut,11.0,0.639
12518.4,g1,cut,14.1,0.647
12519.9,g2,cnp,11.0,0.639
12519.9,g4,cut,11.2,0.654
12521.5,g1,tick,14.1,0.647
12521.6,g2,tick,11.0,0.639
12521.6,g4,tick,11.2,0.654
12521.6,g1,cnp,14.1,0.647
12521.6,g2,cnp,11.0,0.639
12521.6,g4,cnp,11.2,0.654
12525.1,g1,tick,14.1,0.647
12525.1,g2,tick,11.0,0.639
12525.1,g4,tick,11.2,0.654
12531.8,g1,tick,17.3,0.607
12533.4,g2,tick,13.4,0.599
12535.1,g4,tick,13.8,0.613
12536.8,g1,tick,18.9,0.569
12538.5,g2,tick,14.6,0.562
12540.1,g4,tick,15.1,0.574
12541.4,g1,tick,19.7,0.533
12542.9,g2,tick,15.2,0.527
12544.6,g4,tick,15.7,0.539
12546.4,g1,tick,20.2,0.500
12546.4,g2,tick,15.6,0.494
12547.9,g4,tick,16.1,0.505
12550.1,g1,tick,20.4,0.469
12551.9,g2,tick,15.7,0.463
12551.9,g4,tick,16.2,0.473
12556.5,g1,tick,25.5,0.440
12558.0,g2,tick,20.8,0.434
12559.6,g4,tick,21.3,0.444
12561.8,g1,tick,33.0,0.412
12563.2,g2,tick,28.3,0.407
12564.6,g4,tick,28.8,0.416
12566.4,g1,tick,41.8,0.386
12567.8,g2,tick,37.1,0.381
12569.1,g4,tick,37.6,0.390
12571.8,g1,tick,51.2,0.362
12573.1,g2,tick,46.5,0.357
12574.5,g4,tick,47.0,0.366
12576.4,g1,tick,60.9,0.340
12578.0,g2,tick,56.2,0.335
12579.4,g4,tick,56.7,0.343
12581.4,g1,tick,90.7,0.318
12582.7,g2,tick,86.0,0.314
12584.0,g4,tick,86.5,0.321
12586.7,g1,tick,130.6,0.298
12588.4,g2,tick,125.9,0.295
12589.8,g4,tick,126.5,0.301
12591.6,g1,tick,175.6,0.280
12593.2,g2,tick,170.9,0.276
12594.9,g4,tick,171.4,0.282
12596.8,g1,tick,223.1,0.262
12598.5,g2,tick,218.4,0.259
12600.5,g4,tick,218.9,0.265
12600.5,g1,cut,193.8,0.308
12602.4,g1,tick,193.8,0.308
12604.3,g2,tick,267.1,0.243
12606.2,g4,tick,267.6,0.248
12606.3,g1,cnp,193.8,0.308
12606.3,g1,cnp,193.8,0.308
12606.3,g2,cut,234.7,0.290
12606.3,g2,cnp,234.7,0.290
12607.9,g4,cut,234.4,0.295
12607.9,g4,cnp,234.4,0.295
12608.0,g4,cnp,234.4,0.295
12608.0,g4,cnp,234.4,0.295
12609.7,g1,tick,193.8,0.308
12609.7,g2,tick,234.7,0.290
12609.7,g4,tick,234.4,0.295
12609.8,g1,cnp,193.8,0.308
12609.8,g1,cnp,193.8,0.308
12609.8,g2,cnp,234.7,0.290
12609.8,g2,cnp,234.7,0.290
12609.9,g4,cnp,234.4,0.295
12610.1,g1,tick,193.8,0.308
12610.1,g2,tick,234.7,0.290
12610.1,g4,tick,234.4,0.295
12610.7,g2,cnp,234.7,0.290
12611.4,g1,cut,163.9,0.352
12613.1,g2,cnp,234.7,0.290
12613.2,g4,cnp,234.4,0.295
12613.7,g1,cnp,163.9,0.352
12614.1,g4,cnp,234.4,0.295
12615.1,g1,tick,163.9,0.352
12615.1,g2,tick,234.7,0.290
12615.1,g4,tick,234.4,0.295
12615.2,g2,cnp,234.7,0.290
12615.8,g1,cnp,163.9,0.352
12616.4,g4,cnp,234.4,0.295
12617.5,g2,cut,200.7,0.334
12619.3,g1,cnp,163.9,0.352
12619.3,g4,cut,199.8,0.339
12621.0,g1,tick,163.9,0.352
12621.0,g2,tick,200.7,0.334
12621.0,g4,tick,199.8,0.339
12621.0,g1,cnp,163.9,0.352
12621.0,g2,cnp,200.7,0.334
12621.0,g4,cnp,199.8,0.339
12621.8,g2,cnp,200.7,0.334
12622.5,g1,cut,135.1,0.392
12624.2,g2,cnp,200.7,0.334
12624.2,g4,cnp,199.8,0.339
12624.6,g1,cnp,135.1,0.392
12624.8,g4,cnp,199.8,0.339
12625.1,g1,tick,135.1,0.392
12625.1,g2,tick,200.7,0.334
12625.1,g4,tick,199.8,0.339
12626.3,g2,cnp,200.7,0.334
12626.7,g1,cnp,135.1,0.392
12626.8,g4,cnp,199.8,0.339
12628.6,g2,cut,167.1,0.376
12630.4,g1,tick,135.1,0.392
12630.4,g2,tick,167.1,0.376
12630.4,g4,tick,199.8,0.339
12630.4,g1,cnp,135.1,0.392
12630.4,g4,cut,165.9,0.381
12632.0,g1,cnp,135.1,0.392
12632.0,g2,cnp,167.1,0.376
12632.1,g4,cnp,165.9,0.381
12633.0,g2,cnp,167.1,0.376
12633.4,g1,cut,108.6,0.430
12635.4,g1,tick,108.6,0.430
12635.4,g2,tick,167.1,0.376
12635.4,g4,tick,165.9,0.381
12635.4,g2,cnp,167.1,0.376
12635.4,g4,cnp,165.9,0.381
12635.5,g1,cnp,108.6,0.430
12635.7,g4,cnp,165.9,0.381
12637.4,g2,cnp,167.1,0.376
12637.8,g4,cnp,165.9,0.381
12637.9,g1,cnp,108.6,0.430
12639.4,g2,cut,135.7,0.415
12641.0,g1,tick,108.6,0.430
12641.0,g2,tick,135.7,0.415
12641.0,g4,tick,165.9,0.381
12641.0,g1,cnp,108.6,0.430
12641.0,g4,cut,134.4,0.419
12642.4,g1,cnp,108.6,0.430
12642.4,g2,cnp,135.7,0.415
12642.4,g4,cnp,134.4,0.419
12643.6,g2,cnp,135.7,0.415
12644.1,g4,cnp,134.4,0.419
12644.3,g1,cut,85.3,0.466
12645.9,g1,tick,85.3,0.466
12645.9,g2,tick,135.7,0.415
12645.9,g4,tick,134.4,0.419
12646.0,g2,cnp,135.7,0.415
12646.2,g4,cnp,134.4,0.419
12646.4,g1,cnp,85.3,0.466
12647.8,g2,cnp,135.7,0.415
12648.3,g4,cnp,134.4,0.419
12648.5,g1,cnp,85.3,0.466
12649.9,g2,cut,107.5,0.452
12652.0,g1,tick,85.3,0.466
12652.0,g2,tick,107.5,0.452
12652.0,g4,tick,134.4,0.419
12652.0,g1,cnp,85.3,0.466
12652.0,g4,cut,106.2,0.456
12653.6,g1,cnp,85.3,0.466
12653.6,g2,cnp,107.5,0.452
12653.6,g4,cnp,106.2,0.456
12654.4,g2,cnp,107.5,0.452
12654.8,g1,cut,65.4,0.499
12656.5,g1,tick,65.4,0.499
12656.5,g2,tick,107.5,0.452
12656.5,g4,tick,106.2,0.456
12656.6,g2,cnp,107.5,0.452
12656.6,g4,cnp,106.2,0.456
12656.9,g4,cnp,106.2,0.456
12657.0,g1,cnp,65.4,0.499
12658.7,g2,cnp,107.5,0.452
12659.0,g4,cnp,106.2,0.456
12659.5,g1,cnp,65.4,0.499
12660.1,g1,tick,65.4,0.499
12660.1,g2,tick,107.5,0.452
12660.1,g4,tick,106.2,0.456
12660.8,g2,cut,83.3,0.486
12662.5,g1,cnp,65.4,0.499
12662.5,g4,cut,82.0,0.490
12664.4,g1,cnp,65.4,0.499
12664.4,g2,cnp,83.3,0.486
12664.4,g4,cnp,82.0,0.490
12665.1,g1,tick,65.4,0.499
12665.1,g2,tick,83.3,0.486
12665.1,g4,tick,82.0,0.490
12665.3,g4,cnp,82.0,0.490
12665.7,g1,cut,49.1,0.530
12667.4,g2,cnp,83.3,0.486
12667.4,g4,cnp,82.0,0.490
12668.0,g1,cnp,49.1,0.530
12668.8,g2,cnp,83.3,0.486
12670.1,g1,cnp,49.1,0.530
12670.1,g1,tick,49.1,0.530
12670.1,g2,tick,83.3,0.486
12670.1,g4,tick,82.0,0.490
12670.7,g4,cnp,82.0,0.490
12672.4,g2,cut,63.0,0.518
12674.3,g1,cnp,49.1,0.530
12674.3,g4,cut,61.9,0.521
12676.1,g1,tick,49.1,0.530
12676.1,g2,tick,63.0,0.518
12676.1,g4,tick,61.9,0.521
12676.1,g1,cut,36.1,0.560
12677.7,g2,cnp,63.0,0.518
12677.7,g2,cnp,63.0,0.518
12677.8,g1,cnp,36.1,0.560
12677.8,g4,cnp,61.9,0.521
12678.6,g4,cnp,61.9,0.521
12679.6,g1,cnp,36.1,0.560
12679.8,g2,cnp,63.0,0.518
12680.1,g1,tick,36.1,0.560
12680.1,g2,tick,63.0,0.518
12680.1,g4,tick,61.9,0.521
12681.6,g4,cnp,61.9,0.521
12681.7,g1,cnp,36.1,0.560
12682.8,g2,cut,46.7,0.548
12684.9,g1,cnp,36.1,0.560
12684.9,g4,cut,45.8,0.551
12686.9,g1,tick,36.1,0.560
12686.9,g2,tick,46.7,0.548
12686.9,g4,tick,45.8,0.551
12686.9,g2,cnp,46.7,0.548
12687.0,g2,cnp,46.7,0.548
12687.0,g1,cut,26.0,0.587
12688.5,g4,cnp,45.8,0.551
12689.0,g4,cnp,45.8,0.551
12689.1,g1,cnp,26.0,0.587
12689.2,g2,cnp,46.7,0.548
12690.1,g1,tick,26.0,0.587
12690.1,g2,tick,46.7,0.548
12690.1,g4,tick,45.8,0.551
12691.2,g4,cnp,45.8,0.551
12691.4,g1,cnp,26.0,0.587
12691.5,g2,cnp,46.7,0.548
12693.3,g4,cnp,45.8,0.551
12693.4,g1,cnp,26.0,0.587
12693.6,g2,cut,33.9,0.576
12695.4,g1,tick,26.0,0.587
12695.4,g2,tick,33.9,0.576
12695.4,g4,tick,45.8,0.551
12695.5,g4,cut,33.2,0.579
12697.2,g1,cut,18.3,0.613
12698.8,g2,cnp,33.9,0.576
12698.9,g2,cnp,33.9,0.576
12698.9,g1,cnp,18.3,0.613
12698.9,g4,cnp,33.2,0.579
12699.9,g2,cnp,33.9,0.576
12700.0,g4,cnp,33.2,0.579
12700.1,g1,tick,18.3,0.613
12700.1,g2,tick,33.9,0.576
12700.1,g4,tick,33.2,0.579
12700.3,g1,cnp,18.3,0.613
12702.1,g2,cnp,33.9,0.576
12702.2,g4,cnp,33.2,0.579
12702.6,g1,cnp,18.3,0.613
12704.2,g2,cut,24.1,0.603
12705.8,g1,tick,18.3,0.613
12705.8,g2,tick,24.1,0.603
12705.8,g4,tick,33.2,0.579
12705.8,g1,cnp,18.3,0.613
12705.9,g4,cut,23.6,0.606
12707.3,g1,cut,12.7,0.637
12708.9,g2,cnp,24.1,0.603
12709.0,g2,cnp,24.1,0.603
12709.0,g4,cnp,23.6,0.606
12709.0,g4,cnp,23.6,0.606
12709.6,g1,cnp,12.7,0.637
12710.1,g1,tick,12.7,0.637
12710.1,g2,tick,24.1,0.603
12710.1,g4,tick,23.6,0.606
12710.9,g4,cnp,23.6,0.606
12711.0,g2,cnp,24.1,0.603
12711.7,g1,cnp,12.7,0.637
12713.1,g2,cnp,24.1,0.603
12713.3,g4,cnp,23.6,0.606
12713.7,g1,cnp,12.7,0.637
12715.1,g2,cut,16.9,0.628
12716.8,g1,tick,12.7,0.637
12716.8,g2,tick,16.9,0.628
12716.8,g4,tick,23.6,0.606
12716.8,g1,cnp,12.7,0.637
12716.8,g4,cut,16.4,0.630
12719.0,g1,cut,8.7,0.660
12720.7,g2,cnp,16.9,0.628
12720.7,g2,cnp,16.9,0.628
12720.7,g4,cnp,16.4,0.630
12720.7,g4,cnp,16.4,0.630
12720.7,g1,tick,8.7,0.660
12720.7,g2,tick,16.9,0.628
12720.7,g4,tick,16.4,0.630
12720.7,g1,cnp,8.7,0.660
12721.7,g2,cnp,16.9,0.628
12722.0,g4,cnp,16.4,0.630
12722.7,g1,cnp,8.7,0.660
12723.7,g2,cnp,16.9,0.628
12724.1,g4,cnp,16.4,0.630
12725.0,g1,cnp,8.7,0.660
12725.0,g1,tick,8.7,0.660
12725.0,g2,tick,16.9,0.628
12725.0,g4,tick,16.4,0.630
12731.9,g1,tick,10.7,0.619
12733.4,g2,tick,20.5,0.588
12735.0,g4,tick,20.0,0.591
12737.3,g1,tick,11.7,0.580
12738.9,g2,tick,22.3,0.552
12740.6,g4,tick,21.8,0.554
12742.0,g1,tick,12.2,0.544
12744.0,g2,tick,23.2,0.517
12745.3,g4,tick,22.7,0.519
12746.7,g1,tick,12.5,0.510
12746.7,g2,tick,23.7,0.485
12746.7,g4,tick,23.1,0.487
12750.1,g1,tick,12.6,0.478
12751.7,g2,tick,23.9,0.455
12753.3,g4,tick,23.3,0.457
12756.8,g1,tick,17.7,0.448
12758.1,g2,tick,29.0,0.426
12759.6,g4,tick,28.4,0.428
12761.7,g1,tick,25.2,0.420
12763.1,g2,tick,36.6,0.400
12764.3,g4,tick,36.0,0.401
12766.5,g1,tick,34.0,0.394
12768.1,g2,tick,45.4,0.375
12769.6,g4,tick,44.8,0.376
12771.5,g1,tick,43.3,0.369
12773.0,g2,tick,54.7,0.351
12774.4,g4,tick,54.2,0.353
12776.6,g1,tick,53.0,0.346
12778.1,g2,tick,64.4,0.329
12779.3,g4,tick,63.9,0.331
12781.7,g1,tick,82.9,0.324
12783.2,g2,tick,94.3,0.309
12784.7,g4,tick,93.7,0.310
12786.5,g1,tick,122.8,0.304
12787.9,g2,tick,134.2,0.289
12789.1,g4,tick,133.6,0.291
12791.6,g1,tick,167.8,0.285
12793.0,g2,tick,179.2,0.271
12794.5,g4,tick,178.6,0.272
12796.4,g1,tick,215.2,0.267
12797.6,g2,tick,226.7,0.254
12799.0,g4,tick,226.1,0.255
12799.0,g2,cut,197.8,0.301
12802.0,g1,tick,264.0,0.251
12802.0,g2,tick,197.8,0.301
12803.5,g4,tick,274.8,0.239
12803.5,g1,cut,230.9,0.297
12803.5,g1,cnp,230.9,0.297
12805.0,g2,cnp,197.8,0.301
12805.0,g2,cnp,197.8,0.301
12805.0,g4,cut,241.9,0.287
12805.0,g4,cnp,241.9,0.287
12806.3,g1,tick,230.9,0.297
12806.3,g2,tick,197.8,0.301
12806.3,g4,tick,241.9,0.287
12806.3,g2,cnp,197.8,0.301
12806.3,g4,cnp,241.9,0.287
12806.7,g1,cnp,230.9,0.297
12807.3,g4,cnp,241.9,0.287
12807.8,g2,cnp,197.8,0.301
12808.8,g1,cnp,230.9,0.297
12809.6,g4,cnp,241.9,0.287
12809.8,g2,cut,168.1,0.345
12811.3,g1,tick,230.9,0.297
12811.3,g2,tick,168.1,0.345
12811.3,g4,tick,241.9,0.287
12811.3,g1,cnp,230.9,0.297
12811.7,g4,cnp,241.9,0.287
12811.9,g2,cnp,168.1,0.345
12813.2,g1,cnp,230.9,0.297
12814.2,g4,cnp,241.9,0.287
12814.3,g2,cnp,168.1,0.345
12815.1,g1,tick,230.9,0.297
12815.1,g2,tick,168.1,0.345
12815.1,g4,tick,241.9,0.287
12815.3,g1,cut,196.6,0.341
12816.8,g2,cnp,168.1,0.345
12816.8,g4,cut,207.2,0.332
12818.5,g1,cnp,196.6,0.341
12818.5,g4,cnp,207.2,0.332
12818.9,g2,cnp,168.1,0.345
12819.4,g1,cnp,196.6,0.341
12820.1,g1,tick,196.6,0.341
12820.1,g2,tick,168.1,0.345
12820.1,g4,tick,207.2,0.332
12820.5,g4,cnp,207.2,0.332
12820.9,g2,cut,139.1,0.386
12822.8,g1,cnp,196.6,0.341
12822.8,g4,cnp,207.2,0.332
12823.2,g2,cnp,139.1,0.386
12824.0,g1,cnp,196.6,0.341
12824.6,g4,cnp,207.2,0.332
12825.1,g1,tick,196.6,0.341
12825.1,g2,tick,139.1,0.386
12825.1,g4,tick,207.2,0.332
12825.3,g2,cnp,139.1,0.386
12826.3,g1,cut,163.0,0.383
12828.0,g2,cnp,139.1,0.386
12828.0,g4,cut,172.9,0.373
12829.6,g1,cnp,163.0,0.383
12829.6,g4,cnp,172.9,0.373
12829.8,g2,cnp,139.1,0.386
12830.1,g1,tick,163.0,0.383
12830.1,g2,tick,139.1,0.386
12830.1,g4,tick,172.9,0.373
12830.9,g1,cnp,163.0,0.383
12831.2,g4,cnp,172.9,0.373
12832.1,g2,cut,112.3,0.424
12833.5,g1,cnp,163.0,0.383
12833.5,g4,cnp,172.9,0.373
12834.2,g2,cnp,112.3,0.424
12835.1,g1,tick,163.0,0.383
12835.1,g2,tick,112.3,0.424
12835.1,g4,tick,172.9,0.373
12835.2,g1,cnp,163.0,0.383
12835.3,g4,cnp,172.9,0.373
12836.3,g2,cnp,112.3,0.424
12837.4,g1,cut,131.8,0.421
12838.9,g2,cnp,112.3,0.424
12838.9,g4,cut,140.6,0.412
12840.4,g1,tick,131.8,0.421
12840.4,g2,tick,112.3,0.424
12840.4,g4,tick,140.6,0.412
12840.4,g1,cnp,131.8,0.421
12840.4,g4,cnp,140.6,0.412
12840.8,g2,cnp,112.3,0.424
12841.6,g1,cnp,131.8,0.421
12841.8,g4,cnp,140.6,0.412
12842.9,g2,cut,88.5,0.460
12844.3,g1,cnp,131.8,0.421
12844.3,g4,cnp,140.6,0.412
12845.1,g1,tick,131.8,0.421
12845.1,g2,tick,88.5,0.460
12845.1,g4,tick,140.6,0.412
12845.1,g2,cnp,88.5,0.460
12846.0,g1,cnp,131.8,0.421
12846.1,g4,cnp,140.6,0.412
12847.5,g2,cnp,88.5,0.460
12848.3,g4,cnp,140.6,0.412
12848.4,g1,cut,104.1,0.457
12849.8,g2,cnp,88.5,0.460
12850.1,g1,tick,104.1,0.457
12850.1,g2,tick,88.5,0.460
12850.1,g4,tick,140.6,0.412
12850.6,g4,cut,111.6,0.449
12852.0,g1,cnp,104.1,0.457
12852.0,g2,cnp,88.5,0.460
12852.7,g4,cnp,111.6,0.449
12852.9,g1,cnp,104.1,0.457
12854.3,g2,cut,68.1,0.494
12855.7,g1,tick,104.1,0.457
12855.7,g2,tick,68.1,0.494
12855.7,g4,tick,111.6,0.449
12855.7,g1,cnp,104.1,0.457
12855.7,g4,cnp,111.6,0.449
12856.4,g2,cnp,68.1,0.494
12858.5,g2,cnp,68.1,0.494
12860.1,g1,tick,104.1,0.457
12860.1,g2,tick,68.1,0.494
12860.1,g4,tick,111.6,0.449
12866.7,g1,tick,117.9,0.429
12868.0,g2,tick,78.3,0.463
12869.7,g4,tick,126.1,0.421
12871.5,g1,tick,124.9,0.402
12872.9,g2,tick,83.4,0.434
12874.3,g4,tick,133.3,0.395
12876.4,g1,tick,128.4,0.377
12877.7,g2,tick,85.9,0.407
12879.6,g4,tick,137.0,0.370
12880.1,g1,tick,130.1,0.353
12880.1,g2,tick,87.2,0.381
12880.1,g4,tick,138.8,0.347
12886.5,g1,tick,131.0,0.331
12887.8,g2,tick,87.9,0.358
12887.8,g4,tick,139.7,0.325
12891.5,g1,tick,136.4,0.310
12893.1,g2,tick,93.2,0.335
12894.4,g4,tick,145.1,0.305
12896.6,g1,tick,144.1,0.291
12897.9,g2,tick,100.8,0.314
12899.3,g4,tick,152.9,0.286
12901.7,g1,tick,153.0,0.273
12903.3,g2,tick,109.7,0.295
12904.7,g4,tick,161.7,0.268
12906.4,g1,tick,162.4,0.256
12907.7,g2,tick,119.1,0.276
12909.0,g4,tick,171.2,0.251
12911.7,g1,tick,172.1,0.240
12913.1,g2,tick,128.8,0.259
12914.3,g4,tick,180.9,0.236
12916.8,g1,tick,202.0,0.225
12918.6,g2,tick,158.6,0.243
12920.0,g4,tick,210.7,0.221
12921.3,g1,tick,241.9,0.211
12922.6,g2,tick,198.6,0.228
12924.3,g4,tick,250.7,0.207
12926.5,g1,tick,286.9,0.198
12927.9,g2,tick,243.5,0.213
12929.4,g4,tick,295.6,0.194
12931.4,g1,tick,334.3,0.185
12933.1,g2,tick,291.0,0.200
12934.5,g4,tick,343.1,0.182
12936.4,g1,tick,383.1,0.174
12937.8,g2,tick,339.8,0.188
12939.3,g4,tick,391.9,0.171
12941.3,g1,tick,432.4,0.163
12943.1,g2,tick,389.1,0.176
12945.5,g4,tick,441.2,0.160
12946.9,g1,tick,482.1,0.153
12948.5,g2,tick,438.8,0.165
12949.9,g4,tick,490.9,0.150
12951.4,g1,tick,532.0,0.143
12952.6,g2,tick,488.7,0.155
12954.0,g4,tick,540.8,0.141
12956.4,g1,tick,581.9,0.134
12957.8,g2,tick,538.6,0.145
12959.1,g4,tick,590.7,0.132
12961.6,g1,tick,631.9,0.126
12963.1,g2,tick,588.5,0.136
12964.5,g4,tick,640.6,0.124
12966.5,g1,tick,681.8,0.118
12967.8,g2,tick,638.5,0.127
12969.1,g4,tick,690.6,0.116
12971.4,g1,tick,731.8,0.111
12972.7,g2,tick,688.5,0.119
12974.2,g4,tick,740.6,0.109
12976.7,g1,tick,781.8,0.104
12978.0,g2,tick,738.5,0.112
12979.6,g4,tick,790.6,0.102
12981.6,g1,tick,831.8,0.097
12982.9,g2,tick,788.5,0.105
12984.6,g4,tick,840.6,0.095
12986.6,g1,tick,881.8,0.091
12988.0,g2,tick,838.5,0.098
12989.4,g4,tick,890.6,0.089
12991.4,g1,tick,931.8,0.085
12992.7,g2,tick,888.5,0.092
12994.1,g4,tick,940.6,0.084
12996.5,g1,tick,965.9,0.080
12997.8,g2,tick,938.5,0.086
12999.1,g4,tick,970.3,0.079
13000.1,g1,tick,983.0,0.075
13001.4,g2,tick,969.2,0.081
13001.4,g4,tick,985.1,0.074
13006.6,g1,tick,991.5,0.070
13006.6,g2,tick,984.6,0.076
13008.2,g4,tick,992.6,0.069
13010.1,g1,tick,995.7,0.066
13011.5,g2,tick,992.3,0.071
13011.5,g4,tick,996.3,0.065
13015.1,g1,tick,997.9,0.062
13015.1,g2,tick,996.2,0.067
13015.1,g4,tick,998.1,0.061
13020.1,g1,tick,998.9,0.058
13020.1,g2,tick,998.1,0.063
13020.1,g4,tick,999.1,0.057
13025.1,g1,tick,999.5,0.054
13025.1,g2,tick,999.0,0.059
13025.1,g4,tick,999.5,0.053
13030.1,g1,tick,999.7,0.051
13030.1,g2,tick,999.5,0.055
13030.1,g4,tick,999.8,0.050
13035.1,g1,tick,999.9,0.048
13035.1,g2,tick,999.8,0.052
13035.1,g4,tick,999.9,0.047
13040.1,g1,tick,999.9,0.045
13040.1,g2,tick,999.9,0.048
13040.1,g4,tick,999.9,0.044
13045.1,g1,tick,1000.0,0.042
13045.1,g2,tick,999.9,0.045
13045.1,g4,tick,1000.0,0.041
13050.1,g1,tick,1000.0,0.039
13050.1,g2,tick,1000.0,0.042
13050.1,g4,tick,1000.0,0.039
13055.1,g1,tick,1000.0,0.037
13055.1,g2,tick,1000.0,0.040
13055.1,g4,tick,1000.0,0.036
13060.1,g1,tick,1000.0,0.035
13060.1,g2,tick,1000.0,0.037
13060.1,g4,tick,1000.0,0.034
13065.2,g1,tick,1000.0,0.032
13065.2,g2,tick,1000.0,0.035
13065.2,g4,tick,1000.0,0.032
13070.1,g1,tick,1000.0,0.030
13070.1,g2,tick,1000.0,0.033
13070.1,g4,tick,1000.0,0.030
13075.1,g1,tick,1000.0,0.029
13075.1,g2,tick,1000.0,0.031
13075.1,g4,tick,1000.0,0.028
13080.1,g1,tick,1000.0,0.027
13080.1,g2,tick,1000.0,0.029
13080.1,g4,tick,1000.0,0.026
13085.1,g1,tick,1000.0,0.025
13085.1,g2,tick,1000.0,0.027
13085.1,g4,tick,1000.0,0.025
13090.1,g1,tick,1000.0,0.023
13090.1,g2,tick,1000.0,0.025
13090.1,g4,tick,1000.0,0.023
13095.1,g1,tick,1000.0,0.022
13095.1,g2,tick,1000.0,0.024
13095.1,g4,tick,1000.0,0.022
13100.2,g1,tick,1000.0,0.021
13100.2,g2,tick,1000.0,0.022
13100.2,g4,tick,1000.0,0.020
13105.1,g1,tick,1000.0,0.019
13105.1,g2,tick,1000.0,0.021
13105.1,g4,tick,1000.0,0.019
13110.1,g1,tick,1000.0,0.018
13110.1,g2,tick,1000.0,0.020
13110.1,g4,tick,1000.0,0.018
13115.1,g1,tick,1000.0,0.017
13115.1,g2,tick,1000.0,0.018
13115.1,g4,tick,1000.0,0.017
13120.1,g1,tick,1000.0,0.016
13120.1,g2,tick,1000.0,0.017
13120.1,g4,tick,1000.0,0.016
13125.1,g1,tick,1000.0,0.015
13125.1,g2,tick,1000.0,0.016
13125.1,g4,tick,1000.0,0.015
13130.1,g1,tick,1000.0,0.014
13130.1,g2,tick,1000.0,0.015
13130.1,g4,tick,1000.0,0.014
13135.1,g1,tick,1000.0,0.013
13135.1,g2,tick,1000.0,0.014
13135.1,g4,tick,1000.0,0.013
13140.1,g1,tick,1000.0,0.012
13140.1,g2,tick,1000.0,0.013
13140.1,g4,tick,1000.0,0.012
13145.1,g1,tick,1000.0,0.012
13145.1,g2,tick,1000.0,0.012
13145.1,g4,tick,1000.0,0.011
13150.1,g1,tick,1000.0,0.011
13150.1,g2,tick,1000.0,0.012
13150.1,g4,tick,1000.0,0.011
13155.1,g1,tick,1000.0,0.010
13155.1,g2,tick,1000.0,0.011
13155.1,g4,tick,1000.0,0.010
13160.1,g1,tick,1000.0,0.010
13160.1,g2,tick,1000.0,0.010
13160.1,g4,tick,1000.0,0.009
13165.1,g1,tick,1000.0,0.009
13165.1,g2,tick,1000.0,0.010
13165.1,g4,tick,1000.0,0.009
13170.1,g1,tick,1000.0,0.008
13170.1,g2,tick,1000.0,0.009
13170.1,g4,tick,1000.0,0.008
13175.1,g1,tick,1000.0,0.008
13175.1,g2,tick,1000.0,0.008
13175.1,g4,tick,1000.0,0.008
13180.1,g1,tick,1000.0,0.007
13180.1,g2,tick,1000.0,0.008
13180.1,g4,tick,1000.0,0.007
13185.1,g1,tick,1000.0,0.007
13185.1,g2,tick,1000.0,0.007
13185.1,g4,tick,1000.0,0.007
13190.1,g1,tick,1000.0,0.006
13190.1,g2,tick,1000.0,0.007
13190.1,g4,tick,1000.0,0.006
13195.1,g1,tick,1000.0,0.006
13195.1,g2,tick,1000.0,0.007
13195.1,g4,tick,1000.0,0.006
13200.1,g1,tick,1000.0,0.006
13200.1,g2,tick,1000.0,0.006
13200.1,g4,tick,1000.0,0.006
13205.1,g1,tick,1000.0,0.005
13205.1,g2,tick,1000.0,0.006
13205.1,g4,tick,1000.0,0.005
13210.1,g1,tick,1000.0,0.005
13210.1,g2,tick,1000.0,0.005
13210.1,g4,tick,1000.0,0.005
13215.1,g1,tick,1000.0,0.005
13215.1,g2,tick,1000.0,0.005
13215.1,g4,tick,1000.0,0.005
13220.1,g1,tick,1000.0,0.004
13220.1,g2,tick,1000.0,0.005
13220.1,g4,tick,1000.0,0.004
13225.1,g1,tick,1000.0,0.004
13225.1,g2,tick,1000.0,0.004
13225.1,g4,tick,1000.0,0.004
13230.1,g1,tick,1000.0,0.004
13230.1,g2,tick,1000.0,0.004
13230.1,g4,tick,1000.0,0.004
13235.1,g1,tick,1000.0,0.004
13235.1,g2,tick,1000.0,0.004
13235.1,g4,tick,1000.0,0.004
13240.1,g1,tick,1000.0,0.003
13240.1,g2,tick,1000.0,0.004
13240.1,g4,tick,1000.0,0.003
13245.1,g1,tick,1000.0,0.003
13245.1,g2,tick,1000.0,0.003
13245.1,g4,tick,1000.0,0.003
13250.1,g1,tick,1000.0,0.003
13250.1,g2,tick,1000.0,0.003
13250.1,g4,tick,1000.0,0.003
13255.1,g1,tick,1000.0,0.003
13255.1,g2,tick,1000.0,0.003
13255.1,g4,tick,1000.0,0.003
13260.1,g1,tick,1000.0,0.003
13260.1,g2,tick,1000.0,0.003
13260.1,g4,tick,1000.0,0.003
13265.1,g1,tick,1000.0,0.002
13265.1,g2,tick,1000.0,0.003
13265.1,g4,tick,1000.0,0.002
13270.1,g1,tick,1000.0,0.002
13270.1,g2,tick,1000.0,0.002
13270.1,g4,tick,1000.0,0.002
13275.1,g1,tick,1000.0,0.002
13275.1,g2,tick,1000.0,0.002
13275.1,g4,tick,1000.0,0.002
13280.1,g1,tick,1000.0,0.002
13280.1,g2,tick,1000.0,0.002
13280.1,g4,tick,1000.0,0.002
13285.1,g1,tick,1000.0,0.002
13285.1,g2,tick,1000.0,0.002
13285.1,g4,tick,1000.0,0.002
13290.1,g1,tick,1000.0,0.002
13290.1,g2,tick,1000.0,0.002
13290.1,g4,tick,1000.0,0.002
13295.1,g1,tick,1000.0,0.002
13295.1,g2,tick,1000.0,0.002
13295.1,g4,tick,1000.0,0.002
13300.1,g1,tick,1000.0,0.002
13300.1,g2,tick,1000.0,0.002
13300.1,g4,tick,1000.0,0.002
13305.1,g1,tick,1000.0,0.001
13305.1,g2,tick,1000.0,0.002
13305.1,g4,tick,1000.0,0.001
13310.1,g1,tick,1000.0,0.001
13310.1,g2,tick,1000.0,0.001
13310.1,g4,tick,1000.0,0.001
13315.1,g1,tick,1000.0,0.001
13315.1,g2,tick,1000.0,0.001
13315.1,g4,tick,1000.0,0.001
13320.1,g1,tick,1000.0,0.001
13320.1,g2,tick,1000.0,0.001
13320.1,g4,tick,1000.0,0.001
13325.1,g1,tick,1000.0,0.001
13325.1,g2,tick,1000.0,0.001
13325.1,g4,tick,1000.0,0.001
13330.1,g1,tick,1000.0,0.001
13330.1,g2,tick,1000.0,0.001
13330.1,g4,tick,1000.0,0.001
13335.1,g1,tick,1000.0,0.001
13335.1,g2,tick,1000.0,0.001
13335.1,g4,tick,1000.0,0.001
13340.1,g1,tick,1000.0,0.001
13340.1,g2,tick,1000.0,0.001
13340.1,g4,tick,1000.0,0.001
13345.1,g1,tick,1000.0,0.001
13345.1,g2,tick,1000.0,0.001
13345.1,g4,tick,1000.0,0.001
13350.1,g1,tick,1000.0,0.001
13350.1,g2,tick,1000.0,0.001
13350.1,g4,tick,1000.0,0.001
13355.1,g1,tick,1000.0,0.001
13355.1,g2,tick,1000.0,0.001
13355.1,g4,tick,1000.0,0.001
13360.1,g1,tick,1000.0,0.001
13360.1,g2,tick,1000.0,0.001
13360.1,g4,tick,1000.0,0.001
13365.1,g1,tick,1000.0,0.001
13365.1,g2,tick,1000.0,0.001
13365.1,g4,tick,1000.0,0.001
13370.1,g1,tick,1000.0,0.001
13370.1,g2,tick,1000.0,0.001
13370.1,g4,tick,1000.0,0.001
13375.1,g1,tick,1000.0,0.001
13375.1,g2,tick,1000.0,0.001
13375.1,g4,tick,1000.0,0.001
13380.1,g1,tick,1000.0,0.001
13380.2,g2,tick,1000.0,0.001
13380.2,g4,tick,1000.0,0.001
13385.1,g1,tick,1000.0,0.001
13385.2,g2,tick,1000.0,0.001
13385.2,g4,tick,1000.0,0.001
13390.1,g1,tick,1000.0,0.000
13390.1,g2,tick,1000.0,0.001
13390.1,g4,tick,1000.0,0.000
13395.1,g1,tick,1000.0,0.000
13395.1,g2,tick,1000.0,0.000
13395.1,g4,tick,1000.0,0.000
13400.1,g1,tick,1000.0,0.000
13400.1,g2,tick,1000.0,0.000
13400.1,g4,tick,1000.0,0.000
13405.1,g1,tick,1000.0,0.000
13405.2,g2,tick,1000.0,0.000
13405.2,g4,tick,1000.0,0.000
13410.1,g1,tick,1000.0,0.000
13410.1,g2,tick,1000.0,0.000
13410.1,g4,tick,1000.0,0.000
13415.1,g1,tick,1000.0,0.000
13415.1,g2,tick,1000.0,0.000
13415.1,g4,tick,1000.0,0.000
13420.1,g1,tick,1000.0,0.000
13420.1,g2,tick,1000.0,0.000
13420.1,g4,tick,1000.0,0.000
13425.1,g1,tick,1000.0,0.000
13425.1,g2,tick,1000.0,0.000
13425.1,g4,tick,1000.0,0.000
13430.1,g1,tick,1000.0,0.000
13430.1,g2,tick,1000.0,0.000
13430.1,g4,tick,1000.0,0.000
13435.1,g1,tick,1000.0,0.000
13435.1,g2,tick,1000.0,0.000
13435.1,g4,tick,1000.0,0.000
13440.1,g1,tick,1000.0,0.000
13440.1,g2,tick,1000.0,0.000
13440.1,g4,tick,1000.0,0.000
13445.1,g1,tick,1000.0,0.000
13445.1,g2,tick,1000.0,0.000
13445.1,g4,tick,1000.0,0.000
13450.2,g1,tick,1000.0,0.000
13450.2,g2,tick,1000.0,0.000
13450.2,g4,tick,1000.0,0.000
13455.1,g1,tick,1000.0,0.000
13455.1,g2,tick,1000.0,0.000
13455.1,g4,tick,1000.0,0.000
13460.1,g1,tick,1000.0,0.000
13460.1,g2,tick,1000.0,0.000
13460.1,g4,tick,1000.0,0.000
13465.1,g1,tick,1000.0,0.000
13465.1,g2,tick,1000.0,0.000
13465.1,g4,tick,1000.0,0.000
13470.1,g1,tick,1000.0,0.000
13470.1,g2,tick,1000.0,0.000
13470.1,g4,tick,1000.0,0.000
13475.1,g1,tick,1000.0,0.000
13475.1,g2,tick,1000.0,0.000
13475.1,g4,tick,1000.0,0.000
13480.1,g1,tick,1000.0,0.000
13480.1,g2,tick,1000.0,0.000
13480.1,g4,tick,1000.0,0.000
13485.1,g1,tick,1000.0,0.000
13485.1,g2,tick,1000.0,0.000
13485.1,g4,tick,1000.0,0.000
13490.1,g1,tick,1000.0,0.000
13490.1,g2,tick,1000.0,0.000
13490.1,g4,tick,1000.0,0.000
13495.1,g1,tick,1000.0,0.000
13495.1,g2,tick,1000.0,0.000
13495.1,g4,tick,1000.0,0.000
13500.1,g1,tick,1000.0,0.000
13500.1,g2,tick,1000.0,0.000
13500.1,g4,tick,1000.0,0.000
13505.1,g1,tick,1000.0,0.000
13505.1,g2,tick,1000.0,0.000
13505.1,g4,tick,1000.0,0.000
13510.1,g1,tick,1000.0,0.000
13510.1,g2,tick,1000.0,0.000
13510.1,g4,tick,1000.0,0.000
13515.1,g1,tick,1000.0,0.000
13515.1,g2,tick,1000.0,0.000
13515.1,g4,tick,1000.0,0.000
13520.1,g1,tick,1000.0,0.000
13520.1,g2,tick,1000.0,0.000
13520.1,g4,tick,1000.0,0.000
13525.1,g1,tick,1000.0,0.000
13525.1,g2,tick,1000.0,0.000
13525.1,g4,tick,1000.0,0.000
13530.1,g1,tick,1000.0,0.000
13530.1,g2,tick,1000.0,0.000
13530.1,g4,tick,1000.0,0.000
13535.1,g1,tick,1000.0,0.000
13535.1,g2,tick,1000.0,0.000
13535.1,g4,tick,1000.0,0.000
13540.1,g1,tick,1000.0,0.000
13540.1,g2,tick,1000.0,0.000
13540.1,g4,tick,1000.0,0.000
13545.1,g1,tick,1000.0,0.000
13545.1,g2,tick,1000.0,0.000
13545.1,g4,tick,1000.0,0.000
13550.1,g1,tick,1000.0,0.000
13550.1,g2,tick,1000.0,0.000
13550.1,g4,tick,1000.0,0.000
13555.1,g1,tick,1000.0,0.000
13555.1,g2,tick,1000.0,0.000
13555.1,g4,tick,1000.0,0.000
13560.1,g1,tick,1000.0,0.000
13560.1,g2,tick,1000.0,0.000
13560.1,g4,tick,1000.0,0.000
13565.1,g1,tick,1000.0,0.000
13565.1,g2,tick,1000.0,0.000
13565.1,g4,tick,1000.0,0.000
13570.1,g1,tick,1000.0,0.000
13570.1,g2,tick,1000.0,0.000
13570.1,g4,tick,1000.0,0.000
13575.1,g1,tick,1000.0,0.000
13575.1,g2,tick,1000.0,0.000
13575.1,g4,tick,1000.0,0.000
13580.1,g1,tick,1000.0,0.000
13580.1,g2,tick,1000.0,0.000
13580.1,g4,tick,1000.0,0.000
13585.1,g1,tick,1000.0,0.000
13585.1,g2,tick,1000.0,0.000
13585.1,g4,tick,1000.0,0.000
13590.1,g1,tick,1000.0,0.000
13590.1,g2,tick,1000.0,0.000
13590.1,g4,tick,1000.0,0.000
13595.1,g1,tick,1000.0,0.000
13595.1,g2,tick,1000.0,0.000
13595.1,g4,tick,1000.0,0.000
13600.1,g1,tick,1000.0,0.000
13600.1,g2,tick,1000.0,0.000
13600.1,g4,tick,1000.0,0.000
13605.1,g1,tick,1000.0,0.000
13605.1,g2,tick,1000.0,0.000
13605.1,g4,tick,1000.0,0.000
13610.1,g1,tick,1000.0,0.000
13610.1,g2,tick,1000.0,0.000
13610.1,g4,tick,1000.0,0.000
13615.1,g1,tick,1000.0,0.000
13615.1,g2,tick,1000.0,0.000
13615.1,g4,tick,1000.0,0.000
13620.1,g1,tick,1000.0,0.000
13620.1,g2,tick,1000.0,0.000
13620.1,g4,tick,1000.0,0.000
13625.1,g1,tick,1000.0,0.000
13625.1,g2,tick,1000.0,0.000
13625.1,g4,tick,1000.0,0.000
13630.1,g1,tick,1000.0,0.000
13630.1,g2,tick,1000.0,0.000
13630.1,g4,tick,1000.0,0.000
13635.1,g1,tick,1000.0,0.000
13635.1,g2,tick,1000.0,0.000
13635.1,g4,tick,1000.0,0.000
13640.1,g1,tick,1000.0,0.000
13640.1,g2,tick,1000.0,0.000
13640.1,g4,tick,1000.0,0.000
13645.1,g1,tick,1000.0,0.000
13645.1,g2,tick,1000.0,0.000
13645.1,g4,tick,1000.0,0.000
13650.1,g1,tick,1000.0,0.000
13650.1,g2,tick,1000.0,0.000
13650.1,g4,tick,1000.0,0.000
13655.1,g1,tick,1000.0,0.000
13655.1,g2,tick,1000.0,0.000
13655.1,g4,tick,1000.0,0.000
13660.1,g1,tick,1000.0,0.000
13660.1,g2,tick,1000.0,0.000
13660.1,g4,tick,1000.0,0.000
13665.1,g1,tick,1000.0,0.000
13665.1,g2,tick,1000.0,0.000
13665.1,g4,tick,1000.0,0.000
13670.1,g1,tick,1000.0,0.000
13670.1,g2,tick,1000.0,0.000
13670.1,g4,tick,1000.0,0.000
13675.1,g1,tick,1000.0,0.000
13675.1,g2,tick,1000.0,0.000
13675.1,g4,tick,1000.0,0.000
13680.1,g1,tick,1000.0,0.000
13680.1,g2,tick,1000.0,0.000
13680.1,g4,tick,1000.0,0.000
13685.1,g1,tick,1000.0,0.000
13685.1,g2,tick,1000.0,0.000
13685.1,g4,tick,1000.0,0.000
13690.1,g1,tick,1000.0,0.000
13690.1,g2,tick,1000.0,0.000
13690.1,g4,tick,1000.0,0.000
13695.1,g1,tick,1000.0,0.000
13695.1,g2,tick,1000.0,0.000
13695.1,g4,tick,1000.0,0.000
13700.1,g1,tick,1000.0,0.000
13700.1,g2,tick,1000.0,0.000
13700.1,g4,tick,1000.0,0.000
13705.1,g1,tick,1000.0,0.000
13705.1,g2,tick,1000.0,0.000
13705.1,g4,tick,1000.0,0.000
13710.1,g1,tick,1000.0,0.000
13710.1,g2,tick,1000.0,0.000
13710.1,g4,tick,1000.0,0.000
13715.1,g1,tick,1000.0,0.000
13715.1,g2,tick,1000.0,0.000
13715.1,g4,tick,1000.0,0.000
13720.1,g1,tick,1000.0,0.000
13720.1,g2,tick,1000.0,0.000
13720.1,g4,tick,1000.0,0.000
13725.1,g1,tick,1000.0,0.000
13725.1,g2,tick,1000.0,0.000
13725.1,g4,tick,1000.0,0.000
13730.1,g1,tick,1000.0,0.000
13730.1,g2,tick,1000.0,0.000
13730.1,g4,tick,1000.0,0.000
13735.1,g1,tick,1000.0,0.000
13735.1,g2,tick,1000.0,0.000
13735.1,g4,tick,1000.0,0.000
13740.1,g1,tick,1000.0,0.000
13740.1,g2,tick,1000.0,0.000
13740.1,g4,tick,1000.0,0.000
13745.1,g1,tick,1000.0,0.000
13745.1,g2,tick,1000.0,0.000
13745.1,g4,tick,1000.0,0.000
13750.1,g1,tick,1000.0,0.000
13750.1,g2,tick,1000.0,0.000
13750.1,g4,tick,1000.0,0.000
13755.1,g1,tick,1000.0,0.000
13755.1,g2,tick,1000.0,0.000
13755.1,g4,tick,1000.0,0.000
13760.1,g1,tick,1000.0,0.000
13760.1,g2,tick,1000.0,0.000
13760.1,g4,tick,1000.0,0.000
13765.1,g1,tick,1000.0,0.000
13765.1,g2,tick,1000.0,0.000
13765.1,g4,tick,1000.0,0.000
13770.1,g1,tick,1000.0,0.000
13770.1,g2,tick,1000.0,0.000
13770.1,g4,tick,1000.0,0.000
13775.1,g1,tick,1000.0,0.000
13775.1,g2,tick,1000.0,0.000
13775.1,g4,tick,1000.0,0.000
13780.1,g1,tick,1000.0,0.000
13780.1,g2,tick,1000.0,0.000
13780.1,g4,tick,1000.0,0.000
13785.1,g1,tick,1000.0,0.000
13785.1,g2,tick,1000.0,0.000
13785.1,g4,tick,1000.0,0.000
13790.1,g1,tick,1000.0,0.000
13790.1,g2,tick,1000.0,0.000
13790.1,g4,tick,1000.0,0.000
13795.1,g1,tick,1000.0,0.000
13795.1,g2,tick,1000.0,0.000
13795.1,g4,tick,1000.0,0.000
13800.1,g1,tick,1000.0,0.000
13800.1,g2,tick,1000.0,0.000
13800.1,g4,tick,1000.0,0.000
13805.1,g1,tick,1000.0,0.000
13805.1,g2,tick,1000.0,0.000
13805.1,g4,tick,1000.0,0.000
13810.1,g1,tick,1000.0,0.000
13810.1,g2,tick,1000.0,0.000
13810.1,g4,tick,1000.0,0.000
13815.1,g1,tick,1000.0,0.000
13815.1,g2,tick,1000.0,0.000
13815.1,g4,tick,1000.0,0.000
13820.1,g1,tick,1000.0,0.000
13820.1,g2,tick,1000.0,0.000
13820.1,g4,tick,1000.0,0.000
13825.1,g1,tick,1000.0,0.000
13825.1,g2,tick,1000.0,0.000
13825.1,g4,tick,1000.0,0.000
13830.1,g1,tick,1000.0,0.000
13830.1,g2,tick,1000.0,0.000
13830.1,g4,tick,1000.0,0.000
13835.1,g1,tick,1000.0,0.000
13835.1,g2,tick,1000.0,0.000
13835.1,g4,tick,1000.0,0.000
13840.1,g1,tick,1000.0,0.000
13840.1,g2,tick,1000.0,0.000
13840.1,g4,tick,1000.0,0.000
13845.1,g1,tick,1000.0,0.000
13845.1,g2,tick,1000.0,0.000
13845.1,g4,tick,1000.0,0.000
13850.1,g1,tick,1000.0,0.000
13850.1,g2,tick,1000.0,0.000
13850.1,g4,tick,1000.0,0.000
13855.1,g1,tick,1000.0,0.000
13855.1,g2,tick,1000.0,0.000
13855.1,g4,tick,1000.0,0.000
13860.1,g1,tick,1000.0,0.000
13860.1,g2,tick,1000.0,0.000
13860.1,g4,tick,1000.0,0.000
13865.1,g1,tick,1000.0,0.000
13865.1,g2,tick,1000.0,0.000
13865.1,g4,tick,1000.0,0.000
13870.1,g1,tick,1000.0,0.000
13870.1,g2,tick,1000.0,0.000
13870.1,g4,tick,1000.0,0.000
13875.1,g1,tick,1000.0,0.000
13875.1,g2,tick,1000.0,0.000
13875.1,g4,tick,1000.0,0.000
13880.1,g1,tick,1000.0,0.000
13880.1,g2,tick,1000.0,0.000
13880.1,g4,tick,1000.0,0.000
13885.1,g1,tick,1000.0,0.000
13885.1,g2,tick,1000.0,0.000
13885.1,g4,tick,1000.0,0.000
13890.1,g1,tick,1000.0,0.000
13890.1,g2,tick,1000.0,0.000
13890.1,g4,tick,1000.0,0.000
13895.1,g1,tick,1000.0,0.000
13895.1,g2,tick,1000.0,0.000
13895.1,g4,tick,1000.0,0.000
13900.1,g1,tick,1000.0,0.000
13900.1,g2,tick,1000.0,0.000
13900.1,g4,tick,1000.0,0.000
13905.1,g1,tick,1000.0,0.000
13905.1,g2,tick,1000.0,0.000
13905.1,g4,tick,1000.0,0.000
13910.1,g1,tick,1000.0,0.000
13910.1,g2,tick,1000.0,0.000
13910.1,g4,tick,1000.0,0.000
13915.1,g1,tick,1000.0,0.000
13915.1,g2,tick,1000.0,0.000
13915.1,g4,tick,1000.0,0.000
13920.1,g1,tick,1000.0,0.000
13920.1,g2,tick,1000.0,0.000
13920.1,g4,tick,1000.0,0.000
13925.0,g1,tick,1000.0,0.000
13925.1,g2,tick,1000.0,0.000
13925.1,g4,tick,1000.0,0.000
13930.1,g1,tick,1000.0,0.000
13930.1,g2,tick,1000.0,0.000
13930.1,g4,tick,1000.0,0.000
13935.1,g1,tick,1000.0,0.000
13935.1,g2,tick,1000.0,0.000
13935.1,g4,tick,1000.0,0.000
13940.1,g1,tick,1000.0,0.000
13940.1,g2,tick,1000.0,0.000
13940.1,g4,tick,1000.0,0.000
13945.1,g1,tick,1000.0,0.000
13945.1,g2,tick,1000.0,0.000
13945.1,g4,tick,1000.0,0.000
13950.1,g1,tick,1000.0,0.000
13950.1,g2,tick,1000.0,0.000
13950.1,g4,tick,1000.0,0.000
13955.1,g1,tick,1000.0,0.000
13955.1,g2,tick,1000.0,0.000
13955.1,g4,tick,1000.0,0.000
13960.1,g1,tick,1000.0,0.000
13960.1,g2,tick,1000.0,0.000
13960.1,g4,tick,1000.0,0.000
13965.1,g1,tick,1000.0,0.000
13965.1,g2,tick,1000.0,0.000
13965.1,g4,tick,1000.0,0.000
13970.1,g1,tick,1000.0,0.000
13970.1,g2,tick,1000.0,0.000
13970.1,g4,tick,1000.0,0.000
13975.1,g1,tick,1000.0,0.000
13975.1,g2,tick,1000.0,0.000
13975.1,g4,tick,1000.0,0.000
13980.1,g1,tick,1000.0,0.000
13980.1,g2,tick,1000.0,0.000
13980.1,g4,tick,1000.0,0.000
13985.1,g1,tick,1000.0,0.000
13985.1,g2,tick,1000.0,0.000
13985.1,g4,tick,1000.0,0.000
13990.1,g1,tick,1000.0,0.000
13990.1,g2,tick,1000.0,0.000
13990.1,g4,tick,1000.0,0.000
13995.1,g1,tick,1000.0,0.000
13995.1,g2,tick,1000.0,0.000
13995.1,g4,tick,1000.0,0.000
14000.1,g1,tick,1000.0,0.000
14000.1,g2,tick,1000.0,0.000
14000.1,g4,tick,1000.0,0.000
14005.1,g1,tick,1000.0,0.000
14005.1,g2,tick,1000.0,0.000
14005.1,g4,tick,1000.0,0.000
14010.1,g1,tick,1000.0,0.000
14010.1,g2,tick,1000.0,0.000
14010.1,g4,tick,1000.0,0.000
14015.1,g1,tick,1000.0,0.000
14015.1,g2,tick,1000.0,0.000
14015.1,g4,tick,1000.0,0.000
14020.1,g1,tick,1000.0,0.000
14020.1,g2,tick,1000.0,0.000
14020.1,g4,tick,1000.0,0.000
14025.1,g1,tick,1000.0,0.000
14025.1,g2,tick,1000.0,0.000
14025.1,g4,tick,1000.0,0.000
14030.1,g1,tick,1000.0,0.000
14030.1,g2,tick,1000.0,0.000
14030.1,g4,tick,1000.0,0.000
14035.1,g1,tick,1000.0,0.000
14035.1,g2,tick,1000.0,0.000
14035.1,g4,tick,1000.0,0.000
14040.1,g1,tick,1000.0,0.000
14040.1,g2,tick,1000.0,0.000
14040.1,g4,tick,1000.0,0.000
14045.1,g1,tick,1000.0,0.000
14045.1,g2,tick,1000.0,0.000
14045.1,g4,tick,1000.0,0.000
14050.1,g1,tick,1000.0,0.000
14050.1,g2,tick,1000.0,0.000
14050.1,g4,tick,1000.0,0.000
14055.1,g1,tick,1000.0,0.000
14055.1,g2,tick,1000.0,0.000
14055.1,g4,tick,1000.0,0.000
14060.1,g1,tick,1000.0,0.000
14060.1,g2,tick,1000.0,0.000
14060.1,g4,tick,1000.0,0.000
14065.1,g1,tick,1000.0,0.000
14065.1,g2,tick,1000.0,0.000
14065.1,g4,tick,1000.0,0.000
14070.1,g1,tick,1000.0,0.000
14070.1,g2,tick,1000.0,0.000
14070.1,g4,tick,1000.0,0.000
14075.1,g1,tick,1000.0,0.000
14075.1,g2,tick,1000.0,0.000
14075.1,g4,tick,1000.0,0.000
14080.1,g1,tick,1000.0,0.000
14080.1,g2,tick,1000.0,0.000
14080.1,g4,tick,1000.0,0.000
14085.1,g1,tick,1000.0,0.000
14085.1,g2,tick,1000.0,0.000
14085.1,g4,tick,1000.0,0.000
14090.1,g1,tick,1000.0,0.000
14090.1,g2,tick,1000.0,0.000
14090.1,g4,tick,1000.0,0.000
14095.1,g1,tick,1000.0,0.000
14095.1,g2,tick,1000.0,0.000
14095.1,g4,tick,1000.0,0.000
14100.1,g1,tick,1000.0,0.000
14100.1,g2,tick,1000.0,0.000
14100.1,g4,tick,1000.0,0.000
14105.1,g1,tick,1000.0,0.000
14105.1,g2,tick,1000.0,0.000
14105.1,g4,tick,1000.0,0.000
14110.1,g1,tick,1000.0,0.000
14110.1,g2,tick,1000.0,0.000
14110.1,g4,tick,1000.0,0.000
14115.1,g1,tick,1000.0,0.000
14115.1,g2,tick,1000.0,0.000
14115.1,g4,tick,1000.0,0.000
14120.1,g1,tick,1000.0,0.000
14120.1,g2,tick,1000.0,0.000
14120.1,g4,tick,1000.0,0.000
14125.1,g1,tick,1000.0,0.000
14125.1,g2,tick,1000.0,0.000
14125.1,g4,tick,1000.0,0.000
14130.1,g1,tick,1000.0,0.000
14130.1,g2,tick,1000.0,0.000
14130.1,g4,tick,1000.0,0.000
14135.1,g1,tick,1000.0,0.000
14135.1,g2,tick,1000.0,0.000
14135.1,g4,tick,1000.0,0.000
14140.1,g1,tick,1000.0,0.000
14140.1,g2,tick,1000.0,0.000
14140.1,g4,tick,1000.0,0.000
14145.1,g1,tick,1000.0,0.000
14145.1,g2,tick,1000.0,0.000
14145.1,g4,tick,1000.0,0.000
14150.1,g1,tick,1000.0,0.000
14150.1,g2,tick,1000.0,0.000
14150.1,g4,tick,1000.0,0.000
14155.1,g1,tick,1000.0,0.000
14155.1,g2,tick,1000.0,0.000
14155.1,g4,tick,1000.0,0.000
14160.1,g1,tick,1000.0,0.000
14160.1,g2,tick,1000.0,0.000
14160.1,g4,tick,1000.0,0.000
14165.1,g1,tick,1000.0,0.000
14165.1,g2,tick,1000.0,0.000
14165.1,g4,tick,1000.0,0.000
14170.1,g1,tick,1000.0,0.000
14170.1,g2,tick,1000.0,0.000
14170.1,g4,tick,1000.0,0.000
14175.1,g1,tick,1000.0,0.000
14175.1,g2,tick,1000.0,0.000
14175.1,g4,tick,1000.0,0.000
14180.1,g1,tick,1000.0,0.000
14180.1,g2,tick,1000.0,0.000
14180.1,g4,tick,1000.0,0.000
14185.1,g1,tick,1000.0,0.000
14185.1,g2,tick,1000.0,0.000
14185.1,g4,tick,1000.0,0.000
14190.1,g1,tick,1000.0,0.000
14190.1,g2,tick,1000.0,0.000
14190.1,g4,tick,1000.0,0.000
14195.1,g1,tick,1000.0,0.000
14195.1,g2,tick,1000.0,0.000
14195.1,g4,tick,1000.0,0.000
14200.1,g1,tick,1000.0,0.000
14200.1,g2,tick,1000.0,0.000
14200.1,g4,tick,1000.0,0.000
14205.1,g1,tick,1000.0,0.000
14205.1,g2,tick,1000.0,0.000
14205.1,g4,tick,1000.0,0.000
14210.1,g1,tick,1000.0,0.000
14210.1,g2,tick,1000.0,0.000
14210.1,g4,tick,1000.0,0.000
14215.1,g1,tick,1000.0,0.000
14215.1,g2,tick,1000.0,0.000
14215.1,g4,tick,1000.0,0.000
14220.1,g1,tick,1000.0,0.000
14220.1,g2,tick,1000.0,0.000
14220.1,g4,tick,1000.0,0.000
14225.1,g1,tick,1000.0,0.000
14225.1,g2,tick,1000.0,0.000
14225.1,g4,tick,1000.0,0.000
14230.1,g1,tick,1000.0,0.000
14230.1,g2,tick,1000.0,0.000
14230.1,g4,tick,1000.0,0.000
14235.1,g1,tick,1000.0,0.000
14235.1,g2,tick,1000.0,0.000
14235.1,g4,tick,1000.0,0.000
14240.1,g1,tick,1000.0,0.000
14240.1,g2,tick,1000.0,0.000
14240.1,g4,tick,1000.0,0.000
14245.1,g1,tick,1000.0,0.000
14245.1,g2,tick,1000.0,0.000
14245.1,g4,tick,1000.0,0.000
14250.1,g1,tick,1000.0,0.000
14250.1,g2,tick,1000.0,0.000
14250.1,g4,tick,1000.0,0.000
14255.1,g1,tick,1000.0,0.000
14255.1,g2,tick,1000.0,0.000
14255.1,g4,tick,1000.0,0.000
14260.1,g1,tick,1000.0,0.000
14260.1,g2,tick,1000.0,0.000
14260.1,g4,tick,1000.0,0.000
14265.1,g1,tick,1000.0,0.000
14265.1,g2,tick,1000.0,0.000
14265.1,g4,tick,1000.0,0.000
14270.1,g1,tick,1000.0,0.000
14270.1,g2,tick,1000.0,0.000
14270.1,g4,tick,1000.0,0.000
14275.1,g1,tick,1000.0,0.000
14275.1,g2,tick,1000.0,0.000
14275.1,g4,tick,1000.0,0.000
14280.1,g1,tick,1000.0,0.000
14280.1,g2,tick,1000.0,0.000
14280.1,g4,tick,1000.0,0.000
14285.1,g1,tick,1000.0,0.000
14285.1,g2,tick,1000.0,0.000
14285.1,g4,tick,1000.0,0.000
14290.1,g1,tick,1000.0,0.000
14290.1,g2,tick,1000.0,0.000
14290.1,g4,tick,1000.0,0.000
14295.1,g1,tick,1000.0,0.000
14295.1,g2,tick,1000.0,0.000
14295.1,g4,tick,1000.0,0.000
14300.1,g1,tick,1000.0,0.000
14300.1,g2,tick,1000.0,0.000
14300.1,g4,tick,1000.0,0.000
14305.1,g1,tick,1000.0,0.000
14305.1,g2,tick,1000.0,0.000
14305.1,g4,tick,1000.0,0.000
14310.1,g1,tick,1000.0,0.000
14310.1,g2,tick,1000.0,0.000
14310.1,g4,tick,1000.0,0.000
14315.1,g1,tick,1000.0,0.000
14315.1,g2,tick,1000.0,0.000
14315.1,g4,tick,1000.0,0.000
14320.1,g1,tick,1000.0,0.000
14320.1,g2,tick,1000.0,0.000
14320.1,g4,tick,1000.0,0.000
14325.1,g1,tick,1000.0,0.000
14325.1,g2,tick,1000.0,0.000
14325.1,g4,tick,1000.0,0.000
14330.1,g1,tick,1000.0,0.000
14330.1,g2,tick,1000.0,0.000
14330.1,g4,tick,1000.0,0.000
14335.1,g1,tick,1000.0,0.000
14335.1,g2,tick,1000.0,0.000
14335.1,g4,tick,1000.0,0.000
14340.1,g1,tick,1000.0,0.000
14340.1,g2,tick,1000.0,0.000
14340.1,g4,tick,1000.0,0.000
14345.1,g1,tick,1000.0,0.000
14345.1,g2,tick,1000.0,0.000
14345.1,g4,tick,1000.0,0.000
14350.1,g1,tick,1000.0,0.000
14350.1,g2,tick,1000.0,0.000
14350.1,g4,tick,1000.0,0.000
14355.1,g1,tick,1000.0,0.000
14355.1,g2,tick,1000.0,0.000
14355.1,g4,tick,1000.0,0.000
14360.1,g1,tick,1000.0,0.000
14360.1,g2,tick,1000.0,0.000
14360.1,g4,tick,1000.0,0.000
14365.1,g1,tick,1000.0,0.000
14365.1,g2,tick,1000.0,0.000
14365.1,g4,tick,1000.0,0.000
14370.1,g1,tick,1000.0,0.000
14370.1,g2,tick,1000.0,0.000
14370.1,g4,tick,1000.0,0.000
14375.1,g1,tick,1000.0,0.000
14375.1,g2,tick,1000.0,0.000
14375.1,g4,tick,1000.0,0.000
14380.1,g1,tick,1000.0,0.000
14380.1,g2,tick,1000.0,0.000
14380.1,g4,tick,1000.0,0.000
14385.1,g1,tick,1000.0,0.000
14385.1,g2,tick,1000.0,0.000
14385.1,g4,tick,1000.0,0.000
14390.1,g1,tick,1000.0,0.000
14390.1,g2,tick,1000.0,0.000
14390.1,g4,tick,1000.0,0.000
14395.1,g1,tick,1000.0,0.000
14395.1,g2,tick,1000.0,0.000
14395.1,g4,tick,1000.0,0.000
14400.1,g1,tick,1000.0,0.000
14400.1,g2,tick,1000.0,0.000
14400.1,g4,tick,1000.0,0.000
14405.1,g1,tick,1000.0,0.000
14405.1,g2,tick,1000.0,0.000
14405.1,g4,tick,1000.0,0.000
14410.1,g1,tick,1000.0,0.000
14410.1,g2,tick,1000.0,0.000
14410.1,g4,tick,1000.0,0.000
14415.1,g1,tick,1000.0,0.000
14415.1,g2,tick,1000.0,0.000
14415.1,g4,tick,1000.0,0.000
14420.1,g1,tick,1000.0,0.000
14420.1,g2,tick,1000.0,0.000
14420.1,g4,tick,1000.0,0.000
14425.1,g1,tick,1000.0,0.000
14425.1,g2,tick,1000.0,0.000
14425.1,g4,tick,1000.0,0.000
14430.1,g1,tick,1000.0,0.000
14430.1,g2,tick,1000.0,0.000
14430.1,g4,tick,1000.0,0.000
14435.1,g1,tick,1000.0,0.000
14435.1,g2,tick,1000.0,0.000
14435.1,g4,tick,1000.0,0.000
14440.1,g1,tick,1000.0,0.000
14440.1,g2,tick,1000.0,0.000
14440.1,g4,tick,1000.0,0.000
14445.1,g1,tick,1000.0,0.000
14445.1,g2,tick,1000.0,0.000
14445.1,g4,tick,1000.0,0.000
14450.1,g1,tick,1000.0,0.000
14450.1,g2,tick,1000.0,0.000
14450.1,g4,tick,1000.0,0.000
14455.1,g1,tick,1000.0,0.000
14455.1,g2,tick,1000.0,0.000
14455.1,g4,tick,1000.0,0.000
14460.1,g1,tick,1000.0,0.000
14460.1,g2,tick,1000.0,0.000
14460.1,g4,tick,1000.0,0.000
14465.1,g1,tick,1000.0,0.000
14465.1,g2,tick,1000.0,0.000
14465.1,g4,tick,1000.0,0.000
14470.1,g1,tick,1000.0,0.000
14470.1,g2,tick,1000.0,0.000
14470.1,g4,tick,1000.0,0.000
14475.1,g1,tick,1000.0,0.000
14475.1,g2,tick,1000.0,0.000
14475.1,g4,tick,1000.0,0.000
14480.1,g1,tick,1000.0,0.000
14480.1,g2,tick,1000.0,0.000
14480.1,g4,tick,1000.0,0.000
14485.1,g1,tick,1000.0,0.000
14485.1,g2,tick,1000.0,0.000
14485.1,g4,tick,1000.0,0.000
14490.1,g1,tick,1000.0,0.000
14490.1,g2,tick,1000.0,0.000
14490.1,g4,tick,1000.0,0.000
14495.1,g1,tick,1000.0,0.000
14495.1,g2,tick,1000.0,0.000
14495.1,g4,tick,1000.0,0.000
14500.1,g1,tick,1000.0,0.000
14500.1,g2,tick,1000.0,0.000
14500.1,g4,tick,1000.0,0.000
14505.1,g1,tick,1000.0,0.000
14505.1,g2,tick,1000.0,0.000
14505.1,g4,tick,1000.0,0.000
14510.1,g1,tick,1000.0,0.000
14510.1,g2,tick,1000.0,0.000
14510.1,g4,tick,1000.0,0.000
14515.0,g1,tick,1000.0,0.000
14515.1,g2,tick,1000.0,0.000
14515.1,g4,tick,1000.0,0.000
