ms,sender,event,rate_mbit,alpha
6.7,g1,tick,1000.0,0.938
8.1,g2,tick,1000.0,0.938
9.5,g4,tick,1000.0,0.938
10.1,g1,tick,1000.0,0.879
10.1,g2,tick,1000.0,0.879
10.1,g4,tick,1000.0,0.879
15.1,g1,tick,1000.0,0.824
15.1,g2,tick,1000.0,0.824
15.1,g4,tick,1000.0,0.824
20.1,g1,tick,1000.0,0.772
20.1,g2,tick,1000.0,0.772
20.1,g4,tick,1000.0,0.772
25.1,g1,tick,1000.0,0.724
25.1,g2,tick,1000.0,0.724
25.1,g4,tick,1000.0,0.724
30.1,g1,tick,1000.0,0.679
30.1,g2,tick,1000.0,0.679
30.1,g4,tick,1000.0,0.679
35.1,g1,tick,1000.0,0.637
35.1,g2,tick,1000.0,0.637
35.1,g4,tick,1000.0,0.637
40.1,g1,tick,1000.0,0.597
40.1,g2,tick,1000.0,0.597
40.1,g4,tick,1000.0,0.597
45.1,g1,tick,1000.0,0.559
45.1,g2,tick,1000.0,0.559
45.1,g4,tick,1000.0,0.559
50.1,g1,tick,1000.0,0.524
50.1,g2,tick,1000.0,0.524
50.1,g4,tick,1000.0,0.524
55.1,g1,tick,1000.0,0.492
55.1,g2,tick,1000.0,0.492
55.1,g4,tick,1000.0,0.492
60.1,g1,tick,1000.0,0.461
60.1,g2,tick,1000.0,0.461
60.1,g4,tick,1000.0,0.461
65.1,g1,tick,1000.0,0.432
65.1,g2,tick,1000.0,0.432
65.1,g4,tick,1000.0,0.432
70.1,g1,tick,1000.0,0.405
70.1,g2,tick,1000.0,0.405
70.1,g4,tick,1000.0,0.405
75.1,g1,tick,1000.0,0.380
75.1,g2,tick,1000.0,0.380
75.1,g4,tick,1000.0,0.380
80.1,g1,tick,1000.0,0.356
80.1,g2,tick,1000.0,0.356
80.1,g4,tick,1000.0,0.356
85.1,g1,tick,1000.0,0.334
85.1,g2,tick,1000.0,0.334
85.1,g4,tick,1000.0,0.334
90.1,g1,tick,1000.0,0.313
90.1,g2,tick,1000.0,0.313
90.1,g4,tick,1000.0,0.313
95.1,g1,tick,1000.0,0.293
95.1,g2,tick,1000.0,0.293
95.1,g4,tick,1000.0,0.293
100.1,g1,tick,1000.0,0.275
100.1,g2,tick,1000.0,0.275
100.1,g4,tick,1000.0,0.275
105.1,g1,tick,1000.0,0.258
105.1,g2,tick,1000.0,0.258
105.1,g4,tick,1000.0,0.258
110.1,g1,tick,1000.0,0.242
110.1,g2,tick,1000.0,0.242
110.1,g4,tick,1000.0,0.242
115.1,g1,tick,1000.0,0.227
115.1,g2,tick,1000.0,0.227
115.1,g4,tick,1000.0,0.227
120.0,g1,tick,1000.0,0.212
120.0,g2,tick,1000.0,0.212
120.0,g4,tick,1000.0,0.212
125.1,g1,tick,1000.0,0.199
125.1,g2,tick,1000.0,0.199
125.1,g4,tick,1000.0,0.199
130.1,g1,tick,1000.0,0.187
130.1,g2,tick,1000.0,0.187
130.1,g4,tick,1000.0,0.187
135.1,g1,tick,1000.0,0.175
135.1,g2,tick,1000.0,0.175
135.1,g4,tick,1000.0,0.175
140.1,g1,tick,1000.0,0.164
140.1,g2,tick,1000.0,0.164
140.1,g4,tick,1000.0,0.164
145.1,g1,tick,1000.0,0.154
145.1,g2,tick,1000.0,0.154
145.1,g4,tick,1000.0,0.154
150.1,g1,tick,1000.0,0.144
150.1,g2,tick,1000.0,0.144
150.1,g4,tick,1000.0,0.144
155.1,g1,tick,1000.0,0.135
155.1,g2,tick,1000.0,0.135
155.1,g4,tick,1000.0,0.135
160.1,g1,tick,1000.0,0.127
160.1,g2,tick,1000.0,0.127
160.1,g4,tick,1000.0,0.127
165.1,g1,tick,1000.0,0.119
165.1,g2,tick,1000.0,0.119
165.1,g4,tick,1000.0,0.119
170.1,g1,tick,1000.0,0.111
170.1,g2,tick,1000.0,0.111
170.1,g4,tick,1000.0,0.111
175.1,g1,tick,1000.0,0.104
175.1,g2,tick,1000.0,0.104
175.1,g4,tick,1000.0,0.104
180.1,g1,tick,1000.0,0.098
180.1,g2,tick,1000.0,0.098
180.1,g4,tick,1000.0,0.098
185.1,g1,tick,1000.0,0.092
185.1,g2,tick,1000.0,0.092
185.1,g4,tick,1000.0,0.092
190.1,g1,tick,1000.0,0.086
190.1,g2,tick,1000.0,0.086
190.1,g4,tick,1000.0,0.086
195.1,g1,tick,1000.0,0.081
195.1,g2,tick,1000.0,0.081
195.1,g4,tick,1000.0,0.081
200.1,g1,tick,1000.0,0.076
200.1,g2,tick,1000.0,0.076
200.1,g4,tick,1000.0,0.076
205.1,g1,tick,1000.0,0.071
205.1,g2,tick,1000.0,0.071
205.1,g4,tick,1000.0,0.071
210.1,g1,tick,1000.0,0.066
210.1,g2,tick,1000.0,0.066
210.1,g4,tick,1000.0,0.066
215.1,g1,tick,1000.0,0.062
215.1,g2,tick,1000.0,0.062
215.1,g4,tick,1000.0,0.062
220.1,g1,tick,1000.0,0.058
220.1,g2,tick,1000.0,0.058
220.1,g4,tick,1000.0,0.058
225.1,g1,tick,1000.0,0.055
225.1,g2,tick,1000.0,0.055
225.1,g4,tick,1000.0,0.055
230.1,g1,tick,1000.0,0.051
230.1,g2,tick,1000.0,0.051
230.1,g4,tick,1000.0,0.051
235.1,g1,tick,1000.0,0.048
235.1,g2,tick,1000.0,0.048
235.1,g4,tick,1000.0,0.048
240.1,g1,tick,1000.0,0.045
240.1,g2,tick,1000.0,0.045
240.1,g4,tick,1000.0,0.045
245.1,g1,tick,1000.0,0.042
245.1,g2,tick,1000.0,0.042
245.1,g4,tick,1000.0,0.042
250.1,g1,tick,1000.0,0.040
250.1,g2,tick,1000.0,0.040
250.1,g4,tick,1000.0,0.040
255.1,g1,tick,1000.0,0.037
255.1,g2,tick,1000.0,0.037
255.1,g4,tick,1000.0,0.037
260.1,g1,tick,1000.0,0.035
260.1,g2,tick,1000.0,0.035
260.1,g4,tick,1000.0,0.035
265.1,g1,tick,1000.0,0.033
265.1,g2,tick,1000.0,0.033
265.1,g4,tick,1000.0,0.033
270.1,g1,tick,1000.0,0.031
270.1,g2,tick,1000.0,0.031
270.1,g4,tick,1000.0,0.031
275.1,g1,tick,1000.0,0.029
275.1,g2,tick,1000.0,0.029
275.1,g4,tick,1000.0,0.029
280.1,g1,tick,1000.0,0.027
280.1,g2,tick,1000.0,0.027
280.1,g4,tick,1000.0,0.027
285.1,g1,tick,1000.0,0.025
285.1,g2,tick,1000.0,0.025
285.1,g4,tick,1000.0,0.025
290.1,g1,tick,1000.0,0.024
290.1,g2,tick,1000.0,0.024
290.1,g4,tick,1000.0,0.024
295.1,g1,tick,1000.0,0.022
295.1,g2,tick,1000.0,0.022
295.1,g4,tick,1000.0,0.022
300.1,g1,tick,1000.0,0.021
300.1,g2,tick,1000.0,0.021
300.1,g4,tick,1000.0,0.021
305.1,g1,tick,1000.0,0.020
305.1,g2,tick,1000.0,0.020
305.1,g4,tick,1000.0,0.020
310.1,g1,tick,1000.0,0.018
310.1,g2,tick,1000.0,0.018
310.1,g4,tick,1000.0,0.018
315.1,g1,tick,1000.0,0.017
315.1,g2,tick,1000.0,0.017
315.1,g4,tick,1000.0,0.017
320.1,g1,tick,1000.0,0.016
320.1,g2,tick,1000.0,0.016
320.1,g4,tick,1000.0,0.016
325.1,g1,tick,1000.0,0.015
325.1,g2,tick,1000.0,0.015
325.1,g4,tick,1000.0,0.015
330.1,g1,tick,1000.0,0.014
330.1,g2,tick,1000.0,0.014
330.1,g4,tick,1000.0,0.014
335.1,g1,tick,1000.0,0.013
335.1,g2,tick,1000.0,0.013
335.1,g4,tick,1000.0,0.013
340.1,g1,tick,1000.0,0.012
340.1,g2,tick,1000.0,0.012
340.1,g4,tick,1000.0,0.012
345.1,g1,tick,1000.0,0.012
345.1,g2,tick,1000.0,0.012
345.1,g4,tick,1000.0,0.012
350.1,g1,tick,1000.0,0.011
350.1,g2,tick,1000.0,0.011
350.1,g4,tick,1000.0,0.011
355.1,g1,tick,1000.0,0.010
355.1,g2,tick,1000.0,0.010
355.1,g4,tick,1000.0,0.010
360.1,g1,tick,1000.0,0.010
360.1,g2,tick,1000.0,0.010
360.1,g4,tick,1000.0,0.010
365.1,g1,tick,1000.0,0.009
365.1,g2,tick,1000.0,0.009
365.1,g4,tick,1000.0,0.009
370.1,g1,tick,1000.0,0.008
370.1,g2,tick,1000.0,0.008
370.1,g4,tick,1000.0,0.008
375.1,g1,tick,1000.0,0.008
375.1,g2,tick,1000.0,0.008
375.1,g4,tick,1000.0,0.008
380.1,g1,tick,1000.0,0.007
380.1,g2,tick,1000.0,0.007
380.1,g4,tick,1000.0,0.007
385.1,g1,tick,1000.0,0.007
385.1,g2,tick,1000.0,0.007
385.1,g4,tick,1000.0,0.007
390.1,g1,tick,1000.0,0.007
390.1,g2,tick,1000.0,0.007
390.1,g4,tick,1000.0,0.007
395.1,g1,tick,1000.0,0.006
395.1,g2,tick,1000.0,0.006
395.1,g4,tick,1000.0,0.006
400.1,g1,tick,1000.0,0.006
400.1,g2,tick,1000.0,0.006
400.1,g4,tick,1000.0,0.006
405.1,g1,tick,1000.0,0.005
405.1,g2,tick,1000.0,0.005
405.1,g4,tick,1000.0,0.005
410.1,g1,tick,1000.0,0.005
410.1,g2,tick,1000.0,0.005
410.1,g4,tick,1000.0,0.005
415.1,g1,tick,1000.0,0.005
415.1,g2,tick,1000.0,0.005
415.1,g4,tick,1000.0,0.005
420.1,g1,tick,1000.0,0.004
420.1,g2,tick,1000.0,0.004
420.1,g4,tick,1000.0,0.004
425.1,g1,tick,1000.0,0.004
425.1,g2,tick,1000.0,0.004
425.1,g4,tick,1000.0,0.004
430.1,g1,tick,1000.0,0.004
430.1,g2,tick,1000.0,0.004
430.1,g4,tick,1000.0,0.004
435.1,g1,tick,1000.0,0.004
435.1,g2,tick,1000.0,0.004
435.1,g4,tick,1000.0,0.004
440.1,g1,tick,1000.0,0.003
440.1,g2,tick,1000.0,0.003
440.1,g4,tick,1000.0,0.003
445.1,g1,tick,1000.0,0.003
445.1,g2,tick,1000.0,0.003
445.1,g4,tick,1000.0,0.003
450.1,g1,tick,1000.0,0.003
450.1,g2,tick,1000.0,0.003
450.1,g4,tick,1000.0,0.003
455.1,g1,tick,1000.0,0.003
455.1,g2,tick,1000.0,0.003
455.1,g4,tick,1000.0,0.003
460.1,g1,tick,1000.0,0.003
460.1,g2,tick,1000.0,0.003
460.1,g4,tick,1000.0,0.003
465.1,g1,tick,1000.0,0.002
465.1,g2,tick,1000.0,0.002
465.1,g4,tick,1000.0,0.002
470.1,g1,tick,1000.0,0.002
470.1,g2,tick,1000.0,0.002
470.1,g4,tick,1000.0,0.002
475.1,g1,tick,1000.0,0.002
475.1,g2,tick,1000.0,0.002
475.1,g4,tick,1000.0,0.002
480.1,g1,tick,1000.0,0.002
480.1,g2,tick,1000.0,0.002
480.1,g4,tick,1000.0,0.002
485.1,g1,tick,1000.0,0.002
485.1,g2,tick,1000.0,0.002
485.1,g4,tick,1000.0,0.002
490.1,g1,tick,1000.0,0.002
490.1,g2,tick,1000.0,0.002
490.1,g4,tick,1000.0,0.002
495.1,g1,tick,1000.0,0.002
495.1,g2,tick,1000.0,0.002
495.1,g4,tick,1000.0,0.002
500.1,g1,tick,1000.0,0.002
500.1,g2,tick,1000.0,0.002
500.1,g4,tick,1000.0,0.002
505.1,g1,tick,1000.0,0.001
505.1,g2,tick,1000.0,0.001
505.1,g4,tick,1000.0,0.001
510.1,g1,tick,1000.0,0.001
510.1,g2,tick,1000.0,0.001
510.1,g4,tick,1000.0,0.001
515.1,g1,tick,1000.0,0.001
515.1,g2,tick,1000.0,0.001
515.1,g4,tick,1000.0,0.001
520.1,g1,tick,1000.0,0.001
520.1,g2,tick,1000.0,0.001
520.1,g4,tick,1000.0,0.001
525.1,g1,tick,1000.0,0.001
525.1,g2,tick,1000.0,0.001
525.1,g4,tick,1000.0,0.001
530.1,g1,tick,1000.0,0.001
530.1,g2,tick,1000.0,0.001
530.1,g4,tick,1000.0,0.001
535.1,g1,tick,1000.0,0.001
535.1,g2,tick,1000.0,0.001
535.1,g4,tick,1000.0,0.001
540.1,g1,tick,1000.0,0.001
540.1,g2,tick,1000.0,0.001
540.1,g4,tick,1000.0,0.001
545.1,g1,tick,1000.0,0.001
545.1,g2,tick,1000.0,0.001
545.1,g4,tick,1000.0,0.001
550.1,g1,tick,1000.0,0.001
550.1,g2,tick,1000.0,0.001
550.1,g4,tick,1000.0,0.001
555.1,g1,tick,1000.0,0.001
555.1,g2,tick,1000.0,0.001
555.1,g4,tick,1000.0,0.001
560.1,g1,tick,1000.0,0.001
560.1,g2,tick,1000.0,0.001
560.1,g4,tick,1000.0,0.001
565.1,g1,tick,1000.0,0.001
565.1,g2,tick,1000.0,0.001
565.1,g4,tick,1000.0,0.001
570.1,g1,tick,1000.0,0.001
570.1,g2,tick,1000.0,0.001
570.1,g4,tick,1000.0,0.001
575.1,g1,tick,1000.0,0.001
575.1,g2,tick,1000.0,0.001
575.1,g4,tick,1000.0,0.001
580.1,g1,tick,1000.0,0.001
580.1,g2,tick,1000.0,0.001
580.1,g4,tick,1000.0,0.001
585.1,g1,tick,1000.0,0.001
585.1,g2,tick,1000.0,0.001
585.1,g4,tick,1000.0,0.001
590.1,g1,tick,1000.0,0.000
590.1,g2,tick,1000.0,0.000
590.1,g4,tick,1000.0,0.000
595.1,g1,tick,1000.0,0.000
595.1,g2,tick,1000.0,0.000
595.1,g4,tick,1000.0,0.000
600.1,g1,tick,1000.0,0.000
600.1,g2,tick,1000.0,0.000
600.1,g4,tick,1000.0,0.000
605.1,g1,tick,1000.0,0.000
605.1,g2,tick,1000.0,0.000
605.1,g4,tick,1000.0,0.000
610.1,g1,tick,1000.0,0.000
610.1,g2,tick,1000.0,0.000
610.1,g4,tick,1000.0,0.000
615.1,g1,tick,1000.0,0.000
615.1,g2,tick,1000.0,0.000
615.1,g4,tick,1000.0,0.000
620.1,g1,tick,1000.0,0.000
620.1,g2,tick,1000.0,0.000
620.1,g4,tick,1000.0,0.000
625.1,g1,tick,1000.0,0.000
625.1,g2,tick,1000.0,0.000
625.1,g4,tick,1000.0,0.000
630.1,g1,tick,1000.0,0.000
630.1,g2,tick,1000.0,0.000
630.1,g4,tick,1000.0,0.000
635.1,g1,tick,1000.0,0.000
635.1,g2,tick,1000.0,0.000
635.1,g4,tick,1000.0,0.000
640.1,g1,tick,1000.0,0.000
640.1,g2,tick,1000.0,0.000
640.1,g4,tick,1000.0,0.000
645.1,g1,tick,1000.0,0.000
645.1,g2,tick,1000.0,0.000
645.1,g4,tick,1000.0,0.000
650.1,g1,tick,1000.0,0.000
650.1,g2,tick,1000.0,0.000
650.1,g4,tick,1000.0,0.000
655.1,g1,tick,1000.0,0.000
655.1,g2,tick,1000.0,0.000
655.1,g4,tick,1000.0,0.000
660.1,g1,tick,1000.0,0.000
660.1,g2,tick,1000.0,0.000
660.1,g4,tick,1000.0,0.000
665.1,g1,tick,1000.0,0.000
665.1,g2,tick,1000.0,0.000
665.1,g4,tick,1000.0,0.000
670.1,g1,tick,1000.0,0.000
670.1,g2,tick,1000.0,0.000
670.1,g4,tick,1000.0,0.000
675.1,g1,tick,1000.0,0.000
675.1,g2,tick,1000.0,0.000
675.1,g4,tick,1000.0,0.000
680.1,g1,tick,1000.0,0.000
680.1,g2,tick,1000.0,0.000
680.1,g4,tick,1000.0,0.000
685.1,g1,tick,1000.0,0.000
685.1,g2,tick,1000.0,0.000
685.1,g4,tick,1000.0,0.000
690.1,g1,tick,1000.0,0.000
690.1,g2,tick,1000.0,0.000
690.1,g4,tick,1000.0,0.000
695.1,g1,tick,1000.0,0.000
695.1,g2,tick,1000.0,0.000
695.1,g4,tick,1000.0,0.000
700.1,g1,tick,1000.0,0.000
700.1,g2,tick,1000.0,0.000
700.1,g4,tick,1000.0,0.000
705.1,g1,tick,1000.0,0.000
705.1,g2,tick,1000.0,0.000
705.1,g4,tick,1000.0,0.000
710.1,g1,tick,1000.0,0.000
710.1,g2,tick,1000.0,0.000
710.1,g4,tick,1000.0,0.000
715.1,g1,tick,1000.0,0.000
715.1,g2,tick,1000.0,0.000
715.1,g4,tick,1000.0,0.000
720.1,g1,tick,1000.0,0.000
720.1,g2,tick,1000.0,0.000
720.1,g4,tick,1000.0,0.000
725.1,g1,tick,1000.0,0.000
725.1,g2,tick,1000.0,0.000
725.1,g4,tick,1000.0,0.000
730.1,g1,tick,1000.0,0.000
730.1,g2,tick,1000.0,0.000
730.1,g4,tick,1000.0,0.000
735.1,g1,tick,1000.0,0.000
735.1,g2,tick,1000.0,0.000
735.1,g4,tick,1000.0,0.000
740.1,g1,tick,1000.0,0.000
740.1,g2,tick,1000.0,0.000
740.1,g4,tick,1000.0,0.000
745.1,g1,tick,1000.0,0.000
745.1,g2,tick,1000.0,0.000
745.1,g4,tick,1000.0,0.000
750.1,g1,tick,1000.0,0.000
750.1,g2,tick,1000.0,0.000
750.1,g4,tick,1000.0,0.000
755.1,g1,tick,1000.0,0.000
755.1,g2,tick,1000.0,0.000
755.1,g4,tick,1000.0,0.000
760.1,g1,tick,1000.0,0.000
760.1,g2,tick,1000.0,0.000
760.1,g4,tick,1000.0,0.000
765.1,g1,tick,1000.0,0.000
765.1,g2,tick,1000.0,0.000
765.1,g4,tick,1000.0,0.000
770.1,g1,tick,1000.0,0.000
770.1,g2,tick,1000.0,0.000
770.1,g4,tick,1000.0,0.000
775.1,g1,tick,1000.0,0.000
775.1,g2,tick,1000.0,0.000
775.1,g4,tick,1000.0,0.000
780.1,g1,tick,1000.0,0.000
780.1,g2,tick,1000.0,0.000
780.1,g4,tick,1000.0,0.000
785.1,g1,tick,1000.0,0.000
785.1,g2,tick,1000.0,0.000
785.1,g4,tick,1000.0,0.000
790.1,g1,tick,1000.0,0.000
790.1,g2,tick,1000.0,0.000
790.1,g4,tick,1000.0,0.000
795.1,g1,tick,1000.0,0.000
795.1,g2,tick,1000.0,0.000
795.1,g4,tick,1000.0,0.000
800.1,g1,tick,1000.0,0.000
800.1,g2,tick,1000.0,0.000
800.1,g4,tick,1000.0,0.000
805.1,g1,tick,1000.0,0.000
805.1,g2,tick,1000.0,0.000
805.1,g4,tick,1000.0,0.000
810.1,g1,tick,1000.0,0.000
810.1,g2,tick,1000.0,0.000
810.1,g4,tick,1000.0,0.000
815.1,g1,tick,1000.0,0.000
815.1,g2,tick,1000.0,0.000
815.1,g4,tick,1000.0,0.000
820.1,g1,tick,1000.0,0.000
820.1,g2,tick,1000.0,0.000
820.1,g4,tick,1000.0,0.000
825.1,g1,tick,1000.0,0.000
825.1,g2,tick,1000.0,0.000
825.1,g4,tick,1000.0,0.000
830.1,g1,tick,1000.0,0.000
830.1,g2,tick,1000.0,0.000
830.1,g4,tick,1000.0,0.000
835.1,g1,tick,1000.0,0.000
835.1,g2,tick,1000.0,0.000
835.1,g4,tick,1000.0,0.000
840.1,g1,tick,1000.0,0.000
840.1,g2,tick,1000.0,0.000
840.1,g4,tick,1000.0,0.000
845.1,g1,tick,1000.0,0.000
845.1,g2,tick,1000.0,0.000
845.1,g4,tick,1000.0,0.000
850.1,g1,tick,1000.0,0.000
850.1,g2,tick,1000.0,0.000
850.1,g4,tick,1000.0,0.000
855.1,g1,tick,1000.0,0.000
855.1,g2,tick,1000.0,0.000
855.1,g4,tick,1000.0,0.000
860.1,g1,tick,1000.0,0.000
860.1,g2,tick,1000.0,0.000
860.1,g4,tick,1000.0,0.000
865.1,g1,tick,1000.0,0.000
865.1,g2,tick,1000.0,0.000
865.1,g4,tick,1000.0,0.000
870.1,g1,tick,1000.0,0.000
870.1,g2,tick,1000.0,0.000
870.1,g4,tick,1000.0,0.000
875.1,g1,tick,1000.0,0.000
875.1,g2,tick,1000.0,0.000
875.1,g4,tick,1000.0,0.000
880.1,g1,tick,1000.0,0.000
880.1,g2,tick,1000.0,0.000
880.1,g4,tick,1000.0,0.000
885.1,g1,tick,1000.0,0.000
885.1,g2,tick,1000.0,0.000
885.1,g4,tick,1000.0,0.000
890.1,g1,tick,1000.0,0.000
890.1,g2,tick,1000.0,0.000
890.1,g4,tick,1000.0,0.000
895.1,g1,tick,1000.0,0.000
895.1,g2,tick,1000.0,0.000
895.1,g4,tick,1000.0,0.000
900.1,g1,tick,1000.0,0.000
900.1,g2,tick,1000.0,0.000
900.1,g4,tick,1000.0,0.000
905.1,g1,tick,1000.0,0.000
905.1,g2,tick,1000.0,0.000
905.1,g4,tick,1000.0,0.000
910.1,g1,tick,1000.0,0.000
910.1,g2,tick,1000.0,0.000
910.1,g4,tick,1000.0,0.000
915.1,g1,tick,1000.0,0.000
915.1,g2,tick,1000.0,0.000
915.1,g4,tick,1000.0,0.000
920.1,g1,tick,1000.0,0.000
920.1,g2,tick,1000.0,0.000
920.1,g4,tick,1000.0,0.000
925.1,g1,tick,1000.0,0.000
925.1,g2,tick,1000.0,0.000
925.1,g4,tick,1000.0,0.000
930.1,g1,tick,1000.0,0.000
930.1,g2,tick,1000.0,0.000
930.1,g4,tick,1000.0,0.000
935.1,g1,tick,1000.0,0.000
935.1,g2,tick,1000.0,0.000
935.1,g4,tick,1000.0,0.000
940.1,g1,tick,1000.0,0.000
940.1,g2,tick,1000.0,0.000
940.1,g4,tick,1000.0,0.000
945.1,g1,tick,1000.0,0.000
945.1,g2,tick,1000.0,0.000
945.1,g4,tick,1000.0,0.000
950.1,g1,tick,1000.0,0.000
950.1,g2,tick,1000.0,0.000
950.1,g4,tick,1000.0,0.000
955.1,g1,tick,1000.0,0.000
955.1,g2,tick,1000.0,0.000
955.1,g4,tick,1000.0,0.000
960.1,g1,tick,1000.0,0.000
960.1,g2,tick,1000.0,0.000
960.1,g4,tick,1000.0,0.000
965.1,g1,tick,1000.0,0.000
965.1,g2,tick,1000.0,0.000
965.1,g4,tick,1000.0,0.000
970.1,g1,tick,1000.0,0.000
970.1,g2,tick,1000.0,0.000
970.1,g4,tick,1000.0,0.000
975.1,g1,tick,1000.0,0.000
975.1,g2,tick,1000.0,0.000
975.1,g4,tick,1000.0,0.000
980.1,g1,tick,1000.0,0.000
980.1,g2,tick,1000.0,0.000
980.1,g4,tick,1000.0,0.000
985.1,g1,tick,1000.0,0.000
985.1,g2,tick,1000.0,0.000
985.1,g4,tick,1000.0,0.000
990.1,g1,tick,1000.0,0.000
990.1,g2,tick,1000.0,0.000
990.1,g4,tick,1000.0,0.000
995.1,g1,tick,1000.0,0.000
995.1,g2,tick,1000.0,0.000
995.1,g4,tick,1000.0,0.000
1000.1,g1,tick,1000.0,0.000
1000.1,g2,tick,1000.0,0.000
1000.1,g4,tick,1000.0,0.000
1005.1,g1,tick,1000.0,0.000
1005.1,g2,tick,1000.0,0.000
1005.1,g4,tick,1000.0,0.000
1010.1,g1,tick,1000.0,0.000
1010.1,g2,tick,1000.0,0.000
1010.1,g4,tick,1000.0,0.000
1015.1,g1,tick,1000.0,0.000
1015.1,g2,tick,1000.0,0.000
1015.1,g4,tick,1000.0,0.000
1020.1,g1,tick,1000.0,0.000
1020.1,g2,tick,1000.0,0.000
1020.1,g4,tick,1000.0,0.000
1025.2,g1,tick,1000.0,0.000
1025.2,g2,tick,1000.0,0.000
1025.2,g4,tick,1000.0,0.000
1030.1,g1,tick,1000.0,0.000
1030.1,g2,tick,1000.0,0.000
1030.1,g4,tick,1000.0,0.000
1035.1,g1,tick,1000.0,0.000
1035.1,g2,tick,1000.0,0.000
1035.1,g4,tick,1000.0,0.000
1040.1,g1,tick,1000.0,0.000
1040.1,g2,tick,1000.0,0.000
1040.1,g4,tick,1000.0,0.000
1045.1,g1,tick,1000.0,0.000
1045.1,g2,tick,1000.0,0.000
1045.1,g4,tick,1000.0,0.000
1050.1,g1,tick,1000.0,0.000
1050.1,g2,tick,1000.0,0.000
1050.1,g4,tick,1000.0,0.000
1055.0,g1,tick,1000.0,0.000
1055.1,g2,tick,1000.0,0.000
1055.1,g4,tick,1000.0,0.000
1060.1,g1,tick,1000.0,0.000
1060.1,g2,tick,1000.0,0.000
1060.1,g4,tick,1000.0,0.000
1065.1,g1,tick,1000.0,0.000
1065.1,g2,tick,1000.0,0.000
1065.1,g4,tick,1000.0,0.000
1070.1,g1,tick,1000.0,0.000
1070.1,g2,tick,1000.0,0.000
1070.1,g4,tick,1000.0,0.000
1075.1,g1,tick,1000.0,0.000
1075.1,g2,tick,1000.0,0.000
1075.1,g4,tick,1000.0,0.000
1080.1,g1,tick,1000.0,0.000
1080.1,g2,tick,1000.0,0.000
1080.1,g4,tick,1000.0,0.000
1085.1,g1,tick,1000.0,0.000
1085.1,g2,tick,1000.0,0.000
1085.1,g4,tick,1000.0,0.000
1090.2,g1,tick,1000.0,0.000
1090.2,g2,tick,1000.0,0.000
1090.2,g4,tick,1000.0,0.000
1096.1,g1,tick,1000.0,0.000
1096.1,g2,tick,1000.0,0.000
1096.1,g4,tick,1000.0,0.000
1100.1,g1,tick,1000.0,0.000
1100.1,g2,tick,1000.0,0.000
1100.1,g4,tick,1000.0,0.000
1105.2,g1,tick,1000.0,0.000
1105.2,g2,tick,1000.0,0.000
1105.2,g4,tick,1000.0,0.000
1110.1,g1,tick,1000.0,0.000
1110.1,g2,tick,1000.0,0.000
1110.1,g4,tick,1000.0,0.000
1115.1,g1,tick,1000.0,0.000
1115.1,g2,tick,1000.0,0.000
1115.1,g4,tick,1000.0,0.000
1120.1,g1,tick,1000.0,0.000
1120.1,g2,tick,1000.0,0.000
1120.1,g4,tick,1000.0,0.000
1125.1,g1,tick,1000.0,0.000
1125.1,g2,tick,1000.0,0.000
1125.1,g4,tick,1000.0,0.000
1130.1,g1,tick,1000.0,0.000
1130.1,g2,tick,1000.0,0.000
1130.1,g4,tick,1000.0,0.000
1135.1,g1,tick,1000.0,0.000
1135.1,g2,tick,1000.0,0.000
1135.1,g4,tick,1000.0,0.000
1140.1,g1,tick,1000.0,0.000
1140.1,g2,tick,1000.0,0.000
1140.1,g4,tick,1000.0,0.000
1145.1,g1,tick,1000.0,0.000
1145.1,g2,tick,1000.0,0.000
1145.1,g4,tick,1000.0,0.000
1150.1,g1,tick,1000.0,0.000
1150.1,g2,tick,1000.0,0.000
1150.1,g4,tick,1000.0,0.000
1155.1,g1,tick,1000.0,0.000
1155.1,g2,tick,1000.0,0.000
1155.1,g4,tick,1000.0,0.000
1160.1,g1,tick,1000.0,0.000
1160.1,g2,tick,1000.0,0.000
1160.1,g4,tick,1000.0,0.000
1165.1,g1,tick,1000.0,0.000
1165.1,g2,tick,1000.0,0.000
1165.1,g4,tick,1000.0,0.000
1170.6,g1,tick,1000.0,0.000
1170.6,g2,tick,1000.0,0.000
1170.6,g4,tick,1000.0,0.000
1175.1,g1,tick,1000.0,0.000
1175.1,g2,tick,1000.0,0.000
1175.1,g4,tick,1000.0,0.000
1180.1,g1,tick,1000.0,0.000
1180.1,g2,tick,1000.0,0.000
1180.1,g4,tick,1000.0,0.000
1185.1,g1,tick,1000.0,0.000
1185.1,g2,tick,1000.0,0.000
1185.1,g4,tick,1000.0,0.000
1190.1,g1,tick,1000.0,0.000
1190.1,g2,tick,1000.0,0.000
1190.1,g4,tick,1000.0,0.000
1195.2,g1,tick,1000.0,0.000
1195.2,g2,tick,1000.0,0.000
1195.2,g4,tick,1000.0,0.000
1200.1,g1,tick,1000.0,0.000
1200.1,g2,tick,1000.0,0.000
1200.1,g4,tick,1000.0,0.000
1205.1,g1,tick,1000.0,0.000
1205.1,g2,tick,1000.0,0.000
1205.1,g4,tick,1000.0,0.000
1210.2,g1,tick,1000.0,0.000
1210.2,g2,tick,1000.0,0.000
1210.2,g4,tick,1000.0,0.000
1215.1,g1,tick,1000.0,0.000
1215.1,g2,tick,1000.0,0.000
1215.1,g4,tick,1000.0,0.000
1220.1,g1,tick,1000.0,0.000
1220.1,g2,tick,1000.0,0.000
1220.1,g4,tick,1000.0,0.000
1225.1,g1,tick,1000.0,0.000
1225.1,g2,tick,1000.0,0.000
1225.1,g4,tick,1000.0,0.000
1230.1,g1,tick,1000.0,0.000
1230.1,g2,tick,1000.0,0.000
1230.1,g4,tick,1000.0,0.000
1235.1,g1,tick,1000.0,0.000
1235.1,g2,tick,1000.0,0.000
1235.1,g4,tick,1000.0,0.000
1240.1,g1,tick,1000.0,0.000
1240.1,g2,tick,1000.0,0.000
1240.1,g4,tick,1000.0,0.000
1245.1,g1,tick,1000.0,0.000
1245.1,g2,tick,1000.0,0.000
1245.1,g4,tick,1000.0,0.000
1250.1,g1,tick,1000.0,0.000
1250.1,g2,tick,1000.0,0.000
1250.1,g4,tick,1000.0,0.000
1255.4,g1,tick,1000.0,0.000
1255.4,g2,tick,1000.0,0.000
1255.4,g4,tick,1000.0,0.000
1260.1,g1,tick,1000.0,0.000
1260.1,g2,tick,1000.0,0.000
1260.1,g4,tick,1000.0,0.000
1266.3,g1,tick,1000.0,0.000
1266.3,g2,tick,1000.0,0.000
1266.3,g4,tick,1000.0,0.000
1270.4,g1,tick,1000.0,0.000
1270.4,g2,tick,1000.0,0.000
1270.4,g4,tick,1000.0,0.000
1275.1,g1,tick,1000.0,0.000
1275.1,g2,tick,1000.0,0.000
1275.1,g4,tick,1000.0,0.000
1280.1,g1,tick,1000.0,0.000
1280.1,g2,tick,1000.0,0.000
1280.1,g4,tick,1000.0,0.000
1285.1,g1,tick,1000.0,0.000
1285.1,g2,tick,1000.0,0.000
1285.1,g4,tick,1000.0,0.000
1290.1,g1,tick,1000.0,0.000
1290.1,g2,tick,1000.0,0.000
1290.1,g4,tick,1000.0,0.000
1295.1,g1,tick,1000.0,0.000
1295.1,g2,tick,1000.0,0.000
1295.1,g4,tick,1000.0,0.000
1300.1,g1,tick,1000.0,0.000
1300.1,g2,tick,1000.0,0.000
1300.1,g4,tick,1000.0,0.000
1305.8,g1,tick,1000.0,0.000
1305.9,g2,tick,1000.0,0.000
1305.9,g4,tick,1000.0,0.000
1310.1,g1,tick,1000.0,0.000
1310.1,g2,tick,1000.0,0.000
1310.1,g4,tick,1000.0,0.000
1315.1,g1,tick,1000.0,0.000
1315.1,g2,tick,1000.0,0.000
1315.1,g4,tick,1000.0,0.000
1320.1,g1,tick,1000.0,0.000
1320.1,g2,tick,1000.0,0.000
1320.1,g4,tick,1000.0,0.000
1326.0,g1,tick,1000.0,0.000
1326.0,g2,tick,1000.0,0.000
1326.0,g4,tick,1000.0,0.000
1330.1,g1,tick,1000.0,0.000
1330.1,g2,tick,1000.0,0.000
1330.1,g4,tick,1000.0,0.000
1335.1,g1,tick,1000.0,0.000
1335.1,g2,tick,1000.0,0.000
1335.1,g4,tick,1000.0,0.000
1340.1,g1,tick,1000.0,0.000
1340.1,g2,tick,1000.0,0.000
1340.1,g4,tick,1000.0,0.000
1345.1,g1,tick,1000.0,0.000
1345.1,g2,tick,1000.0,0.000
1345.1,g4,tick,1000.0,0.000
1350.1,g1,tick,1000.0,0.000
1350.1,g2,tick,1000.0,0.000
1350.1,g4,tick,1000.0,0.000
1355.1,g1,tick,1000.0,0.000
1355.1,g2,tick,1000.0,0.000
1355.1,g4,tick,1000.0,0.000
1360.4,g1,tick,1000.0,0.000
1360.5,g2,tick,1000.0,0.000
1360.5,g4,tick,1000.0,0.000
1365.4,g1,tick,1000.0,0.000
1365.4,g2,tick,1000.0,0.000
1365.4,g4,tick,1000.0,0.000
1370.1,g1,tick,1000.0,0.000
1370.1,g2,tick,1000.0,0.000
1370.1,g4,tick,1000.0,0.000
1375.1,g1,tick,1000.0,0.000
1375.1,g2,tick,1000.0,0.000
1375.1,g4,tick,1000.0,0.000
1380.1,g1,tick,1000.0,0.000
1380.1,g2,tick,1000.0,0.000
1380.1,g4,tick,1000.0,0.000
1385.7,g1,tick,1000.0,0.000
1385.7,g2,tick,1000.0,0.000
1385.7,g4,tick,1000.0,0.000
1390.1,g1,tick,1000.0,0.000
1390.1,g2,tick,1000.0,0.000
1390.1,g4,tick,1000.0,0.000
1395.1,g1,tick,1000.0,0.000
1395.1,g2,tick,1000.0,0.000
1395.1,g4,tick,1000.0,0.000
1400.1,g1,tick,1000.0,0.000
1400.1,g2,tick,1000.0,0.000
1400.1,g4,tick,1000.0,0.000
1405.1,g1,tick,1000.0,0.000
1405.1,g2,tick,1000.0,0.000
1405.1,g4,tick,1000.0,0.000
1410.1,g1,tick,1000.0,0.000
1410.1,g2,tick,1000.0,0.000
1410.1,g4,tick,1000.0,0.000
1415.1,g1,tick,1000.0,0.000
1415.1,g2,tick,1000.0,0.000
1415.1,g4,tick,1000.0,0.000
1420.1,g1,tick,1000.0,0.000
1420.1,g2,tick,1000.0,0.000
1420.1,g4,tick,1000.0,0.000
1425.8,g1,tick,1000.0,0.000
1425.8,g2,tick,1000.0,0.000
1425.8,g4,tick,1000.0,0.000
1430.4,g1,tick,1000.0,0.000
1430.4,g2,tick,1000.0,0.000
1430.4,g4,tick,1000.0,0.000
1435.1,g1,tick,1000.0,0.000
1435.1,g2,tick,1000.0,0.000
1435.1,g4,tick,1000.0,0.000
1440.1,g1,tick,1000.0,0.000
1440.1,g2,tick,1000.0,0.000
1440.1,g4,tick,1000.0,0.000
1446.0,g1,tick,1000.0,0.000
1446.0,g2,tick,1000.0,0.000
1446.0,g4,tick,1000.0,0.000
1450.1,g1,tick,1000.0,0.000
1450.1,g2,tick,1000.0,0.000
1450.1,g4,tick,1000.0,0.000
1455.1,g1,tick,1000.0,0.000
1455.1,g2,tick,1000.0,0.000
1455.1,g4,tick,1000.0,0.000
1460.1,g1,tick,1000.0,0.000
1460.1,g2,tick,1000.0,0.000
1460.1,g4,tick,1000.0,0.000
1465.1,g1,tick,1000.0,0.000
1465.1,g2,tick,1000.0,0.000
1465.1,g4,tick,1000.0,0.000
1470.1,g1,tick,1000.0,0.000
1470.1,g2,tick,1000.0,0.000
1470.1,g4,tick,1000.0,0.000
1475.1,g1,tick,1000.0,0.000
1475.1,g2,tick,1000.0,0.000
1475.1,g4,tick,1000.0,0.000
1480.1,g1,tick,1000.0,0.000
1480.1,g2,tick,1000.0,0.000
1480.1,g4,tick,1000.0,0.000
1485.1,g1,tick,1000.0,0.000
1485.1,g2,tick,1000.0,0.000
1485.1,g4,tick,1000.0,0.000
1490.1,g1,tick,1000.0,0.000
1490.1,g2,tick,1000.0,0.000
1490.1,g4,tick,1000.0,0.000
1495.1,g1,tick,1000.0,0.000
1495.1,g2,tick,1000.0,0.000
1495.1,g4,tick,1000.0,0.000
1500.1,g1,tick,1000.0,0.000
1500.1,g2,tick,1000.0,0.000
1500.1,g4,tick,1000.0,0.000
1505.1,g1,tick,1000.0,0.000
1505.1,g2,tick,1000.0,0.000
1505.1,g4,tick,1000.0,0.000
1510.1,g1,tick,1000.0,0.000
1510.1,g2,tick,1000.0,0.000
1510.1,g4,tick,1000.0,0.000
1515.1,g1,tick,1000.0,0.000
1515.1,g2,tick,1000.0,0.000
1515.1,g4,tick,1000.0,0.000
1520.1,g1,tick,1000.0,0.000
1520.1,g2,tick,1000.0,0.000
1520.1,g4,tick,1000.0,0.000
1525.2,g1,tick,1000.0,0.000
1525.2,g2,tick,1000.0,0.000
1525.2,g4,tick,1000.0,0.000
1530.1,g1,tick,1000.0,0.000
1530.1,g2,tick,1000.0,0.000
1530.1,g4,tick,1000.0,0.000
1535.1,g1,tick,1000.0,0.000
1535.1,g2,tick,1000.0,0.000
1535.1,g4,tick,1000.0,0.000
1540.1,g1,tick,1000.0,0.000
1540.1,g2,tick,1000.0,0.000
1540.1,g4,tick,1000.0,0.000
1545.1,g1,tick,1000.0,0.000
1545.1,g2,tick,1000.0,0.000
1545.1,g4,tick,1000.0,0.000
1550.1,g1,tick,1000.0,0.000
1550.1,g2,tick,1000.0,0.000
1550.1,g4,tick,1000.0,0.000
1555.1,g1,tick,1000.0,0.000
1555.1,g2,tick,1000.0,0.000
1555.1,g4,tick,1000.0,0.000
1560.6,g1,tick,1000.0,0.000
1560.6,g2,tick,1000.0,0.000
1560.6,g4,tick,1000.0,0.000
1565.1,g1,tick,1000.0,0.000
1565.1,g2,tick,1000.0,0.000
1565.1,g4,tick,1000.0,0.000
1570.1,g1,tick,1000.0,0.000
1570.1,g2,tick,1000.0,0.000
1570.1,g4,tick,1000.0,0.000
1575.1,g1,tick,1000.0,0.000
1575.1,g2,tick,1000.0,0.000
1575.1,g4,tick,1000.0,0.000
1580.1,g1,tick,1000.0,0.000
1580.1,g2,tick,1000.0,0.000
1580.1,g4,tick,1000.0,0.000
1585.4,g1,tick,1000.0,0.000
1585.4,g2,tick,1000.0,0.000
1585.4,g4,tick,1000.0,0.000
1590.1,g1,tick,1000.0,0.000
1590.1,g2,tick,1000.0,0.000
1590.1,g4,tick,1000.0,0.000
1595.1,g1,tick,1000.0,0.000
1595.1,g2,tick,1000.0,0.000
1595.1,g4,tick,1000.0,0.000
1600.1,g1,tick,1000.0,0.000
1600.1,g2,tick,1000.0,0.000
1600.1,g4,tick,1000.0,0.000
1605.1,g1,tick,1000.0,0.000
1605.1,g2,tick,1000.0,0.000
1605.1,g4,tick,1000.0,0.000
1610.1,g1,tick,1000.0,0.000
1610.1,g2,tick,1000.0,0.000
1610.1,g4,tick,1000.0,0.000
1615.1,g1,tick,1000.0,0.000
1615.1,g2,tick,1000.0,0.000
1615.1,g4,tick,1000.0,0.000
1620.1,g1,tick,1000.0,0.000
1620.1,g2,tick,1000.0,0.000
1620.1,g4,tick,1000.0,0.000
1625.1,g1,tick,1000.0,0.000
1625.1,g2,tick,1000.0,0.000
1625.1,g4,tick,1000.0,0.000
1630.1,g1,tick,1000.0,0.000
1630.1,g2,tick,1000.0,0.000
1630.1,g4,tick,1000.0,0.000
1635.1,g1,tick,1000.0,0.000
1635.1,g2,tick,1000.0,0.000
1635.1,g4,tick,1000.0,0.000
1640.1,g1,tick,1000.0,0.000
1640.1,g2,tick,1000.0,0.000
1640.1,g4,tick,1000.0,0.000
1646.1,g1,tick,1000.0,0.000
1646.1,g2,tick,1000.0,0.000
1646.1,g4,tick,1000.0,0.000
1650.1,g1,tick,1000.0,0.000
1650.1,g2,tick,1000.0,0.000
1650.1,g4,tick,1000.0,0.000
1655.1,g1,tick,1000.0,0.000
1655.1,g2,tick,1000.0,0.000
1655.1,g4,tick,1000.0,0.000
1660.3,g1,tick,1000.0,0.000
1660.3,g2,tick,1000.0,0.000
1660.3,g4,tick,1000.0,0.000
1665.1,g1,tick,1000.0,0.000
1665.1,g2,tick,1000.0,0.000
1665.1,g4,tick,1000.0,0.000
1670.1,g1,tick,1000.0,0.000
1670.1,g2,tick,1000.0,0.000
1670.1,g4,tick,1000.0,0.000
1675.1,g1,tick,1000.0,0.000
1675.1,g2,tick,1000.0,0.000
1675.1,g4,tick,1000.0,0.000
1680.4,g1,tick,1000.0,0.000
1680.4,g2,tick,1000.0,0.000
1680.4,g4,tick,1000.0,0.000
1685.1,g1,tick,1000.0,0.000
1685.1,g2,tick,1000.0,0.000
1685.1,g4,tick,1000.0,0.000
1690.1,g1,tick,1000.0,0.000
1690.1,g2,tick,1000.0,0.000
1690.1,g4,tick,1000.0,0.000
1695.1,g1,tick,1000.0,0.000
1695.1,g2,tick,1000.0,0.000
1695.1,g4,tick,1000.0,0.000
1700.1,g1,tick,1000.0,0.000
1700.1,g2,tick,1000.0,0.000
1700.1,g4,tick,1000.0,0.000
1705.5,g1,tick,1000.0,0.000
1705.5,g2,tick,1000.0,0.000
1705.5,g4,tick,1000.0,0.000
1710.1,g1,tick,1000.0,0.000
1710.1,g2,tick,1000.0,0.000
1710.1,g4,tick,1000.0,0.000
1715.2,g1,tick,1000.0,0.000
1715.2,g2,tick,1000.0,0.000
1715.2,g4,tick,1000.0,0.000
1720.1,g1,tick,1000.0,0.000
1720.1,g2,tick,1000.0,0.000
1720.1,g4,tick,1000.0,0.000
1725.1,g1,tick,1000.0,0.000
1725.1,g2,tick,1000.0,0.000
1725.1,g4,tick,1000.0,0.000
1730.1,g1,tick,1000.0,0.000
1730.1,g2,tick,1000.0,0.000
1730.1,g4,tick,1000.0,0.000
1735.1,g1,tick,1000.0,0.000
1735.1,g2,tick,1000.0,0.000
1735.1,g4,tick,1000.0,0.000
1740.1,g1,tick,1000.0,0.000
1740.1,g2,tick,1000.0,0.000
1740.1,g4,tick,1000.0,0.000
1745.1,g1,tick,1000.0,0.000
1745.1,g2,tick,1000.0,0.000
1745.1,g4,tick,1000.0,0.000
1750.1,g1,tick,1000.0,0.000
1750.1,g2,tick,1000.0,0.000
1750.1,g4,tick,1000.0,0.000
1755.1,g1,tick,1000.0,0.000
1755.1,g2,tick,1000.0,0.000
1755.1,g4,tick,1000.0,0.000
1760.1,g1,tick,1000.0,0.000
1760.1,g2,tick,1000.0,0.000
1760.1,g4,tick,1000.0,0.000
1765.1,g1,tick,1000.0,0.000
1765.1,g2,tick,1000.0,0.000
1765.1,g4,tick,1000.0,0.000
1770.1,g1,tick,1000.0,0.000
1770.1,g2,tick,1000.0,0.000
1770.1,g4,tick,1000.0,0.000
1775.1,g1,tick,1000.0,0.000
1775.1,g2,tick,1000.0,0.000
1775.1,g4,tick,1000.0,0.000
1780.3,g1,tick,1000.0,0.000
1780.3,g2,tick,1000.0,0.000
1780.3,g4,tick,1000.0,0.000
1785.1,g1,tick,1000.0,0.000
1785.1,g2,tick,1000.0,0.000
1785.1,g4,tick,1000.0,0.000
1790.1,g1,tick,1000.0,0.000
1790.1,g2,tick,1000.0,0.000
1790.1,g4,tick,1000.0,0.000
1795.1,g1,tick,1000.0,0.000
1795.1,g2,tick,1000.0,0.000
1795.1,g4,tick,1000.0,0.000
1800.4,g1,tick,1000.0,0.000
1800.5,g2,tick,1000.0,0.000
1800.5,g4,tick,1000.0,0.000
1805.1,g1,tick,1000.0,0.000
1805.1,g2,tick,1000.0,0.000
1805.1,g4,tick,1000.0,0.000
1810.1,g1,tick,1000.0,0.000
1810.1,g2,tick,1000.0,0.000
1810.1,g4,tick,1000.0,0.000
1815.1,g1,tick,1000.0,0.000
1815.1,g2,tick,1000.0,0.000
1815.1,g4,tick,1000.0,0.000
1820.1,g1,tick,1000.0,0.000
1820.1,g2,tick,1000.0,0.000
1820.1,g4,tick,1000.0,0.000
1825.1,g1,tick,1000.0,0.000
1825.1,g2,tick,1000.0,0.000
1825.1,g4,tick,1000.0,0.000
1830.1,g1,tick,1000.0,0.000
1830.1,g2,tick,1000.0,0.000
1830.1,g4,tick,1000.0,0.000
1835.1,g1,tick,1000.0,0.000
1835.1,g2,tick,1000.0,0.000
1835.1,g4,tick,1000.0,0.000
1840.1,g1,tick,1000.0,0.000
1840.1,g2,tick,1000.0,0.000
1840.1,g4,tick,1000.0,0.000
1845.1,g1,tick,1000.0,0.000
1845.1,g2,tick,1000.0,0.000
1845.1,g4,tick,1000.0,0.000
1850.1,g1,tick,1000.0,0.000
1850.1,g2,tick,1000.0,0.000
1850.1,g4,tick,1000.0,0.000
1855.1,g1,tick,1000.0,0.000
1855.1,g2,tick,1000.0,0.000
1855.1,g4,tick,1000.0,0.000
1860.1,g1,tick,1000.0,0.000
1860.1,g2,tick,1000.0,0.000
1860.1,g4,tick,1000.0,0.000
1865.1,g1,tick,1000.0,0.000
1865.1,g2,tick,1000.0,0.000
1865.1,g4,tick,1000.0,0.000
1870.1,g1,tick,1000.0,0.000
1870.1,g2,tick,1000.0,0.000
1870.1,g4,tick,1000.0,0.000
1875.1,g1,tick,1000.0,0.000
1875.1,g2,tick,1000.0,0.000
1875.1,g4,tick,1000.0,0.000
1880.1,g1,tick,1000.0,0.000
1880.1,g2,tick,1000.0,0.000
1880.1,g4,tick,1000.0,0.000
1885.1,g1,tick,1000.0,0.000
1885.1,g2,tick,1000.0,0.000
1885.1,g4,tick,1000.0,0.000
1890.1,g1,tick,1000.0,0.000
1890.1,g2,tick,1000.0,0.000
1890.1,g4,tick,1000.0,0.000
1895.1,g1,tick,1000.0,0.000
1895.1,g2,tick,1000.0,0.000
1895.1,g4,tick,1000.0,0.000
1900.1,g1,tick,1000.0,0.000
1900.1,g2,tick,1000.0,0.000
1900.1,g4,tick,1000.0,0.000
1905.6,g1,tick,1000.0,0.000
1905.6,g2,tick,1000.0,0.000
1905.6,g4,tick,1000.0,0.000
1910.1,g1,tick,1000.0,0.000
1910.2,g2,tick,1000.0,0.000
1910.2,g4,tick,1000.0,0.000
1915.1,g1,tick,1000.0,0.000
1915.1,g2,tick,1000.0,0.000
1915.1,g4,tick,1000.0,0.000
1920.1,g1,tick,1000.0,0.000
1920.1,g2,tick,1000.0,0.000
1920.1,g4,tick,1000.0,0.000
1925.1,g1,tick,1000.0,0.000
1925.1,g2,tick,1000.0,0.000
1925.1,g4,tick,1000.0,0.000
1930.1,g1,tick,1000.0,0.000
1930.1,g2,tick,1000.0,0.000
1930.1,g4,tick,1000.0,0.000
1935.1,g1,tick,1000.0,0.000
1935.1,g2,tick,1000.0,0.000
1935.1,g4,tick,1000.0,0.000
1940.1,g1,tick,1000.0,0.000
1940.1,g2,tick,1000.0,0.000
1940.1,g4,tick,1000.0,0.000
1945.1,g1,tick,1000.0,0.000
1945.1,g2,tick,1000.0,0.000
1945.1,g4,tick,1000.0,0.000
1950.1,g1,tick,1000.0,0.000
1950.1,g2,tick,1000.0,0.000
1950.1,g4,tick,1000.0,0.000
1955.1,g1,tick,1000.0,0.000
1955.1,g2,tick,1000.0,0.000
1955.1,g4,tick,1000.0,0.000
1960.1,g1,tick,1000.0,0.000
1960.1,g2,tick,1000.0,0.000
1960.1,g4,tick,1000.0,0.000
1965.1,g1,tick,1000.0,0.000
1965.1,g2,tick,1000.0,0.000
1965.1,g4,tick,1000.0,0.000
1970.1,g1,tick,1000.0,0.000
1970.1,g2,tick,1000.0,0.000
1970.1,g4,tick,1000.0,0.000
1975.5,g1,tick,1000.0,0.000
1975.5,g2,tick,1000.0,0.000
1975.5,g4,tick,1000.0,0.000
1980.1,g1,tick,1000.0,0.000
1980.1,g2,tick,1000.0,0.000
1980.1,g4,tick,1000.0,0.000
1985.1,g1,tick,1000.0,0.000
1985.1,g2,tick,1000.0,0.000
1985.1,g4,tick,1000.0,0.000
1990.1,g1,tick,1000.0,0.000
1990.1,g2,tick,1000.0,0.000
1990.1,g4,tick,1000.0,0.000
1995.1,g1,tick,1000.0,0.000
1995.1,g2,tick,1000.0,0.000
1995.1,g4,tick,1000.0,0.000
2000.1,g1,tick,1000.0,0.000
2000.1,g2,tick,1000.0,0.000
2000.1,g4,tick,1000.0,0.000
2005.6,g1,tick,1000.0,0.000
2005.6,g2,tick,1000.0,0.000
2005.6,g4,tick,1000.0,0.000
2010.1,g1,tick,1000.0,0.000
2010.1,g2,tick,1000.0,0.000
2010.1,g4,tick,1000.0,0.000
2015.1,g1,tick,1000.0,0.000
2015.1,g2,tick,1000.0,0.000
2015.1,g4,tick,1000.0,0.000
2020.6,g1,tick,1000.0,0.000
2020.6,g2,tick,1000.0,0.000
2020.6,g4,tick,1000.0,0.000
2025.1,g1,tick,1000.0,0.000
2025.1,g2,tick,1000.0,0.000
2025.1,g4,tick,1000.0,0.000
2031.0,g1,tick,1000.0,0.000
2031.0,g2,tick,1000.0,0.000
2031.0,g4,tick,1000.0,0.000
2035.1,g1,tick,1000.0,0.000
2035.1,g2,tick,1000.0,0.000
2035.1,g4,tick,1000.0,0.000
2040.1,g1,tick,1000.0,0.000
2040.1,g2,tick,1000.0,0.000
2040.1,g4,tick,1000.0,0.000
2045.1,g1,tick,1000.0,0.000
2045.1,g2,tick,1000.0,0.000
2045.1,g4,tick,1000.0,0.000
2050.3,g1,tick,1000.0,0.000
2050.3,g2,tick,1000.0,0.000
2050.3,g4,tick,1000.0,0.000
2055.1,g1,tick,1000.0,0.000
2055.1,g2,tick,1000.0,0.000
2055.1,g4,tick,1000.0,0.000
2060.1,g1,tick,1000.0,0.000
2060.1,g2,tick,1000.0,0.000
2060.1,g4,tick,1000.0,0.000
2065.2,g1,tick,1000.0,0.000
2065.2,g2,tick,1000.0,0.000
2065.2,g4,tick,1000.0,0.000
2071.0,g1,tick,1000.0,0.000
2071.0,g2,tick,1000.0,0.000
2071.0,g4,tick,1000.0,0.000
2075.1,g1,tick,1000.0,0.000
2075.1,g2,tick,1000.0,0.000
2075.1,g4,tick,1000.0,0.000
2080.9,g1,tick,1000.0,0.000
2080.9,g2,tick,1000.0,0.000
2080.9,g4,tick,1000.0,0.000
2085.1,g1,tick,1000.0,0.000
2085.1,g2,tick,1000.0,0.000
2085.1,g4,tick,1000.0,0.000
2090.2,g1,tick,1000.0,0.000
2090.2,g2,tick,1000.0,0.000
2090.2,g4,tick,1000.0,0.000
2095.3,g1,tick,1000.0,0.000
2095.4,g2,tick,1000.0,0.000
2095.4,g4,tick,1000.0,0.000
2100.1,g1,tick,1000.0,0.000
2100.1,g2,tick,1000.0,0.000
2100.1,g4,tick,1000.0,0.000
2105.5,g1,tick,1000.0,0.000
2105.5,g2,tick,1000.0,0.000
2105.5,g4,tick,1000.0,0.000
2110.1,g1,tick,1000.0,0.000
2110.1,g2,tick,1000.0,0.000
2110.1,g4,tick,1000.0,0.000
2115.1,g1,tick,1000.0,0.000
2115.1,g2,tick,1000.0,0.000
2115.1,g4,tick,1000.0,0.000
2120.1,g1,tick,1000.0,0.000
2120.1,g2,tick,1000.0,0.000
2120.1,g4,tick,1000.0,0.000
2125.1,g1,tick,1000.0,0.000
2125.1,g2,tick,1000.0,0.000
2125.1,g4,tick,1000.0,0.000
2130.1,g1,tick,1000.0,0.000
2130.1,g2,tick,1000.0,0.000
2130.1,g4,tick,1000.0,0.000
2136.0,g1,tick,1000.0,0.000
2136.0,g2,tick,1000.0,0.000
2136.0,g4,tick,1000.0,0.000
2140.1,g1,tick,1000.0,0.000
2140.1,g2,tick,1000.0,0.000
2140.1,g4,tick,1000.0,0.000
2145.1,g1,tick,1000.0,0.000
2145.1,g2,tick,1000.0,0.000
2145.1,g4,tick,1000.0,0.000
2150.1,g1,tick,1000.0,0.000
2150.1,g2,tick,1000.0,0.000
2150.1,g4,tick,1000.0,0.000
2155.1,g1,tick,1000.0,0.000
2155.1,g2,tick,1000.0,0.000
2155.1,g4,tick,1000.0,0.000
2160.1,g1,tick,1000.0,0.000
2160.3,g2,tick,1000.0,0.000
2160.3,g4,tick,1000.0,0.000
2165.1,g1,tick,1000.0,0.000
2165.1,g2,tick,1000.0,0.000
2165.1,g4,tick,1000.0,0.000
2170.1,g1,tick,1000.0,0.000
2170.1,g2,tick,1000.0,0.000
2170.1,g4,tick,1000.0,0.000
2175.4,g1,tick,1000.0,0.000
2175.4,g2,tick,1000.0,0.000
2175.4,g4,tick,1000.0,0.000
2180.8,g1,tick,1000.0,0.000
2180.8,g2,tick,1000.0,0.000
2180.8,g4,tick,1000.0,0.000
2185.1,g1,tick,1000.0,0.000
2185.1,g2,tick,1000.0,0.000
2185.1,g4,tick,1000.0,0.000
2191.7,g1,tick,1000.0,0.000
2191.7,g2,tick,1000.0,0.000
2191.7,g4,tick,1000.0,0.000
2195.6,g1,tick,1000.0,0.000
2195.6,g2,tick,1000.0,0.000
2195.6,g4,tick,1000.0,0.000
2200.1,g1,tick,1000.0,0.000
2200.1,g2,tick,1000.0,0.000
2200.1,g4,tick,1000.0,0.000
2206.1,g1,tick,1000.0,0.000
2206.1,g2,tick,1000.0,0.000
2206.1,g4,tick,1000.0,0.000
2210.3,g1,tick,1000.0,0.000
2210.3,g2,tick,1000.0,0.000
2210.3,g4,tick,1000.0,0.000
2216.2,g1,tick,1000.0,0.000
2216.2,g2,tick,1000.0,0.000
2216.5,g4,tick,1000.0,0.000
2220.1,g1,tick,1000.0,0.000
2220.1,g2,tick,1000.0,0.000
2220.1,g4,tick,1000.0,0.000
2225.8,g1,tick,1000.0,0.000
2225.8,g2,tick,1000.0,0.000
2225.8,g4,tick,1000.0,0.000
2230.1,g1,tick,1000.0,0.000
2230.1,g2,tick,1000.0,0.000
2230.1,g4,tick,1000.0,0.000
2235.1,g1,tick,1000.0,0.000
2235.1,g2,tick,1000.0,0.000
2235.1,g4,tick,1000.0,0.000
2240.3,g1,tick,1000.0,0.000
2240.3,g2,tick,1000.0,0.000
2240.3,g4,tick,1000.0,0.000
2245.9,g1,tick,1000.0,0.000
2245.9,g2,tick,1000.0,0.000
2245.9,g4,tick,1000.0,0.000
2250.1,g1,tick,1000.0,0.000
2250.1,g2,tick,1000.0,0.000
2250.1,g4,tick,1000.0,0.000
2255.0,g1,tick,1000.0,0.000
2255.1,g2,tick,1000.0,0.000
2255.1,g4,tick,1000.0,0.000
2260.1,g1,tick,1000.0,0.000
2260.1,g2,tick,1000.0,0.000
2260.1,g4,tick,1000.0,0.000
2265.1,g1,tick,1000.0,0.000
2265.1,g2,tick,1000.0,0.000
2265.1,g4,tick,1000.0,0.000
2270.7,g1,tick,1000.0,0.000
2270.7,g2,tick,1000.0,0.000
2270.7,g4,tick,1000.0,0.000
2275.1,g1,tick,1000.0,0.000
2275.1,g2,tick,1000.0,0.000
2275.1,g4,tick,1000.0,0.000
2280.1,g1,tick,1000.0,0.000
2280.1,g2,tick,1000.0,0.000
2280.1,g4,tick,1000.0,0.000
2285.4,g1,tick,1000.0,0.000
2285.4,g2,tick,1000.0,0.000
2285.4,g4,tick,1000.0,0.000
2290.1,g1,tick,1000.0,0.000
2290.1,g2,tick,1000.0,0.000
2290.1,g4,tick,1000.0,0.000
2295.1,g1,tick,1000.0,0.000
2295.1,g2,tick,1000.0,0.000
2295.1,g4,tick,1000.0,0.000
2300.1,g1,tick,1000.0,0.000
2300.1,g2,tick,1000.0,0.000
2300.1,g4,tick,1000.0,0.000
2305.6,g1,tick,1000.0,0.000
2305.6,g2,tick,1000.0,0.000
2305.6,g4,tick,1000.0,0.000
2310.1,g1,tick,1000.0,0.000
2310.1,g2,tick,1000.0,0.000
2310.1,g4,tick,1000.0,0.000
2315.1,g1,tick,1000.0,0.000
2315.1,g2,tick,1000.0,0.000
2315.1,g4,tick,1000.0,0.000
2320.5,g1,tick,1000.0,0.000
2320.5,g2,tick,1000.0,0.000
2320.5,g4,tick,1000.0,0.000
2325.7,g1,tick,1000.0,0.000
2325.7,g2,tick,1000.0,0.000
2325.7,g4,tick,1000.0,0.000
2330.1,g1,tick,1000.0,0.000
2330.1,g2,tick,1000.0,0.000
2330.1,g4,tick,1000.0,0.000
2335.1,g1,tick,1000.0,0.000
2335.1,g2,tick,1000.0,0.000
2335.1,g4,tick,1000.0,0.000
2340.1,g1,tick,1000.0,0.000
2340.1,g2,tick,1000.0,0.000
2340.1,g4,tick,1000.0,0.000
2345.1,g1,tick,1000.0,0.000
2345.1,g2,tick,1000.0,0.000
2345.1,g4,tick,1000.0,0.000
2350.1,g1,tick,1000.0,0.000
2350.1,g2,tick,1000.0,0.000
2350.1,g4,tick,1000.0,0.000
2355.7,g1,tick,1000.0,0.000
2355.7,g2,tick,1000.0,0.000
2355.7,g4,tick,1000.0,0.000
2360.1,g1,tick,1000.0,0.000
2360.1,g2,tick,1000.0,0.000
2360.1,g4,tick,1000.0,0.000
2365.1,g1,tick,1000.0,0.000
2365.1,g2,tick,1000.0,0.000
2365.1,g4,tick,1000.0,0.000
2370.1,g1,tick,1000.0,0.000
2370.1,g2,tick,1000.0,0.000
2370.1,g4,tick,1000.0,0.000
2375.1,g1,tick,1000.0,0.000
2375.1,g2,tick,1000.0,0.000
2375.1,g4,tick,1000.0,0.000
2380.8,g1,tick,1000.0,0.000
2380.8,g2,tick,1000.0,0.000
2380.8,g4,tick,1000.0,0.000
2385.1,g1,tick,1000.0,0.000
2385.1,g2,tick,1000.0,0.000
2385.1,g4,tick,1000.0,0.000
2390.1,g1,tick,1000.0,0.000
2390.1,g2,tick,1000.0,0.000
2390.1,g4,tick,1000.0,0.000
2395.1,g1,tick,1000.0,0.000
2395.1,g2,tick,1000.0,0.000
2395.1,g4,tick,1000.0,0.000
2400.1,g1,tick,1000.0,0.000
2400.1,g2,tick,1000.0,0.000
2400.1,g4,tick,1000.0,0.000
2405.6,g1,tick,1000.0,0.000
2405.6,g2,tick,1000.0,0.000
2405.6,g4,tick,1000.0,0.000
2410.1,g1,tick,1000.0,0.000
2410.1,g2,tick,1000.0,0.000
2410.1,g4,tick,1000.0,0.000
2415.1,g1,tick,1000.0,0.000
2415.1,g2,tick,1000.0,0.000
2415.1,g4,tick,1000.0,0.000
2420.1,g1,tick,1000.0,0.000
2420.1,g2,tick,1000.0,0.000
2420.1,g4,tick,1000.0,0.000
2425.1,g1,tick,1000.0,0.000
2425.1,g2,tick,1000.0,0.000
2425.1,g4,tick,1000.0,0.000
2430.6,g1,tick,1000.0,0.000
2430.6,g2,tick,1000.0,0.000
2430.6,g4,tick,1000.0,0.000
2435.1,g1,tick,1000.0,0.000
2435.1,g2,tick,1000.0,0.000
2435.1,g4,tick,1000.0,0.000
2440.1,g1,tick,1000.0,0.000
2440.1,g2,tick,1000.0,0.000
2440.1,g4,tick,1000.0,0.000
2445.2,g1,tick,1000.0,0.000
2445.2,g2,tick,1000.0,0.000
2445.2,g4,tick,1000.0,0.000
2450.1,g1,tick,1000.0,0.000
2450.1,g2,tick,1000.0,0.000
2450.1,g4,tick,1000.0,0.000
2455.1,g1,tick,1000.0,0.000
2455.1,g2,tick,1000.0,0.000
2455.1,g4,tick,1000.0,0.000
2460.1,g1,tick,1000.0,0.000
2460.1,g2,tick,1000.0,0.000
2460.1,g4,tick,1000.0,0.000
2465.1,g1,tick,1000.0,0.000
2465.1,g2,tick,1000.0,0.000
2465.1,g4,tick,1000.0,0.000
2470.1,g1,tick,1000.0,0.000
2470.1,g2,tick,1000.0,0.000
2470.1,g4,tick,1000.0,0.000
2475.1,g1,tick,1000.0,0.000
2475.1,g2,tick,1000.0,0.000
2475.1,g4,tick,1000.0,0.000
2480.3,g1,tick,1000.0,0.000
2480.3,g2,tick,1000.0,0.000
2480.3,g4,tick,1000.0,0.000
2485.1,g1,tick,1000.0,0.000
2485.1,g2,tick,1000.0,0.000
2485.1,g4,tick,1000.0,0.000
2490.2,g1,tick,1000.0,0.000
2490.2,g2,tick,1000.0,0.000
2490.2,g4,tick,1000.0,0.000
2495.1,g1,tick,1000.0,0.000
2495.1,g2,tick,1000.0,0.000
2495.1,g4,tick,1000.0,0.000
2501.1,g1,tick,1000.0,0.000
2501.1,g2,tick,1000.0,0.000
2501.1,g4,tick,1000.0,0.000
2505.1,g1,tick,1000.0,0.000
2505.1,g2,tick,1000.0,0.000
2505.1,g4,tick,1000.0,0.000
2511.7,g1,tick,1000.0,0.000
2511.7,g2,tick,1000.0,0.000
2511.7,g4,tick,1000.0,0.000
2515.1,g1,tick,1000.0,0.000
2515.1,g2,tick,1000.0,0.000
2515.1,g4,tick,1000.0,0.000
2520.1,g1,tick,1000.0,0.000
2520.1,g2,tick,1000.0,0.000
2520.1,g4,tick,1000.0,0.000
2525.1,g1,tick,1000.0,0.000
2525.1,g2,tick,1000.0,0.000
2525.1,g4,tick,1000.0,0.000
2530.1,g1,tick,1000.0,0.000
2530.1,g2,tick,1000.0,0.000
2530.1,g4,tick,1000.0,0.000
2535.1,g1,tick,1000.0,0.000
2535.1,g2,tick,1000.0,0.000
2535.1,g4,tick,1000.0,0.000
2540.4,g1,tick,1000.0,0.000
2540.4,g2,tick,1000.0,0.000
2540.5,g4,tick,1000.0,0.000
2545.1,g1,tick,1000.0,0.000
2545.1,g2,tick,1000.0,0.000
2545.1,g4,tick,1000.0,0.000
2550.1,g1,tick,1000.0,0.000
2550.1,g2,tick,1000.0,0.000
2550.1,g4,tick,1000.0,0.000
2555.1,g1,tick,1000.0,0.000
2555.1,g2,tick,1000.0,0.000
2555.1,g4,tick,1000.0,0.000
2560.1,g1,tick,1000.0,0.000
2560.1,g2,tick,1000.0,0.000
2560.1,g4,tick,1000.0,0.000
2565.1,g1,tick,1000.0,0.000
2565.1,g2,tick,1000.0,0.000
2565.1,g4,tick,1000.0,0.000
2572.2,g1,tick,1000.0,0.000
2572.2,g2,tick,1000.0,0.000
2572.2,g4,tick,1000.0,0.000
2575.1,g1,tick,1000.0,0.000
2575.1,g2,tick,1000.0,0.000
2575.1,g4,tick,1000.0,0.000
2580.1,g1,tick,1000.0,0.000
2580.1,g2,tick,1000.0,0.000
2580.1,g4,tick,1000.0,0.000
2585.8,g1,tick,1000.0,0.000
2585.8,g2,tick,1000.0,0.000
2585.8,g4,tick,1000.0,0.000
2590.1,g1,tick,1000.0,0.000
2590.1,g2,tick,1000.0,0.000
2590.1,g4,tick,1000.0,0.000
2595.1,g1,tick,1000.0,0.000
2595.1,g2,tick,1000.0,0.000
2595.1,g4,tick,1000.0,0.000
2600.5,g1,tick,1000.0,0.000
2600.5,g2,tick,1000.0,0.000
2600.5,g4,tick,1000.0,0.000
2605.1,g1,tick,1000.0,0.000
2605.1,g2,tick,1000.0,0.000
2605.1,g4,tick,1000.0,0.000
2610.1,g1,tick,1000.0,0.000
2610.1,g2,tick,1000.0,0.000
2610.1,g4,tick,1000.0,0.000
2615.1,g1,tick,1000.0,0.000
2615.1,g2,tick,1000.0,0.000
2615.1,g4,tick,1000.0,0.000
2620.1,g1,tick,1000.0,0.000
2620.1,g2,tick,1000.0,0.000
2620.1,g4,tick,1000.0,0.000
2625.9,g1,tick,1000.0,0.000
2625.9,g2,tick,1000.0,0.000
2625.9,g4,tick,1000.0,0.000
2630.1,g1,tick,1000.0,0.000
2630.1,g2,tick,1000.0,0.000
2630.1,g4,tick,1000.0,0.000
2635.1,g1,tick,1000.0,0.000
2635.1,g2,tick,1000.0,0.000
2635.1,g4,tick,1000.0,0.000
2640.6,g1,tick,1000.0,0.000
2640.6,g2,tick,1000.0,0.000
2640.6,g4,tick,1000.0,0.000
2645.1,g1,tick,1000.0,0.000
2645.1,g2,tick,1000.0,0.000
2645.1,g4,tick,1000.0,0.000
2650.1,g1,tick,1000.0,0.000
2650.1,g2,tick,1000.0,0.000
2650.1,g4,tick,1000.0,0.000
2655.1,g1,tick,1000.0,0.000
2655.1,g2,tick,1000.0,0.000
2655.1,g4,tick,1000.0,0.000
2660.1,g1,tick,1000.0,0.000
2660.1,g2,tick,1000.0,0.000
2660.1,g4,tick,1000.0,0.000
2665.2,g1,tick,1000.0,0.000
2665.2,g2,tick,1000.0,0.000
2665.2,g4,tick,1000.0,0.000
2670.1,g1,tick,1000.0,0.000
2670.1,g2,tick,1000.0,0.000
2670.1,g4,tick,1000.0,0.000
2675.1,g1,tick,1000.0,0.000
2675.1,g2,tick,1000.0,0.000
2675.1,g4,tick,1000.0,0.000
2680.1,g1,tick,1000.0,0.000
2680.1,g2,tick,1000.0,0.000
2680.1,g4,tick,1000.0,0.000
2685.1,g1,tick,1000.0,0.000
2685.1,g2,tick,1000.0,0.000
2685.1,g4,tick,1000.0,0.000
2690.1,g1,tick,1000.0,0.000
2690.1,g2,tick,1000.0,0.000
2690.1,g4,tick,1000.0,0.000
2695.1,g1,tick,1000.0,0.000
2695.1,g2,tick,1000.0,0.000
2695.1,g4,tick,1000.0,0.000
2700.1,g1,tick,1000.0,0.000
2700.1,g2,tick,1000.0,0.000
2700.1,g4,tick,1000.0,0.000
2705.1,g1,tick,1000.0,0.000
2705.1,g2,tick,1000.0,0.000
2705.1,g4,tick,1000.0,0.000
2710.1,g1,tick,1000.0,0.000
2710.1,g2,tick,1000.0,0.000
2710.1,g4,tick,1000.0,0.000
2715.1,g1,tick,1000.0,0.000
2715.1,g2,tick,1000.0,0.000
2715.1,g4,tick,1000.0,0.000
2720.1,g1,tick,1000.0,0.000
2720.1,g2,tick,1000.0,0.000
2720.1,g4,tick,1000.0,0.000
2725.1,g1,tick,1000.0,0.000
2725.1,g2,tick,1000.0,0.000
2725.1,g4,tick,1000.0,0.000
2730.1,g1,tick,1000.0,0.000
2730.1,g2,tick,1000.0,0.000
2730.1,g4,tick,1000.0,0.000
2735.1,g1,tick,1000.0,0.000
2735.1,g2,tick,1000.0,0.000
2735.1,g4,tick,1000.0,0.000
2740.1,g1,tick,1000.0,0.000
2740.1,g2,tick,1000.0,0.000
2740.1,g4,tick,1000.0,0.000
2745.1,g1,tick,1000.0,0.000
2745.1,g2,tick,1000.0,0.000
2745.1,g4,tick,1000.0,0.000
2750.1,g1,tick,1000.0,0.000
2750.1,g2,tick,1000.0,0.000
2750.1,g4,tick,1000.0,0.000
2755.2,g1,tick,1000.0,0.000
2755.2,g2,tick,1000.0,0.000
2755.2,g4,tick,1000.0,0.000
2760.1,g1,tick,1000.0,0.000
2760.1,g2,tick,1000.0,0.000
2760.1,g4,tick,1000.0,0.000
2765.1,g1,tick,1000.0,0.000
2765.1,g2,tick,1000.0,0.000
2765.1,g4,tick,1000.0,0.000
2770.1,g1,tick,1000.0,0.000
2770.1,g2,tick,1000.0,0.000
2770.1,g4,tick,1000.0,0.000
2775.1,g1,tick,1000.0,0.000
2775.1,g2,tick,1000.0,0.000
2775.1,g4,tick,1000.0,0.000
2780.1,g1,tick,1000.0,0.000
2780.1,g2,tick,1000.0,0.000
2780.1,g4,tick,1000.0,0.000
2785.1,g1,tick,1000.0,0.000
2785.1,g2,tick,1000.0,0.000
2785.1,g4,tick,1000.0,0.000
2790.1,g1,tick,1000.0,0.000
2790.1,g2,tick,1000.0,0.000
2790.1,g4,tick,1000.0,0.000
2795.1,g1,tick,1000.0,0.000
2795.1,g2,tick,1000.0,0.000
2795.1,g4,tick,1000.0,0.000
2800.1,g1,tick,1000.0,0.000
2800.1,g2,tick,1000.0,0.000
2800.1,g4,tick,1000.0,0.000
2805.1,g1,tick,1000.0,0.000
2805.1,g2,tick,1000.0,0.000
2805.1,g4,tick,1000.0,0.000
2810.1,g1,tick,1000.0,0.000
2810.1,g2,tick,1000.0,0.000
2810.1,g4,tick,1000.0,0.000
2815.4,g1,tick,1000.0,0.000
2815.4,g2,tick,1000.0,0.000
2815.4,g4,tick,1000.0,0.000
2820.1,g1,tick,1000.0,0.000
2820.1,g2,tick,1000.0,0.000
2820.1,g4,tick,1000.0,0.000
2825.1,g1,tick,1000.0,0.000
2825.1,g2,tick,1000.0,0.000
2825.1,g4,tick,1000.0,0.000
2830.1,g1,tick,1000.0,0.000
2830.1,g2,tick,1000.0,0.000
2830.1,g4,tick,1000.0,0.000
2835.1,g1,tick,1000.0,0.000
2835.1,g2,tick,1000.0,0.000
2835.1,g4,tick,1000.0,0.000
2840.1,g1,tick,1000.0,0.000
2840.1,g2,tick,1000.0,0.000
2840.1,g4,tick,1000.0,0.000
2845.1,g1,tick,1000.0,0.000
2845.1,g2,tick,1000.0,0.000
2845.1,g4,tick,1000.0,0.000
2850.1,g1,tick,1000.0,0.000
2850.1,g2,tick,1000.0,0.000
2850.1,g4,tick,1000.0,0.000
2855.1,g1,tick,1000.0,0.000
2855.1,g2,tick,1000.0,0.000
2855.1,g4,tick,1000.0,0.000
2860.1,g1,tick,1000.0,0.000
2860.1,g2,tick,1000.0,0.000
2860.1,g4,tick,1000.0,0.000
2865.1,g1,tick,1000.0,0.000
2865.1,g2,tick,1000.0,0.000
2865.1,g4,tick,1000.0,0.000
2870.8,g1,tick,1000.0,0.000
2870.8,g2,tick,1000.0,0.000
2870.8,g4,tick,1000.0,0.000
2875.1,g1,tick,1000.0,0.000
2875.1,g2,tick,1000.0,0.000
2875.1,g4,tick,1000.0,0.000
2880.1,g1,tick,1000.0,0.000
2880.1,g2,tick,1000.0,0.000
2880.1,g4,tick,1000.0,0.000
2885.1,g1,tick,1000.0,0.000
2885.1,g2,tick,1000.0,0.000
2885.1,g4,tick,1000.0,0.000
2890.1,g1,tick,1000.0,0.000
2890.1,g2,tick,1000.0,0.000
2890.1,g4,tick,1000.0,0.000
2895.1,g1,tick,1000.0,0.000
2895.1,g2,tick,1000.0,0.000
2895.1,g4,tick,1000.0,0.000
2902.2,g1,tick,1000.0,0.000
2902.2,g2,tick,1000.0,0.000
2902.2,g4,tick,1000.0,0.000
2905.6,g1,tick,1000.0,0.000
2905.6,g2,tick,1000.0,0.000
2905.6,g4,tick,1000.0,0.000
2910.1,g1,tick,1000.0,0.000
2910.1,g2,tick,1000.0,0.000
2910.1,g4,tick,1000.0,0.000
2915.1,g1,tick,1000.0,0.000
2915.1,g2,tick,1000.0,0.000
2915.1,g4,tick,1000.0,0.000
2920.1,g1,tick,1000.0,0.000
2920.1,g2,tick,1000.0,0.000
2920.1,g4,tick,1000.0,0.000
2925.1,g1,tick,1000.0,0.000
2925.1,g2,tick,1000.0,0.000
2925.1,g4,tick,1000.0,0.000
2930.1,g1,tick,1000.0,0.000
2930.1,g2,tick,1000.0,0.000
2930.1,g4,tick,1000.0,0.000
2935.1,g1,tick,1000.0,0.000
2935.1,g2,tick,1000.0,0.000
2935.1,g4,tick,1000.0,0.000
2940.1,g1,tick,1000.0,0.000
2940.1,g2,tick,1000.0,0.000
2940.1,g4,tick,1000.0,0.000
2945.1,g1,tick,1000.0,0.000
2945.1,g2,tick,1000.0,0.000
2945.1,g4,tick,1000.0,0.000
2950.1,g1,tick,1000.0,0.000
2950.1,g2,tick,1000.0,0.000
2950.1,g4,tick,1000.0,0.000
2955.1,g1,tick,1000.0,0.000
2955.1,g2,tick,1000.0,0.000
2955.1,g4,tick,1000.0,0.000
2960.5,g1,tick,1000.0,0.000
2960.5,g2,tick,1000.0,0.000
2960.5,g4,tick,1000.0,0.000
2965.1,g1,tick,1000.0,0.000
2965.1,g2,tick,1000.0,0.000
2965.1,g4,tick,1000.0,0.000
2970.1,g1,tick,1000.0,0.000
2970.1,g2,tick,1000.0,0.000
2970.1,g4,tick,1000.0,0.000
2975.1,g1,tick,1000.0,0.000
2975.1,g2,tick,1000.0,0.000
2975.1,g4,tick,1000.0,0.000
2980.1,g1,tick,1000.0,0.000
2980.1,g2,tick,1000.0,0.000
2980.1,g4,tick,1000.0,0.000
2985.9,g1,tick,1000.0,0.000
2985.9,g2,tick,1000.0,0.000
2985.9,g4,tick,1000.0,0.000
2990.1,g1,tick,1000.0,0.000
2990.1,g2,tick,1000.0,0.000
2990.1,g4,tick,1000.0,0.000
2995.1,g1,tick,1000.0,0.000
2995.1,g2,tick,1000.0,0.000
2995.1,g4,tick,1000.0,0.000
3000.1,g1,tick,1000.0,0.000
3000.1,g2,tick,1000.0,0.000
3000.1,g4,tick,1000.0,0.000
3005.1,g1,tick,1000.0,0.000
3005.1,g2,tick,1000.0,0.000
3005.1,g4,tick,1000.0,0.000
3010.1,g1,tick,1000.0,0.000
3010.1,g2,tick,1000.0,0.000
3010.1,g4,tick,1000.0,0.000
3015.1,g1,tick,1000.0,0.000
3015.1,g2,tick,1000.0,0.000
3015.1,g4,tick,1000.0,0.000
3021.8,g1,tick,1000.0,0.000
3021.8,g2,tick,1000.0,0.000
3021.8,g4,tick,1000.0,0.000
3025.1,g1,tick,1000.0,0.000
3025.1,g2,tick,1000.0,0.000
3025.1,g4,tick,1000.0,0.000
3030.1,g1,tick,1000.0,0.000
3030.1,g2,tick,1000.0,0.000
3030.1,g4,tick,1000.0,0.000
3035.1,g1,tick,1000.0,0.000
3035.1,g2,tick,1000.0,0.000
3035.1,g4,tick,1000.0,0.000
3040.1,g1,tick,1000.0,0.000
3040.1,g2,tick,1000.0,0.000
3040.1,g4,tick,1000.0,0.000
3045.1,g1,tick,1000.0,0.000
3045.1,g2,tick,1000.0,0.000
3045.1,g4,tick,1000.0,0.000
3050.1,g1,tick,1000.0,0.000
3050.1,g2,tick,1000.0,0.000
3050.1,g4,tick,1000.0,0.000
3055.8,g1,tick,1000.0,0.000
3055.8,g2,tick,1000.0,0.000
3055.8,g4,tick,1000.0,0.000
3060.1,g1,tick,1000.0,0.000
3060.1,g2,tick,1000.0,0.000
3060.1,g4,tick,1000.0,0.000
3065.1,g1,tick,1000.0,0.000
3065.1,g2,tick,1000.0,0.000
3065.1,g4,tick,1000.0,0.000
3070.1,g1,tick,1000.0,0.000
3070.1,g2,tick,1000.0,0.000
3070.1,g4,tick,1000.0,0.000
3075.1,g1,tick,1000.0,0.000
3075.1,g2,tick,1000.0,0.000
3075.1,g4,tick,1000.0,0.000
3080.1,g1,tick,1000.0,0.000
3080.1,g2,tick,1000.0,0.000
3080.1,g4,tick,1000.0,0.000
3085.1,g1,tick,1000.0,0.000
3085.1,g2,tick,1000.0,0.000
3085.1,g4,tick,1000.0,0.000
3090.1,g1,tick,1000.0,0.000
3090.1,g2,tick,1000.0,0.000
3090.1,g4,tick,1000.0,0.000
3095.1,g1,tick,1000.0,0.000
3095.1,g2,tick,1000.0,0.000
3095.1,g4,tick,1000.0,0.000
3100.1,g1,tick,1000.0,0.000
3100.1,g2,tick,1000.0,0.000
3100.1,g4,tick,1000.0,0.000
3105.1,g1,tick,1000.0,0.000
3105.1,g2,tick,1000.0,0.000
3105.1,g4,tick,1000.0,0.000
3110.1,g1,tick,1000.0,0.000
3110.1,g2,tick,1000.0,0.000
3110.1,g4,tick,1000.0,0.000
3115.1,g1,tick,1000.0,0.000
3115.1,g2,tick,1000.0,0.000
3115.1,g4,tick,1000.0,0.000
3120.1,g1,tick,1000.0,0.000
3120.1,g2,tick,1000.0,0.000
3120.1,g4,tick,1000.0,0.000
3125.4,g1,tick,1000.0,0.000
3125.4,g2,tick,1000.0,0.000
3125.4,g4,tick,1000.0,0.000
3130.1,g1,tick,1000.0,0.000
3130.1,g2,tick,1000.0,0.000
3130.1,g4,tick,1000.0,0.000
3135.1,g1,tick,1000.0,0.000
3135.1,g2,tick,1000.0,0.000
3135.1,g4,tick,1000.0,0.000
3140.1,g1,tick,1000.0,0.000
3140.1,g2,tick,1000.0,0.000
3140.1,g4,tick,1000.0,0.000
3145.1,g1,tick,1000.0,0.000
3145.1,g2,tick,1000.0,0.000
3145.1,g4,tick,1000.0,0.000
3150.1,g1,tick,1000.0,0.000
3150.1,g2,tick,1000.0,0.000
3150.1,g4,tick,1000.0,0.000
3155.1,g1,tick,1000.0,0.000
3155.1,g2,tick,1000.0,0.000
3155.1,g4,tick,1000.0,0.000
3160.2,g1,tick,1000.0,0.000
3160.2,g2,tick,1000.0,0.000
3160.2,g4,tick,1000.0,0.000
3165.7,g1,tick,1000.0,0.000
3165.8,g2,tick,1000.0,0.000
3165.8,g4,tick,1000.0,0.000
3170.1,g1,tick,1000.0,0.000
3170.1,g2,tick,1000.0,0.000
3170.1,g4,tick,1000.0,0.000
3175.1,g1,tick,1000.0,0.000
3175.1,g2,tick,1000.0,0.000
3175.1,g4,tick,1000.0,0.000
3180.1,g1,tick,1000.0,0.000
3180.1,g2,tick,1000.0,0.000
3180.1,g4,tick,1000.0,0.000
3187.2,g1,tick,1000.0,0.000
3187.2,g2,tick,1000.0,0.000
3187.2,g4,tick,1000.0,0.000
3190.1,g1,tick,1000.0,0.000
3190.1,g2,tick,1000.0,0.000
3190.1,g4,tick,1000.0,0.000
3195.1,g1,tick,1000.0,0.000
3195.1,g2,tick,1000.0,0.000
3195.1,g4,tick,1000.0,0.000
3200.1,g1,tick,1000.0,0.000
3200.1,g2,tick,1000.0,0.000
3200.1,g4,tick,1000.0,0.000
3206.4,g1,tick,1000.0,0.000
3206.4,g2,tick,1000.0,0.000
3206.4,g4,tick,1000.0,0.000
3210.1,g1,tick,1000.0,0.000
3210.1,g2,tick,1000.0,0.000
3210.1,g4,tick,1000.0,0.000
3215.1,g1,tick,1000.0,0.000
3215.1,g2,tick,1000.0,0.000
3215.1,g4,tick,1000.0,0.000
3220.1,g1,tick,1000.0,0.000
3220.1,g2,tick,1000.0,0.000
3220.1,g4,tick,1000.0,0.000
3225.2,g1,tick,1000.0,0.000
3225.2,g2,tick,1000.0,0.000
3225.2,g4,tick,1000.0,0.000
3230.1,g1,tick,1000.0,0.000
3230.1,g2,tick,1000.0,0.000
3230.1,g4,tick,1000.0,0.000
3235.1,g1,tick,1000.0,0.000
3235.1,g2,tick,1000.0,0.000
3235.1,g4,tick,1000.0,0.000
3240.1,g1,tick,1000.0,0.000
3240.1,g2,tick,1000.0,0.000
3240.1,g4,tick,1000.0,0.000
3245.1,g1,tick,1000.0,0.000
3245.1,g2,tick,1000.0,0.000
3245.1,g4,tick,1000.0,0.000
3250.1,g1,tick,1000.0,0.000
3250.1,g2,tick,1000.0,0.000
3250.1,g4,tick,1000.0,0.000
3255.7,g1,tick,1000.0,0.000
3255.7,g2,tick,1000.0,0.000
3255.7,g4,tick,1000.0,0.000
3260.1,g1,tick,1000.0,0.000
3260.1,g2,tick,1000.0,0.000
3260.1,g4,tick,1000.0,0.000
3265.4,g1,tick,1000.0,0.000
3265.4,g2,tick,1000.0,0.000
3265.4,g4,tick,1000.0,0.000
3270.1,g1,tick,1000.0,0.000
3270.1,g2,tick,1000.0,0.000
3270.1,g4,tick,1000.0,0.000
3275.1,g1,tick,1000.0,0.000
3275.1,g2,tick,1000.0,0.000
3275.1,g4,tick,1000.0,0.000
3280.6,g1,tick,1000.0,0.000
3280.6,g2,tick,1000.0,0.000
3280.6,g4,tick,1000.0,0.000
3285.1,g1,tick,1000.0,0.000
3285.1,g2,tick,1000.0,0.000
3285.1,g4,tick,1000.0,0.000
3290.1,g1,tick,1000.0,0.000
3290.1,g2,tick,1000.0,0.000
3290.1,g4,tick,1000.0,0.000
3295.1,g1,tick,1000.0,0.000
3295.1,g2,tick,1000.0,0.000
3295.1,g4,tick,1000.0,0.000
3300.1,g1,tick,1000.0,0.000
3300.1,g2,tick,1000.0,0.000
3300.1,g4,tick,1000.0,0.000
3305.1,g1,tick,1000.0,0.000
3305.1,g2,tick,1000.0,0.000
3305.1,g4,tick,1000.0,0.000
3310.1,g1,tick,1000.0,0.000
3310.1,g2,tick,1000.0,0.000
3310.1,g4,tick,1000.0,0.000
3315.8,g1,tick,1000.0,0.000
3315.8,g2,tick,1000.0,0.000
3315.8,g4,tick,1000.0,0.000
3320.1,g1,tick,1000.0,0.000
3320.1,g2,tick,1000.0,0.000
3320.1,g4,tick,1000.0,0.000
3325.1,g1,tick,1000.0,0.000
3325.1,g2,tick,1000.0,0.000
3325.1,g4,tick,1000.0,0.000
3330.1,g1,tick,1000.0,0.000
3330.1,g2,tick,1000.0,0.000
3330.1,g4,tick,1000.0,0.000
3335.1,g1,tick,1000.0,0.000
3335.1,g2,tick,1000.0,0.000
3335.1,g4,tick,1000.0,0.000
3340.2,g1,tick,1000.0,0.000
3340.3,g2,tick,1000.0,0.000
3340.3,g4,tick,1000.0,0.000
3345.1,g1,tick,1000.0,0.000
3345.1,g2,tick,1000.0,0.000
3345.1,g4,tick,1000.0,0.000
3350.2,g1,tick,1000.0,0.000
3350.2,g2,tick,1000.0,0.000
3350.2,g4,tick,1000.0,0.000
3355.6,g1,tick,1000.0,0.000
3355.6,g2,tick,1000.0,0.000
3355.6,g4,tick,1000.0,0.000
3360.1,g1,tick,1000.0,0.000
3360.1,g2,tick,1000.0,0.000
3360.1,g4,tick,1000.0,0.000
3365.1,g1,tick,1000.0,0.000
3365.1,g2,tick,1000.0,0.000
3365.1,g4,tick,1000.0,0.000
3370.1,g1,tick,1000.0,0.000
3370.1,g2,tick,1000.0,0.000
3370.1,g4,tick,1000.0,0.000
3375.1,g1,tick,1000.0,0.000
3375.1,g2,tick,1000.0,0.000
3375.1,g4,tick,1000.0,0.000
3380.4,g1,tick,1000.0,0.000
3380.4,g2,tick,1000.0,0.000
3380.4,g4,tick,1000.0,0.000
3385.1,g1,tick,1000.0,0.000
3385.1,g2,tick,1000.0,0.000
3385.1,g4,tick,1000.0,0.000
3390.1,g1,tick,1000.0,0.000
3390.1,g2,tick,1000.0,0.000
3390.1,g4,tick,1000.0,0.000
3395.1,g1,tick,1000.0,0.000
3395.1,g2,tick,1000.0,0.000
3395.1,g4,tick,1000.0,0.000
3400.1,g1,tick,1000.0,0.000
3400.1,g2,tick,1000.0,0.000
3400.1,g4,tick,1000.0,0.000
3405.3,g1,tick,1000.0,0.000
3405.3,g2,tick,1000.0,0.000
3405.3,g4,tick,1000.0,0.000
3410.1,g1,tick,1000.0,0.000
3410.1,g2,tick,1000.0,0.000
3410.1,g4,tick,1000.0,0.000
3415.1,g1,tick,1000.0,0.000
3415.1,g2,tick,1000.0,0.000
3415.1,g4,tick,1000.0,0.000
3420.1,g1,tick,1000.0,0.000
3420.1,g2,tick,1000.0,0.000
3420.1,g4,tick,1000.0,0.000
3426.2,g1,tick,1000.0,0.000
3426.2,g2,tick,1000.0,0.000
3426.2,g4,tick,1000.0,0.000
3430.1,g1,tick,1000.0,0.000
3430.1,g2,tick,1000.0,0.000
3430.1,g4,tick,1000.0,0.000
3435.1,g1,tick,1000.0,0.000
3435.1,g2,tick,1000.0,0.000
3435.1,g4,tick,1000.0,0.000
3440.1,g1,tick,1000.0,0.000
3440.1,g2,tick,1000.0,0.000
3440.1,g4,tick,1000.0,0.000
3445.3,g1,tick,1000.0,0.000
3445.3,g2,tick,1000.0,0.000
3445.3,g4,tick,1000.0,0.000
3453.7,g1,tick,1000.0,0.000
3453.7,g2,tick,1000.0,0.000
3453.7,g4,tick,1000.0,0.000
3455.2,g1,tick,1000.0,0.000
3455.3,g2,tick,1000.0,0.000
3455.3,g4,tick,1000.0,0.000
3460.5,g1,tick,1000.0,0.000
3460.5,g2,tick,1000.0,0.000
3460.5,g4,tick,1000.0,0.000
3469.3,g1,tick,1000.0,0.000
3469.3,g2,tick,1000.0,0.000
3469.3,g4,tick,1000.0,0.000
3475.2,g1,tick,1000.0,0.000
3475.2,g2,tick,1000.0,0.000
3475.2,g4,tick,1000.0,0.000
3475.2,g1,tick,1000.0,0.000
3475.2,g2,tick,1000.0,0.000
3475.2,g4,tick,1000.0,0.000
3480.1,g1,tick,1000.0,0.000
3480.1,g2,tick,1000.0,0.000
3480.1,g4,tick,1000.0,0.000
3485.1,g1,tick,1000.0,0.000
3485.1,g2,tick,1000.0,0.000
3485.1,g4,tick,1000.0,0.000
3490.1,g1,tick,1000.0,0.000
3490.1,g2,tick,1000.0,0.000
3490.1,g4,tick,1000.0,0.000
3497.2,g1,tick,1000.0,0.000
3497.3,g2,tick,1000.0,0.000
3497.3,g4,tick,1000.0,0.000
3500.1,g1,tick,1000.0,0.000
3500.1,g2,tick,1000.0,0.000
3500.1,g4,tick,1000.0,0.000
3505.1,g1,tick,1000.0,0.000
3505.1,g2,tick,1000.0,0.000
3505.1,g4,tick,1000.0,0.000
3510.1,g1,tick,1000.0,0.000
3510.1,g2,tick,1000.0,0.000
3510.1,g4,tick,1000.0,0.000
3515.1,g1,tick,1000.0,0.000
3515.1,g2,tick,1000.0,0.000
3515.1,g4,tick,1000.0,0.000
3520.1,g1,tick,1000.0,0.000
3520.1,g2,tick,1000.0,0.000
3520.1,g4,tick,1000.0,0.000
3525.1,g1,tick,1000.0,0.000
3525.1,g2,tick,1000.0,0.000
3525.1,g4,tick,1000.0,0.000
3530.2,g1,tick,1000.0,0.000
3530.2,g2,tick,1000.0,0.000
3530.2,g4,tick,1000.0,0.000
3535.3,g1,tick,1000.0,0.000
3535.3,g2,tick,1000.0,0.000
3535.3,g4,tick,1000.0,0.000
3540.9,g1,tick,1000.0,0.000
3540.9,g2,tick,1000.0,0.000
3540.9,g4,tick,1000.0,0.000
3545.1,g1,tick,1000.0,0.000
3545.1,g2,tick,1000.0,0.000
3545.1,g4,tick,1000.0,0.000
3550.1,g1,tick,1000.0,0.000
3550.1,g2,tick,1000.0,0.000
3550.1,g4,tick,1000.0,0.000
3555.1,g1,tick,1000.0,0.000
3555.1,g2,tick,1000.0,0.000
3555.1,g4,tick,1000.0,0.000
3560.1,g1,tick,1000.0,0.000
3560.1,g2,tick,1000.0,0.000
3560.1,g4,tick,1000.0,0.000
3565.1,g1,tick,1000.0,0.000
3565.1,g2,tick,1000.0,0.000
3565.1,g4,tick,1000.0,0.000
3570.1,g1,tick,1000.0,0.000
3570.1,g2,tick,1000.0,0.000
3570.1,g4,tick,1000.0,0.000
3575.1,g1,tick,1000.0,0.000
3575.1,g2,tick,1000.0,0.000
3575.1,g4,tick,1000.0,0.000
3580.4,g1,tick,1000.0,0.000
3580.4,g2,tick,1000.0,0.000
3580.4,g4,tick,1000.0,0.000
3585.1,g1,tick,1000.0,0.000
3585.1,g2,tick,1000.0,0.000
3585.1,g4,tick,1000.0,0.000
3590.1,g1,tick,1000.0,0.000
3590.1,g2,tick,1000.0,0.000
3590.1,g4,tick,1000.0,0.000
3595.1,g1,tick,1000.0,0.000
3595.1,g2,tick,1000.0,0.000
3595.1,g4,tick,1000.0,0.000
3600.1,g1,tick,1000.0,0.000
3600.1,g2,tick,1000.0,0.000
3600.1,g4,tick,1000.0,0.000
3605.1,g1,tick,1000.0,0.000
3605.1,g2,tick,1000.0,0.000
3605.1,g4,tick,1000.0,0.000
3610.1,g1,tick,1000.0,0.000
3610.1,g2,tick,1000.0,0.000
3610.1,g4,tick,1000.0,0.000
3615.5,g1,tick,1000.0,0.000
3615.6,g2,tick,1000.0,0.000
3615.6,g4,tick,1000.0,0.000
3620.1,g1,tick,1000.0,0.000
3620.1,g2,tick,1000.0,0.000
3620.1,g4,tick,1000.0,0.000
3625.1,g1,tick,1000.0,0.000
3625.1,g2,tick,1000.0,0.000
3625.1,g4,tick,1000.0,0.000
3631.1,g1,tick,1000.0,0.000
3631.1,g2,tick,1000.0,0.000
3631.1,g4,tick,1000.0,0.000
3635.1,g1,tick,1000.0,0.000
3635.1,g2,tick,1000.0,0.000
3635.1,g4,tick,1000.0,0.000
3640.6,g1,tick,1000.0,0.000
3640.7,g2,tick,1000.0,0.000
3640.7,g4,tick,1000.0,0.000
3645.1,g1,tick,1000.0,0.000
3645.1,g2,tick,1000.0,0.000
3645.1,g4,tick,1000.0,0.000
3650.1,g1,tick,1000.0,0.000
3650.1,g2,tick,1000.0,0.000
3650.1,g4,tick,1000.0,0.000
3655.1,g1,tick,1000.0,0.000
3655.1,g2,tick,1000.0,0.000
3655.1,g4,tick,1000.0,0.000
3660.1,g1,tick,1000.0,0.000
3660.1,g2,tick,1000.0,0.000
3660.1,g4,tick,1000.0,0.000
3665.6,g1,tick,1000.0,0.000
3665.7,g2,tick,1000.0,0.000
3665.7,g4,tick,1000.0,0.000
3670.1,g1,tick,1000.0,0.000
3670.1,g2,tick,1000.0,0.000
3670.1,g4,tick,1000.0,0.000
3676.9,g1,tick,1000.0,0.000
3676.9,g2,tick,1000.0,0.000
3676.9,g4,tick,1000.0,0.000
3680.1,g1,tick,1000.0,0.000
3680.1,g2,tick,1000.0,0.000
3680.1,g4,tick,1000.0,0.000
3686.4,g1,tick,1000.0,0.000
3686.4,g2,tick,1000.0,0.000
3686.4,g4,tick,1000.0,0.000
3690.1,g1,tick,1000.0,0.000
3690.1,g2,tick,1000.0,0.000
3690.1,g4,tick,1000.0,0.000
3695.1,g1,tick,1000.0,0.000
3695.1,g2,tick,1000.0,0.000
3695.1,g4,tick,1000.0,0.000
3700.1,g1,tick,1000.0,0.000
3700.1,g2,tick,1000.0,0.000
3700.1,g4,tick,1000.0,0.000
3705.1,g1,tick,1000.0,0.000
3705.1,g2,tick,1000.0,0.000
3705.1,g4,tick,1000.0,0.000
3710.1,g1,tick,1000.0,0.000
3710.1,g2,tick,1000.0,0.000
3710.1,g4,tick,1000.0,0.000
3715.1,g1,tick,1000.0,0.000
3715.1,g2,tick,1000.0,0.000
3715.1,g4,tick,1000.0,0.000
3720.1,g1,tick,1000.0,0.000
3720.1,g2,tick,1000.0,0.000
3720.1,g4,tick,1000.0,0.000
3725.1,g1,tick,1000.0,0.000
3725.1,g2,tick,1000.0,0.000
3725.1,g4,tick,1000.0,0.000
3730.1,g1,tick,1000.0,0.000
3730.1,g2,tick,1000.0,0.000
3730.1,g4,tick,1000.0,0.000
3735.1,g1,tick,1000.0,0.000
3735.1,g2,tick,1000.0,0.000
3735.1,g4,tick,1000.0,0.000
3740.3,g1,tick,1000.0,0.000
3740.3,g2,tick,1000.0,0.000
3740.3,g4,tick,1000.0,0.000
3745.1,g1,tick,1000.0,0.000
3745.1,g2,tick,1000.0,0.000
3745.1,g4,tick,1000.0,0.000
3750.1,g1,tick,1000.0,0.000
3750.1,g2,tick,1000.0,0.000
3750.1,g4,tick,1000.0,0.000
3755.9,g1,tick,1000.0,0.000
3755.9,g2,tick,1000.0,0.000
3755.9,g4,tick,1000.0,0.000
3760.3,g1,tick,1000.0,0.000
3760.3,g2,tick,1000.0,0.000
3760.3,g4,tick,1000.0,0.000
3765.1,g1,tick,1000.0,0.000
3765.1,g2,tick,1000.0,0.000
3765.1,g4,tick,1000.0,0.000
3770.7,g1,tick,1000.0,0.000
3770.7,g2,tick,1000.0,0.000
3770.7,g4,tick,1000.0,0.000
3775.4,g1,tick,1000.0,0.000
3775.4,g2,tick,1000.0,0.000
3775.4,g4,tick,1000.0,0.000
3780.1,g1,tick,1000.0,0.000
3780.1,g2,tick,1000.0,0.000
3780.1,g4,tick,1000.0,0.000
3785.1,g1,tick,1000.0,0.000
3785.1,g2,tick,1000.0,0.000
3785.1,g4,tick,1000.0,0.000
3790.7,g1,tick,1000.0,0.000
3790.8,g2,tick,1000.0,0.000
3790.8,g4,tick,1000.0,0.000
3795.1,g1,tick,1000.0,0.000
3795.1,g2,tick,1000.0,0.000
3795.1,g4,tick,1000.0,0.000
3800.1,g1,tick,1000.0,0.000
3800.1,g2,tick,1000.0,0.000
3800.1,g4,tick,1000.0,0.000
3805.1,g1,tick,1000.0,0.000
3805.1,g2,tick,1000.0,0.000
3805.1,g4,tick,1000.0,0.000
3810.1,g1,tick,1000.0,0.000
3810.1,g2,tick,1000.0,0.000
3810.1,g4,tick,1000.0,0.000
3815.1,g1,tick,1000.0,0.000
3815.1,g2,tick,1000.0,0.000
3815.1,g4,tick,1000.0,0.000
3820.8,g1,tick,1000.0,0.000
3820.8,g2,tick,1000.0,0.000
3820.8,g4,tick,1000.0,0.000
3825.1,g1,tick,1000.0,0.000
3825.1,g2,tick,1000.0,0.000
3825.1,g4,tick,1000.0,0.000
3830.1,g1,tick,1000.0,0.000
3830.1,g2,tick,1000.0,0.000
3830.1,g4,tick,1000.0,0.000
3835.1,g1,tick,1000.0,0.000
3835.1,g2,tick,1000.0,0.000
3835.1,g4,tick,1000.0,0.000
3840.1,g1,tick,1000.0,0.000
3840.1,g2,tick,1000.0,0.000
3840.1,g4,tick,1000.0,0.000
3845.1,g1,tick,1000.0,0.000
3845.1,g2,tick,1000.0,0.000
3845.1,g4,tick,1000.0,0.000
3850.1,g1,tick,1000.0,0.000
3850.1,g2,tick,1000.0,0.000
3850.1,g4,tick,1000.0,0.000
3855.1,g1,tick,1000.0,0.000
3855.1,g2,tick,1000.0,0.000
3855.1,g4,tick,1000.0,0.000
3860.1,g1,tick,1000.0,0.000
3860.1,g2,tick,1000.0,0.000
3860.1,g4,tick,1000.0,0.000
3865.1,g1,tick,1000.0,0.000
3865.1,g2,tick,1000.0,0.000
3865.1,g4,tick,1000.0,0.000
3870.1,g1,tick,1000.0,0.000
3870.1,g2,tick,1000.0,0.000
3870.1,g4,tick,1000.0,0.000
3875.1,g1,tick,1000.0,0.000
3875.1,g2,tick,1000.0,0.000
3875.1,g4,tick,1000.0,0.000
3880.1,g1,tick,1000.0,0.000
3880.1,g2,tick,1000.0,0.000
3880.1,g4,tick,1000.0,0.000
3885.1,g1,tick,1000.0,0.000
3885.1,g2,tick,1000.0,0.000
3885.1,g4,tick,1000.0,0.000
3891.5,g1,tick,1000.0,0.000
3891.5,g2,tick,1000.0,0.000
3891.5,g4,tick,1000.0,0.000
3895.1,g1,tick,1000.0,0.000
3895.1,g2,tick,1000.0,0.000
3895.1,g4,tick,1000.0,0.000
3900.1,g1,tick,1000.0,0.000
3900.1,g2,tick,1000.0,0.000
3900.1,g4,tick,1000.0,0.000
3905.1,g1,tick,1000.0,0.000
3905.2,g2,tick,1000.0,0.000
3905.2,g4,tick,1000.0,0.000
3910.1,g1,tick,1000.0,0.000
3910.1,g2,tick,1000.0,0.000
3910.1,g4,tick,1000.0,0.000
3915.1,g1,tick,1000.0,0.000
3915.1,g2,tick,1000.0,0.000
3915.1,g4,tick,1000.0,0.000
3921.9,g1,tick,1000.0,0.000
3921.9,g2,tick,1000.0,0.000
3921.9,g4,tick,1000.0,0.000
3925.1,g1,tick,1000.0,0.000
3925.1,g2,tick,1000.0,0.000
3925.1,g4,tick,1000.0,0.000
3930.1,g1,tick,1000.0,0.000
3930.1,g2,tick,1000.0,0.000
3930.1,g4,tick,1000.0,0.000
3935.1,g1,tick,1000.0,0.000
3935.1,g2,tick,1000.0,0.000
3935.1,g4,tick,1000.0,0.000
3940.1,g1,tick,1000.0,0.000
3940.1,g2,tick,1000.0,0.000
3940.1,g4,tick,1000.0,0.000
3945.1,g1,tick,1000.0,0.000
3945.1,g2,tick,1000.0,0.000
3945.1,g4,tick,1000.0,0.000
3950.1,g1,tick,1000.0,0.000
3950.1,g2,tick,1000.0,0.000
3950.1,g4,tick,1000.0,0.000
3955.1,g1,tick,1000.0,0.000
3955.1,g2,tick,1000.0,0.000
3955.1,g4,tick,1000.0,0.000
3960.1,g1,tick,1000.0,0.000
3960.1,g2,tick,1000.0,0.000
3960.1,g4,tick,1000.0,0.000
3966.0,g1,tick,1000.0,0.000
3966.0,g2,tick,1000.0,0.000
3966.0,g4,tick,1000.0,0.000
3970.1,g1,tick,1000.0,0.000
3970.1,g2,tick,1000.0,0.000
3970.1,g4,tick,1000.0,0.000
3975.1,g1,tick,1000.0,0.000
3975.1,g2,tick,1000.0,0.000
3975.1,g4,tick,1000.0,0.000
3980.1,g1,tick,1000.0,0.000
3980.1,g2,tick,1000.0,0.000
3980.1,g4,tick,1000.0,0.000
3985.1,g1,tick,1000.0,0.000
3985.1,g2,tick,1000.0,0.000
3985.1,g4,tick,1000.0,0.000
3990.1,g1,tick,1000.0,0.000
3990.1,g2,tick,1000.0,0.000
3990.1,g4,tick,1000.0,0.000
3995.1,g1,tick,1000.0,0.000
3995.1,g2,tick,1000.0,0.000
3995.1,g4,tick,1000.0,0.000
4000.1,g1,tick,1000.0,0.000
4000.1,g2,tick,1000.0,0.000
4000.1,g4,tick,1000.0,0.000
4005.1,g1,tick,1000.0,0.000
4005.1,g2,tick,1000.0,0.000
4005.1,g4,tick,1000.0,0.000
4010.1,g1,tick,1000.0,0.000
4010.1,g2,tick,1000.0,0.000
4010.1,g4,tick,1000.0,0.000
4015.7,g1,tick,1000.0,0.000
4015.7,g2,tick,1000.0,0.000
4015.7,g4,tick,1000.0,0.000
4020.1,g1,tick,1000.0,0.000
4020.1,g2,tick,1000.0,0.000
4020.1,g4,tick,1000.0,0.000
4025.1,g1,tick,1000.0,0.000
4025.1,g2,tick,1000.0,0.000
4025.1,g4,tick,1000.0,0.000
4030.1,g1,tick,1000.0,0.000
4030.1,g2,tick,1000.0,0.000
4030.1,g4,tick,1000.0,0.000
4035.1,g1,tick,1000.0,0.000
4035.1,g2,tick,1000.0,0.000
4035.1,g4,tick,1000.0,0.000
4041.5,g1,tick,1000.0,0.000
4041.5,g2,tick,1000.0,0.000
4041.5,g4,tick,1000.0,0.000
4045.1,g1,tick,1000.0,0.000
4045.1,g2,tick,1000.0,0.000
4045.1,g4,tick,1000.0,0.000
4050.1,g1,tick,1000.0,0.000
4050.1,g2,tick,1000.0,0.000
4050.1,g4,tick,1000.0,0.000
4055.1,g1,tick,1000.0,0.000
4055.1,g2,tick,1000.0,0.000
4055.1,g4,tick,1000.0,0.000
4060.1,g1,tick,1000.0,0.000
4060.1,g2,tick,1000.0,0.000
4060.1,g4,tick,1000.0,0.000
4065.6,g1,tick,1000.0,0.000
4065.6,g2,tick,1000.0,0.000
4065.7,g4,tick,1000.0,0.000
4070.1,g1,tick,1000.0,0.000
4070.1,g2,tick,1000.0,0.000
4070.1,g4,tick,1000.0,0.000
4076.0,g1,tick,1000.0,0.000
4076.0,g2,tick,1000.0,0.000
4076.0,g4,tick,1000.0,0.000
4080.1,g1,tick,1000.0,0.000
4080.1,g2,tick,1000.0,0.000
4080.1,g4,tick,1000.0,0.000
4085.1,g1,tick,1000.0,0.000
4085.1,g2,tick,1000.0,0.000
4085.1,g4,tick,1000.0,0.000
4090.1,g1,tick,1000.0,0.000
4090.1,g2,tick,1000.0,0.000
4090.1,g4,tick,1000.0,0.000
4095.1,g1,tick,1000.0,0.000
4095.1,g2,tick,1000.0,0.000
4095.1,g4,tick,1000.0,0.000
4100.1,g1,tick,1000.0,0.000
4100.1,g2,tick,1000.0,0.000
4100.1,g4,tick,1000.0,0.000
4105.1,g1,tick,1000.0,0.000
4105.1,g2,tick,1000.0,0.000
4105.1,g4,tick,1000.0,0.000
4110.1,g1,tick,1000.0,0.000
4110.1,g2,tick,1000.0,0.000
4110.1,g4,tick,1000.0,0.000
4115.1,g1,tick,1000.0,0.000
4115.1,g2,tick,1000.0,0.000
4115.1,g4,tick,1000.0,0.000
4120.1,g1,tick,1000.0,0.000
4120.1,g2,tick,1000.0,0.000
4120.1,g4,tick,1000.0,0.000
4125.8,g1,tick,1000.0,0.000
4125.8,g2,tick,1000.0,0.000
4125.8,g4,tick,1000.0,0.000
4130.1,g1,tick,1000.0,0.000
4130.1,g2,tick,1000.0,0.000
4130.1,g4,tick,1000.0,0.000
4136.8,g1,tick,1000.0,0.000
4136.8,g2,tick,1000.0,0.000
4136.8,g4,tick,1000.0,0.000
4140.1,g1,tick,1000.0,0.000
4140.1,g2,tick,1000.0,0.000
4140.1,g4,tick,1000.0,0.000
4145.1,g1,tick,1000.0,0.000
4145.1,g2,tick,1000.0,0.000
4145.1,g4,tick,1000.0,0.000
4150.4,g1,tick,1000.0,0.000
4150.4,g2,tick,1000.0,0.000
4150.4,g4,tick,1000.0,0.000
4155.1,g1,tick,1000.0,0.000
4155.1,g2,tick,1000.0,0.000
4155.1,g4,tick,1000.0,0.000
4160.1,g1,tick,1000.0,0.000
4160.1,g2,tick,1000.0,0.000
4160.1,g4,tick,1000.0,0.000
4165.1,g1,tick,1000.0,0.000
4165.1,g2,tick,1000.0,0.000
4165.1,g4,tick,1000.0,0.000
4170.1,g1,tick,1000.0,0.000
4170.1,g2,tick,1000.0,0.000
4170.1,g4,tick,1000.0,0.000
4175.1,g1,tick,1000.0,0.000
4175.1,g2,tick,1000.0,0.000
4175.1,g4,tick,1000.0,0.000
4180.1,g1,tick,1000.0,0.000
4180.1,g2,tick,1000.0,0.000
4180.1,g4,tick,1000.0,0.000
4185.7,g1,tick,1000.0,0.000
4185.7,g2,tick,1000.0,0.000
4185.7,g4,tick,1000.0,0.000
4190.1,g1,tick,1000.0,0.000
4190.1,g2,tick,1000.0,0.000
4190.1,g4,tick,1000.0,0.000
4195.5,g1,tick,1000.0,0.000
4195.5,g2,tick,1000.0,0.000
4195.5,g4,tick,1000.0,0.000
4200.1,g1,tick,1000.0,0.000
4200.1,g2,tick,1000.0,0.000
4200.1,g4,tick,1000.0,0.000
4205.1,g1,tick,1000.0,0.000
4205.1,g2,tick,1000.0,0.000
4205.1,g4,tick,1000.0,0.000
4210.1,g1,tick,1000.0,0.000
4210.1,g2,tick,1000.0,0.000
4210.1,g4,tick,1000.0,0.000
4215.1,g1,tick,1000.0,0.000
4215.1,g2,tick,1000.0,0.000
4215.1,g4,tick,1000.0,0.000
4220.1,g1,tick,1000.0,0.000
4220.1,g2,tick,1000.0,0.000
4220.1,g4,tick,1000.0,0.000
4226.2,g1,tick,1000.0,0.000
4226.3,g2,tick,1000.0,0.000
4226.3,g4,tick,1000.0,0.000
4230.1,g1,tick,1000.0,0.000
4230.1,g2,tick,1000.0,0.000
4230.1,g4,tick,1000.0,0.000
4235.1,g1,tick,1000.0,0.000
4235.1,g2,tick,1000.0,0.000
4235.1,g4,tick,1000.0,0.000
4240.1,g1,tick,1000.0,0.000
4240.1,g2,tick,1000.0,0.000
4240.1,g4,tick,1000.0,0.000
4245.3,g1,tick,1000.0,0.000
4245.3,g2,tick,1000.0,0.000
4245.3,g4,tick,1000.0,0.000
4250.1,g1,tick,1000.0,0.000
4250.1,g2,tick,1000.0,0.000
4250.1,g4,tick,1000.0,0.000
4256.1,g1,tick,1000.0,0.000
4256.1,g2,tick,1000.0,0.000
4256.1,g4,tick,1000.0,0.000
4260.1,g1,tick,1000.0,0.000
4260.1,g2,tick,1000.0,0.000
4260.1,g4,tick,1000.0,0.000
4265.1,g1,tick,1000.0,0.000
4265.1,g2,tick,1000.0,0.000
4265.1,g4,tick,1000.0,0.000
4270.1,g1,tick,1000.0,0.000
4270.1,g2,tick,1000.0,0.000
4270.1,g4,tick,1000.0,0.000
4275.1,g1,tick,1000.0,0.000
4275.1,g2,tick,1000.0,0.000
4275.1,g4,tick,1000.0,0.000
4280.1,g1,tick,1000.0,0.000
4280.5,g2,tick,1000.0,0.000
4280.5,g4,tick,1000.0,0.000
4285.5,g1,tick,1000.0,0.000
4285.5,g2,tick,1000.0,0.000
4285.5,g4,tick,1000.0,0.000
4290.1,g1,tick,1000.0,0.000
4290.1,g2,tick,1000.0,0.000
4290.1,g4,tick,1000.0,0.000
4295.1,g1,tick,1000.0,0.000
4295.1,g2,tick,1000.0,0.000
4295.1,g4,tick,1000.0,0.000
4300.1,g1,tick,1000.0,0.000
4300.1,g2,tick,1000.0,0.000
4300.1,g4,tick,1000.0,0.000
4305.1,g1,tick,1000.0,0.000
4305.1,g2,tick,1000.0,0.000
4305.1,g4,tick,1000.0,0.000
4310.1,g1,tick,1000.0,0.000
4310.1,g2,tick,1000.0,0.000
4310.1,g4,tick,1000.0,0.000
4315.1,g1,tick,1000.0,0.000
4315.1,g2,tick,1000.0,0.000
4315.1,g4,tick,1000.0,0.000
4320.1,g1,tick,1000.0,0.000
4320.1,g2,tick,1000.0,0.000
4320.1,g4,tick,1000.0,0.000
4325.1,g1,tick,1000.0,0.000
4325.1,g2,tick,1000.0,0.000
4325.1,g4,tick,1000.0,0.000
4330.9,g1,tick,1000.0,0.000
4330.9,g2,tick,1000.0,0.000
4330.9,g4,tick,1000.0,0.000
4335.1,g1,tick,1000.0,0.000
4335.1,g2,tick,1000.0,0.000
4335.1,g4,tick,1000.0,0.000
4340.1,g1,tick,1000.0,0.000
4340.1,g2,tick,1000.0,0.000
4340.1,g4,tick,1000.0,0.000
4345.1,g1,tick,1000.0,0.000
4345.1,g2,tick,1000.0,0.000
4345.1,g4,tick,1000.0,0.000
4350.1,g1,tick,1000.0,0.000
4350.1,g2,tick,1000.0,0.000
4350.1,g4,tick,1000.0,0.000
4355.1,g1,tick,1000.0,0.000
4355.1,g2,tick,1000.0,0.000
4355.1,g4,tick,1000.0,0.000
4360.1,g1,tick,1000.0,0.000
4360.1,g2,tick,1000.0,0.000
4360.1,g4,tick,1000.0,0.000
4365.3,g1,tick,1000.0,0.000
4365.3,g2,tick,1000.0,0.000
4365.3,g4,tick,1000.0,0.000
4370.1,g1,tick,1000.0,0.000
4370.1,g2,tick,1000.0,0.000
4370.1,g4,tick,1000.0,0.000
4375.1,g1,tick,1000.0,0.000
4375.1,g2,tick,1000.0,0.000
4375.1,g4,tick,1000.0,0.000
4381.4,g1,tick,1000.0,0.000
4381.4,g2,tick,1000.0,0.000
4381.4,g4,tick,1000.0,0.000
4385.1,g1,tick,1000.0,0.000
4385.1,g2,tick,1000.0,0.000
4385.1,g4,tick,1000.0,0.000
4390.1,g1,tick,1000.0,0.000
4390.1,g2,tick,1000.0,0.000
4390.1,g4,tick,1000.0,0.000
4395.1,g1,tick,1000.0,0.000
4395.1,g2,tick,1000.0,0.000
4395.1,g4,tick,1000.0,0.000
4400.1,g1,tick,1000.0,0.000
4400.1,g2,tick,1000.0,0.000
4400.1,g4,tick,1000.0,0.000
4405.1,g1,tick,1000.0,0.000
4405.1,g2,tick,1000.0,0.000
4405.1,g4,tick,1000.0,0.000
4410.1,g1,tick,1000.0,0.000
4410.1,g2,tick,1000.0,0.000
4410.1,g4,tick,1000.0,0.000
4415.1,g1,tick,1000.0,0.000
4415.1,g2,tick,1000.0,0.000
4415.1,g4,tick,1000.0,0.000
4420.1,g1,tick,1000.0,0.000
4420.1,g2,tick,1000.0,0.000
4420.1,g4,tick,1000.0,0.000
4425.1,g1,tick,1000.0,0.000
4425.1,g2,tick,1000.0,0.000
4425.1,g4,tick,1000.0,0.000
4430.1,g1,tick,1000.0,0.000
4430.1,g2,tick,1000.0,0.000
4430.1,g4,tick,1000.0,0.000
4435.1,g1,tick,1000.0,0.000
4435.1,g2,tick,1000.0,0.000
4435.1,g4,tick,1000.0,0.000
4440.7,g1,tick,1000.0,0.000
4440.7,g2,tick,1000.0,0.000
4440.7,g4,tick,1000.0,0.000
4445.1,g1,tick,1000.0,0.000
4445.1,g2,tick,1000.0,0.000
4445.1,g4,tick,1000.0,0.000
4450.1,g1,tick,1000.0,0.000
4450.1,g2,tick,1000.0,0.000
4450.1,g4,tick,1000.0,0.000
4455.1,g1,tick,1000.0,0.000
4455.1,g2,tick,1000.0,0.000
4455.1,g4,tick,1000.0,0.000
4460.1,g1,tick,1000.0,0.000
4460.1,g2,tick,1000.0,0.000
4460.1,g4,tick,1000.0,0.000
4466.4,g1,tick,1000.0,0.000
4466.4,g2,tick,1000.0,0.000
4466.4,g4,tick,1000.0,0.000
4471.7,g1,tick,1000.0,0.000
4471.8,g2,tick,1000.0,0.000
4471.8,g4,tick,1000.0,0.000
4475.1,g1,tick,1000.0,0.000
4475.1,g2,tick,1000.0,0.000
4475.1,g4,tick,1000.0,0.000
4480.1,g1,tick,1000.0,0.000
4480.1,g2,tick,1000.0,0.000
4480.1,g4,tick,1000.0,0.000
4485.1,g1,tick,1000.0,0.000
4485.1,g2,tick,1000.0,0.000
4485.1,g4,tick,1000.0,0.000
4490.1,g1,tick,1000.0,0.000
4490.1,g2,tick,1000.0,0.000
4490.1,g4,tick,1000.0,0.000
4496.2,g1,tick,1000.0,0.000
4496.2,g2,tick,1000.0,0.000
4496.2,g4,tick,1000.0,0.000
4500.1,g1,tick,1000.0,0.000
4500.1,g2,tick,1000.0,0.000
4500.1,g4,tick,1000.0,0.000
4505.4,g1,tick,1000.0,0.000
4505.4,g2,tick,1000.0,0.000
4505.4,g4,tick,1000.0,0.000
4510.1,g1,tick,1000.0,0.000
4510.1,g2,tick,1000.0,0.000
4510.1,g4,tick,1000.0,0.000
4515.1,g1,tick,1000.0,0.000
4515.1,g2,tick,1000.0,0.000
4515.1,g4,tick,1000.0,0.000
4520.1,g1,tick,1000.0,0.000
4520.1,g2,tick,1000.0,0.000
4520.1,g4,tick,1000.0,0.000
4528.5,g1,tick,1000.0,0.000
4528.5,g2,tick,1000.0,0.000
4528.5,g4,tick,1000.0,0.000
4530.1,g1,tick,1000.0,0.000
4530.1,g2,tick,1000.0,0.000
4530.1,g4,tick,1000.0,0.000
4535.1,g1,tick,1000.0,0.000
4535.1,g2,tick,1000.0,0.000
4535.1,g4,tick,1000.0,0.000
4541.1,g1,tick,1000.0,0.000
4541.2,g2,tick,1000.0,0.000
4541.2,g4,tick,1000.0,0.000
4545.1,g1,tick,1000.0,0.000
4545.1,g2,tick,1000.0,0.000
4545.1,g4,tick,1000.0,0.000
4550.1,g1,tick,1000.0,0.000
4550.1,g2,tick,1000.0,0.000
4550.1,g4,tick,1000.0,0.000
4555.1,g1,tick,1000.0,0.000
4555.1,g2,tick,1000.0,0.000
4555.1,g4,tick,1000.0,0.000
4560.1,g1,tick,1000.0,0.000
4560.1,g2,tick,1000.0,0.000
4560.1,g4,tick,1000.0,0.000
4565.1,g1,tick,1000.0,0.000
4565.1,g2,tick,1000.0,0.000
4565.1,g4,tick,1000.0,0.000
4570.1,g1,tick,1000.0,0.000
4570.1,g2,tick,1000.0,0.000
4570.1,g4,tick,1000.0,0.000
4575.1,g1,tick,1000.0,0.000
4575.1,g2,tick,1000.0,0.000
4575.1,g4,tick,1000.0,0.000
4580.1,g1,tick,1000.0,0.000
4580.1,g2,tick,1000.0,0.000
4580.1,g4,tick,1000.0,0.000
4585.5,g1,tick,1000.0,0.000
4585.5,g2,tick,1000.0,0.000
4585.5,g4,tick,1000.0,0.000
4590.1,g1,tick,1000.0,0.000
4590.1,g2,tick,1000.0,0.000
4590.1,g4,tick,1000.0,0.000
4595.1,g1,tick,1000.0,0.000
4595.1,g2,tick,1000.0,0.000
4595.1,g4,tick,1000.0,0.000
4600.1,g1,tick,1000.0,0.000
4600.1,g2,tick,1000.0,0.000
4600.1,g4,tick,1000.0,0.000
4605.1,g1,tick,1000.0,0.000
4605.1,g2,tick,1000.0,0.000
4605.1,g4,tick,1000.0,0.000
4610.9,g1,tick,1000.0,0.000
4610.9,g2,tick,1000.0,0.000
4610.9,g4,tick,1000.0,0.000
4615.1,g1,tick,1000.0,0.000
4615.1,g2,tick,1000.0,0.000
4615.1,g4,tick,1000.0,0.000
4620.1,g1,tick,1000.0,0.000
4620.1,g2,tick,1000.0,0.000
4620.1,g4,tick,1000.0,0.000
4625.1,g1,tick,1000.0,0.000
4625.1,g2,tick,1000.0,0.000
4625.1,g4,tick,1000.0,0.000
4630.1,g1,tick,1000.0,0.000
4630.1,g2,tick,1000.0,0.000
4630.1,g4,tick,1000.0,0.000
4635.1,g1,tick,1000.0,0.000
4635.1,g2,tick,1000.0,0.000
4635.1,g4,tick,1000.0,0.000
4640.1,g1,tick,1000.0,0.000
4640.1,g2,tick,1000.0,0.000
4640.1,g4,tick,1000.0,0.000
4647.8,g1,tick,1000.0,0.000
4647.8,g2,tick,1000.0,0.000
4647.8,g4,tick,1000.0,0.000
4650.1,g1,tick,1000.0,0.000
4650.1,g2,tick,1000.0,0.000
4650.1,g4,tick,1000.0,0.000
4655.1,g1,tick,1000.0,0.000
4655.1,g2,tick,1000.0,0.000
4655.1,g4,tick,1000.0,0.000
4660.1,g1,tick,1000.0,0.000
4660.1,g2,tick,1000.0,0.000
4660.1,g4,tick,1000.0,0.000
4665.7,g1,tick,1000.0,0.000
4665.7,g2,tick,1000.0,0.000
4665.7,g4,tick,1000.0,0.000
4670.1,g1,tick,1000.0,0.000
4670.1,g2,tick,1000.0,0.000
4670.1,g4,tick,1000.0,0.000
4675.1,g1,tick,1000.0,0.000
4675.1,g2,tick,1000.0,0.000
4675.1,g4,tick,1000.0,0.000
4680.1,g1,tick,1000.0,0.000
4680.1,g2,tick,1000.0,0.000
4680.1,g4,tick,1000.0,0.000
4685.1,g1,tick,1000.0,0.000
4685.1,g2,tick,1000.0,0.000
4685.1,g4,tick,1000.0,0.000
4690.1,g1,tick,1000.0,0.000
4690.1,g2,tick,1000.0,0.000
4690.1,g4,tick,1000.0,0.000
4695.1,g1,tick,1000.0,0.000
4695.1,g2,tick,1000.0,0.000
4695.1,g4,tick,1000.0,0.000
4700.1,g1,tick,1000.0,0.000
4700.1,g2,tick,1000.0,0.000
4700.1,g4,tick,1000.0,0.000
4705.1,g1,tick,1000.0,0.000
4705.1,g2,tick,1000.0,0.000
4705.1,g4,tick,1000.0,0.000
4714.5,g1,tick,1000.0,0.000
4714.5,g2,tick,1000.0,0.000
4714.5,g4,tick,1000.0,0.000
4715.1,g1,tick,1000.0,0.000
4715.1,g2,tick,1000.0,0.000
4715.1,g4,tick,1000.0,0.000
4720.1,g1,tick,1000.0,0.000
4720.1,g2,tick,1000.0,0.000
4720.1,g4,tick,1000.0,0.000
4720.8,g1,cut,1000.0,0.062
4720.8,g2,cut,1000.0,0.062
4722.9,g1,cnp,1000.0,0.062
4723.0,g2,cnp,1000.0,0.062
4725.0,g1,cnp,1000.0,0.062
4725.1,g1,tick,1000.0,0.062
4725.1,g2,tick,1000.0,0.062
4725.1,g4,tick,1000.0,0.000
4726.2,g2,cnp,1000.0,0.062
4727.0,g1,cnp,1000.0,0.062
4728.2,g2,cnp,1000.0,0.062
4729.5,g1,cnp,1000.0,0.062
4730.0,g1,tick,1000.0,0.062
4730.0,g2,tick,1000.0,0.062
4730.0,g4,tick,1000.0,0.000
4730.4,g2,cnp,1000.0,0.062
4732.3,g1,cut,968.8,0.121
4734.0,g2,cut,968.8,0.121
4735.6,g1,tick,968.8,0.121
4735.6,g2,tick,968.8,0.121
4735.6,g4,tick,1000.0,0.000
4735.6,g1,cnp,968.8,0.121
4736.1,g2,cnp,968.8,0.121
4736.4,g1,cnp,968.8,0.121
4739.2,g1,cnp,968.8,0.121
4739.2,g2,cnp,968.8,0.121
4740.1,g1,tick,968.8,0.121
4740.1,g2,tick,968.8,0.121
4740.1,g4,tick,1000.0,0.000
4741.2,g2,cnp,968.8,0.121
4744.4,g1,cut,910.1,0.176
4746.8,g2,cut,910.1,0.176
4746.8,g2,cnp,910.1,0.176
4749.2,g1,tick,910.1,0.176
4749.2,g2,tick,910.1,0.176
4749.2,g4,tick,1000.0,0.000
4749.2,g1,cnp,910.1,0.176
4751.0,g1,cnp,910.1,0.176
4751.0,g2,cnp,910.1,0.176
4751.0,g1,tick,910.1,0.176
4751.0,g2,tick,910.1,0.176
4751.0,g4,tick,1000.0,0.000
4752.2,g1,cnp,910.1,0.176
4752.3,g2,cnp,910.1,0.176
4755.1,g1,tick,910.1,0.176
4755.1,g2,tick,910.1,0.176
4755.1,g4,tick,1000.0,0.000
4756.0,g2,cnp,910.1,0.176
4756.1,g1,cut,830.0,0.228
4760.9,g1,tick,830.0,0.228
4760.9,g2,tick,910.1,0.176
4760.9,g4,tick,1000.0,0.000
4760.9,g1,cnp,830.0,0.228
4760.9,g1,cnp,830.0,0.228
4760.9,g2,cut,830.0,0.228
4760.9,g2,cnp,830.0,0.228
4763.4,g1,cnp,830.0,0.228
4763.4,g2,cnp,830.0,0.228
4765.4,g1,tick,830.0,0.228
4765.4,g2,tick,830.0,0.228
4765.4,g4,tick,1000.0,0.000
4765.7,g2,cnp,830.0,0.228
4766.4,g1,cut,735.6,0.276
4768.3,g2,cnp,830.0,0.228
4770.1,g1,tick,735.6,0.276
4770.1,g2,tick,830.0,0.228
4770.1,g4,tick,1000.0,0.000
4770.8,g2,cnp,830.0,0.228
4776.0,g1,cnp,735.6,0.276
4776.0,g2,cut,735.6,0.276
4777.8,g1,tick,735.6,0.276
4777.8,g2,tick,735.6,0.276
4777.8,g4,tick,1000.0,0.000
4777.9,g2,cnp,735.6,0.276
4778.8,g1,cut,634.1,0.321
4783.1,g1,tick,634.1,0.321
4783.1,g2,tick,735.6,0.276
4783.1,g4,tick,1000.0,0.000
4783.1,g1,cnp,634.1,0.321
4783.1,g2,cnp,735.6,0.276
4784.1,g2,cnp,735.6,0.276
4785.1,g1,tick,634.1,0.321
4785.1,g2,tick,735.6,0.276
4785.2,g4,tick,1000.0,0.000
4785.9,g1,cnp,634.1,0.321
4787.7,g2,cut,634.1,0.321
4789.7,g1,cut,532.3,0.363
4791.4,g1,tick,532.3,0.363
4791.4,g2,tick,634.1,0.321
4791.4,g4,tick,1000.0,0.000
4791.5,g1,cnp,532.3,0.363
4793.0,g2,cnp,634.1,0.321
4794.8,g1,cnp,532.3,0.363
4795.1,g1,tick,532.3,0.363
4795.1,g2,tick,634.1,0.321
4795.1,g4,tick,1000.0,0.000
4796.5,g2,cnp,634.1,0.321
4798.4,g4,cut,1000.0,0.062
4804.7,g4,cnp,1000.0,0.062
4808.0,g1,tick,583.2,0.341
4808.0,g2,tick,634.1,0.321
4808.0,g4,tick,1000.0,0.062
4808.0,g4,cnp,1000.0,0.062
4812.3,g1,tick,608.7,0.319
4814.0,g2,tick,684.9,0.301
4814.0,g4,tick,1000.0,0.062
4814.0,g1,cut,511.5,0.362
4814.0,g1,cnp,511.5,0.362
4815.8,g2,cut,581.8,0.345
4815.8,g2,cnp,581.8,0.345
4817.1,g4,cut,968.8,0.121
4817.1,g4,cnp,968.8,0.121
4817.1,g4,cnp,968.8,0.121
4817.1,g4,cnp,968.8,0.121
4820.7,g1,tick,511.5,0.362
4820.7,g2,tick,581.8,0.345
4820.8,g4,tick,968.8,0.121
4820.8,g1,cnp,511.5,0.362
4820.8,g1,cnp,511.5,0.362
4820.8,g2,cnp,581.8,0.345
4820.8,g2,cnp,581.8,0.345
4820.8,g1,tick,511.5,0.362
4820.8,g2,tick,581.8,0.345
4820.8,g4,tick,984.4,0.114
4822.8,g1,tick,560.1,0.339
4826.1,g2,tick,633.3,0.323
4828.4,g4,tick,992.2,0.106
4828.5,g1,cut,465.0,0.381
4828.5,g1,cnp,465.0,0.381
4828.5,g1,cnp,465.0,0.381
4830.4,g2,cut,531.0,0.365
4830.4,g2,cnp,531.0,0.365
4830.4,g2,cnp,531.0,0.365
4834.7,g1,tick,465.0,0.381
4834.7,g2,tick,531.0,0.365
4834.7,g4,tick,996.1,0.100
4834.7,g1,cnp,465.0,0.381
4834.7,g1,cnp,465.0,0.381
4834.7,g1,cnp,465.0,0.381
4834.8,g2,cnp,531.0,0.365
4834.8,g1,tick,465.0,0.381
4834.8,g2,tick,531.0,0.365
4834.8,g4,tick,998.0,0.094
4834.8,g1,cnp,465.0,0.381
4835.1,g1,tick,465.0,0.381
4837.7,g2,tick,582.2,0.343
4837.7,g4,tick,999.0,0.088
4837.7,g1,cnp,465.0,0.381
4837.8,g2,cnp,582.2,0.343
4840.1,g1,tick,465.0,0.381
4840.1,g2,tick,582.2,0.343
4840.1,g4,tick,999.5,0.082
4841.6,g1,cut,376.5,0.419
4843.9,g2,cut,482.4,0.384
4848.0,g4,cut,958.4,0.140
4848.0,g4,cnp,958.4,0.140
4848.0,g4,cnp,958.4,0.140
4851.9,g1,tick,376.5,0.419
4851.9,g2,tick,482.4,0.384
4851.9,g4,tick,958.4,0.140
4851.9,g4,cnp,958.4,0.140
4853.8,g1,tick,420.8,0.393
4858.8,g2,tick,532.3,0.360
4858.8,g4,tick,958.4,0.140
4858.8,g1,cut,338.1,0.431
4858.8,g1,cnp,338.1,0.431
4861.1,g4,cut,891.5,0.193
4861.1,g4,cnp,891.5,0.193
4865.4,g1,tick,338.1,0.431
4871.0,g2,tick,557.2,0.337
4871.0,g4,tick,891.5,0.193
4871.0,g1,cut,265.2,0.467
4871.0,g1,cnp,265.2,0.467
4871.0,g1,cnp,265.2,0.467
4875.6,g2,cut,463.3,0.379
4875.6,g2,cnp,463.3,0.379
4875.6,g2,cnp,463.3,0.379
4875.6,g2,cnp,463.3,0.379
4875.6,g2,cnp,463.3,0.379
4875.6,g2,cnp,463.3,0.379
4878.0,g1,tick,265.2,0.467
4878.0,g2,tick,463.3,0.379
4881.7,g4,tick,925.0,0.181
4881.8,g1,cut,203.3,0.500
4881.8,g1,cnp,203.3,0.500
4881.8,g1,cnp,203.3,0.500
4881.8,g1,cnp,203.3,0.500
4886.7,g2,cut,375.6,0.417
4886.7,g2,cnp,375.6,0.417
4886.7,g2,cnp,375.6,0.417
4886.7,g2,cnp,375.6,0.417
4888.7,g1,tick,203.3,0.500
4888.7,g2,tick,375.6,0.417
4888.7,g4,tick,941.7,0.170
4888.7,g1,cnp,203.3,0.500
4888.7,g1,cnp,203.3,0.500
4888.7,g1,cnp,203.3,0.500
4888.7,g2,cnp,375.6,0.417
4888.8,g1,tick,203.3,0.500
4888.8,g2,tick,375.6,0.417
4892.0,g4,tick,950.1,0.159
4892.0,g1,cut,152.5,0.531
4894.2,g2,cnp,375.6,0.417
4894.2,g1,tick,152.5,0.531
4894.2,g2,tick,375.6,0.417
4894.2,g4,tick,954.2,0.149
4894.2,g1,cnp,152.5,0.531
4894.2,g1,tick,152.5,0.531
4896.0,g2,tick,419.4,0.391
4896.0,g4,tick,956.3,0.140
4897.5,g1,tick,177.9,0.498
4899.1,g2,tick,441.3,0.367
4899.1,g4,tick,962.4,0.131
4899.1,g1,cnp,177.9,0.498
4899.1,g2,cut,360.4,0.406
4899.1,g2,cnp,360.4,0.406
4905.5,g1,tick,177.9,0.498
4905.5,g2,tick,360.4,0.406
4909.3,g4,tick,970.4,0.123
4909.3,g2,cut,287.1,0.444
4909.3,g2,cnp,287.1,0.444
4911.5,g4,cut,910.7,0.178
4911.5,g4,cnp,910.7,0.178
4911.5,g4,cnp,910.7,0.178
4911.5,g4,cnp,910.7,0.178
4915.3,g1,tick,190.6,0.467
4915.3,g2,tick,287.1,0.444
4915.3,g4,tick,910.7,0.178
4915.4,g2,cnp,287.1,0.444
4915.4,g4,cnp,910.7,0.178
4921.0,g1,tick,197.0,0.438
4921.0,g2,tick,287.1,0.444
4921.0,g4,tick,910.7,0.178
4921.1,g2,cut,223.4,0.478
4921.1,g2,cnp,223.4,0.478
4923.4,g4,cut,829.7,0.229
4929.5,g1,tick,200.1,0.410
4929.5,g2,tick,223.4,0.478
4929.5,g4,tick,829.7,0.229
4929.5,g1,cut,159.1,0.447
4929.5,g1,cnp,159.1,0.447
4929.5,g1,cnp,159.1,0.447
4930.9,g2,cnp,223.4,0.478
4930.9,g2,cnp,223.4,0.478
4930.9,g2,cnp,223.4,0.478
4930.9,g2,cnp,223.4,0.478
4930.9,g2,cnp,223.4,0.478
4930.9,g1,tick,159.1,0.447
4930.9,g2,tick,223.4,0.478
4932.8,g4,tick,870.2,0.215
4932.8,g1,cnp,159.1,0.447
4932.8,g2,cut,170.0,0.511
4934.6,g1,tick,159.1,0.447
4934.6,g2,tick,170.0,0.511
4936.5,g4,tick,890.4,0.201
4936.5,g1,cnp,159.1,0.447
4936.6,g2,cnp,170.0,0.511
4936.6,g2,cnp,170.0,0.511
4936.6,g1,tick,159.1,0.447
4936.6,g2,tick,170.0,0.511
4936.6,g4,tick,900.6,0.189
4938.3,g1,tick,179.6,0.419
4949.7,g2,tick,196.7,0.479
4949.8,g4,tick,905.6,0.177
4949.8,g1,cut,142.0,0.456
4949.8,g1,cnp,142.0,0.456
4949.8,g1,cnp,142.0,0.456
4949.8,g1,cnp,142.0,0.456
4949.8,g1,cnp,142.0,0.456
4949.8,g1,cnp,142.0,0.456
4951.4,g2,cut,149.6,0.512
4951.4,g2,cnp,149.6,0.512
4951.4,g2,cnp,149.6,0.512
4954.6,g1,tick,142.0,0.456
4954.6,g2,tick,149.6,0.512
4954.6,g4,tick,908.2,0.166
4954.6,g1,cnp,142.0,0.456
4954.6,g1,cnp,142.0,0.456
4954.6,g2,cnp,149.6,0.512
4954.6,g1,tick,142.0,0.456
4954.6,g2,tick,149.6,0.512
4956.2,g4,tick,914.4,0.156
4956.2,g1,cnp,142.0,0.456
4956.2,g1,tick,142.0,0.456
4958.4,g2,tick,173.2,0.480
4958.4,g4,tick,922.6,0.146
4958.4,g1,cnp,142.0,0.456
4958.4,g1,tick,142.0,0.456
4962.3,g2,tick,184.9,0.450
4962.3,g4,tick,931.6,0.137
4962.3,g1,cut,109.6,0.490
4962.3,g1,cnp,109.6,0.490
4964.5,g1,tick,109.6,0.490
4966.4,g2,tick,190.8,0.422
4970.5,g4,tick,941.2,0.128
4970.5,g1,cnp,109.6,0.490
4970.6,g1,cnp,109.6,0.490
4970.6,g1,cnp,109.6,0.490
4970.6,g2,cut,150.6,0.458
4973.8,g4,cut,880.8,0.183
4973.8,g4,cnp,880.8,0.183
4973.8,g4,cnp,880.8,0.183
4977.7,g1,tick,109.6,0.490
4977.7,g2,tick,150.6,0.458
4977.7,g4,tick,880.8,0.183
4977.7,g4,cnp,880.8,0.183
4977.7,g4,cnp,880.8,0.183
4980.3,g1,tick,125.8,0.459
4984.6,g2,tick,170.7,0.429
4984.6,g4,tick,880.8,0.183
4984.6,g1,cut,96.9,0.493
4986.0,g4,cut,800.3,0.234
4986.0,g4,cnp,800.3,0.234
4990.4,g1,tick,96.9,0.493
4994.3,g2,tick,180.8,0.402
4994.3,g4,tick,800.3,0.234
4994.3,g1,cnp,96.9,0.493
4994.3,g1,cnp,96.9,0.493
4994.4,g1,cnp,96.9,0.493
4994.4,g1,cnp,96.9,0.493
4994.4,g1,tick,96.9,0.493
4997.4,g2,tick,185.8,0.377
5005.3,g4,tick,840.6,0.219
5005.3,g1,cut,73.0,0.525
5006.6,g2,cut,150.8,0.416
5006.6,g2,cnp,150.8,0.416
5010.0,g1,tick,73.0,0.525
5010.0,g2,tick,150.8,0.416
5011.8,g4,tick,860.7,0.206
5011.9,g1,cnp,73.0,0.525
5011.9,g2,cnp,150.8,0.416
5011.9,g2,cnp,150.8,0.416
5011.9,g1,tick,73.0,0.525
5011.9,g2,tick,150.8,0.416
5011.9,g4,tick,870.7,0.193
5016.2,g1,tick,85.0,0.492
5018.7,g2,tick,168.3,0.390
5018.7,g4,tick,875.8,0.181
5018.7,g1,cut,64.1,0.523
5018.7,g1,cnp,64.1,0.523
5018.7,g1,cnp,64.1,0.523
5020.7,g2,cut,135.5,0.428
5020.8,g2,cnp,135.5,0.428
5022.4,g1,tick,64.1,0.523
5022.4,g2,tick,135.5,0.428
5024.4,g4,tick,878.3,0.169
5024.4,g1,cnp,64.1,0.523
5024.4,g1,cnp,64.1,0.523
5024.4,g2,cnp,135.5,0.428
5024.5,g1,tick,64.1,0.523
5024.5,g2,tick,135.5,0.428
5024.5,g4,tick,884.5,0.159
5025.8,g1,tick,74.5,0.491
5030.5,g2,tick,151.9,0.401
5030.5,g4,tick,892.7,0.149
5030.5,g2,cnp,151.9,0.401
5030.5,g2,cnp,151.9,0.401
5030.5,g4,cut,826.2,0.202
5036.7,g1,tick,79.8,0.460
5036.7,g2,tick,151.9,0.401
5036.7,g4,tick,826.2,0.202
5036.7,g4,cnp,826.2,0.202
5036.7,g4,cnp,826.2,0.202
5036.7,g4,cnp,826.2,0.202
5039.3,g1,tick,82.4,0.431
5042.2,g2,tick,160.1,0.376
5042.2,g4,tick,826.2,0.202
5042.2,g4,cut,742.8,0.252
5042.3,g4,cnp,742.8,0.252
5042.3,g4,cnp,742.8,0.252
5049.3,g1,tick,83.7,0.404
5051.1,g2,tick,164.2,0.353
5051.1,g4,tick,742.8,0.252
5051.1,g1,cut,66.8,0.442
5051.1,g1,cnp,66.8,0.442
5051.1,g1,cnp,66.8,0.442
5051.1,g1,cnp,66.8,0.442
5054.0,g4,cut,649.2,0.299
5056.6,g1,tick,66.8,0.442
5056.6,g2,tick,166.2,0.331
5056.6,g4,tick,649.2,0.299
5056.6,g1,cnp,66.8,0.442
5056.6,g2,cut,138.7,0.373
5056.6,g2,cnp,138.7,0.373
5056.6,g2,cnp,138.7,0.373
5059.9,g1,tick,66.8,0.442
5059.9,g2,tick,138.7,0.373
5062.8,g4,tick,696.0,0.280
5062.8,g1,cut,52.0,0.477
5064.6,g2,cnp,138.7,0.373
5064.7,g2,cnp,138.7,0.373
5064.7,g2,cnp,138.7,0.373
5064.7,g1,tick,52.0,0.477
5064.7,g2,tick,138.7,0.373
5067.9,g4,tick,719.4,0.262
5067.9,g1,cnp,52.0,0.477
5067.9,g1,cnp,52.0,0.477
5067.9,g4,cut,625.0,0.309
5067.9,g4,cnp,625.0,0.309
5070.1,g1,tick,52.0,0.477
5072.8,g2,tick,152.5,0.349
5072.8,g4,tick,625.0,0.309
5072.8,g1,cut,39.6,0.509
5076.0,g4,cnp,625.0,0.309
5076.0,g4,cnp,625.0,0.309
5076.0,g1,tick,39.6,0.509
5078.4,g2,tick,159.4,0.327
5078.4,g4,tick,625.0,0.309
5078.4,g1,cnp,39.6,0.509
5078.4,g1,cnp,39.6,0.509
5078.4,g1,cnp,39.6,0.509
5078.4,g2,cut,133.3,0.369
5079.8,g1,tick,39.6,0.509
5079.8,g2,tick,133.3,0.369
5083.6,g4,tick,672.2,0.289
5083.6,g1,cut,29.5,0.540
5083.6,g1,cnp,29.5,0.540
5087.7,g2,cnp,133.3,0.369
5087.7,g2,cnp,133.3,0.369
5087.7,g2,cnp,133.3,0.369
5087.7,g2,cnp,133.3,0.369
5087.7,g1,tick,29.5,0.540
5087.7,g2,tick,133.3,0.369
5089.4,g4,tick,695.8,0.271
5089.4,g1,cnp,29.5,0.540
5089.4,g1,cnp,29.5,0.540
5089.4,g1,cnp,29.5,0.540
5089.4,g2,cut,108.6,0.409
5093.7,g4,cut,601.4,0.317
5093.7,g4,cnp,601.4,0.317
5095.4,g1,tick,29.5,0.540
5095.4,g2,tick,108.6,0.409
5095.4,g4,tick,601.4,0.317
5095.4,g4,cnp,601.4,0.317
5097.4,g1,tick,34.6,0.506
5100.0,g2,tick,121.0,0.383
5100.0,g4,tick,601.4,0.317
5100.0,g1,cut,25.8,0.537
5102.5,g2,cut,97.8,0.422
5102.5,g2,cnp,97.8,0.422
5104.0,g4,cut,506.2,0.359
5104.0,g4,cnp,506.2,0.359
5104.0,g4,cnp,506.2,0.359
5107.8,g1,tick,25.8,0.537
5107.8,g2,tick,97.8,0.422
5107.8,g4,tick,506.2,0.359
5107.8,g1,cnp,25.8,0.537
5107.8,g1,cnp,25.8,0.537
5107.8,g1,cnp,25.8,0.537
5107.8,g2,cnp,97.8,0.422
5107.8,g2,cnp,97.8,0.422
5107.8,g2,cnp,97.8,0.422
5107.8,g4,cnp,506.2,0.359
5107.8,g4,cnp,506.2,0.359
5107.8,g1,tick,25.8,0.537
5107.8,g2,tick,97.8,0.422
5107.8,g4,tick,506.2,0.359
5109.9,g1,tick,30.2,0.503
5113.2,g2,tick,109.4,0.396
5117.4,g4,tick,553.8,0.337
5117.4,g1,cut,22.6,0.534
5117.4,g1,cnp,22.6,0.534
5117.4,g1,cnp,22.6,0.534
5121.4,g2,cut,87.7,0.433
5121.5,g2,cnp,87.7,0.433
5121.5,g2,cnp,87.7,0.433
5121.5,g2,cnp,87.7,0.433
5121.5,g2,cnp,87.7,0.433
5121.5,g2,cnp,87.7,0.433
5124.4,g1,tick,22.6,0.534
5124.4,g2,tick,87.7,0.433
5131.9,g4,tick,577.6,0.316
5131.9,g1,cut,16.6,0.564
5131.9,g1,cnp,16.6,0.564
5131.9,g1,cnp,16.6,0.564
5131.9,g1,cnp,16.6,0.564
5136.3,g2,cut,68.7,0.469
5138.4,g4,cut,486.4,0.359
5138.4,g4,cnp,486.4,0.359
5138.4,g4,cnp,486.4,0.359
5138.4,g4,cnp,486.4,0.359
5138.4,g4,cnp,486.4,0.359
5138.4,g4,cnp,486.4,0.359
5143.6,g1,tick,16.6,0.564
5143.6,g2,tick,68.7,0.469
5143.6,g4,tick,486.4,0.359
5143.6,g1,cut,11.9,0.591
5143.6,g1,cnp,11.9,0.591
5143.6,g1,cnp,11.9,0.591
5146.7,g2,cut,52.6,0.502
5146.7,g2,cnp,52.6,0.502
5146.7,g2,cnp,52.6,0.502
5146.7,g2,cnp,52.6,0.502
5150.4,g1,tick,11.9,0.591
5150.4,g2,tick,52.6,0.502
5151.7,g4,tick,532.0,0.336
5151.7,g1,cnp,11.9,0.591
5151.7,g1,cnp,11.9,0.591
5151.7,g1,cnp,11.9,0.591
5151.8,g2,cnp,52.6,0.502
5151.8,g2,cnp,52.6,0.502
5151.8,g4,cut,442.6,0.378
5151.8,g4,cnp,442.6,0.378
5153.5,g1,tick,11.9,0.591
5153.5,g2,tick,52.6,0.502
5153.5,g4,tick,442.6,0.378
5153.5,g1,cnp,11.9,0.591
5153.5,g2,cnp,52.6,0.502
5153.5,g4,cnp,442.6,0.378
5153.5,g1,tick,11.9,0.591
5153.5,g2,tick,52.6,0.502
5153.5,g4,tick,442.6,0.378
5154.9,g1,tick,14.2,0.554
5156.4,g2,tick,60.7,0.471
5158.0,g4,tick,487.3,0.354
5158.0,g1,cut,10.3,0.582
5158.0,g1,cnp,10.3,0.582
5160.0,g2,cut,46.4,0.504
5160.0,g2,cnp,46.4,0.504
5160.0,g2,cnp,46.4,0.504
5163.2,g4,cut,401.0,0.395
5163.2,g4,cnp,401.0,0.395
5163.2,g4,cnp,401.0,0.395
5163.2,g4,cnp,401.0,0.395
5165.5,g1,tick,10.3,0.582
5165.5,g2,tick,46.4,0.504
5165.5,g4,tick,401.0,0.395
5165.5,g1,cnp,10.3,0.582
5165.5,g1,cnp,10.3,0.582
5165.5,g2,cnp,46.4,0.504
5165.5,g2,cnp,46.4,0.504
5165.5,g4,cnp,401.0,0.395
5165.5,g1,tick,10.3,0.582
5165.5,g2,tick,46.4,0.504
5165.5,g4,tick,401.0,0.395
5170.5,g1,tick,12.3,0.545
5178.9,g2,tick,53.5,0.472
5181.3,g4,tick,444.1,0.370
5181.3,g1,cut,8.9,0.574
5181.3,g1,cnp,8.9,0.574
5181.3,g1,cnp,8.9,0.574
5181.3,g1,cnp,8.9,0.574
5182.7,g2,cut,40.9,0.505
5182.7,g2,cnp,40.9,0.505
5182.7,g2,cnp,40.9,0.505
5182.7,g2,cnp,40.9,0.505
5182.8,g2,cnp,40.9,0.505
5182.8,g2,cnp,40.9,0.505
5184.1,g4,cut,362.0,0.409
5184.1,g4,cnp,362.0,0.409
5184.1,g4,cnp,362.0,0.409
5184.2,g4,cnp,362.0,0.409
5184.2,g4,cnp,362.0,0.409
5184.2,g4,cnp,362.0,0.409
5184.2,g4,cnp,362.0,0.409
5184.2,g4,cnp,362.0,0.409
5187.2,g1,tick,8.9,0.574
5187.2,g2,tick,40.9,0.505
5187.2,g4,tick,362.0,0.409
5187.2,g1,cnp,8.9,0.574
5187.2,g1,cnp,8.9,0.574
5187.2,g2,cnp,40.9,0.505
5187.2,g2,cnp,40.9,0.505
5187.2,g1,tick,8.9,0.574
5187.2,g2,tick,40.9,0.505
5189.7,g4,tick,403.1,0.384
5189.7,g2,cnp,40.9,0.505
5189.7,g4,cnp,403.1,0.384
5191.8,g1,tick,10.6,0.538
5191.8,g2,tick,40.9,0.505
5191.8,g4,tick,403.1,0.384
5191.8,g4,cnp,403.1,0.384
5194.6,g1,tick,11.4,0.504
5196.3,g2,tick,47.2,0.474
5196.3,g4,tick,403.1,0.384
5196.3,g4,cut,325.7,0.422
5196.3,g4,cnp,325.7,0.422
5201.8,g1,tick,11.8,0.473
5205.2,g2,tick,50.4,0.444
5205.2,g4,tick,325.7,0.422
5205.2,g1,cut,9.0,0.506
5205.2,g1,cnp,9.0,0.506
5207.5,g2,cut,39.2,0.479
5207.6,g2,cnp,39.2,0.479
5207.6,g2,cnp,39.2,0.479
5211.4,g4,cut,257.0,0.458
5211.4,g4,cnp,257.0,0.458
5211.4,g4,cnp,257.0,0.458
5211.4,g4,cnp,257.0,0.458
5211.4,g4,cnp,257.0,0.458
5211.4,g4,cnp,257.0,0.458
5212.9,g1,tick,9.0,0.506
5212.9,g2,tick,39.2,0.479
5212.9,g4,tick,257.0,0.458
5212.9,g1,cnp,9.0,0.506
5212.9,g2,cnp,39.2,0.479
5212.9,g2,cnp,39.2,0.479
5212.9,g4,cnp,257.0,0.458
5212.9,g1,tick,9.0,0.506
5212.9,g2,tick,39.2,0.479
5212.9,g4,tick,257.0,0.458
5214.3,g1,tick,10.4,0.474
5219.1,g2,tick,44.8,0.449
5222.5,g4,tick,291.4,0.430
5222.5,g1,cut,8.0,0.507
5222.5,g1,cnp,8.0,0.507
5224.2,g2,cut,34.7,0.483
5224.2,g2,cnp,34.7,0.483
5224.2,g2,cnp,34.7,0.483
5224.2,g2,cnp,34.7,0.483
5226.7,g4,cut,228.8,0.465
5226.8,g4,cnp,228.8,0.465
5226.8,g4,cnp,228.8,0.465
5226.8,g4,cnp,228.8,0.465
5226.8,g4,cnp,228.8,0.465
5228.5,g1,tick,8.0,0.507
5228.5,g2,tick,34.7,0.483
5228.5,g4,tick,228.8,0.465
5228.5,g1,cnp,8.0,0.507
5228.5,g2,cnp,34.7,0.483
5228.5,g1,tick,8.0,0.507
5228.5,g2,tick,34.7,0.483
5230.2,g4,tick,260.1,0.436
5230.2,g1,cnp,8.0,0.507
5230.2,g2,cnp,34.7,0.483
5230.2,g4,cnp,260.1,0.436
5230.2,g1,tick,8.0,0.507
5230.2,g2,tick,34.7,0.483
5230.2,g4,tick,260.1,0.436
5231.9,g1,tick,9.2,0.475
5233.9,g2,tick,39.8,0.453
5235.2,g4,tick,275.7,0.409
5235.2,g2,cut,30.8,0.487
5237.7,g4,cut,219.3,0.446
5237.8,g4,cnp,219.3,0.446
5245.5,g1,tick,9.8,0.446
5245.5,g2,tick,30.8,0.487
5245.5,g4,tick,219.3,0.446
5245.5,g1,cut,7.6,0.480
5245.5,g1,cnp,7.6,0.480
5246.8,g2,cut,23.3,0.519
5246.8,g2,cnp,23.3,0.519
5246.8,g2,cnp,23.3,0.519
5246.8,g2,cnp,23.3,0.519
5248.7,g4,cut,170.4,0.481
5248.8,g4,cnp,170.4,0.481
5248.8,g4,cnp,170.4,0.481
5248.8,g4,cnp,170.4,0.481
5248.8,g4,cnp,170.4,0.481
5250.1,g1,tick,7.6,0.480
5250.1,g2,tick,23.3,0.519
5250.1,g4,tick,170.4,0.481
5250.1,g1,cnp,7.6,0.480
5250.1,g2,cnp,23.3,0.519
5250.1,g2,cnp,23.3,0.519
5250.1,g4,cnp,170.4,0.481
5250.1,g1,tick,7.6,0.480
5250.1,g2,tick,23.3,0.519
5250.1,g4,tick,170.4,0.481
5252.3,g1,tick,8.7,0.450
5254.9,g2,tick,27.0,0.487
5256.9,g4,tick,194.9,0.450
5256.9,g1,cut,6.8,0.485
5256.9,g1,cnp,6.8,0.485
5259.6,g2,cut,20.4,0.519
5259.6,g2,cnp,20.4,0.519
5259.6,g2,cnp,20.4,0.519
5261.3,g4,cut,151.0,0.485
5261.3,g4,cnp,151.0,0.485
5261.3,g4,cnp,151.0,0.485
5261.3,g4,cnp,151.0,0.485
5261.3,g4,cnp,151.0,0.485
5264.9,g1,tick,6.8,0.485
5264.9,g2,tick,20.4,0.519
5264.9,g4,tick,151.0,0.485
5264.9,g1,cnp,6.8,0.485
5264.9,g1,cnp,6.8,0.485
5264.9,g1,cnp,6.8,0.485
5265.0,g2,cnp,20.4,0.519
5265.0,g2,cnp,20.4,0.519
5265.0,g4,cnp,151.0,0.485
5265.0,g4,cnp,151.0,0.485
5265.0,g1,tick,6.8,0.485
5265.0,g2,tick,20.4,0.519
5265.0,g4,tick,151.0,0.485
5268.7,g1,tick,7.7,0.454
5270.3,g2,tick,23.7,0.486
5271.7,g4,tick,172.9,0.455
5271.7,g1,cut,6.0,0.488
5271.7,g1,cnp,6.0,0.488
5274.9,g2,cut,18.0,0.519
5274.9,g2,cnp,18.0,0.519
5274.9,g2,cnp,18.0,0.519
5277.8,g4,cut,133.6,0.489
5277.8,g4,cnp,133.6,0.489
5277.8,g4,cnp,133.6,0.489
5277.8,g4,cnp,133.6,0.489
5277.8,g4,cnp,133.6,0.489
5288.6,g1,tick,6.0,0.488
5288.6,g2,tick,18.0,0.519
5288.6,g4,tick,133.6,0.489
5288.6,g1,cut,5.0,0.520
5288.6,g1,cnp,5.0,0.520
5291.1,g2,cut,13.3,0.549
5293.0,g4,cut,101.0,0.521
5293.0,g4,cnp,101.0,0.521
5294.8,g1,tick,5.0,0.520
5294.8,g2,tick,13.3,0.549
5294.8,g4,tick,101.0,0.521
5296.2,g1,tick,5.5,0.488
5297.9,g2,tick,15.6,0.514
5300.8,g4,tick,117.3,0.488
5303.3,g1,tick,5.7,0.457
5306.0,g2,tick,16.8,0.482
5307.6,g4,tick,125.5,0.458
5311.6,g1,tick,5.9,0.429
5314.2,g2,tick,17.4,0.452
5315.6,g4,tick,129.6,0.429
5315.6,g1,tick,5.9,0.402
5315.6,g2,tick,17.7,0.424
5315.6,g4,tick,131.6,0.402
5315.6,g1,tick,6.0,0.377
5317.5,g2,tick,17.8,0.397
5320.2,g4,tick,132.6,0.377
5321.7,g1,tick,11.0,0.353
5323.3,g2,tick,22.9,0.373
5324.6,g4,tick,138.1,0.353
5330.7,g1,tick,18.5,0.331
5333.0,g2,tick,30.4,0.349
5350.5,g4,tick,145.9,0.331
5355.5,g1,tick,27.2,0.311
5357.3,g2,tick,39.2,0.327
5358.7,g4,tick,154.8,0.311
5360.6,g1,tick,36.6,0.291
5362.0,g2,tick,48.6,0.307
5365.1,g4,tick,164.2,0.291
5366.8,g1,tick,46.3,0.273
5368.8,g2,tick,58.3,0.288
5374.7,g4,tick,173.9,0.273
5376.2,g1,tick,76.1,0.256
5377.9,g2,tick,88.1,0.270
5379.4,g4,tick,203.8,0.256
5381.4,g1,tick,116.1,0.240
5384.1,g2,tick,128.0,0.253
5385.6,g4,tick,243.7,0.240
5390.7,g1,tick,161.0,0.225
5393.0,g2,tick,173.0,0.237
5394.8,g4,tick,288.7,0.225
5394.8,g1,cut,142.9,0.273
5396.9,g2,cut,152.5,0.285
5398.3,g1,tick,142.9,0.273
5398.3,g2,tick,152.5,0.285
5400.2,g4,tick,336.2,0.211
5405.7,g1,tick,152.0,0.256
5407.5,g2,tick,162.7,0.267
5409.8,g4,tick,384.9,0.198
5409.8,g1,cut,132.5,0.303
5409.9,g1,cnp,132.5,0.303
5411.5,g2,cut,141.0,0.313
5411.5,g2,cnp,141.0,0.313
5415.6,g4,cut,346.8,0.248
5415.6,g4,cnp,346.8,0.248
5415.6,g4,cnp,346.8,0.248
5423.1,g1,tick,132.5,0.303
5423.1,g2,tick,141.0,0.313
5423.1,g4,tick,346.8,0.248
5423.1,g1,cut,112.4,0.346
5423.1,g1,cnp,112.4,0.346
5423.1,g1,cnp,112.4,0.346
5423.1,g1,cnp,112.4,0.346
5425.9,g2,cut,119.0,0.356
5425.9,g2,cnp,119.0,0.356
5425.9,g2,cnp,119.0,0.356
5425.9,g2,cnp,119.0,0.356
5425.9,g2,cnp,119.0,0.356
5428.4,g4,cut,303.9,0.295
5428.4,g4,cnp,303.9,0.295
5428.4,g4,cnp,303.9,0.295
5428.4,g4,cnp,303.9,0.295
5428.5,g4,cnp,303.9,0.295
5431.1,g1,tick,112.4,0.346
5431.1,g2,tick,119.0,0.356
5431.1,g4,tick,303.9,0.295
5431.1,g1,cnp,112.4,0.346
5431.1,g1,cnp,112.4,0.346
5431.1,g1,cnp,112.4,0.346
5431.1,g2,cnp,119.0,0.356
5431.1,g2,cnp,119.0,0.356
5431.1,g4,cnp,303.9,0.295
5431.1,g1,tick,112.4,0.346
5431.1,g2,tick,119.0,0.356
5431.1,g4,tick,303.9,0.295
5432.5,g1,tick,122.5,0.325
5434.2,g2,tick,130.0,0.334
5438.9,g4,tick,325.4,0.276
5438.9,g1,cut,102.6,0.367
5438.9,g1,cnp,102.6,0.367
5441.7,g2,cut,108.3,0.375
5441.7,g2,cnp,108.3,0.375
5443.2,g4,cut,280.4,0.322
5443.2,g4,cnp,280.4,0.322
5444.7,g1,tick,102.6,0.367
5444.7,g2,tick,108.3,0.375
5444.7,g4,tick,280.4,0.322
5444.7,g1,cnp,102.6,0.367
5444.7,g2,cnp,108.3,0.375
5444.7,g4,cnp,280.4,0.322
5444.7,g1,tick,102.6,0.367
5444.7,g2,tick,108.3,0.375
5444.7,g4,tick,280.4,0.322
5446.9,g1,tick,112.5,0.344
5450.2,g2,tick,119.1,0.352
5452.0,g4,tick,302.9,0.302
5452.1,g1,cut,93.2,0.385
5452.1,g1,cnp,93.2,0.385
5453.7,g2,cut,98.2,0.392
5453.7,g2,cnp,98.2,0.392
5453.7,g2,cnp,98.2,0.392
5461.6,g4,cut,257.2,0.345
5461.6,g4,cnp,257.2,0.345
5461.6,g4,cnp,257.2,0.345
5461.6,g4,cnp,257.2,0.345
5463.1,g1,tick,93.2,0.385
5463.1,g2,tick,98.2,0.392
5463.2,g4,tick,257.2,0.345
5463.2,g1,cut,75.2,0.423
5463.2,g1,cnp,75.2,0.423
5463.2,g1,cnp,75.2,0.423
5466.8,g2,cut,78.9,0.430
5466.8,g2,cnp,78.9,0.430
5466.8,g2,cnp,78.9,0.430
5466.8,g2,cnp,78.9,0.430
5469.8,g1,tick,75.2,0.423
5469.8,g2,tick,78.9,0.430
5471.8,g4,tick,280.0,0.324
5471.8,g1,cnp,75.2,0.423
5471.8,g1,cnp,75.2,0.423
5471.8,g1,cnp,75.2,0.423
5471.8,g1,cnp,75.2,0.423
5471.8,g2,cnp,78.9,0.430
5471.8,g2,cnp,78.9,0.430
5471.8,g1,tick,75.2,0.423
5471.8,g2,tick,78.9,0.430
5474.2,g4,tick,291.4,0.303
5474.2,g1,cut,59.3,0.459
5476.6,g2,cnp,78.9,0.430
5476.6,g2,cnp,78.9,0.430
5476.7,g1,tick,59.3,0.459
5476.7,g2,tick,78.9,0.430
5476.7,g4,tick,297.2,0.284
5476.7,g1,cnp,59.3,0.459
5476.7,g1,tick,59.3,0.459
5480.5,g2,tick,88.6,0.403
5483.1,g4,tick,300.0,0.267
5483.1,g1,cnp,59.3,0.459
5483.1,g1,cnp,59.3,0.459
5483.1,g2,cut,70.7,0.441
5483.1,g2,cnp,70.7,0.441
5483.1,g2,cnp,70.7,0.441
5484.5,g1,tick,59.3,0.459
5484.5,g2,tick,70.7,0.441
5484.5,g4,tick,301.4,0.250
5484.5,g1,cut,45.7,0.493
5486.4,g1,tick,45.7,0.493
5491.2,g2,tick,79.6,0.413
5494.5,g4,tick,307.2,0.234
5494.5,g1,cut,34.4,0.525
5496.8,g2,cut,63.2,0.450
5499.9,g4,cut,271.2,0.282
5499.9,g4,cnp,271.2,0.282
5499.9,g4,cnp,271.2,0.282
5499.9,g4,cnp,271.2,0.282
5499.9,g4,cnp,271.2,0.282
5499.9,g4,cnp,271.2,0.282
5502.1,g1,tick,34.4,0.525
5502.1,g2,tick,63.2,0.450
5502.1,g4,tick,271.2,0.282
5503.5,g1,tick,40.1,0.492
5506.1,g2,tick,71.4,0.422
5508.7,g4,tick,289.2,0.265
5508.7,g1,cut,30.2,0.524
5508.7,g1,cnp,30.2,0.524
5513.7,g2,cut,56.4,0.458
5513.7,g2,cnp,56.4,0.458
5513.7,g2,cnp,56.4,0.458
5516.6,g1,tick,30.2,0.524
5516.6,g2,tick,56.4,0.458
5520.2,g4,tick,298.2,0.248
5520.2,g1,cut,22.3,0.554
5520.2,g1,cnp,22.3,0.554
5520.2,g1,cnp,22.3,0.554
5520.2,g1,cnp,22.3,0.554
5523.4,g2,cnp,56.4,0.458
5523.4,g2,cnp,56.4,0.458
5523.4,g2,cnp,56.4,0.458
5523.4,g2,cnp,56.4,0.458
5523.4,g1,tick,22.3,0.554
5523.4,g2,tick,56.4,0.458
5523.4,g4,tick,302.7,0.233
5523.4,g1,cnp,22.3,0.554
5523.4,g4,cut,267.5,0.281
5525.1,g1,tick,22.3,0.554
5527.6,g2,tick,63.9,0.429
5527.6,g4,tick,267.5,0.281
5527.6,g2,cut,50.2,0.465
5529.8,g4,cnp,267.5,0.281
5529.9,g4,cnp,267.5,0.281
5529.9,g4,cnp,267.5,0.281
5533.8,g1,tick,26.2,0.519
5533.8,g2,tick,50.2,0.465
5533.8,g4,tick,267.5,0.281
5533.8,g1,cut,19.4,0.549
5537.3,g4,cut,229.9,0.325
5537.3,g4,cnp,229.9,0.325
5537.3,g4,cnp,229.9,0.325
5538.9,g1,tick,19.4,0.549
5540.7,g2,tick,57.0,0.436
5540.7,g4,tick,229.9,0.325
5540.7,g1,cnp,19.4,0.549
5540.7,g1,cnp,19.4,0.549
5540.7,g2,cut,44.6,0.471
5540.7,g2,cnp,44.6,0.471
5543.2,g1,tick,19.4,0.549
5543.2,g2,tick,44.6,0.471
5545.2,g4,tick,248.7,0.305
5545.2,g1,cut,14.1,0.577
5547.0,g2,cnp,44.6,0.471
5547.0,g2,cnp,44.6,0.471
5547.0,g4,cnp,248.7,0.305
5547.0,g4,cnp,248.7,0.305
5547.0,g1,tick,14.1,0.577
5547.0,g2,tick,44.6,0.471
5547.0,g4,tick,248.7,0.305
5549.0,g1,tick,16.8,0.541
5550.6,g2,tick,50.8,0.442
5552.7,g4,tick,258.1,0.286
5552.7,g1,cnp,16.8,0.541
5552.7,g1,cnp,16.8,0.541
5552.7,g2,cut,39.6,0.477
5554.7,g4,cut,221.2,0.331
5554.7,g4,cnp,221.2,0.331
5554.7,g4,cnp,221.2,0.331
5556.7,g1,tick,16.8,0.541
5556.7,g2,tick,39.6,0.477
5556.7,g4,tick,221.2,0.331
5556.8,g1,cut,12.2,0.570
5562.8,g2,cut,30.2,0.509
5562.8,g2,cnp,30.2,0.509
5562.8,g2,cnp,30.2,0.509
5562.8,g2,cnp,30.2,0.509
5565.7,g4,cut,184.6,0.373
5565.7,g4,cnp,184.6,0.373
5565.7,g4,cnp,184.6,0.373
5565.7,g4,cnp,184.6,0.373
5567.0,g1,tick,12.2,0.570
5567.0,g2,tick,30.2,0.509
5567.0,g4,tick,184.6,0.373
5567.1,g1,cut,8.7,0.597
5567.1,g1,cnp,8.7,0.597
5567.1,g1,cnp,8.7,0.597
5567.1,g1,cnp,8.7,0.597
5568.7,g2,cnp,30.2,0.509
5568.8,g2,cnp,30.2,0.509
5568.8,g4,cnp,184.6,0.373
5568.8,g4,cnp,184.6,0.373
5568.8,g1,tick,8.7,0.597
5568.8,g2,tick,30.2,0.509
5568.8,g4,tick,184.6,0.373
5570.4,g1,tick,10.5,0.559
5571.6,g2,tick,34.9,0.477
5572.9,g4,tick,202.9,0.349
5572.9,g1,cnp,10.5,0.559
5572.9,g2,cut,26.6,0.510
5572.9,g2,cnp,26.6,0.510
5576.0,g4,cut,167.5,0.390
5576.0,g4,cnp,167.5,0.390
5576.0,g4,cnp,167.5,0.390
5578.0,g1,tick,10.5,0.559
5578.0,g2,tick,26.6,0.510
5578.0,g4,tick,167.5,0.390
5578.0,g1,cut,7.6,0.587
5578.1,g1,cnp,7.6,0.587
5579.9,g2,cnp,26.6,0.510
5579.9,g2,cnp,26.6,0.510
5579.9,g1,tick,7.6,0.587
5579.9,g2,tick,26.6,0.510
5582.6,g4,tick,185.2,0.366
5582.6,g1,cnp,7.6,0.587
5582.6,g2,cnp,26.6,0.510
5582.6,g4,cnp,185.2,0.366
5582.6,g4,cnp,185.2,0.366
5582.6,g4,cnp,185.2,0.366
5582.6,g1,tick,7.6,0.587
5582.6,g2,tick,26.6,0.510
5582.6,g4,tick,185.2,0.366
5584.1,g1,tick,9.0,0.550
5586.7,g2,tick,30.7,0.478
5589.6,g4,tick,194.0,0.343
5589.6,g1,cut,6.5,0.578
5589.6,g1,cnp,6.5,0.578
5589.6,g1,cnp,6.5,0.578
5598.7,g2,cut,23.4,0.511
5598.7,g2,cnp,23.4,0.511
5598.7,g2,cnp,23.4,0.511
5598.7,g2,cnp,23.4,0.511
5598.7,g2,cnp,23.4,0.511
5598.7,g2,cnp,23.4,0.511
5598.7,g2,cnp,23.4,0.511
5603.4,g4,cut,160.8,0.384
5603.5,g4,cnp,160.8,0.384
5603.5,g4,cnp,160.8,0.384
5603.5,g4,cnp,160.8,0.384
5603.5,g4,cnp,160.8,0.384
5603.5,g4,cnp,160.8,0.384
5603.5,g4,cnp,160.8,0.384
5603.5,g4,cnp,160.8,0.384
5603.5,g4,cnp,160.8,0.384
5605.4,g1,tick,6.5,0.578
5605.4,g2,tick,23.4,0.511
5605.4,g4,tick,160.8,0.384
5605.4,g1,cut,5.0,0.605
5605.4,g1,cnp,5.0,0.605
5605.4,g1,cnp,5.0,0.605
5609.7,g2,cut,17.4,0.541
5609.7,g2,cnp,17.4,0.541
5611.4,g1,tick,5.0,0.605
5611.4,g2,tick,17.4,0.541
5612.8,g4,tick,177.4,0.360
5612.8,g1,cnp,5.0,0.605
5612.8,g2,cnp,17.4,0.541
5612.8,g4,cnp,177.4,0.360
5612.8,g4,cnp,177.4,0.360
5612.8,g4,cnp,177.4,0.360
5612.8,g1,tick,5.0,0.605
5612.8,g2,tick,17.4,0.541
5612.8,g4,tick,177.4,0.360
5614.2,g1,tick,5.8,0.567
5616.2,g2,tick,20.4,0.508
5623.5,g4,tick,185.7,0.337
5626.1,g1,tick,6.2,0.532
5628.9,g2,tick,21.9,0.476
5630.4,g4,tick,189.9,0.316
5632.2,g1,tick,6.3,0.498
5636.0,g2,tick,22.6,0.446
5636.0,g4,tick,191.9,0.296
5636.0,g1,tick,6.4,0.467
5636.0,g2,tick,23.0,0.418
5636.0,g4,tick,193.0,0.278
5638.3,g1,tick,6.5,0.438
5639.9,g2,tick,23.2,0.392
5641.3,g4,tick,198.5,0.261
5642.9,g1,tick,11.5,0.411
5644.7,g2,tick,28.3,0.368
5646.8,g4,tick,206.3,0.244
5649.2,g1,tick,19.0,0.385
5651.3,g2,tick,35.8,0.345
5652.9,g4,tick,215.1,0.229
5657.1,g1,tick,27.8,0.361
5658.5,g2,tick,44.6,0.323
5659.8,g4,tick,224.6,0.215
5663.2,g1,tick,37.2,0.338
5664.8,g2,tick,54.0,0.303
5667.0,g4,tick,234.3,0.201
5668.7,g1,tick,46.8,0.317
5670.4,g2,tick,63.7,0.284
5672.5,g4,tick,264.2,0.189
5675.5,g1,tick,76.7,0.297
5677.4,g2,tick,93.5,0.266
5681.7,g4,tick,304.1,0.177
5683.4,g1,tick,116.6,0.279
5685.4,g2,tick,133.4,0.250
5687.2,g4,tick,349.1,0.166
5687.2,g4,cut,320.1,0.218
5687.3,g4,cnp,320.1,0.218
5691.2,g1,tick,161.6,0.261
5693.0,g2,tick,178.4,0.234
5693.0,g4,tick,320.1,0.218
5693.0,g1,cut,140.5,0.307
5693.0,g1,cnp,140.5,0.307
5696.8,g2,cut,157.5,0.282
5696.8,g2,cnp,157.5,0.282
5696.8,g2,cnp,157.5,0.282
5700.0,g4,cut,285.2,0.267
5700.0,g4,cnp,285.2,0.267
5700.0,g4,cnp,285.2,0.267
5700.0,g4,cnp,285.2,0.267
5700.0,g4,cnp,285.2,0.267
5704.1,g1,tick,140.5,0.307
5704.1,g2,tick,157.5,0.282
5704.1,g4,tick,285.2,0.267
5704.1,g1,cut,118.9,0.351
5704.1,g1,cnp,118.9,0.351
5707.2,g2,cut,135.3,0.327
5707.2,g2,cnp,135.3,0.327
5707.2,g2,cnp,135.3,0.327
5709.4,g1,tick,118.9,0.351
5709.5,g2,tick,135.3,0.327
5713.3,g4,tick,302.7,0.250
5713.3,g1,cnp,118.9,0.351
5713.3,g1,cnp,118.9,0.351
5713.3,g1,cnp,118.9,0.351
5713.4,g1,cnp,118.9,0.351
5713.4,g2,cnp,135.3,0.327
5713.4,g2,cnp,135.3,0.327
5713.4,g4,cut,264.8,0.297
5713.4,g4,cnp,264.8,0.297
5713.4,g4,cnp,264.8,0.297
5713.4,g4,cnp,264.8,0.297
5714.7,g1,tick,118.9,0.351
5714.7,g2,tick,135.3,0.327
5714.7,g4,tick,264.8,0.297
5714.7,g1,cut,98.0,0.391
5721.4,g2,cut,113.2,0.369
5721.4,g2,cnp,113.2,0.369
5721.4,g2,cnp,113.2,0.369
5721.4,g2,cnp,113.2,0.369
5724.0,g4,cut,225.5,0.341
5724.0,g4,cnp,225.5,0.341
5724.0,g4,cnp,225.5,0.341
5724.0,g4,cnp,225.5,0.341
5724.0,g4,cnp,225.5,0.341
5726.4,g1,tick,98.0,0.391
5726.4,g2,tick,113.2,0.369
5726.4,g4,tick,225.5,0.341
5726.4,g1,cut,78.8,0.429
5726.4,g1,cnp,78.8,0.429
5726.4,g1,cnp,78.8,0.429
5726.4,g1,cnp,78.8,0.429
5726.4,g1,cnp,78.8,0.429
5728.3,g2,cnp,113.2,0.369
5728.3,g2,cnp,113.2,0.369
5728.3,g2,cnp,113.2,0.369
5728.3,g4,cnp,225.5,0.341
5728.3,g4,cnp,225.5,0.341
5728.3,g1,tick,78.8,0.429
5728.3,g2,tick,113.2,0.369
5728.3,g4,tick,225.5,0.341
5728.3,g1,cnp,78.8,0.429
5728.3,g1,tick,78.8,0.429
5729.9,g2,tick,124.3,0.346
5731.8,g4,tick,245.1,0.320
5731.8,g1,cnp,78.8,0.429
5731.8,g2,cut,102.8,0.387
5734.8,g4,cut,206.0,0.362
5734.8,g4,cnp,206.0,0.362
5739.1,g1,tick,78.8,0.429
5739.1,g2,tick,102.8,0.387
5739.1,g4,tick,206.0,0.362
5739.1,g1,cut,61.9,0.465
5739.1,g1,cnp,61.9,0.465
5739.1,g1,cnp,61.9,0.465
5742.2,g2,cut,82.9,0.425
5742.2,g2,cnp,82.9,0.425
5742.2,g2,cnp,82.9,0.425
5742.2,g2,cnp,82.9,0.425
5744.4,g4,cnp,206.0,0.362
5744.4,g4,cnp,206.0,0.362
5744.4,g4,cnp,206.0,0.362
5744.4,g4,cnp,206.0,0.362
5744.4,g1,tick,61.9,0.465
5744.4,g2,tick,82.9,0.425
5744.4,g4,tick,206.0,0.362
5744.4,g1,cnp,61.9,0.465
5744.4,g1,cnp,61.9,0.465
5744.4,g2,cnp,82.9,0.425
5744.4,g1,tick,61.9,0.465
5744.4,g2,tick,82.9,0.425
5746.5,g4,tick,225.6,0.340
5750.9,g1,tick,70.4,0.436
5753.3,g2,tick,92.9,0.398
5755.9,g4,tick,235.3,0.318
5755.9,g1,cut,55.0,0.471
5755.9,g1,cnp,55.0,0.471
5759.1,g2,cut,74.4,0.436
5759.1,g2,cnp,74.4,0.436
5759.1,g2,cnp,74.4,0.436
5759.1,g2,cnp,74.4,0.436
5761.0,g4,cut,197.9,0.361
5764.9,g1,tick,55.0,0.471
5764.9,g2,tick,74.4,0.436
5764.9,g4,tick,197.9,0.361
5764.9,g1,cnp,55.0,0.471
5764.9,g1,cnp,55.0,0.471
5764.9,g1,cnp,55.0,0.471
5764.9,g1,cnp,55.0,0.471
5764.9,g2,cnp,74.4,0.436
5764.9,g2,cnp,74.4,0.436
5764.9,g1,tick,55.0,0.471
5764.9,g2,tick,74.4,0.436
5766.4,g4,tick,216.6,0.338
5768.3,g1,tick,62.7,0.442
5770.1,g2,tick,83.6,0.409
5772.1,g4,tick,226.0,0.317
5773.7,g1,tick,66.5,0.414
5781.8,g2,tick,88.2,0.383
5788.0,g4,tick,230.7,0.297
5788.1,g1,cut,52.8,0.451
5788.1,g1,cnp,52.8,0.451
5788.1,g1,cnp,52.8,0.451
5791.4,g2,cut,71.3,0.422
5791.4,g2,cnp,71.3,0.422
5791.4,g2,cnp,71.3,0.422
5791.4,g2,cnp,71.3,0.422
5793.1,g4,cut,196.4,0.341
5793.1,g4,cnp,196.4,0.341
5793.1,g4,cnp,196.4,0.341
5793.1,g4,cnp,196.4,0.341
5793.1,g4,cnp,196.4,0.341
5793.1,g4,cnp,196.4,0.341
5796.8,g1,tick,52.8,0.451
5796.8,g2,tick,71.3,0.422
5796.8,g4,tick,196.4,0.341
5796.8,g1,cnp,52.8,0.451
5796.8,g1,cnp,52.8,0.451
5796.8,g1,cnp,52.8,0.451
5796.8,g2,cnp,71.3,0.422
5796.8,g2,cnp,71.3,0.422
5796.8,g1,tick,52.8,0.451
5796.8,g2,tick,71.3,0.422
5799.0,g4,tick,213.5,0.320
5799.0,g1,cut,40.9,0.485
5801.8,g2,cut,56.3,0.458
5801.8,g2,cnp,56.3,0.458
5804.6,g1,tick,40.9,0.485
5804.6,g2,tick,56.3,0.458
5806.4,g4,tick,222.1,0.300
5806.4,g1,cnp,40.9,0.485
5806.4,g4,cut,188.8,0.344
5806.4,g4,cnp,188.8,0.344
5808.4,g1,tick,40.9,0.485
5810.1,g2,tick,63.8,0.429
5810.1,g4,tick,188.8,0.344
5810.1,g4,cnp,188.8,0.344
5815.8,g1,tick,46.8,0.455
5817.1,g2,tick,67.6,0.402
5817.1,g4,tick,188.8,0.344
5817.1,g1,cut,36.2,0.489
5826.0,g2,cut,54.0,0.440
5826.0,g2,cnp,54.0,0.440
5826.0,g2,cnp,54.0,0.440
5828.4,g4,cut,156.3,0.385
5828.4,g4,cnp,156.3,0.385
5828.4,g4,cnp,156.3,0.385
5828.4,g4,cnp,156.3,0.385
5828.4,g4,cnp,156.3,0.385
5828.4,g4,cnp,156.3,0.385
5828.4,g4,cnp,156.3,0.385
5830.5,g1,tick,36.2,0.489
5830.5,g2,tick,54.0,0.440
5830.5,g4,tick,156.3,0.385
5830.5,g1,cut,27.3,0.521
5830.5,g1,cnp,27.3,0.521
5830.5,g1,cnp,27.3,0.521
5837.5,g2,cut,42.1,0.475
5837.5,g2,cnp,42.1,0.475
5845.8,g1,tick,27.3,0.521
5845.8,g2,tick,42.1,0.475
5848.2,g4,tick,172.6,0.361
5848.3,g1,cut,20.2,0.551
5848.3,g1,cnp,20.2,0.551
5848.3,g1,cnp,20.2,0.551
5848.3,g1,cnp,20.2,0.551
5848.3,g1,cnp,20.2,0.551
5852.6,g2,cut,32.1,0.508
5852.6,g2,cnp,32.1,0.508
5852.6,g2,cnp,32.1,0.508
5858.9,g4,cut,141.4,0.401
5858.9,g4,cnp,141.4,0.401
5858.9,g4,cnp,141.4,0.401
5858.9,g4,cnp,141.4,0.401
5858.9,g4,cnp,141.4,0.401
5858.9,g4,cnp,141.4,0.401
5858.9,g4,cnp,141.4,0.401
5864.9,g1,tick,20.2,0.551
5864.9,g2,tick,32.1,0.508
5864.9,g4,tick,141.4,0.401
5865.0,g1,cut,14.6,0.579
5865.0,g1,cnp,14.6,0.579
5865.0,g1,cnp,14.6,0.579
5865.0,g1,cnp,14.6,0.579
5866.7,g2,cut,24.0,0.538
5866.7,g2,cnp,24.0,0.538
5866.7,g2,cnp,24.0,0.538
5866.7,g2,cnp,24.0,0.538
5869.3,g4,cut,113.1,0.438
5869.3,g4,cnp,113.1,0.438
5869.3,g4,cnp,113.1,0.438
5872.4,g1,tick,14.6,0.579
5872.4,g2,tick,24.0,0.538
5872.4,g4,tick,113.1,0.438
5872.5,g1,cnp,14.6,0.579
5872.5,g1,cnp,14.6,0.579
5872.5,g2,cnp,24.0,0.538
5872.5,g2,cnp,24.0,0.538
5872.5,g4,cnp,113.1,0.438
5872.5,g4,cnp,113.1,0.438
5872.5,g1,tick,14.6,0.579
5872.5,g2,tick,24.0,0.538
5872.5,g4,tick,113.1,0.438
5873.9,g1,tick,17.4,0.543
5875.6,g2,tick,28.0,0.505
5878.6,g4,tick,127.3,0.411
5878.6,g1,cut,12.7,0.571
5878.6,g1,cnp,12.7,0.571
5878.6,g1,cnp,12.7,0.571
5880.3,g2,cut,21.0,0.536
5880.3,g2,cnp,21.0,0.536
5880.3,g2,cnp,21.0,0.536
5880.3,g2,cnp,21.0,0.536
5890.1,g4,cut,101.1,0.448
5890.1,g4,cnp,101.1,0.448
5890.1,g4,cnp,101.1,0.448
5890.1,g4,cnp,101.1,0.448
5890.1,g4,cnp,101.1,0.448
5891.6,g1,tick,12.7,0.571
5891.6,g2,tick,21.0,0.536
5891.6,g4,tick,101.1,0.448
5891.6,g1,cut,9.1,0.598
5891.6,g1,cnp,9.1,0.598
5894.7,g2,cut,15.3,0.565
5894.7,g2,cnp,15.3,0.565
5896.3,g1,tick,9.1,0.598
5896.3,g2,tick,15.3,0.565
5900.0,g4,tick,114.2,0.420
5900.0,g4,cnp,114.2,0.420
5904.9,g1,tick,10.9,0.561
5906.5,g2,tick,18.2,0.529
5906.5,g4,tick,114.2,0.420
5909.6,g1,tick,11.8,0.526
5911.7,g2,tick,19.6,0.496
5913.3,g4,tick,120.7,0.393
5915.3,g1,tick,12.2,0.493
5917.1,g2,tick,20.3,0.465
5918.7,g4,tick,124.0,0.369
5918.7,g1,tick,12.5,0.462
5918.7,g2,tick,20.6,0.436
5918.7,g4,tick,125.6,0.346
5921.4,g1,tick,12.6,0.433
5923.8,g2,tick,20.8,0.409
5923.8,g4,tick,126.5,0.324
5932.3,g1,tick,17.6,0.406
5937.0,g2,tick,25.9,0.383
5938.6,g4,tick,131.9,0.304
5940.2,g1,tick,25.2,0.381
5942.2,g2,tick,33.4,0.359
5943.8,g4,tick,139.6,0.285
5945.4,g1,tick,33.9,0.357
5947.1,g2,tick,42.2,0.337
5948.8,g4,tick,148.4,0.267
5950.1,g1,tick,43.3,0.335
5953.7,g2,tick,51.6,0.316
5955.5,g4,tick,157.8,0.250
5958.2,g1,tick,53.0,0.314
5963.5,g2,tick,61.3,0.296
5968.4,g4,tick,167.6,0.235
5971.7,g1,tick,82.9,0.294
5973.9,g2,tick,91.1,0.278
5979.0,g4,tick,197.4,0.220
5982.7,g1,tick,122.8,0.276
5985.2,g2,tick,131.0,0.260
5986.9,g4,tick,237.3,0.206
5993.6,g1,tick,167.7,0.258
5995.2,g2,tick,176.0,0.244
5998.3,g4,tick,282.3,0.193
5998.3,g1,cut,146.1,0.305
6000.1,g2,cut,154.5,0.291
6001.7,g4,cut,255.0,0.244
6001.7,g4,cnp,255.0,0.244
6004.3,g1,tick,146.1,0.305
6004.3,g2,tick,154.5,0.291
6004.3,g4,tick,255.0,0.244
6004.3,g1,cnp,146.1,0.305
6004.3,g2,cnp,154.5,0.291
6004.4,g4,cnp,255.0,0.244
6004.4,g1,tick,146.1,0.305
6004.4,g2,tick,154.5,0.291
6004.4,g4,tick,255.0,0.244
6005.9,g1,tick,156.9,0.286
6007.2,g2,tick,165.3,0.273
6011.1,g4,tick,268.7,0.229
6011.1,g1,cut,134.5,0.330
6011.1,g1,cnp,134.5,0.330
6014.9,g2,cut,142.7,0.319
6014.9,g2,cnp,142.7,0.319
6014.9,g2,cnp,142.7,0.319
6016.2,g4,cut,238.0,0.277
6016.2,g4,cnp,238.0,0.277
6016.2,g4,cnp,238.0,0.277
6017.6,g1,tick,134.5,0.330
6017.6,g2,tick,142.7,0.319
6017.6,g4,tick,238.0,0.277
6017.6,g1,cnp,134.5,0.330
6017.6,g1,cnp,134.5,0.330
6017.6,g2,cnp,142.7,0.319
6017.6,g4,cnp,238.0,0.277
6017.6,g1,tick,134.5,0.330
6017.6,g2,tick,142.7,0.319
6017.6,g4,tick,238.0,0.277
6019.3,g1,tick,145.7,0.310
6020.7,g2,tick,154.0,0.299
6022.1,g4,tick,253.3,0.259
6025.2,g1,tick,151.3,0.290
6027.6,g2,tick,159.6,0.280
6029.5,g4,tick,261.0,0.243
6029.5,g1,cut,129.3,0.335
6029.5,g1,cnp,129.3,0.335
6029.5,g1,cnp,129.3,0.335
6031.2,g2,cut,137.3,0.325
6031.2,g2,cnp,137.3,0.325
6031.2,g2,cnp,137.3,0.325
6031.2,g2,cnp,137.3,0.325
6035.0,g4,cut,229.2,0.291
6035.0,g4,cnp,229.2,0.291
6035.0,g4,cnp,229.2,0.291
6035.0,g4,cnp,229.2,0.291
6036.6,g1,tick,129.3,0.335
6036.6,g2,tick,137.3,0.325
6036.6,g4,tick,229.2,0.291
6036.6,g1,cnp,129.3,0.335
6036.6,g1,cnp,129.3,0.335
6036.6,g2,cnp,137.3,0.325
6036.6,g4,cnp,229.2,0.291
6036.6,g1,tick,129.3,0.335
6036.6,g2,tick,137.3,0.325
6036.6,g4,tick,229.2,0.291
6038.1,g1,tick,140.3,0.314
6039.4,g2,tick,148.4,0.305
6041.2,g4,tick,245.1,0.272
6041.2,g1,cut,118.3,0.357
6041.2,g1,cnp,118.3,0.357
6043.0,g2,cut,125.8,0.348
6043.0,g2,cnp,125.8,0.348
6044.7,g4,cnp,245.1,0.272
6044.7,g4,cnp,245.1,0.272
6044.7,g4,cnp,245.1,0.272
6044.7,g1,tick,118.3,0.357
6044.7,g2,tick,125.8,0.348
6044.7,g4,tick,245.1,0.272
6044.7,g1,cnp,118.3,0.357
6044.7,g2,cnp,125.8,0.348
6044.7,g1,tick,118.3,0.357
6044.7,g2,tick,125.8,0.348
6046.2,g4,tick,253.0,0.255
6047.6,g1,tick,129.3,0.334
6049.3,g2,tick,137.1,0.326
6049.3,g4,tick,257.0,0.239
6049.3,g1,cnp,129.3,0.334
6049.3,g1,cnp,129.3,0.334
6049.3,g2,cnp,137.1,0.326
6049.3,g2,cnp,137.1,0.326
6049.3,g4,cut,226.2,0.287
6049.3,g4,cnp,226.2,0.287
6054.6,g1,tick,129.3,0.334
6054.6,g2,tick,137.1,0.326
6054.6,g4,tick,226.2,0.287
6054.6,g1,cut,107.7,0.376
6056.6,g2,cut,114.8,0.368
6056.6,g2,cnp,114.8,0.368
6061.4,g4,cut,193.8,0.332
6061.5,g4,cnp,193.8,0.332
6063.8,g1,tick,107.7,0.376
6063.8,g2,tick,114.8,0.368
6063.8,g4,tick,193.8,0.332
6063.8,g1,cnp,107.7,0.376
6063.8,g1,cnp,107.7,0.376
6063.8,g2,cnp,114.8,0.368
6063.8,g1,tick,107.7,0.376
6063.8,g2,tick,114.8,0.368
6066.6,g4,tick,210.0,0.311
6066.7,g1,cut,87.4,0.415
6066.7,g1,cnp,87.4,0.415
6071.8,g4,cut,177.4,0.354
6073.4,g1,tick,87.4,0.415
6077.9,g2,tick,126.0,0.345
6078.0,g4,tick,177.4,0.354
6078.0,g1,cut,69.3,0.452
6078.0,g1,cnp,69.3,0.452
6078.0,g1,cnp,69.3,0.452
6078.0,g1,cnp,69.3,0.452
6081.3,g2,cut,104.2,0.386
6081.3,g2,cnp,104.2,0.386
6081.3,g2,cnp,104.2,0.386
6081.3,g2,cnp,104.2,0.386
6081.3,g2,cnp,104.2,0.386
6081.3,g2,cnp,104.2,0.386
6088.1,g1,tick,69.3,0.452
6088.1,g2,tick,104.2,0.386
6089.7,g4,tick,193.7,0.332
6089.7,g1,cut,53.7,0.486
6089.7,g1,cnp,53.7,0.486
6089.7,g1,cnp,53.7,0.486
6089.8,g1,cnp,53.7,0.486
6094.9,g2,cut,84.1,0.425
6094.9,g2,cnp,84.1,0.425
6094.9,g2,cnp,84.1,0.425
6094.9,g2,cnp,84.1,0.425
6097.1,g1,tick,53.7,0.486
6097.1,g2,tick,84.1,0.425
6099.6,g4,tick,201.9,0.311
6099.7,g4,cut,170.5,0.354
6099.7,g4,cnp,170.5,0.354
6105.3,g1,tick,61.5,0.455
6108.0,g2,tick,94.1,0.398
6108.0,g4,tick,170.5,0.354
6108.0,g2,cut,75.4,0.436
6112.7,g4,cut,140.3,0.394
6112.7,g4,cnp,140.3,0.394
6112.7,g4,cnp,140.3,0.394
6112.7,g4,cnp,140.3,0.394
6112.7,g4,cnp,140.3,0.394
6112.7,g4,cnp,140.3,0.394
6117.3,g1,tick,65.4,0.427
6117.3,g2,tick,75.4,0.436
6117.3,g4,tick,140.3,0.394
6117.3,g2,cnp,75.4,0.436
6117.3,g2,cnp,75.4,0.436
6117.3,g4,cnp,140.3,0.394
6118.9,g1,tick,67.3,0.400
6118.9,g2,tick,75.4,0.436
6118.9,g4,tick,140.3,0.394
6118.9,g4,cnp,140.3,0.394
6118.9,g1,tick,68.3,0.375
6121.9,g2,tick,84.8,0.409
6121.9,g4,tick,140.3,0.394
6121.9,g1,cut,55.5,0.414
6121.9,g1,cnp,55.5,0.414
6124.1,g1,tick,55.5,0.414
6128.3,g2,tick,89.5,0.383
6130.4,g4,tick,155.4,0.370
6130.4,g1,cnp,55.5,0.414
6130.4,g2,cut,72.3,0.422
6135.1,g1,tick,55.5,0.414
6135.1,g2,tick,72.3,0.422
6138.1,g4,tick,162.9,0.347
6138.1,g1,cut,44.0,0.451
6139.8,g2,cnp,72.3,0.422
6139.8,g2,cnp,72.3,0.422
6139.9,g1,tick,44.0,0.451
6139.9,g2,tick,72.3,0.422
6142.7,g4,tick,166.7,0.325
6142.7,g1,cnp,44.0,0.451
6142.7,g1,cnp,44.0,0.451
6142.7,g1,cnp,44.0,0.451
6142.7,g2,cut,57.1,0.458
6142.7,g2,cnp,57.1,0.458
6144.6,g1,tick,44.0,0.451
6144.6,g2,tick,57.1,0.458
6144.6,g4,tick,168.6,0.305
6150.4,g1,tick,49.8,0.423
6151.8,g2,tick,64.7,0.429
6151.8,g4,tick,169.5,0.286
6151.9,g1,cut,39.2,0.459
6158.5,g2,cut,50.8,0.465
6158.5,g2,cnp,50.8,0.465
6158.5,g2,cnp,50.8,0.465
6158.5,g2,cnp,50.8,0.465
6161.5,g4,cut,145.3,0.330
6161.5,g4,cnp,145.3,0.330
6161.5,g4,cnp,145.3,0.330
6161.5,g4,cnp,145.3,0.330
6161.5,g4,cnp,145.3,0.330
6161.5,g4,cnp,145.3,0.330
6161.5,g4,cnp,145.3,0.330
6165.6,g1,tick,39.2,0.459
6165.6,g2,tick,50.8,0.465
6165.6,g4,tick,145.3,0.330
6165.7,g1,cut,30.2,0.493
6165.7,g1,cnp,30.2,0.493
6167.8,g4,cnp,145.3,0.330
6167.9,g1,tick,30.2,0.493
6171.3,g2,tick,57.8,0.436
6171.3,g4,tick,145.3,0.330
6171.3,g1,cnp,30.2,0.493
6171.3,g1,cnp,30.2,0.493
6171.3,g2,cut,45.2,0.471
6175.4,g1,tick,30.2,0.493
6175.4,g2,tick,45.2,0.471
6179.0,g4,tick,157.4,0.310
6179.0,g1,cut,22.8,0.524
6179.1,g1,cnp,22.8,0.524
6182.4,g2,cut,34.5,0.504
6182.4,g2,cnp,34.5,0.504
6182.4,g2,cnp,34.5,0.504
6182.4,g2,cnp,34.5,0.504
6182.4,g2,cnp,34.5,0.504
6184.9,g1,tick,22.8,0.524
6184.9,g2,tick,34.5,0.504
6187.6,g4,tick,163.5,0.290
6187.7,g1,cnp,22.8,0.524
6187.7,g1,cnp,22.8,0.524
6187.7,g4,cut,139.7,0.335
6187.7,g4,cnp,139.7,0.335
6187.7,g4,cnp,139.7,0.335
6189.4,g1,tick,22.8,0.524
6192.9,g2,tick,39.9,0.473
6193.0,g4,tick,139.7,0.335
6193.0,g1,cut,16.8,0.554
6195.9,g2,cut,30.4,0.506
6195.9,g2,cnp,30.4,0.506
6198.9,g4,cut,116.4,0.376
6198.9,g4,cnp,116.4,0.376
6198.9,g4,cnp,116.4,0.376
6202.0,g1,tick,16.8,0.554
6202.0,g2,tick,30.4,0.506
6202.0,g4,tick,116.4,0.376
6202.1,g1,cnp,16.8,0.554
6202.1,g1,cnp,16.8,0.554
6202.1,g1,cnp,16.8,0.554
6202.1,g2,cnp,30.4,0.506
6202.1,g2,cnp,30.4,0.506
6202.1,g2,cnp,30.4,0.506
6202.1,g4,cnp,116.4,0.376
6202.1,g1,tick,16.8,0.554
6202.1,g2,tick,30.4,0.506
6202.1,g4,tick,116.4,0.376
6203.6,g1,tick,19.8,0.519
6205.5,g2,tick,35.1,0.474
6207.2,g4,tick,128.0,0.353
6207.2,g1,cut,14.7,0.549
6207.2,g1,cnp,14.7,0.549
6209.9,g2,cut,26.8,0.507
6209.9,g2,cnp,26.8,0.507
6209.9,g2,cnp,26.8,0.507
6212.7,g4,cut,105.5,0.393
6212.8,g4,cnp,105.5,0.393
6212.8,g4,cnp,105.5,0.393
6212.8,g4,cnp,105.5,0.393
6212.8,g4,cnp,105.5,0.393
6214.1,g1,tick,14.7,0.549
6214.1,g2,tick,26.8,0.507
6214.1,g4,tick,105.5,0.393
6214.1,g1,cnp,14.7,0.549
6214.1,g1,cnp,14.7,0.549
6214.1,g1,cnp,14.7,0.549
6214.1,g2,cnp,26.8,0.507
6214.1,g2,cnp,26.8,0.507
6214.1,g1,tick,14.7,0.549
6214.1,g2,tick,26.8,0.507
6216.7,g4,tick,116.8,0.369
6216.7,g1,cnp,14.7,0.549
6219.4,g2,cnp,26.8,0.507
6219.4,g2,cnp,26.8,0.507
6219.4,g4,cnp,116.8,0.369
6219.4,g4,cnp,116.8,0.369
6219.4,g4,cnp,116.8,0.369
6219.4,g1,tick,14.7,0.549
6219.4,g2,tick,26.8,0.507
6219.4,g4,tick,116.8,0.369
6219.4,g1,cut,10.6,0.578
6221.0,g1,tick,10.6,0.578
6222.6,g2,tick,31.0,0.475
6224.2,g4,tick,122.4,0.346
6224.2,g1,cnp,10.6,0.578
6224.2,g2,cut,23.6,0.508
6227.3,g4,cut,101.3,0.386
6227.3,g4,cnp,101.3,0.386
6229.0,g1,tick,10.6,0.578
6229.0,g2,tick,23.6,0.508
6229.0,g4,tick,101.3,0.386
6232.1,g1,tick,12.6,0.542
6234.2,g2,tick,27.3,0.476
6236.4,g4,tick,111.8,0.362
6238.4,g1,tick,13.6,0.508
6239.7,g2,tick,29.1,0.446
6241.3,g4,tick,117.1,0.340
6246.5,g1,tick,14.2,0.476
6248.0,g2,tick,30.1,0.419
6251.9,g4,tick,119.8,0.318
6251.9,g1,tick,14.4,0.446
6251.9,g2,tick,30.5,0.392
6251.9,g4,tick,121.1,0.299
6256.2,g1,tick,14.5,0.418
6258.0,g2,tick,30.8,0.368
6258.0,g4,tick,121.7,0.280
6259.6,g1,tick,19.6,0.392
6263.7,g2,tick,35.9,0.345
6265.4,g4,tick,127.1,0.262
6267.9,g1,tick,27.1,0.368
6270.0,g2,tick,43.4,0.323
6271.5,g4,tick,134.7,0.246
6274.4,g1,tick,35.9,0.345
6277.2,g2,tick,52.2,0.303
6280.0,g4,tick,143.6,0.231
6281.7,g1,tick,45.3,0.323
6286.0,g2,tick,61.6,0.284
6289.0,g4,tick,153.0,0.216
6290.6,g1,tick,55.0,0.303
6292.0,g2,tick,71.3,0.266
6294.3,g4,tick,162.7,0.203
6296.3,g1,tick,84.8,0.284
6298.1,g2,tick,101.1,0.250
6299.4,g4,tick,192.5,0.190
6308.2,g1,tick,124.7,0.266
6310.4,g2,tick,141.1,0.234
6314.6,g4,tick,232.5,0.178
6314.6,g1,cut,108.1,0.312
6318.6,g2,cut,124.5,0.282
6318.6,g2,cnp,124.5,0.282
6318.6,g2,cnp,124.5,0.282
6320.4,g4,cut,211.8,0.230
6320.4,g4,cnp,211.8,0.230
6320.4,g4,cnp,211.8,0.230
6324.6,g1,tick,108.1,0.312
6324.6,g2,tick,124.5,0.282
6324.6,g4,tick,211.8,0.230
6324.6,g1,cnp,108.1,0.312
6324.6,g1,cnp,108.1,0.312
6324.6,g2,cnp,124.5,0.282
6324.6,g4,cnp,211.8,0.230
6324.6,g1,tick,108.1,0.312
6324.6,g2,tick,124.5,0.282
6324.6,g4,tick,211.8,0.230
6328.5,g1,tick,116.4,0.293
6331.0,g2,tick,132.8,0.264
6333.3,g4,tick,222.1,0.215
6333.3,g1,cut,99.4,0.337
6333.3,g1,cnp,99.4,0.337
6333.3,g1,cnp,99.4,0.337
6336.5,g2,cut,115.2,0.310
6336.5,g2,cnp,115.2,0.310
6336.5,g2,cnp,115.2,0.310
6336.5,g2,cnp,115.2,0.310
6339.1,g4,cut,198.2,0.264
6339.1,g4,cnp,198.2,0.264
6339.1,g4,cnp,198.2,0.264
6339.2,g4,cnp,198.2,0.264
6339.2,g4,cnp,198.2,0.264
6343.3,g1,tick,99.4,0.337
6343.4,g2,tick,115.2,0.310
6343.4,g4,tick,198.2,0.264
6343.4,g1,cut,82.7,0.378
6343.4,g1,cnp,82.7,0.378
6343.4,g1,cnp,82.7,0.378
6343.4,g1,cnp,82.7,0.378
6345.5,g2,cnp,115.2,0.310
6345.5,g2,cnp,115.2,0.310
6345.5,g2,cnp,115.2,0.310
6345.5,g2,cnp,115.2,0.310
6345.5,g4,cnp,198.2,0.264
6345.5,g4,cnp,198.2,0.264
6345.5,g4,cnp,198.2,0.264
6345.5,g1,tick,82.7,0.378
6345.5,g2,tick,115.2,0.310
6345.5,g4,tick,198.2,0.264
6345.5,g1,cnp,82.7,0.378
6345.6,g1,tick,82.7,0.378
6347.1,g2,tick,124.0,0.291
6349.7,g4,tick,210.2,0.248
6349.7,g1,cnp,82.7,0.378
6349.7,g2,cut,106.0,0.335
6351.6,g4,cut,184.1,0.295
6355.2,g1,tick,82.7,0.378
6355.2,g2,tick,106.0,0.335
6355.2,g4,tick,184.1,0.295
6355.2,g1,cut,67.0,0.417
6357.8,g2,cnp,106.0,0.335
6357.9,g2,cnp,106.0,0.335
6357.9,g4,cnp,184.1,0.295
6357.9,g4,cnp,184.1,0.295
6357.9,g1,tick,67.0,0.417
6357.9,g2,tick,106.0,0.335
6357.9,g4,tick,184.1,0.295
6357.9,g1,cnp,67.0,0.417
6357.9,g1,tick,67.0,0.417
6362.6,g2,tick,115.0,0.314
6364.9,g4,tick,197.2,0.276
6364.9,g1,cnp,67.0,0.417
6364.9,g1,cnp,67.0,0.417
6364.9,g1,cnp,67.0,0.417
6364.9,g2,cut,96.9,0.357
6364.9,g2,cnp,96.9,0.357
6364.9,g2,cnp,96.9,0.357
6366.6,g4,cut,169.9,0.322
6366.6,g4,cnp,169.9,0.322
6366.6,g4,cnp,169.9,0.322
6368.0,g1,tick,67.0,0.417
6368.0,g2,tick,96.9,0.357
6368.0,g4,tick,169.9,0.322
6368.0,g1,cut,53.0,0.454
6369.5,g2,cnp,96.9,0.357
6369.5,g4,cnp,169.9,0.322
6369.5,g1,tick,53.0,0.454
6369.5,g2,tick,96.9,0.357
6369.6,g4,tick,169.9,0.322
6371.1,g1,tick,60.0,0.425
6375.4,g2,tick,106.0,0.335
6379.1,g4,tick,183.5,0.301
6379.1,g1,cut,47.3,0.461
6379.1,g1,cnp,47.3,0.461
6379.1,g1,cnp,47.3,0.461
6381.8,g2,cut,88.2,0.376
6381.8,g2,cnp,88.2,0.376
6381.8,g2,cnp,88.2,0.376
6381.8,g2,cnp,88.2,0.376
6381.8,g2,cnp,88.2,0.376
6383.5,g4,cut,155.9,0.345
6383.5,g4,cnp,155.9,0.345
6383.5,g4,cnp,155.9,0.345
6383.5,g4,cnp,155.9,0.345
6383.5,g4,cnp,155.9,0.345
6383.5,g4,cnp,155.9,0.345
6387.3,g1,tick,47.3,0.461
6387.3,g2,tick,88.2,0.376
6387.3,g4,tick,155.9,0.345
6387.4,g1,cnp,47.3,0.461
6387.4,g1,cnp,47.3,0.461
6387.4,g1,cnp,47.3,0.461
6387.4,g1,cnp,47.3,0.461
6387.4,g2,cnp,88.2,0.376
6387.4,g2,cnp,88.2,0.376
6387.4,g4,cnp,155.9,0.345
6387.4,g1,tick,47.3,0.461
6387.4,g2,tick,88.2,0.376
6387.4,g4,tick,155.9,0.345
6389.7,g1,tick,53.7,0.432
6393.5,g2,tick,97.1,0.353
6396.8,g4,tick,169.7,0.324
6396.8,g1,cut,42.1,0.468
6396.8,g1,cnp,42.1,0.468
6396.8,g1,cnp,42.1,0.468
6396.8,g1,cnp,42.1,0.468
6399.2,g2,cut,80.0,0.393
6399.2,g2,cnp,80.0,0.393
6399.2,g2,cnp,80.0,0.393
6399.2,g2,cnp,80.0,0.393
6399.2,g2,cnp,80.0,0.393
6402.3,g4,cut,142.3,0.366
6402.3,g4,cnp,142.3,0.366
6402.3,g4,cnp,142.3,0.366
6402.3,g4,cnp,142.3,0.366
6402.3,g4,cnp,142.3,0.366
6402.3,g4,cnp,142.3,0.366
6402.3,g4,cnp,142.3,0.366
6402.3,g4,cnp,142.3,0.366
6406.0,g1,tick,42.1,0.468
6406.0,g2,tick,80.0,0.393
6406.0,g4,tick,142.3,0.366
6406.0,g1,cnp,42.1,0.468
6406.0,g1,cnp,42.1,0.468
6406.0,g1,cnp,42.1,0.468
6406.0,g1,cnp,42.1,0.468
6406.0,g2,cnp,80.0,0.393
6406.0,g2,cnp,80.0,0.393
6406.0,g2,cnp,80.0,0.393
6406.0,g4,cnp,142.3,0.366
6406.1,g1,tick,42.1,0.468
6406.1,g2,tick,80.0,0.393
6406.1,g4,tick,142.3,0.366
6413.5,g1,tick,47.9,0.439
6416.8,g2,tick,88.5,0.369
6422.1,g4,tick,156.0,0.343
6422.2,g1,cut,37.4,0.474
6422.2,g1,cnp,37.4,0.474
6422.2,g1,cnp,37.4,0.474
6422.2,g1,cnp,37.4,0.474
6422.2,g1,cnp,37.4,0.474
6422.2,g1,cnp,37.4,0.474
6422.2,g1,cnp,37.4,0.474
6423.6,g2,cut,72.2,0.408
6423.6,g2,cnp,72.2,0.408
6423.6,g2,cnp,72.2,0.408
6423.6,g2,cnp,72.2,0.408
6423.6,g2,cnp,72.2,0.408
6423.6,g2,cnp,72.2,0.408
6423.6,g2,cnp,72.2,0.408
6425.8,g4,cut,129.2,0.384
6425.8,g4,cnp,129.2,0.384
6425.8,g4,cnp,129.2,0.384
6425.8,g4,cnp,129.2,0.384
6425.8,g4,cnp,129.2,0.384
6425.8,g4,cnp,129.2,0.384
6425.8,g4,cnp,129.2,0.384
6425.8,g4,cnp,129.2,0.384
6429.8,g1,tick,37.4,0.474
6429.8,g2,tick,72.2,0.408
6429.8,g4,tick,129.2,0.384
6429.9,g1,cnp,37.4,0.474
6429.9,g1,cnp,37.4,0.474
6429.9,g2,cnp,72.2,0.408
6429.9,g2,cnp,72.2,0.408
6429.9,g4,cnp,129.2,0.384
6429.9,g1,tick,37.4,0.474
6429.9,g2,tick,72.2,0.408
6429.9,g4,tick,129.2,0.384
6434.2,g1,tick,42.6,0.444
6437.9,g2,tick,80.4,0.383
6441.7,g4,tick,142.6,0.360
6441.8,g1,cut,33.1,0.479
6441.8,g1,cnp,33.1,0.479
6441.8,g1,cnp,33.1,0.479
6441.8,g1,cnp,33.1,0.479
6450.4,g2,cut,65.0,0.421
6450.4,g2,cnp,65.0,0.421
6450.4,g2,cnp,65.0,0.421
6450.4,g2,cnp,65.0,0.421
6450.4,g2,cnp,65.0,0.421
6450.4,g2,cnp,65.0,0.421
6450.4,g2,cnp,65.0,0.421
6453.3,g4,cut,116.9,0.400
6453.3,g4,cnp,116.9,0.400
6453.3,g4,cnp,116.9,0.400
6453.3,g4,cnp,116.9,0.400
6453.3,g4,cnp,116.9,0.400
6453.3,g4,cnp,116.9,0.400
6453.3,g4,cnp,116.9,0.400
6453.3,g4,cnp,116.9,0.400
6455.5,g1,tick,33.1,0.479
6455.5,g2,tick,65.0,0.421
6455.5,g4,tick,116.9,0.400
6455.5,g1,cut,25.2,0.511
6455.5,g1,cnp,25.2,0.511
6455.5,g1,cnp,25.2,0.511
6455.5,g1,cnp,25.2,0.511
6455.5,g1,cnp,25.2,0.511
6457.7,g2,cnp,65.0,0.421
6457.8,g2,cnp,65.0,0.421
6457.8,g2,cnp,65.0,0.421
6457.8,g4,cnp,116.9,0.400
6457.8,g4,cnp,116.9,0.400
6457.8,g4,cnp,116.9,0.400
6457.8,g1,tick,25.2,0.511
6457.8,g2,tick,65.0,0.421
6457.8,g4,tick,116.9,0.400
6457.8,g1,cnp,25.2,0.511
6457.8,g1,tick,25.2,0.511
6459.2,g2,tick,72.7,0.395
6462.1,g4,tick,129.8,0.375
6462.2,g1,cnp,25.2,0.511
6462.2,g1,cnp,25.2,0.511
6462.2,g2,cut,58.3,0.433
6462.2,g2,cnp,58.3,0.433
6464.3,g4,cut,105.4,0.414
6464.3,g4,cnp,105.4,0.414
6464.3,g4,cnp,105.4,0.414
6469.5,g1,tick,25.2,0.511
6469.5,g2,tick,58.3,0.433
6469.5,g4,tick,105.4,0.414
6469.5,g1,cut,18.8,0.542
6469.5,g1,cnp,18.8,0.542
6469.8,g1,cnp,18.8,0.542
6472.7,g2,cut,45.7,0.468
6472.9,g2,cnp,45.7,0.468
6472.9,g2,cnp,45.7,0.468
6472.9,g2,cnp,45.7,0.468
6474.3,g4,cut,83.6,0.451
6474.3,g4,cnp,83.6,0.451
6474.3,g4,cnp,83.6,0.451
6474.3,g4,cnp,83.6,0.451
6477.1,g1,tick,18.8,0.542
6477.1,g2,tick,45.7,0.468
6477.1,g4,tick,83.6,0.451
6477.1,g1,cnp,18.8,0.542
6477.1,g1,cnp,18.8,0.542
6477.1,g1,cnp,18.8,0.542
6477.1,g2,cnp,45.7,0.468
6477.1,g2,cnp,45.7,0.468
6477.1,g4,cnp,83.6,0.451
6477.2,g1,tick,18.8,0.542
6477.2,g2,tick,45.7,0.468
6477.2,g4,tick,83.6,0.451
6479.3,g1,tick,22.0,0.508
6480.6,g2,tick,52.0,0.439
6484.6,g4,tick,94.5,0.423
6484.6,g1,cut,16.4,0.539
6484.6,g1,cnp,16.4,0.539
6488.5,g2,cut,40.6,0.474
6488.5,g2,cnp,40.6,0.474
6488.5,g2,cnp,40.6,0.474
6488.5,g2,cnp,40.6,0.474
6488.5,g2,cnp,40.6,0.474
6490.3,g4,cut,74.6,0.459
6490.3,g4,cnp,74.6,0.459
6490.3,g4,cnp,74.6,0.459
6490.3,g4,cnp,74.6,0.459
6490.3,g4,cnp,74.6,0.459
6491.7,g1,tick,16.4,0.539
6491.7,g2,tick,40.6,0.474
6491.7,g4,tick,74.6,0.459
6491.7,g1,cnp,16.4,0.539
6491.7,g1,cnp,16.4,0.539
6491.7,g1,cnp,16.4,0.539
6491.8,g2,cnp,40.6,0.474
6491.8,g4,cnp,74.6,0.459
6491.8,g1,tick,16.4,0.539
6491.8,g2,tick,40.6,0.474
6491.8,g4,tick,74.6,0.459
6494.7,g1,tick,19.2,0.505
6498.2,g2,tick,46.3,0.444
6500.8,g4,tick,84.5,0.430
6500.8,g1,cut,14.3,0.536
6500.8,g1,cnp,14.3,0.536
6508.2,g2,cut,36.0,0.479
6508.2,g2,cnp,36.0,0.479
6509.8,g4,cut,66.4,0.466
6509.8,g4,cnp,66.4,0.466
6509.9,g4,cnp,66.4,0.466
6513.9,g1,tick,14.3,0.536
6513.9,g2,tick,36.0,0.479
6513.9,g4,tick,66.4,0.466
6516.7,g1,tick,16.8,0.503
6519.5,g2,tick,41.2,0.449
6521.5,g4,tick,75.5,0.436
6524.8,g1,tick,18.0,0.471
6527.3,g2,tick,43.7,0.421
6530.0,g4,tick,80.0,0.409
6531.4,g1,tick,18.6,0.442
6535.3,g2,tick,45.0,0.395
6539.6,g4,tick,82.3,0.384
6539.6,g1,tick,18.9,0.414
6539.6,g2,tick,45.7,0.370
6539.6,g4,tick,83.4,0.360
6541.5,g1,tick,19.0,0.388
6543.2,g2,tick,46.0,0.347
6546.9,g4,tick,84.0,0.337
6549.1,g1,tick,24.1,0.364
6552.7,g2,tick,51.1,0.325
6556.2,g4,tick,89.3,0.316
6559.2,g1,tick,31.7,0.341
6562.4,g2,tick,58.7,0.305
6563.8,g4,tick,96.9,0.296
6565.2,g1,tick,40.4,0.320
6566.8,g2,tick,67.5,0.286
6568.8,g4,tick,105.7,0.278
6570.7,g1,tick,49.8,0.300
6580.1,g2,tick,76.9,0.268
6583.9,g4,tick,115.1,0.260
6588.0,g1,tick,59.5,0.281
6589.3,g2,tick,86.6,0.251
6591.5,g4,tick,124.8,0.244
6597.0,g1,tick,89.3,0.264
6598.6,g2,tick,116.5,0.236
6603.6,g4,tick,154.7,0.229
6606.0,g1,tick,129.3,0.247
6607.5,g2,tick,156.4,0.221
6609.8,g4,tick,194.6,0.215
6618.1,g1,tick,174.2,0.232
6620.1,g2,tick,201.3,0.207
6623.4,g4,tick,239.6,0.201
6623.4,g1,cut,154.1,0.280
6623.4,g1,cnp,154.1,0.280
6625.0,g2,cut,180.5,0.257
6625.0,g2,cnp,180.5,0.257
6626.6,g4,cut,215.5,0.251
6626.6,g4,cnp,215.5,0.251
6626.6,g4,cnp,215.5,0.251
6629.1,g1,tick,154.1,0.280
6629.1,g2,tick,180.5,0.257
6629.1,g4,tick,215.5,0.251
6629.1,g1,cnp,154.1,0.280
6629.1,g2,cnp,180.5,0.257
6629.1,g4,cnp,215.5,0.251
6629.1,g1,tick,154.1,0.280
6629.1,g2,tick,180.5,0.257
6629.1,g4,tick,215.5,0.251
6632.7,g1,tick,164.1,0.262
6635.1,g2,tick,190.9,0.241
6636.8,g4,tick,227.5,0.235
6636.8,g1,cut,142.6,0.308
6636.8,g1,cnp,142.6,0.308
6646.3,g2,cut,168.0,0.288
6646.3,g2,cnp,168.0,0.288
6646.3,g2,cnp,168.0,0.288
6646.3,g2,cnp,168.0,0.288
6646.3,g2,cnp,168.0,0.288
6646.3,g2,cnp,168.0,0.288
6648.8,g4,cut,200.7,0.283
6648.8,g4,cnp,200.7,0.283
6648.8,g4,cnp,200.7,0.283
6648.8,g4,cnp,200.7,0.283
6648.8,g4,cnp,200.7,0.283
6648.8,g4,cnp,200.7,0.283
6648.9,g4,cnp,200.7,0.283
6648.9,g4,cnp,200.7,0.283
6652.5,g1,tick,142.6,0.308
6652.5,g2,tick,168.0,0.288
6652.5,g4,tick,200.7,0.283
6652.5,g1,cut,120.6,0.352
6652.5,g1,cnp,120.6,0.352
6652.5,g1,cnp,120.6,0.352
6652.6,g1,cnp,120.6,0.352
6652.6,g1,cnp,120.6,0.352
6652.6,g1,cnp,120.6,0.352
6654.3,g2,cnp,168.0,0.288
6654.3,g2,cnp,168.0,0.288
6654.3,g2,cnp,168.0,0.288
6654.3,g2,cnp,168.0,0.288
6654.3,g4,cnp,200.7,0.283
6654.3,g4,cnp,200.7,0.283
6654.3,g1,tick,120.6,0.352
6654.3,g2,tick,168.0,0.288
6654.3,g4,tick,200.7,0.283
6654.3,g1,cnp,120.6,0.352
6654.3,g1,tick,120.6,0.352
6655.7,g2,tick,179.4,0.270
6657.5,g4,tick,214.1,0.266
6657.5,g1,cnp,120.6,0.352
6657.5,g2,cut,155.2,0.316
6659.2,g4,cut,185.7,0.311
6659.2,g4,cnp,185.7,0.311
6661.0,g1,tick,120.6,0.352
6661.0,g2,tick,155.2,0.316
6661.0,g4,tick,185.7,0.311
6661.0,g1,cnp,120.6,0.352
6661.0,g1,cnp,120.6,0.352
6661.1,g2,cnp,155.2,0.316
6661.1,g2,cnp,155.2,0.316
6661.1,g4,cnp,185.7,0.311
6661.1,g1,tick,120.6,0.352
6661.1,g2,tick,155.2,0.316
6661.1,g4,tick,185.7,0.311
6667.2,g1,tick,131.6,0.330
6668.8,g2,tick,167.3,0.296
6671.8,g4,tick,199.9,0.292
6671.8,g1,cut,109.9,0.371
6671.8,g1,cnp,109.9,0.371
6671.8,g1,cnp,109.9,0.371
6671.9,g1,cnp,109.9,0.371
6674.1,g2,cut,142.6,0.340
6674.1,g2,cnp,142.6,0.340
6674.1,g2,cnp,142.6,0.340
6674.1,g2,cnp,142.6,0.340
6675.5,g4,cut,170.7,0.336
6675.5,g4,cnp,170.7,0.336
6675.5,g4,cnp,170.7,0.336
6675.5,g4,cnp,170.7,0.336
6681.2,g1,tick,109.9,0.371
6681.2,g2,tick,142.6,0.340
6681.2,g4,tick,170.7,0.336
6681.2,g1,cnp,109.9,0.371
6681.2,g1,cnp,109.9,0.371
6681.2,g2,cnp,142.6,0.340
6681.2,g2,cnp,142.6,0.340
6681.2,g4,cnp,170.7,0.336
6681.2,g4,cnp,170.7,0.336
6681.2,g1,tick,109.9,0.371
6681.2,g2,tick,142.6,0.340
6681.2,g4,tick,170.7,0.336
6688.4,g1,tick,120.8,0.348
6692.0,g2,tick,154.9,0.319
6697.5,g4,tick,185.3,0.315
6697.5,g1,cut,99.8,0.389
6697.5,g1,cnp,99.8,0.389
6697.5,g1,cnp,99.8,0.389
6697.5,g1,cnp,99.8,0.389
6697.5,g1,cnp,99.8,0.389
6697.5,g1,cnp,99.8,0.389
6700.0,g2,cut,130.3,0.361
6700.0,g2,cnp,130.3,0.361
6700.0,g2,cnp,130.3,0.361
6700.0,g2,cnp,130.3,0.361
6700.0,g2,cnp,130.3,0.361
6700.0,g2,cnp,130.3,0.361
6700.0,g2,cnp,130.3,0.361
6702.3,g4,cut,156.1,0.358
6702.3,g4,cnp,156.1,0.358
6708.2,g1,tick,99.8,0.389
6708.3,g2,tick,130.3,0.361
6708.3,g4,tick,156.1,0.358
6708.3,g1,cut,80.4,0.427
6708.3,g1,cnp,80.4,0.427
6708.3,g1,cnp,80.4,0.427
6708.3,g1,cnp,80.4,0.427
6708.3,g1,cnp,80.4,0.427
6716.4,g2,cut,106.7,0.401
6716.5,g2,cnp,106.7,0.401
6716.5,g2,cnp,106.7,0.401
6716.5,g2,cnp,106.7,0.401
6716.5,g2,cnp,106.7,0.401
6720.7,g1,tick,80.4,0.427
6720.7,g2,tick,106.7,0.401
6742.2,g4,tick,170.7,0.336
6742.2,g1,cut,63.2,0.463
6742.2,g1,cnp,63.2,0.463
6742.2,g1,cnp,63.2,0.463
6742.3,g1,cnp,63.2,0.463
6742.3,g1,cnp,63.2,0.463
6742.3,g1,cnp,63.2,0.463
6742.3,g1,cnp,63.2,0.463
6742.3,g1,cnp,63.2,0.463
6742.3,g1,cnp,63.2,0.463
6743.7,g2,cut,85.3,0.439
6743.8,g2,cnp,85.3,0.439
6743.8,g2,cnp,85.3,0.439
6743.8,g2,cnp,85.3,0.439
6743.8,g2,cnp,85.3,0.439
6743.8,g2,cnp,85.3,0.439
6743.8,g2,cnp,85.3,0.439
6743.8,g2,cnp,85.3,0.439
6745.9,g4,cut,142.1,0.377
6746.0,g4,cnp,142.1,0.377
6746.0,g4,cnp,142.1,0.377
6746.0,g4,cnp,142.1,0.377
6746.0,g4,cnp,142.1,0.377
6746.0,g4,cnp,142.1,0.377
6746.0,g4,cnp,142.1,0.377
6754.2,g1,tick,63.2,0.463
6754.2,g2,tick,85.3,0.439
6754.2,g4,tick,142.1,0.377
6754.2,g1,cut,48.6,0.497
6754.2,g1,cnp,48.6,0.497
6754.2,g1,cnp,48.6,0.497
6754.2,g1,cnp,48.6,0.497
6754.2,g1,cnp,48.6,0.497
6755.8,g2,cut,66.6,0.474
6755.8,g2,cnp,66.6,0.474
6755.8,g2,cnp,66.6,0.474
6755.8,g2,cnp,66.6,0.474
6755.8,g2,cnp,66.6,0.474
6757.6,g1,tick,48.6,0.497
6757.6,g2,tick,66.6,0.474
6759.5,g4,tick,156.4,0.354
6759.5,g1,cnp,48.6,0.497
6759.5,g1,cnp,48.6,0.497
6759.5,g2,cnp,66.6,0.474
6759.5,g1,tick,48.6,0.497
6759.5,g2,tick,66.6,0.474
6761.6,g4,tick,163.6,0.331
6764.6,g1,tick,55.9,0.466
6769.6,g2,tick,76.0,0.444
6771.1,g4,tick,167.1,0.311
6771.2,g1,cut,42.9,0.499
6771.2,g1,cnp,42.9,0.499
6774.5,g2,cut,59.1,0.479
6781.6,g4,cut,141.2,0.354
6781.7,g4,cnp,141.2,0.354
6781.7,g4,cnp,141.2,0.354
6781.7,g4,cnp,141.2,0.354
6781.7,g4,cnp,141.2,0.354
6781.7,g4,cnp,141.2,0.354
6781.7,g4,cnp,141.2,0.354
6781.7,g4,cnp,141.2,0.354
6783.1,g1,tick,42.9,0.499
6783.1,g2,tick,59.1,0.479
6783.1,g4,tick,141.2,0.354
6783.1,g1,cut,32.2,0.530
6786.1,g2,cut,44.9,0.511
6786.1,g2,cnp,44.9,0.511
6786.1,g2,cnp,44.9,0.511
6786.1,g2,cnp,44.9,0.511
6792.2,g1,tick,32.2,0.530
6792.2,g2,tick,44.9,0.511
6793.6,g4,tick,154.2,0.332
6793.6,g1,cut,23.6,0.560
6793.6,g1,cnp,23.6,0.560
6793.6,g1,cnp,23.6,0.560
6793.6,g1,cnp,23.6,0.560
6795.2,g2,cnp,44.9,0.511
6795.2,g2,cnp,44.9,0.511
6795.2,g2,cnp,44.9,0.511
6795.2,g4,cut,128.6,0.373
6795.2,g4,cnp,128.6,0.373
6795.2,g4,cnp,128.6,0.373
6795.2,g4,cnp,128.6,0.373
6801.1,g1,tick,23.6,0.560
6801.1,g2,tick,44.9,0.511
6801.1,g4,tick,128.6,0.373
6801.1,g1,cnp,23.6,0.560
6801.1,g1,cnp,23.6,0.560
6801.1,g1,cnp,23.6,0.560
6801.2,g2,cut,33.5,0.542
6801.2,g2,cnp,33.5,0.542
6801.2,g2,cnp,33.5,0.542
6805.2,g1,tick,23.6,0.560
6805.2,g2,tick,33.5,0.542
6806.8,g4,tick,141.4,0.350
6806.9,g1,cut,17.0,0.587
6806.9,g1,cnp,17.0,0.587
6812.1,g2,cut,24.4,0.571
6812.1,g2,cnp,24.4,0.571
6812.1,g2,cnp,24.4,0.571
6812.1,g2,cnp,24.4,0.571
6814.2,g1,tick,17.0,0.587
6814.2,g2,tick,24.4,0.571
6818.0,g4,tick,147.8,0.328
6818.0,g1,cut,12.0,0.613
6819.8,g4,cut,123.5,0.370
6819.8,g4,cnp,123.5,0.370
6819.8,g4,cnp,123.5,0.370
6819.8,g4,cnp,123.5,0.370
6819.8,g4,cnp,123.5,0.370
6823.1,g1,tick,12.0,0.613
6828.0,g2,tick,28.9,0.535
6828.1,g4,tick,123.5,0.370
6828.1,g1,cut,8.3,0.637
6828.1,g1,cnp,8.3,0.637
6828.1,g1,cnp,8.3,0.637
6829.7,g2,cut,21.2,0.564
6829.7,g2,cnp,21.2,0.564
6829.7,g2,cnp,21.2,0.564
6831.0,g4,cut,100.6,0.410
6831.0,g4,cnp,100.6,0.410
6831.1,g4,cnp,100.6,0.410
6831.1,g4,cnp,100.6,0.410
6837.8,g1,tick,8.3,0.637
6837.8,g2,tick,21.2,0.564
6837.8,g4,tick,100.6,0.410
6837.8,g1,cnp,8.3,0.637
6837.8,g1,cnp,8.3,0.637
6837.8,g1,cnp,8.3,0.637
6837.8,g1,cnp,8.3,0.637
6837.8,g2,cnp,21.2,0.564
6837.8,g2,cnp,21.2,0.564
6837.8,g2,cnp,21.2,0.564
6837.8,g4,cnp,100.6,0.410
6837.8,g4,cnp,100.6,0.410
6837.8,g4,cnp,100.6,0.410
6837.8,g4,cnp,100.6,0.410
6837.8,g1,tick,8.3,0.637
6837.8,g2,tick,21.2,0.564
6837.8,g4,tick,100.6,0.410
6839.2,g1,tick,10.2,0.597
6842.2,g2,tick,25.1,0.529
6843.4,g4,tick,112.1,0.384
6843.5,g1,cut,7.1,0.622
6846.2,g2,cut,18.4,0.558
6847.7,g4,cut,90.6,0.423
6850.5,g1,tick,7.1,0.622
6850.5,g2,tick,18.4,0.558
6850.5,g4,tick,90.6,0.423
6852.9,g1,tick,8.7,0.584
6856.0,g2,tick,21.7,0.523
6857.6,g4,tick,101.3,0.396
6859.6,g1,tick,9.4,0.547
6862.7,g2,tick,23.4,0.491
6864.8,g4,tick,106.7,0.371
6868.1,g1,tick,9.8,0.513
6869.7,g2,tick,24.2,0.460
6872.3,g4,tick,109.4,0.348
6872.3,g1,tick,10.0,0.481
6872.3,g2,tick,24.6,0.431
6872.3,g4,tick,110.7,0.326
6874.1,g1,tick,10.1,0.451
6875.9,g2,tick,24.8,0.404
6875.9,g4,tick,111.4,0.306
6877.9,g1,tick,15.1,0.423
6879.5,g2,tick,30.0,0.379
6884.8,g4,tick,116.7,0.287
6887.1,g1,tick,22.7,0.396
6889.8,g2,tick,37.5,0.355
6893.2,g4,tick,124.4,0.269
6897.1,g1,tick,31.4,0.371
6902.2,g2,tick,46.3,0.333
6904.0,g4,tick,133.2,0.252
6906.6,g1,tick,40.8,0.348
6909.3,g2,tick,55.7,0.312
6911.3,g4,tick,142.7,0.236
6913.8,g1,tick,50.5,0.326
6918.0,g2,tick,65.4,0.293
6921.9,g4,tick,152.4,0.222
6928.7,g1,tick,80.3,0.306
6931.0,g2,tick,95.2,0.274
6933.7,g4,tick,182.2,0.208
6935.2,g1,tick,120.3,0.287
6936.7,g2,tick,135.1,0.257
6939.4,g4,tick,222.2,0.195
6942.3,g1,tick,165.2,0.269
6944.1,g2,tick,180.1,0.241
6945.6,g4,tick,267.1,0.183
6947.7,g1,tick,212.7,0.252
6952.1,g2,tick,227.6,0.226
6954.2,g4,tick,314.6,0.171
6954.2,g1,cut,185.9,0.299
6955.8,g1,tick,185.9,0.299
6958.5,g2,tick,276.3,0.212
6961.7,g4,tick,363.3,0.160
6961.7,g1,cnp,185.9,0.299
6961.7,g1,cnp,185.9,0.299
6961.7,g4,cut,334.2,0.213
6961.7,g4,cnp,334.2,0.213
6967.7,g1,tick,185.9,0.299
6971.9,g2,tick,325.7,0.199
6971.9,g4,tick,334.2,0.213
6971.9,g1,cut,158.1,0.343
6971.9,g1,cnp,158.1,0.343
6971.9,g1,cnp,158.1,0.343
6973.3,g4,cut,298.6,0.262
6973.3,g4,cnp,298.6,0.262
6973.3,g4,cnp,298.6,0.262
6973.3,g4,cnp,298.6,0.262
6975.7,g1,tick,158.1,0.343
6977.7,g2,tick,375.4,0.186
6977.7,g4,tick,298.6,0.262
6977.7,g1,cnp,158.1,0.343
6977.7,g1,cnp,158.1,0.343
6977.7,g1,cnp,158.1,0.343
6977.8,g4,cnp,298.6,0.262
6977.8,g4,cnp,298.6,0.262
6977.8,g1,tick,158.1,0.343
6979.4,g2,tick,425.2,0.175
6979.4,g4,tick,298.6,0.262
6979.4,g4,cnp,298.6,0.262
6981.2,g1,tick,172.0,0.321
6982.5,g2,tick,475.1,0.164
6982.5,g4,tick,298.6,0.262
6982.5,g1,cut,144.4,0.364
6986.3,g1,tick,144.4,0.364
6988.0,g2,tick,525.1,0.154
6990.0,g4,tick,316.4,0.246
6990.0,g1,cnp,144.4,0.364
6990.0,g1,cnp,144.4,0.364
6990.1,g4,cut,277.5,0.293
6990.1,g4,cnp,277.5,0.293
6992.4,g1,tick,144.4,0.364
6994.5,g2,tick,575.1,0.144
6994.5,g4,tick,277.5,0.293
6994.5,g1,cut,118.1,0.403
6996.0,g4,cnp,277.5,0.293
6996.0,g4,cnp,277.5,0.293
6996.0,g1,tick,118.1,0.403
6998.0,g2,tick,625.1,0.135
6998.0,g4,tick,277.5,0.293
6998.0,g1,cnp,118.1,0.403
6998.0,g1,tick,118.1,0.403
7002.7,g2,tick,675.1,0.127
7006.9,g4,tick,297.0,0.275
7006.9,g1,cut,94.3,0.441
7006.9,g1,cnp,94.3,0.441
7006.9,g1,cnp,94.3,0.441
7006.9,g1,cnp,94.3,0.441
7009.0,g4,cut,256.2,0.320
7009.0,g4,cnp,256.2,0.320
7009.0,g4,cnp,256.2,0.320
7009.0,g4,cnp,256.2,0.320
7009.0,g4,cnp,256.2,0.320
7012.7,g1,tick,94.3,0.441
7014.5,g2,tick,725.1,0.119
7014.5,g4,tick,256.2,0.320
7014.5,g1,cnp,94.3,0.441
7014.5,g1,cnp,94.3,0.441
7014.5,g1,cnp,94.3,0.441
7014.5,g4,cnp,256.2,0.320
7014.5,g4,cnp,256.2,0.320
7014.6,g1,tick,94.3,0.441
7018.2,g2,tick,775.1,0.111
7018.2,g4,tick,256.2,0.320
7018.2,g1,cut,73.5,0.476
7020.0,g4,cut,215.2,0.362
7020.0,g4,cnp,215.2,0.362
7022.6,g1,tick,73.5,0.476
7024.8,g2,tick,825.1,0.104
7024.8,g4,tick,215.2,0.362
7024.9,g1,cnp,73.5,0.476
7024.9,g1,cnp,73.5,0.476
7024.9,g1,cnp,73.5,0.476
7024.9,g1,cnp,73.5,0.476
7024.9,g4,cnp,215.2,0.362
7024.9,g4,cnp,215.2,0.362
7024.9,g1,tick,73.5,0.476
7027.2,g2,tick,875.1,0.098
7027.2,g4,tick,215.2,0.362
7027.2,g1,cnp,73.5,0.476
7027.2,g4,cnp,215.2,0.362
7027.2,g1,tick,73.5,0.476
7029.5,g2,tick,925.1,0.092
7029.5,g4,tick,215.2,0.362
7029.5,g1,cut,56.0,0.508
7031.8,g4,cut,176.2,0.402
7031.8,g4,cnp,176.2,0.402
7033.4,g1,tick,56.0,0.508
7036.0,g2,tick,962.5,0.086
7036.0,g4,tick,176.2,0.402
7036.0,g1,cnp,56.0,0.508
7036.0,g1,cnp,56.0,0.508
7036.0,g4,cnp,176.2,0.402
7036.0,g4,cnp,176.2,0.402
7036.0,g1,tick,56.0,0.508
7036.0,g2,tick,981.3,0.081
7036.0,g4,tick,176.2,0.402
7039.5,g1,tick,64.8,0.477
7042.3,g2,tick,990.6,0.075
7043.8,g4,tick,195.7,0.377
7043.8,g1,cut,49.3,0.509
7043.8,g1,cnp,49.3,0.509
7043.8,g1,cnp,49.3,0.509
7046.1,g4,cut,158.8,0.416
7046.1,g4,cnp,158.8,0.416
7046.1,g4,cnp,158.8,0.416
7047.7,g1,tick,49.3,0.509
7047.7,g2,tick,995.3,0.071
7047.7,g4,tick,158.8,0.416
7049.8,g1,tick,57.0,0.478
7049.8,g2,tick,997.7,0.066
7051.8,g4,tick,177.3,0.390
7051.8,g1,cnp,57.0,0.478
7051.8,g1,cnp,57.0,0.478
7051.8,g4,cnp,177.3,0.390
7051.8,g4,cnp,177.3,0.390
7051.8,g1,tick,57.0,0.478
7051.8,g2,tick,998.8,0.062
7051.8,g4,tick,177.3,0.390
7054.6,g1,tick,60.9,0.448
7054.6,g2,tick,999.4,0.058
7056.7,g4,tick,186.5,0.366
7056.7,g1,cut,47.3,0.482
7056.7,g1,cnp,47.3,0.482
7058.2,g4,cut,152.4,0.405
7058.2,g4,cnp,152.4,0.405
7058.2,g4,cnp,152.4,0.405
7060.6,g1,tick,47.3,0.482
7060.7,g2,tick,999.7,0.055
7060.7,g4,tick,152.4,0.405
7060.7,g1,cnp,47.3,0.482
7060.7,g1,cnp,47.3,0.482
7060.7,g4,cnp,152.4,0.405
7060.7,g1,tick,47.3,0.482
7060.7,g2,tick,999.9,0.051
7060.7,g4,tick,152.4,0.405
7062.3,g1,tick,54.1,0.452
7062.3,g2,tick,999.9,0.048
7063.6,g4,tick,169.4,0.380
7063.7,g1,cnp,54.1,0.452
7063.7,g1,cnp,54.1,0.452
7063.7,g4,cnp,169.4,0.380
7063.7,g4,cnp,169.4,0.380
7063.7,g1,tick,54.1,0.452
7063.7,g2,tick,1000.0,0.045
7063.7,g4,tick,169.4,0.380
7065.3,g1,tick,57.5,0.424
7065.4,g2,tick,1000.0,0.042
7067.4,g4,tick,178.0,0.356
7067.5,g1,cut,45.3,0.460
7074.6,g4,cut,146.3,0.396
7074.6,g4,cnp,146.3,0.396
7074.6,g4,cnp,146.3,0.396
7074.6,g4,cnp,146.3,0.396
7078.9,g1,tick,45.3,0.460
7078.9,g2,tick,1000.0,0.040
7078.9,g4,tick,146.3,0.396
7078.9,g1,cut,34.9,0.494
7078.9,g1,cnp,34.9,0.494
7078.9,g1,cnp,34.9,0.494
7078.9,g1,cnp,34.9,0.494
7078.9,g1,cnp,34.9,0.494
7080.6,g4,cnp,146.3,0.396
7080.6,g4,cnp,146.3,0.396
7080.6,g4,cnp,146.3,0.396
7080.6,g1,tick,34.9,0.494
7080.6,g2,tick,1000.0,0.037
7080.6,g4,tick,146.3,0.396
7082.3,g1,tick,40.1,0.463
7082.3,g2,tick,1000.0,0.035
7083.6,g4,tick,162.1,0.372
7083.6,g1,cnp,40.1,0.463
7083.6,g4,cnp,162.1,0.372
7083.6,g1,tick,40.1,0.463
7083.6,g2,tick,1000.0,0.033
7083.6,g4,tick,162.1,0.372
7086.2,g1,tick,42.7,0.434
7086.2,g2,tick,1000.0,0.031
7087.9,g4,tick,170.0,0.348
7087.9,g1,cnp,42.7,0.434
7087.9,g1,cnp,42.7,0.434
7087.9,g4,cut,140.4,0.389
7087.9,g4,cnp,140.4,0.389
7089.8,g1,tick,42.7,0.434
7089.8,g2,tick,1000.0,0.029
7089.8,g4,tick,140.4,0.389
7089.8,g1,cut,33.4,0.469
7091.1,g4,cnp,140.4,0.389
7091.1,g1,tick,33.4,0.469
7091.1,g2,tick,1000.0,0.027
7091.1,g4,tick,140.4,0.389
7093.4,g1,tick,38.1,0.440
7093.4,g2,tick,1000.0,0.025
7096.9,g4,tick,155.2,0.365
7096.9,g1,cnp,38.1,0.440
7096.9,g1,cnp,38.1,0.440
7096.9,g4,cnp,155.2,0.365
7096.9,g4,cnp,155.2,0.365
7096.9,g1,tick,38.1,0.440
7096.9,g2,tick,1000.0,0.024
7096.9,g4,tick,155.2,0.365
7098.8,g1,tick,40.4,0.412
7098.8,g2,tick,1000.0,0.022
7100.1,g4,tick,162.6,0.342
7101.9,g1,tick,41.5,0.387
7101.9,g2,tick,1000.0,0.021
7104.3,g4,tick,166.3,0.321
7104.3,g1,tick,42.1,0.362
7104.3,g2,tick,1000.0,0.019
7104.3,g4,tick,168.2,0.301
7107.3,g1,tick,42.4,0.340
7107.3,g2,tick,1000.0,0.018
7107.3,g4,tick,169.1,0.282
7108.8,g1,tick,47.6,0.319
7108.8,g2,tick,1000.0,0.017
7111.5,g4,tick,174.6,0.264
7115.4,g1,tick,55.1,0.299
7115.4,g2,tick,1000.0,0.016
7116.8,g4,tick,182.3,0.248
7120.4,g1,tick,63.9,0.280
7120.4,g2,tick,1000.0,0.015
7122.1,g4,tick,191.2,0.232
7124.0,g1,tick,73.3,0.262
7124.0,g2,tick,1000.0,0.014
7126.0,g4,tick,200.6,0.218
7131.8,g1,tick,83.0,0.246
7131.8,g2,tick,1000.0,0.013
7133.7,g4,tick,210.3,0.204
7135.8,g1,tick,112.9,0.231
7135.8,g2,tick,1000.0,0.012
7137.5,g4,tick,240.2,0.191
7139.1,g1,tick,152.8,0.216
7139.1,g2,tick,1000.0,0.012
7141.0,g4,tick,280.1,0.179
7142.3,g1,tick,197.7,0.203
7142.3,g2,tick,1000.0,0.011
7143.6,g4,tick,325.1,0.168
7145.5,g1,tick,245.2,0.190
7145.5,g2,tick,1000.0,0.010
7148.4,g4,tick,372.6,0.158
7150.2,g1,tick,294.0,0.178
7150.2,g2,tick,1000.0,0.010
7151.9,g4,tick,421.3,0.148
7151.9,g1,cut,267.8,0.230
7154.0,g4,cut,390.2,0.201
7154.0,g4,cnp,390.2,0.201
7154.0,g4,cnp,390.2,0.201
7161.5,g1,tick,267.8,0.230
7161.6,g2,tick,1000.0,0.009
7161.6,g4,tick,390.2,0.201
7161.6,g1,cnp,267.8,0.230
7161.6,g1,cnp,267.8,0.230
7161.6,g1,cnp,267.8,0.230
7161.6,g1,cnp,267.8,0.230
7161.6,g4,cnp,390.2,0.201
7161.6,g4,cnp,390.2,0.201
7161.6,g4,cnp,390.2,0.201
7161.6,g1,tick,267.8,0.230
7161.6,g2,tick,1000.0,0.008
7161.6,g4,tick,390.2,0.201
7162.9,g1,tick,280.9,0.215
7162.9,g2,tick,1000.0,0.008
7164.6,g4,tick,405.7,0.189
7164.6,g1,cut,250.6,0.264
7166.3,g4,cut,367.5,0.239
7167.7,g1,tick,250.6,0.264
7167.7,g2,tick,1000.0,0.007
7167.7,g4,tick,367.5,0.239
7167.7,g1,cnp,250.6,0.264
7167.7,g4,cnp,367.5,0.239
7167.7,g1,tick,250.6,0.264
7167.7,g2,tick,1000.0,0.007
7167.7,g4,tick,367.5,0.239
7170.1,g1,tick,265.8,0.248
7170.1,g2,tick,1000.0,0.006
7171.8,g4,tick,386.6,0.224
7171.8,g1,cnp,265.8,0.248
7171.8,g4,cnp,386.6,0.224
7171.8,g1,tick,265.8,0.248
7171.8,g2,tick,1000.0,0.006
7171.8,g4,tick,386.6,0.224
7173.4,g1,tick,273.3,0.232
7173.5,g2,tick,1000.0,0.006
7175.1,g4,tick,396.2,0.210
7175.1,g1,cut,241.6,0.280
7175.1,g1,cnp,241.6,0.280
7178.0,g4,cut,354.5,0.260
7178.0,g4,cnp,354.5,0.260
7178.0,g4,cnp,354.5,0.260
7179.5,g1,tick,241.6,0.280
7179.5,g2,tick,1000.0,0.005
7179.5,g4,tick,354.5,0.260
7179.5,g1,cnp,241.6,0.280
7179.5,g1,cnp,241.6,0.280
7179.5,g4,cnp,354.5,0.260
7179.5,g1,tick,241.6,0.280
7179.5,g2,tick,1000.0,0.005
7179.5,g4,tick,354.5,0.260
7180.9,g1,tick,257.4,0.263
7180.9,g2,tick,1000.0,0.005
7182.8,g4,tick,375.3,0.243
7182.8,g1,cnp,257.4,0.263
7182.8,g4,cnp,375.3,0.243
7182.8,g1,tick,257.4,0.263
7182.8,g2,tick,1000.0,0.004
7182.8,g4,tick,375.3,0.243
7188.5,g1,tick,265.4,0.246
7188.5,g2,tick,1000.0,0.004
7190.1,g4,tick,385.8,0.228
7190.1,g1,cut,232.7,0.293
7190.1,g1,cnp,232.7,0.293
7190.1,g1,cnp,232.7,0.293
7191.9,g4,cut,341.7,0.276
7191.9,g4,cnp,341.7,0.276
7191.9,g4,cnp,341.7,0.276
7193.7,g1,tick,232.7,0.293
7193.7,g2,tick,1000.0,0.004
7193.7,g4,tick,341.7,0.276
7193.7,g1,cnp,232.7,0.293
7193.7,g1,cnp,232.7,0.293
7193.8,g4,cnp,341.7,0.276
7193.8,g1,tick,232.7,0.293
7193.8,g2,tick,1000.0,0.004
7193.8,g4,tick,341.7,0.276
7195.8,g1,tick,249.0,0.275
7195.8,g2,tick,1000.0,0.003
7197.2,g4,tick,363.7,0.259
7197.2,g1,cnp,249.0,0.275
7197.2,g1,cnp,249.0,0.275
7197.3,g4,cnp,363.7,0.259
7197.3,g4,cnp,363.7,0.259
7197.3,g1,tick,249.0,0.275
7197.3,g2,tick,1000.0,0.003
7197.3,g4,tick,363.7,0.259
7201.2,g1,tick,257.2,0.258
7201.2,g2,tick,1000.0,0.003
7203.8,g4,tick,374.7,0.243
7203.9,g1,cut,224.0,0.304
7203.9,g1,cnp,224.0,0.304
7205.2,g4,cut,329.2,0.290
7205.2,g4,cnp,329.2,0.290
7205.2,g4,cnp,329.2,0.290
7207.7,g1,tick,224.0,0.304
7207.7,g2,tick,1000.0,0.003
7207.7,g4,tick,329.2,0.290
7207.7,g1,cnp,224.0,0.304
7207.7,g4,cnp,329.2,0.290
7207.7,g1,tick,224.0,0.304
7207.7,g2,tick,1000.0,0.003
7207.7,g4,tick,329.2,0.290
7209.3,g1,tick,240.6,0.285
7209.3,g2,tick,1000.0,0.002
7211.1,g4,tick,352.0,0.272
7211.1,g1,cnp,240.6,0.285
7211.1,g1,cnp,240.6,0.285
7211.2,g4,cnp,352.0,0.272
7211.2,g4,cnp,352.0,0.272
7211.2,g1,tick,240.6,0.285
7211.2,g2,tick,1000.0,0.002
7211.2,g4,tick,352.0,0.272
7213.1,g1,tick,248.9,0.267
7213.1,g2,tick,1000.0,0.002
7214.7,g4,tick,363.4,0.255
7214.7,g1,cut,215.6,0.313
7217.0,g4,cut,317.0,0.302
7217.0,g4,cnp,317.0,0.302
7218.5,g1,tick,215.6,0.313
7218.5,g2,tick,1000.0,0.002
7218.5,g4,tick,317.0,0.302
7218.5,g1,cnp,215.6,0.313
7218.5,g1,tick,215.6,0.313
7218.5,g2,tick,1000.0,0.002
7219.9,g4,tick,340.2,0.283
7219.9,g1,cnp,215.6,0.313
7220.0,g4,cnp,340.2,0.283
7220.0,g1,tick,215.6,0.313
7220.0,g2,tick,1000.0,0.002
7220.0,g4,tick,340.2,0.283
7221.5,g1,tick,232.3,0.294
7221.5,g2,tick,1000.0,0.002
7224.8,g4,tick,351.8,0.265
7224.8,g1,cut,198.2,0.338
7224.8,g1,cnp,198.2,0.338
7226.1,g4,cnp,351.8,0.265
7226.1,g4,cnp,351.8,0.265
7226.1,g1,tick,198.2,0.338
7226.2,g2,tick,1000.0,0.002
7226.2,g4,tick,351.8,0.265
7229.4,g1,tick,215.2,0.317
7229.4,g2,tick,1000.0,0.001
7229.4,g4,tick,357.6,0.249
7229.4,g1,cnp,215.2,0.317
7229.4,g1,cnp,215.2,0.317
7229.4,g4,cut,313.1,0.296
7232.8,g1,tick,215.2,0.317
7232.8,g2,tick,1000.0,0.001
7232.8,g4,tick,313.1,0.296
7232.8,g1,cnp,215.2,0.317
7232.9,g4,cnp,313.1,0.296
7232.9,g1,tick,215.2,0.317
7232.9,g2,tick,1000.0,0.001
7232.9,g4,tick,313.1,0.296
7235.9,g1,tick,223.7,0.297
7235.9,g2,tick,1000.0,0.001
7239.0,g4,tick,335.4,0.277
7239.0,g1,cut,190.5,0.341
7239.0,g1,cnp,190.5,0.341
7242.0,g4,cut,288.9,0.322
7242.0,g4,cnp,288.9,0.322
7242.0,g4,cnp,288.9,0.322
7243.4,g1,tick,190.5,0.341
7243.4,g2,tick,1000.0,0.001
7243.4,g4,tick,288.9,0.322
7243.4,g1,cnp,190.5,0.341
7243.4,g1,cnp,190.5,0.341
7243.4,g4,cnp,288.9,0.322
7243.4,g1,tick,190.5,0.341
7243.4,g2,tick,1000.0,0.001
7243.4,g4,tick,288.9,0.322
7246.7,g1,tick,207.1,0.320
7246.7,g2,tick,1000.0,0.001
7256.3,g4,tick,312.1,0.302
7256.3,g1,cut,174.0,0.362
7256.3,g1,cnp,174.0,0.362
7256.3,g1,cnp,174.0,0.362
7256.3,g1,cnp,174.0,0.362
7256.3,g1,cnp,174.0,0.362
7256.4,g1,cnp,174.0,0.362
7258.6,g4,cut,265.0,0.346
7258.6,g4,cnp,265.0,0.346
7258.6,g4,cnp,265.0,0.346
7258.6,g4,cnp,265.0,0.346
7258.6,g4,cnp,265.0,0.346
7258.6,g4,cnp,265.0,0.346
7263.8,g1,tick,174.0,0.362
7263.8,g2,tick,1000.0,0.001
7263.8,g4,tick,265.0,0.346
7263.8,g1,cnp,174.0,0.362
7263.8,g1,cnp,174.0,0.362
7263.8,g1,cnp,174.0,0.362
7263.9,g4,cnp,265.0,0.346
7263.9,g4,cnp,265.0,0.346
7263.9,g1,tick,174.0,0.362
7263.9,g2,tick,1000.0,0.001
7263.9,g4,tick,265.0,0.346
7266.3,g1,tick,190.6,0.339
7266.3,g2,tick,1000.0,0.001
7268.8,g4,tick,288.6,0.324
7268.8,g1,cut,158.2,0.381
7271.1,g4,cut,241.8,0.366
7271.2,g4,cnp,241.8,0.366
7271.2,g4,cnp,241.8,0.366
7275.0,g1,tick,158.2,0.381
7275.0,g2,tick,1000.0,0.001
7275.0,g4,tick,241.8,0.366
7275.0,g1,cnp,158.2,0.381
7275.0,g1,cnp,158.2,0.381
7275.0,g1,cnp,158.2,0.381
7275.0,g4,cnp,241.8,0.366
7275.0,g1,tick,158.2,0.381
7275.0,g2,tick,1000.0,0.001
7275.0,g4,tick,241.8,0.366
7277.1,g1,tick,174.4,0.357
7277.2,g2,tick,1000.0,0.001
7279.8,g4,tick,265.2,0.343
7279.8,g1,cut,143.3,0.397
7279.8,g1,cnp,143.3,0.397
7282.4,g4,cut,219.6,0.384
7282.4,g4,cnp,219.6,0.384
7282.4,g4,cnp,219.6,0.384
7285.5,g1,tick,143.3,0.397
7285.5,g2,tick,1000.0,0.001
7285.5,g4,tick,219.6,0.384
7285.5,g1,cnp,143.3,0.397
7285.5,g1,cnp,143.3,0.397
7285.5,g1,cnp,143.3,0.397
7285.5,g4,cnp,219.6,0.384
7285.5,g4,cnp,219.6,0.384
7285.5,g1,tick,143.3,0.397
7285.5,g2,tick,1000.0,0.001
7285.5,g4,tick,219.6,0.384
7288.7,g1,tick,158.9,0.372
7288.7,g2,tick,1000.0,0.001
7290.2,g4,tick,242.4,0.360
7290.2,g1,cut,129.3,0.412
7291.5,g4,cnp,242.4,0.360
7291.5,g4,cnp,242.4,0.360
7291.5,g1,tick,129.3,0.412
7291.5,g2,tick,1000.0,0.001
7291.5,g4,tick,242.4,0.360
7291.6,g1,cnp,129.3,0.412
7291.6,g1,tick,129.3,0.412
7291.6,g2,tick,1000.0,0.000
7299.0,g4,tick,253.8,0.338
7299.0,g1,cnp,129.3,0.412
7299.0,g1,cnp,129.3,0.412
7299.0,g1,cnp,129.3,0.412
7299.0,g4,cut,210.9,0.379
7299.0,g4,cnp,210.9,0.379
7299.0,g4,cnp,210.9,0.379
7301.0,g1,tick,129.3,0.412
7301.0,g2,tick,1000.0,0.000
7301.0,g4,tick,210.9,0.379
7301.0,g1,cut,102.7,0.448
7303.0,g4,cnp,210.9,0.379
7303.0,g1,tick,102.7,0.448
7303.0,g2,tick,1000.0,0.000
7303.0,g4,tick,210.9,0.379
7305.6,g1,tick,116.0,0.420
7305.6,g2,tick,1000.0,0.000
7308.7,g4,tick,232.3,0.356
7308.7,g1,cnp,116.0,0.420
7308.7,g1,cnp,116.0,0.420
7308.7,g4,cnp,232.3,0.356
7308.7,g4,cnp,232.3,0.356
7308.7,g1,tick,116.0,0.420
7308.7,g2,tick,1000.0,0.000
7308.7,g4,tick,232.3,0.356
7310.4,g1,tick,122.6,0.394
7310.4,g2,tick,1000.0,0.000
7312.1,g4,tick,243.1,0.333
7312.1,g1,cut,98.5,0.432
7312.1,g1,cnp,98.5,0.432
7314.7,g4,cut,202.5,0.375
7314.7,g4,cnp,202.5,0.375
7318.7,g1,tick,98.5,0.432
7318.7,g2,tick,1000.0,0.000
7318.7,g4,tick,202.5,0.375
7318.8,g1,cnp,98.5,0.432
7318.8,g1,cnp,98.5,0.432
7318.8,g4,cnp,202.5,0.375
7318.8,g4,cnp,202.5,0.375
7318.8,g1,tick,98.5,0.432
7318.8,g2,tick,1000.0,0.000
7318.8,g4,tick,202.5,0.375
7321.8,g1,tick,110.6,0.405
7321.8,g2,tick,1000.0,0.000
7326.1,g4,tick,222.8,0.352
7326.1,g1,cut,88.2,0.442
7326.1,g1,cnp,88.2,0.442
7326.1,g1,cnp,88.2,0.442
7330.7,g4,cut,183.6,0.392
7330.7,g4,cnp,183.6,0.392
7330.7,g4,cnp,183.6,0.392
7330.7,g4,cnp,183.6,0.392
7330.7,g4,cnp,183.6,0.392
7334.1,g1,tick,88.2,0.442
7334.1,g2,tick,1000.0,0.000
7334.1,g4,tick,183.6,0.392
7334.1,g1,cnp,88.2,0.442
7334.1,g1,cnp,88.2,0.442
7334.1,g1,cnp,88.2,0.442
7334.1,g1,cnp,88.2,0.442
7334.1,g4,cnp,183.6,0.392
7334.1,g4,cnp,183.6,0.392
7334.1,g1,tick,88.2,0.442
7334.1,g2,tick,1000.0,0.000
7334.1,g4,tick,183.6,0.392
7335.7,g1,tick,99.4,0.414
7335.7,g2,tick,1000.0,0.000
7338.5,g4,tick,203.2,0.368
7338.5,g1,cut,78.8,0.451
7338.5,g1,cnp,78.8,0.451
7339.9,g4,cnp,203.2,0.368
7339.9,g4,cnp,203.2,0.368
7339.9,g1,tick,78.8,0.451
7339.9,g2,tick,1000.0,0.000
7339.9,g4,tick,203.2,0.368
7341.5,g1,tick,89.1,0.423
7341.5,g2,tick,1000.0,0.000
7345.3,g4,tick,213.0,0.345
7345.4,g1,cnp,89.1,0.423
7345.4,g1,cnp,89.1,0.423
7345.4,g4,cut,176.3,0.386
7345.4,g4,cnp,176.3,0.386
7346.8,g1,tick,89.1,0.423
7346.8,g2,tick,1000.0,0.000
7346.8,g4,tick,176.3,0.386
7346.8,g1,cnp,89.1,0.423
7346.8,g4,cnp,176.3,0.386
7346.8,g1,tick,89.1,0.423
7346.8,g2,tick,1000.0,0.000
7346.8,g4,tick,176.3,0.386
7350.7,g1,tick,94.2,0.396
7350.7,g2,tick,1000.0,0.000
7353.7,g4,tick,194.7,0.362
7353.7,g1,cut,75.5,0.434
7353.7,g1,cnp,75.5,0.434
7359.1,g4,cut,159.5,0.401
7359.1,g4,cnp,159.5,0.401
7359.1,g4,cnp,159.5,0.401
7359.1,g4,cnp,159.5,0.401
7359.1,g4,cnp,159.5,0.401
7362.1,g1,tick,75.5,0.434
7362.1,g2,tick,1000.0,0.000
7362.1,g4,tick,159.5,0.401
7362.1,g1,cnp,75.5,0.434
7362.1,g1,cnp,75.5,0.434
7362.1,g1,cnp,75.5,0.434
7362.1,g1,cnp,75.5,0.434
7362.1,g4,cnp,159.5,0.401
7362.1,g1,tick,75.5,0.434
7362.1,g2,tick,1000.0,0.000
7362.1,g4,tick,159.5,0.401
7365.3,g1,tick,84.9,0.407
7365.3,g2,tick,1000.0,0.000
7371.8,g4,tick,177.1,0.376
7371.8,g1,cut,67.6,0.444
7371.8,g1,cnp,67.6,0.444
7373.7,g4,cut,143.8,0.415
7373.7,g4,cnp,143.8,0.415
7373.7,g4,cnp,143.8,0.415
7375.8,g1,tick,67.6,0.444
7375.8,g2,tick,1000.0,0.000
7375.8,g4,tick,143.8,0.415
7375.8,g1,cnp,67.6,0.444
7375.8,g4,cnp,143.8,0.415
7375.8,g1,tick,67.6,0.444
7375.8,g2,tick,1000.0,0.000
7375.8,g4,tick,143.8,0.415
7377.7,g1,tick,76.2,0.416
7377.7,g2,tick,1000.0,0.000
7379.5,g4,tick,160.4,0.389
7379.5,g1,cnp,76.2,0.416
7379.5,g1,cnp,76.2,0.416
7379.5,g4,cnp,160.4,0.389
7379.5,g4,cnp,160.4,0.389
7379.5,g1,tick,76.2,0.416
7379.5,g2,tick,1000.0,0.000
7379.5,g4,tick,160.4,0.389
7381.6,g1,tick,80.6,0.390
7381.6,g2,tick,1000.0,0.000
7386.0,g4,tick,168.7,0.365
7386.0,g1,cut,64.8,0.428
7386.0,g1,cnp,64.8,0.428
7386.0,g1,cnp,64.8,0.428
7393.7,g4,cut,137.9,0.405
7393.7,g4,cnp,137.9,0.405
7393.7,g4,cnp,137.9,0.405
7393.7,g4,cnp,137.9,0.405
7393.7,g4,cnp,137.9,0.405
7393.7,g4,cnp,137.9,0.405
7396.9,g1,tick,64.8,0.428
7396.9,g2,tick,1000.0,0.000
7396.9,g4,tick,137.9,0.405
7396.9,g1,cut,50.9,0.464
7396.9,g1,cnp,50.9,0.464
7396.9,g1,cnp,50.9,0.464
7396.9,g1,cnp,50.9,0.464
7398.5,g4,cnp,137.9,0.405
7398.5,g4,cnp,137.9,0.405
7398.5,g1,tick,50.9,0.464
7398.5,g2,tick,1000.0,0.000
7398.5,g4,tick,137.9,0.405
7398.6,g1,cnp,50.9,0.464
7398.6,g1,tick,50.9,0.464
7398.6,g2,tick,1000.0,0.000
7400.4,g4,tick,153.3,0.379
7400.4,g4,cnp,153.3,0.379
7401.7,g1,tick,57.9,0.435
7401.7,g2,tick,1000.0,0.000
7401.7,g4,tick,153.3,0.379
7401.7,g1,cnp,57.9,0.435
7401.8,g1,tick,57.9,0.435
7401.8,g2,tick,1000.0,0.000
7403.3,g4,tick,161.0,0.356
7403.3,g4,cnp,161.0,0.356
7405.9,g1,tick,61.4,0.408
7405.9,g2,tick,1000.0,0.000
7405.9,g4,tick,161.0,0.356
7405.9,g1,cnp,61.4,0.408
7405.9,g4,cut,132.4,0.396
7407.5,g1,tick,61.4,0.408
7407.5,g2,tick,1000.0,0.000
7407.5,g4,tick,132.4,0.396
7407.5,g1,cut,48.8,0.445
7410.3,g4,cnp,132.4,0.396
7410.3,g4,cnp,132.4,0.396
7410.3,g1,tick,48.8,0.445
7410.3,g2,tick,1000.0,0.000
7410.3,g4,tick,132.4,0.396
7410.3,g1,cnp,48.8,0.445
7410.3,g1,tick,48.8,0.445
7410.3,g2,tick,1000.0,0.000
7413.0,g4,tick,146.7,0.371
7413.0,g1,cnp,48.8,0.445
7413.0,g4,cnp,146.7,0.371
7413.0,g1,tick,48.8,0.445
7413.0,g2,tick,1000.0,0.000
7413.0,g4,tick,146.7,0.371
7415.9,g1,tick,55.1,0.417
7415.9,g2,tick,1000.0,0.000
7419.9,g4,tick,153.9,0.348
7419.9,g1,cut,43.6,0.454
7419.9,g1,cnp,43.6,0.454
7428.3,g4,cut,127.1,0.389
7428.3,g4,cnp,127.1,0.389
7428.3,g4,cnp,127.1,0.389
7428.3,g4,cnp,127.1,0.389
7430.5,g1,tick,43.6,0.454
7430.5,g2,tick,1000.0,0.000
7430.5,g4,tick,127.1,0.389
7430.5,g1,cut,33.7,0.488
7435.3,g1,tick,33.7,0.488
7435.3,g2,tick,1000.0,0.000
7438.7,g4,tick,140.5,0.364
7440.5,g1,tick,38.7,0.457
7440.5,g2,tick,1000.0,0.000
7442.0,g4,tick,147.2,0.342
7444.7,g1,tick,41.1,0.429
7444.7,g2,tick,1000.0,0.000
7446.6,g4,tick,150.5,0.320
7448.3,g1,tick,42.4,0.402
7448.3,g2,tick,1000.0,0.000
7448.3,g4,tick,152.2,0.300
7448.3,g1,tick,43.0,0.377
7448.3,g2,tick,1000.0,0.000
7448.3,g4,tick,153.0,0.282
7450.4,g1,tick,43.3,0.353
7450.4,g2,tick,1000.0,0.000
7452.7,g4,tick,158.5,0.264
7454.5,g1,tick,48.5,0.331
7454.5,g2,tick,1000.0,0.000
7456.2,g4,tick,166.2,0.247
7457.8,g1,tick,56.0,0.310
7457.8,g2,tick,1000.0,0.000
7459.5,g4,tick,175.0,0.232
7462.3,g1,tick,64.8,0.291
7462.3,g2,tick,1000.0,0.000
7465.0,g4,tick,184.5,0.217
7467.9,g1,tick,74.2,0.273
7467.9,g2,tick,1000.0,0.000
7469.4,g4,tick,194.2,0.204
7471.4,g1,tick,83.9,0.256
7471.4,g2,tick,1000.0,0.000
7477.8,g4,tick,224.0,0.191
7480.9,g1,tick,113.8,0.240
7480.9,g2,tick,1000.0,0.000
7484.3,g4,tick,264.0,0.179
7485.6,g1,tick,153.7,0.225
7485.7,g2,tick,1000.0,0.000
7488.9,g4,tick,308.9,0.168
7491.1,g1,tick,198.7,0.211
7491.1,g2,tick,1000.0,0.000
7493.6,g4,tick,356.4,0.158
7497.2,g1,tick,246.1,0.198
7497.2,g2,tick,1000.0,0.000
7499.3,g4,tick,405.1,0.148
7499.3,g1,cut,221.8,0.248
7499.3,g1,cnp,221.8,0.248
7500.6,g4,cut,375.2,0.201
7500.6,g4,cnp,375.2,0.201
7503.0,g1,tick,221.8,0.248
7503.0,g2,tick,1000.0,0.000
7503.0,g4,tick,375.2,0.201
7504.6,g1,tick,234.0,0.232
7504.6,g2,tick,1000.0,0.000
7506.5,g4,tick,390.2,0.188
7506.5,g1,cnp,234.0,0.232
7506.5,g4,cnp,390.2,0.188
7506.5,g1,tick,234.0,0.232
7506.5,g2,tick,1000.0,0.000
7506.5,g4,tick,390.2,0.188
7508.5,g1,tick,240.1,0.218
7508.5,g2,tick,1000.0,0.000
7508.5,g4,tick,397.7,0.177
7508.5,g1,cnp,240.1,0.218
7508.6,g4,cnp,397.7,0.177
7508.6,g1,tick,240.1,0.218
7508.6,g2,tick,1000.0,0.000
7508.6,g4,tick,397.7,0.177
7508.6,g1,tick,243.1,0.204
7508.6,g2,tick,1000.0,0.000
7509.9,g4,tick,401.4,0.166
7509.9,g1,cut,218.3,0.254
7515.2,g4,cut,368.2,0.218
7515.2,g4,cnp,368.2,0.218
7515.2,g4,cnp,368.2,0.218
7517.7,g1,tick,218.3,0.254
7517.7,g2,tick,1000.0,0.000
7517.7,g4,tick,368.2,0.218
7517.7,g1,cnp,218.3,0.254
7517.7,g1,cnp,218.3,0.254
7517.7,g1,cnp,218.3,0.254
7517.7,g4,cnp,368.2,0.218
7517.7,g1,tick,218.3,0.254
7517.8,g2,tick,1000.0,0.000
7517.8,g4,tick,368.2,0.218
7521.1,g1,tick,230.7,0.238
7521.1,g2,tick,1000.0,0.000
7522.9,g4,tick,384.8,0.204
7522.9,g1,cut,203.2,0.286
7522.9,g1,cnp,203.2,0.286
7522.9,g1,cnp,203.2,0.286
7524.9,g4,cnp,384.8,0.204
7524.9,g4,cnp,384.8,0.204
7524.9,g4,cnp,384.8,0.204
7524.9,g4,cnp,384.8,0.204
7524.9,g1,tick,203.2,0.286
7524.9,g2,tick,1000.0,0.000
7524.9,g4,tick,384.8,0.204
7524.9,g1,cnp,203.2,0.286
7524.9,g1,tick,203.2,0.286
7524.9,g2,tick,1000.0,0.000
7526.3,g4,tick,393.1,0.191
7529.1,g1,tick,217.0,0.268
7529.1,g2,tick,1000.0,0.000
7529.1,g4,tick,397.2,0.179
7529.1,g1,cnp,217.0,0.268
7529.1,g1,cnp,217.0,0.268
7529.1,g4,cut,361.6,0.231
7533.4,g1,tick,217.0,0.268
7533.4,g2,tick,1000.0,0.000
7533.4,g4,tick,361.6,0.231
7533.4,g1,cut,187.9,0.314
7533.4,g1,cnp,187.9,0.314
7534.7,g4,cnp,361.6,0.231
7534.7,g4,cnp,361.6,0.231
7534.8,g4,cnp,361.6,0.231
7534.8,g1,tick,187.9,0.314
7534.8,g2,tick,1000.0,0.000
7534.8,g4,tick,361.6,0.231
7536.6,g1,tick,202.4,0.294
7536.7,g2,tick,1000.0,0.000
7539.3,g4,tick,379.4,0.216
7539.4,g1,cnp,202.4,0.294
7539.4,g1,cnp,202.4,0.294
7539.5,g4,cut,338.4,0.265
7539.5,g4,cnp,338.4,0.265
7541.1,g1,tick,202.4,0.294
7541.1,g2,tick,1000.0,0.000
7541.1,g4,tick,338.4,0.265
7541.1,g1,cnp,202.4,0.294
7541.1,g1,tick,202.4,0.294
7541.1,g2,tick,1000.0,0.000
7545.0,g4,tick,358.9,0.249
7545.1,g1,cut,172.7,0.338
7546.9,g4,cnp,358.9,0.249
7546.9,g4,cnp,358.9,0.249
7546.9,g4,cnp,358.9,0.249
7546.9,g1,tick,172.7,0.338
7546.9,g2,tick,1000.0,0.000
7546.9,g4,tick,358.9,0.249
7546.9,g1,cnp,172.7,0.338
7546.9,g1,tick,172.7,0.338
7546.9,g2,tick,1000.0,0.000
7548.8,g4,tick,369.2,0.233
7548.8,g1,cnp,172.7,0.338
7548.8,g4,cnp,369.2,0.233
7548.8,g1,tick,172.7,0.338
7548.8,g2,tick,1000.0,0.000
7548.8,g4,tick,369.2,0.233
7555.9,g1,tick,187.6,0.317
7555.9,g2,tick,1000.0,0.000
7555.9,g4,tick,374.3,0.219
7555.9,g1,cut,157.8,0.360
7555.9,g1,cnp,157.8,0.360
7555.9,g1,cnp,157.8,0.360
7560.8,g4,cut,333.4,0.267
7560.8,g4,cnp,333.4,0.267
7560.8,g4,cnp,333.4,0.267
7560.8,g4,cnp,333.4,0.267
7560.8,g4,cnp,333.4,0.267
7562.4,g1,tick,157.8,0.360
7562.4,g2,tick,1000.0,0.000
7562.4,g4,tick,333.4,0.267
7562.4,g1,cnp,157.8,0.360
7562.5,g1,cnp,157.8,0.360
7562.5,g4,cnp,333.4,0.267
7562.5,g1,tick,157.8,0.360
7562.5,g2,tick,1000.0,0.000
7562.5,g4,tick,333.4,0.267
7565.4,g1,tick,172.7,0.337
7565.4,g2,tick,1000.0,0.000
7567.1,g4,tick,353.9,0.251
7567.1,g1,cut,143.6,0.379
7567.1,g1,cnp,143.6,0.379
7569.6,g4,cnp,353.9,0.251
7569.6,g4,cnp,353.9,0.251
7569.6,g4,cnp,353.9,0.251
7569.6,g1,tick,143.6,0.379
7569.6,g2,tick,1000.0,0.000
7569.6,g4,tick,353.9,0.251
7569.6,g1,cnp,143.6,0.379
7569.6,g1,tick,143.6,0.379
7569.6,g2,tick,1000.0,0.000
7571.1,g4,tick,364.1,0.235
7571.1,g1,cnp,143.6,0.379
7571.1,g1,tick,143.6,0.379
7571.1,g2,tick,1000.0,0.000
7571.1,g4,tick,369.2,0.220
7573.3,g1,tick,158.1,0.355
7573.3,g2,tick,1000.0,0.000
7574.8,g4,tick,371.7,0.207
7574.8,g1,cnp,158.1,0.355
7574.9,g4,cut,333.4,0.256
7574.9,g4,cnp,333.4,0.256
7576.3,g1,tick,158.1,0.355
7576.3,g2,tick,1000.0,0.000
7576.3,g4,tick,333.4,0.256
7578.1,g1,tick,165.4,0.333
7578.1,g2,tick,1000.0,0.000
7584.6,g4,tick,352.5,0.240
7584.6,g1,cut,137.9,0.374
7584.6,g1,cnp,137.9,0.374
7586.2,g4,cut,310.2,0.288
7586.2,g4,cnp,310.2,0.288
7586.2,g4,cnp,310.2,0.288
7591.2,g1,tick,137.9,0.374
7591.3,g2,tick,1000.0,0.000
7591.3,g4,tick,310.2,0.288
7591.3,g1,cnp,137.9,0.374
7591.3,g1,cnp,137.9,0.374
7591.3,g4,cnp,310.2,0.288
7591.3,g1,tick,137.9,0.374
7591.3,g2,tick,1000.0,0.000
7591.3,g4,tick,310.2,0.288
7598.1,g1,tick,151.7,0.351
7598.2,g2,tick,1000.0,0.000
7600.2,g4,tick,331.4,0.270
7600.2,g1,cut,125.0,0.392
7600.2,g1,cnp,125.0,0.392
7600.2,g1,cnp,125.0,0.392
7600.2,g1,cnp,125.0,0.392
7600.2,g1,cnp,125.0,0.392
7605.1,g4,cut,286.7,0.315
7605.1,g4,cnp,286.7,0.315
7605.3,g4,cnp,286.7,0.315
7605.3,g4,cnp,286.7,0.315
7605.3,g4,cnp,286.7,0.315
7606.8,g1,tick,125.0,0.392
7606.8,g2,tick,1000.0,0.000
7606.8,g4,tick,286.7,0.315
7606.8,g1,cnp,125.0,0.392
7606.9,g1,cnp,125.0,0.392
7606.9,g1,cnp,125.0,0.392
7606.9,g4,cnp,286.7,0.315
7606.9,g1,tick,125.0,0.392
7606.9,g2,tick,1000.0,0.000
7606.9,g4,tick,286.7,0.315
7609.2,g1,tick,138.4,0.367
7609.2,g2,tick,1000.0,0.000
7614.4,g4,tick,309.0,0.296
7614.5,g1,cut,113.0,0.407
7614.5,g1,cnp,113.0,0.407
7614.5,g1,cnp,113.0,0.407
7615.8,g4,cut,263.4,0.340
7615.8,g4,cnp,263.4,0.340
7615.8,g4,cnp,263.4,0.340
7615.8,g4,cnp,263.4,0.340
7620.9,g1,tick,113.0,0.407
7620.9,g2,tick,1000.0,0.000
7620.9,g4,tick,263.4,0.340
7620.9,g1,cnp,113.0,0.407
7621.1,g1,cnp,113.0,0.407
7621.1,g1,cnp,113.0,0.407
7621.1,g4,cnp,263.4,0.340
7621.1,g1,tick,113.0,0.407
7621.1,g2,tick,1000.0,0.000
7621.1,g4,tick,263.4,0.340
7623.2,g1,tick,125.7,0.381
7623.2,g2,tick,1000.0,0.000
7626.3,g4,tick,286.2,0.318
7626.4,g1,cut,101.7,0.420
7626.4,g1,cnp,101.7,0.420
7628.5,g4,cut,240.6,0.361
7628.5,g4,cnp,240.6,0.361
7628.5,g4,cnp,240.6,0.361
7630.0,g1,tick,101.7,0.420
7630.1,g2,tick,1000.0,0.000
7630.1,g4,tick,240.6,0.361
7630.1,g1,cnp,101.7,0.420
7630.1,g1,cnp,101.7,0.420
7630.1,g4,cnp,240.6,0.361
7630.1,g1,tick,101.7,0.420
7630.1,g2,tick,1000.0,0.000
7630.1,g4,tick,240.6,0.361
7632.3,g1,tick,113.7,0.394
7632.3,g2,tick,1000.0,0.000
7634.5,g4,tick,263.4,0.338
7634.5,g1,cnp,113.7,0.394
7634.5,g1,cnp,113.7,0.394
7634.5,g4,cnp,263.4,0.338
7634.5,g4,cnp,263.4,0.338
7634.5,g1,tick,113.7,0.394
7634.5,g2,tick,1000.0,0.000
7634.5,g4,tick,263.4,0.338
7637.6,g1,tick,119.7,0.369
7637.6,g2,tick,1000.0,0.000
7639.3,g4,tick,274.8,0.317
7639.3,g1,cut,97.6,0.409
7639.3,g1,cnp,97.6,0.409
7641.8,g4,cut,231.2,0.360
7641.8,g4,cnp,231.2,0.360
7641.8,g4,cnp,231.2,0.360
7643.7,g1,tick,97.6,0.409
7643.7,g2,tick,1000.0,0.000
7643.7,g4,tick,231.2,0.360
7643.7,g1,cnp,97.6,0.409
7643.7,g1,cnp,97.6,0.409
7643.7,g4,cnp,231.2,0.360
7643.7,g1,tick,97.6,0.409
7643.7,g2,tick,1000.0,0.000
7643.7,g4,tick,231.2,0.360
7646.4,g1,tick,108.6,0.383
7646.4,g2,tick,1000.0,0.000
7647.9,g4,tick,253.0,0.337
7647.9,g1,cnp,108.6,0.383
7647.9,g1,cnp,108.6,0.383
7647.9,g4,cnp,253.0,0.337
7647.9,g4,cnp,253.0,0.337
7647.9,g1,tick,108.6,0.383
7647.9,g2,tick,1000.0,0.000
7647.9,g4,tick,253.0,0.337
7649.5,g1,tick,114.1,0.359
7649.5,g2,tick,1000.0,0.000
7651.1,g4,tick,263.9,0.316
7651.1,g1,cut,93.7,0.399
7653.2,g4,cut,222.2,0.359
7657.4,g1,tick,93.7,0.399
7657.4,g2,tick,1000.0,0.000
7657.4,g4,tick,222.2,0.359
7657.4,g1,cnp,93.7,0.399
7657.4,g1,cnp,93.7,0.399
7657.4,g4,cnp,222.2,0.359
7657.4,g4,cnp,222.2,0.359
7657.4,g1,tick,93.7,0.399
7657.4,g2,tick,1000.0,0.000
7657.4,g4,tick,222.2,0.359
7659.2,g1,tick,103.9,0.374
7659.2,g2,tick,1000.0,0.000
7666.4,g4,tick,243.0,0.337
7666.4,g1,cut,84.5,0.413
7666.4,g1,cnp,84.5,0.413
7666.4,g1,cnp,84.5,0.413
7666.4,g1,cnp,84.5,0.413
7667.7,g4,cut,202.1,0.378
7667.7,g4,cnp,202.1,0.378
7667.7,g4,cnp,202.1,0.378
7667.7,g4,cnp,202.1,0.378
7667.7,g4,cnp,202.1,0.378
7671.6,g1,tick,84.5,0.413
7671.6,g2,tick,1000.0,0.000
7671.6,g4,tick,202.1,0.378
7671.6,g1,cnp,84.5,0.413
7671.6,g1,cnp,84.5,0.413
7671.6,g1,cnp,84.5,0.413
7671.6,g4,cnp,202.1,0.378
7671.6,g4,cnp,202.1,0.378
7671.6,g1,tick,84.5,0.413
7671.6,g2,tick,1000.0,0.000
7671.6,g4,tick,202.1,0.378
7673.5,g1,tick,94.2,0.387
7673.5,g2,tick,1000.0,0.000
7678.4,g4,tick,222.6,0.354
7678.4,g1,cut,75.9,0.426
7678.4,g1,cnp,75.9,0.426
7678.4,g1,cnp,75.9,0.426
7682.9,g4,cut,183.1,0.395
7683.0,g4,cnp,183.1,0.395
7683.0,g4,cnp,183.1,0.395
7683.0,g4,cnp,183.1,0.395
7686.9,g1,tick,75.9,0.426
7686.9,g2,tick,1000.0,0.000
7686.9,g4,tick,183.1,0.395
7686.9,g1,cnp,75.9,0.426
7686.9,g1,cnp,75.9,0.426
7686.9,g1,cnp,75.9,0.426
7686.9,g4,cnp,183.1,0.395
7686.9,g4,cnp,183.1,0.395
7686.9,g1,tick,75.9,0.426
7686.9,g2,tick,1000.0,0.000
7686.9,g4,tick,183.1,0.395
7686.9,g1,cnp,75.9,0.426
7686.9,g1,tick,75.9,0.426
7686.9,g2,tick,1000.0,0.000
7692.2,g4,tick,202.9,0.370
7692.2,g1,cut,59.8,0.462
7692.2,g1,cnp,59.8,0.462
7694.8,g4,cut,165.3,0.410
7694.8,g4,cnp,165.3,0.410
7694.8,g4,cnp,165.3,0.410
7694.8,g4,cnp,165.3,0.410
7696.4,g1,tick,59.8,0.462
7696.4,g2,tick,1000.0,0.000
7696.4,g4,tick,165.3,0.410
7696.4,g1,cnp,59.8,0.462
7696.4,g1,tick,59.8,0.462
7696.4,g2,tick,1000.0,0.000
7698.0,g4,tick,184.1,0.384
7698.0,g1,cnp,59.8,0.462
7698.0,g4,cnp,184.1,0.384
7698.0,g1,tick,59.8,0.462
7698.0,g2,tick,1000.0,0.000
7698.0,g4,tick,184.1,0.384
7700.6,g1,tick,67.9,0.433
7700.6,g2,tick,1000.0,0.000
7701.9,g4,tick,193.5,0.360
7701.9,g1,cnp,67.9,0.433
7701.9,g1,cnp,67.9,0.433
7701.9,g4,cnp,193.5,0.360
7701.9,g4,cnp,193.5,0.360
7702.0,g1,tick,67.9,0.433
7702.0,g2,tick,1000.0,0.000
7702.0,g4,tick,193.5,0.360
7703.6,g1,tick,71.9,0.406
7703.6,g2,tick,1000.0,0.000
7705.5,g4,tick,198.2,0.337
7705.5,g1,cut,57.3,0.443
7708.7,g4,cut,164.7,0.379
7708.8,g4,cnp,164.7,0.379
7708.8,g4,cnp,164.7,0.379
7710.4,g1,tick,57.3,0.443
7710.4,g2,tick,1000.0,0.000
7710.4,g4,tick,164.7,0.379
7710.5,g1,cnp,57.3,0.443
7710.5,g1,cnp,57.3,0.443
7710.5,g1,cnp,57.3,0.443
7710.5,g4,cnp,164.7,0.379
7710.5,g1,tick,57.3,0.443
7710.5,g2,tick,1000.0,0.000
7710.5,g4,tick,164.7,0.379
7713.5,g1,tick,64.6,0.415
7713.5,g2,tick,1000.0,0.000
7715.4,g4,tick,181.5,0.355
7715.4,g1,cnp,64.6,0.415
7715.4,g4,cnp,181.5,0.355
7715.4,g1,tick,64.6,0.415
7715.4,g2,tick,1000.0,0.000
7715.4,g4,tick,181.5,0.355
7717.6,g1,tick,68.2,0.389
7717.6,g2,tick,1000.0,0.000
7719.2,g4,tick,189.8,0.333
7719.2,g1,cut,55.0,0.427
7719.2,g1,cnp,55.0,0.427
7720.6,g4,cut,158.2,0.375
7720.6,g4,cnp,158.2,0.375
7722.0,g1,tick,55.0,0.427
7722.1,g2,tick,1000.0,0.000
7722.1,g4,tick,158.2,0.375
7722.1,g1,cnp,55.0,0.427
7722.1,g4,cnp,158.2,0.375
7722.1,g1,tick,55.0,0.427
7722.1,g2,tick,1000.0,0.000
7722.1,g4,tick,158.2,0.375
7726.1,g1,tick,61.6,0.401
7726.1,g2,tick,1000.0,0.000
7729.2,g4,tick,174.0,0.351
7729.2,g1,cut,49.3,0.438
7731.3,g4,cut,143.5,0.392
7734.1,g1,tick,49.3,0.438
7734.2,g2,tick,1000.0,0.000
7734.2,g4,tick,143.5,0.392
7734.2,g1,cnp,49.3,0.438
7734.2,g1,cnp,49.3,0.438
7734.2,g4,cnp,143.5,0.392
7734.2,g4,cnp,143.5,0.392
7734.2,g1,tick,49.3,0.438
7734.2,g2,tick,1000.0,0.000
7734.2,g4,tick,143.5,0.392
7735.8,g1,tick,55.4,0.411
7735.8,g2,tick,1000.0,0.000
7738.7,g4,tick,158.7,0.367
7738.7,g1,cnp,55.4,0.411
7738.7,g4,cnp,158.7,0.367
7738.8,g4,cnp,158.7,0.367
7738.8,g1,tick,55.4,0.411
7738.8,g2,tick,1000.0,0.000
7738.8,g4,tick,158.7,0.367
7742.4,g1,tick,58.5,0.385
7742.4,g2,tick,1000.0,0.000
7744.0,g4,tick,166.4,0.344
7744.0,g1,cut,47.3,0.424
7744.0,g1,cnp,47.3,0.424
7746.6,g4,cut,137.7,0.385
7750.8,g1,tick,47.3,0.424
7750.8,g2,tick,1000.0,0.000
7750.8,g4,tick,137.7,0.385
7754.0,g1,tick,52.9,0.397
7754.0,g2,tick,1000.0,0.000
7756.4,g4,tick,152.1,0.361
7756.4,g1,cut,42.4,0.435
7756.4,g1,cnp,42.4,0.435
7758.4,g4,cut,124.6,0.401
7758.4,g4,cnp,124.6,0.401
7758.4,g4,cnp,124.6,0.401
7761.0,g1,tick,42.4,0.435
7761.0,g2,tick,1000.0,0.000
7761.0,g4,tick,124.6,0.401
7761.0,g1,cnp,42.4,0.435
7761.0,g4,cnp,124.6,0.401
7761.0,g1,tick,42.4,0.435
7761.0,g2,tick,1000.0,0.000
7761.0,g4,tick,124.6,0.401
7762.4,g1,tick,47.6,0.408
7762.4,g2,tick,1000.0,0.000
7763.8,g4,tick,138.3,0.376
7765.2,g1,tick,50.3,0.382
7765.2,g2,tick,1000.0,0.000
7767.4,g4,tick,145.2,0.353
7772.0,g1,tick,51.6,0.358
7772.0,g2,tick,1000.0,0.000
7773.6,g4,tick,148.6,0.331
7773.6,g1,tick,52.2,0.336
7773.6,g2,tick,1000.0,0.000
7773.6,g4,tick,150.3,0.310
7773.6,g1,tick,52.6,0.315
7773.6,g2,tick,1000.0,0.000
7773.7,g4,tick,151.2,0.291
7777.2,g1,tick,57.7,0.295
7777.2,g2,tick,1000.0,0.000
7781.5,g4,tick,156.6,0.272
7783.1,g1,tick,65.3,0.277
7783.1,g2,tick,1000.0,0.000
7784.8,g4,tick,164.3,0.255
7789.4,g1,tick,74.1,0.259
7789.4,g2,tick,1000.0,0.000
7790.7,g4,tick,173.2,0.239
7794.5,g1,tick,83.5,0.243
7794.6,g2,tick,1000.0,0.000
7796.4,g4,tick,182.6,0.224
7798.0,g1,tick,93.2,0.228
7798.0,g2,tick,1000.0,0.000
7799.4,g4,tick,192.3,0.210
7801.2,g1,tick,123.0,0.214
7801.2,g2,tick,1000.0,0.000
7802.6,g4,tick,222.2,0.197
7804.4,g1,tick,163.0,0.200
7804.4,g2,tick,1000.0,0.000
7805.9,g4,tick,262.1,0.185
7809.0,g1,tick,207.9,0.188
7809.0,g2,tick,1000.0,0.000
7811.9,g4,tick,307.1,0.173
7814.1,g1,tick,255.4,0.176
7814.1,g2,tick,1000.0,0.000
7815.7,g4,tick,354.6,0.163
7815.7,g4,cut,325.8,0.215
7818.4,g1,tick,304.1,0.165
7818.4,g2,tick,1000.0,0.000
7818.4,g4,tick,325.8,0.215
7818.4,g1,cut,279.0,0.217
7820.5,g4,cnp,325.8,0.215
7820.5,g1,tick,279.0,0.217
7820.5,g2,tick,1000.0,0.000
7820.5,g4,tick,325.8,0.215
7822.0,g1,tick,291.6,0.204
7822.0,g2,tick,1000.0,0.000
7823.4,g4,tick,340.2,0.201
7825.9,g1,tick,297.9,0.191
7825.9,g2,tick,1000.0,0.000
7827.5,g4,tick,347.4,0.189
7827.5,g1,tick,301.0,0.179
7827.5,g2,tick,1000.0,0.000
7827.5,g4,tick,351.0,0.177
7827.5,g1,tick,302.6,0.168
7827.5,g2,tick,1000.0,0.000
7827.5,g4,tick,352.8,0.166
7827.5,g1,tick,303.4,0.157
7827.5,g2,tick,1000.0,0.000
7827.5,g4,tick,353.7,0.156
7829.9,g1,tick,308.8,0.148
7829.9,g2,tick,1000.0,0.000
7831.4,g4,tick,359.1,0.146
7831.4,g1,cut,286.0,0.201
7833.8,g4,cut,332.9,0.199
7833.8,g4,cnp,332.9,0.199
7836.5,g1,tick,286.0,0.201
7836.5,g2,tick,1000.0,0.000
7836.5,g4,tick,332.9,0.199
7836.5,g1,cnp,286.0,0.201
7836.5,g1,cnp,286.0,0.201
7836.5,g4,cnp,332.9,0.199
7836.5,g1,tick,286.0,0.201
7836.5,g2,tick,1000.0,0.000
7836.5,g4,tick,332.9,0.199
7838.1,g1,tick,297.4,0.188
7838.1,g2,tick,1000.0,0.000
7839.5,g4,tick,346.0,0.187
7839.6,g1,cnp,297.4,0.188
7839.6,g4,cnp,346.0,0.187
7839.6,g1,tick,297.4,0.188
7839.6,g2,tick,1000.0,0.000
7839.6,g4,tick,346.0,0.187
7839.6,g4,cnp,346.0,0.187
7839.6,g1,tick,303.1,0.176
7839.6,g2,tick,1000.0,0.000
7839.6,g4,tick,346.0,0.187
7841.0,g1,tick,305.9,0.165
7841.0,g2,tick,1000.0,0.000
7841.0,g4,tick,352.6,0.175
7841.0,g1,cnp,305.9,0.165
7841.0,g1,tick,305.9,0.165
7841.0,g2,tick,1000.0,0.000
7844.5,g4,tick,355.8,0.164
7844.5,g1,cut,280.6,0.218
7844.6,g1,cnp,280.6,0.218
7850.3,g4,cut,326.6,0.216
7850.3,g4,cnp,326.6,0.216
7850.3,g4,cnp,326.6,0.216
7850.3,g4,cnp,326.6,0.216
7850.3,g4,cnp,326.6,0.216
7852.4,g1,tick,280.6,0.218
7852.4,g2,tick,1000.0,0.000
7852.4,g4,tick,326.6,0.216
7852.5,g1,cnp,280.6,0.218
7852.5,g1,cnp,280.6,0.218
7852.5,g1,cnp,280.6,0.218
7852.5,g1,tick,280.6,0.218
7852.5,g2,tick,1000.0,0.000
7854.0,g4,tick,341.2,0.203
7854.0,g1,cnp,280.6,0.218
7854.0,g4,cnp,341.2,0.203
7854.1,g1,tick,280.6,0.218
7854.1,g2,tick,1000.0,0.000
7854.1,g4,tick,341.2,0.203
7858.0,g1,tick,293.3,0.204
7858.0,g2,tick,1000.0,0.000
7861.7,g4,tick,348.5,0.190
7861.7,g1,cut,263.3,0.254
7861.7,g1,cnp,263.3,0.254
7861.7,g1,cnp,263.3,0.254
7868.6,g4,cut,315.4,0.241
7868.7,g4,cnp,315.4,0.241
7868.7,g4,cnp,315.4,0.241
7868.7,g4,cnp,315.4,0.241
7868.7,g4,cnp,315.4,0.241
7868.7,g4,cnp,315.4,0.241
7872.0,g1,tick,263.3,0.254
7872.0,g2,tick,1000.0,0.000
7872.0,g4,tick,315.4,0.241
7872.0,g1,cut,229.9,0.300
7872.0,g1,cnp,229.9,0.300
7872.0,g1,cnp,229.9,0.300
7872.0,g1,cnp,229.9,0.300
7875.0,g4,cnp,315.4,0.241
7875.0,g4,cnp,315.4,0.241
7875.0,g1,tick,229.9,0.300
7875.0,g2,tick,1000.0,0.000
7875.0,g4,tick,315.4,0.241
7875.0,g1,cnp,229.9,0.300
7875.0,g4,cnp,315.4,0.241
7875.0,g1,tick,229.9,0.300
7875.0,g2,tick,1000.0,0.000
7875.0,g4,tick,315.4,0.241
7876.5,g1,tick,246.6,0.282
7876.5,g2,tick,1000.0,0.000
7879.1,g4,tick,332.0,0.226
7879.1,g1,cnp,246.6,0.282
7879.1,g1,cnp,246.6,0.282
7879.1,g4,cut,294.5,0.274
7880.5,g1,tick,246.6,0.282
7880.5,g2,tick,1000.0,0.000
7880.5,g4,tick,294.5,0.274
7880.5,g4,cnp,294.5,0.274
7881.8,g1,tick,255.0,0.264
7881.8,g2,tick,1000.0,0.000
7881.8,g4,tick,294.5,0.274
7881.8,g1,cnp,255.0,0.264
7881.8,g1,tick,255.0,0.264
7881.8,g2,tick,1000.0,0.000
7888.1,g4,tick,313.2,0.257
7888.1,g1,cut,221.3,0.310
7888.1,g1,cnp,221.3,0.310
7890.4,g4,cut,273.0,0.303
7890.4,g4,cnp,273.0,0.303
7890.4,g4,cnp,273.0,0.303
7892.0,g1,tick,221.3,0.310
7892.0,g2,tick,1000.0,0.000
7892.0,g4,tick,273.0,0.303
7892.0,g1,cnp,221.3,0.310
7892.0,g1,cnp,221.3,0.310
7892.0,g4,cnp,273.0,0.303
7892.0,g1,tick,221.3,0.310
7892.0,g2,tick,1000.0,0.000
7892.0,g4,tick,273.0,0.303
7897.1,g1,tick,238.2,0.291
7897.1,g2,tick,1000.0,0.000
7898.9,g4,tick,293.1,0.284
7898.9,g1,cut,203.5,0.335
7898.9,g1,cnp,203.5,0.335
7898.9,g1,cnp,203.5,0.335
7901.9,g4,cut,251.4,0.329
7901.9,g4,cnp,251.4,0.329
7901.9,g4,cnp,251.4,0.329
7901.9,g4,cnp,251.4,0.329
7901.9,g4,cnp,251.4,0.329
7903.7,g1,tick,203.5,0.335
7903.7,g2,tick,1000.0,0.000
7903.7,g4,tick,251.4,0.329
7903.7,g1,cnp,203.5,0.335
7903.7,g1,tick,203.5,0.335
7903.7,g2,tick,1000.0,0.000
7905.3,g4,tick,272.3,0.309
7905.4,g1,cnp,203.5,0.335
7905.4,g4,cnp,272.3,0.309
7905.4,g1,tick,203.5,0.335
7905.4,g2,tick,1000.0,0.000
7905.4,g4,tick,272.3,0.309
7907.1,g1,tick,220.8,0.314
7907.1,g2,tick,1000.0,0.000
7908.6,g4,tick,282.7,0.289
7908.7,g1,cnp,220.8,0.314
7908.7,g4,cnp,282.7,0.289
7908.7,g1,tick,220.8,0.314
7908.7,g2,tick,1000.0,0.000
7908.7,g4,tick,282.7,0.289
7910.1,g1,tick,229.5,0.294
7910.1,g2,tick,1000.0,0.000
7910.1,g4,tick,287.9,0.271
7910.2,g1,cut,195.7,0.339
7912.0,g1,tick,195.7,0.339
7912.1,g2,tick,1000.0,0.000
7915.1,g4,tick,290.5,0.254
7915.1,g1,cnp,195.7,0.339
7915.1,g4,cut,253.6,0.301
7915.1,g4,cnp,253.6,0.301
7917.0,g1,tick,195.7,0.339
7917.0,g2,tick,1000.0,0.000
7917.0,g4,tick,253.6,0.301
7917.0,g1,cnp,195.7,0.339
7917.0,g4,cnp,253.6,0.301
7917.0,g1,tick,195.7,0.339
7917.0,g2,tick,1000.0,0.000
7917.0,g4,tick,253.6,0.301
7918.3,g1,tick,212.6,0.317
7918.3,g2,tick,1000.0,0.000
7919.7,g4,tick,272.0,0.282
7919.7,g1,cnp,212.6,0.317
7919.7,g1,tick,212.6,0.317
7919.7,g2,tick,1000.0,0.000
7921.4,g4,tick,281.3,0.264
7921.4,g1,cut,178.9,0.360
7927.0,g4,cut,244.1,0.310
7927.0,g4,cnp,244.1,0.310
7927.0,g4,cnp,244.1,0.310
7929.1,g1,tick,178.9,0.360
7929.1,g2,tick,1000.0,0.000
7929.1,g4,tick,244.1,0.310
7929.1,g1,cnp,178.9,0.360
7929.1,g1,cnp,178.9,0.360
7929.2,g1,cnp,178.9,0.360
7929.2,g4,cnp,244.1,0.310
7929.2,g1,tick,178.9,0.360
7929.2,g2,tick,1000.0,0.000
7929.2,g4,tick,244.1,0.310
7931.4,g1,tick,195.7,0.338
7931.4,g2,tick,1000.0,0.000
7932.9,g4,tick,262.7,0.291
7933.0,g1,cut,162.7,0.379
7933.0,g1,cnp,162.7,0.379
7935.7,g4,cnp,262.7,0.291
7935.7,g4,cnp,262.7,0.291
7935.7,g4,cnp,262.7,0.291
7935.7,g1,tick,162.7,0.379
7935.7,g2,tick,1000.0,0.000
7935.7,g4,tick,262.7,0.291
7935.8,g1,cnp,162.7,0.379
7935.8,g1,tick,162.7,0.379
7935.8,g2,tick,1000.0,0.000
7938.2,g4,tick,272.0,0.273
7938.2,g1,cnp,162.7,0.379
7938.2,g1,cnp,162.7,0.379
7938.2,g4,cut,234.9,0.318
7939.7,g1,tick,162.7,0.379
7939.7,g2,tick,1000.0,0.000
7939.7,g4,tick,234.9,0.318
7942.7,g1,tick,179.2,0.355
7942.7,g2,tick,1000.0,0.000
7946.1,g4,tick,253.4,0.298
7946.2,g1,cut,147.4,0.396
7946.2,g1,cnp,147.4,0.396
7947.6,g4,cnp,253.4,0.298
7947.6,g4,cnp,253.4,0.298
7947.6,g4,cnp,253.4,0.298
7947.6,g4,cnp,253.4,0.298
7947.6,g1,tick,147.4,0.396
7947.6,g2,tick,1000.0,0.000
7947.6,g4,tick,253.4,0.298
7949.3,g1,tick,163.3,0.371
7949.3,g2,tick,1000.0,0.000
7952.0,g4,tick,262.7,0.280
7952.0,g1,cnp,163.3,0.371
7952.0,g1,cnp,163.3,0.371
7952.0,g4,cut,225.9,0.325
7952.0,g4,cnp,225.9,0.325
7954.2,g1,tick,163.3,0.371
7954.2,g2,tick,1000.0,0.000
7954.2,g4,tick,225.9,0.325
7954.2,g1,cnp,163.3,0.371
7954.2,g1,tick,163.3,0.371
7954.2,g2,tick,1000.0,0.000
7960.8,g4,tick,244.3,0.304
7960.8,g1,cut,133.0,0.410
7960.8,g1,cnp,133.0,0.410
7963.0,g4,cut,207.1,0.348
7963.0,g4,cnp,207.1,0.348
7963.0,g4,cnp,207.1,0.348
7963.0,g4,cnp,207.1,0.348
7966.9,g1,tick,133.0,0.410
7966.9,g2,tick,1000.0,0.000
7967.0,g4,tick,207.1,0.348
7967.0,g1,cnp,133.0,0.410
7967.0,g1,cnp,133.0,0.410
7967.0,g1,cnp,133.0,0.410
7967.0,g4,cnp,207.1,0.348
7967.0,g4,cnp,207.1,0.348
7967.0,g1,tick,133.0,0.410
7967.0,g2,tick,1000.0,0.000
7967.0,g4,tick,207.1,0.348
7968.6,g1,tick,148.2,0.385
7968.6,g2,tick,1000.0,0.000
7973.5,g4,tick,225.7,0.326
7973.5,g1,cut,119.7,0.423
7973.5,g1,cnp,119.7,0.423
7973.5,g1,cnp,119.7,0.423
7976.1,g4,cut,188.9,0.368
7976.2,g4,cnp,188.9,0.368
7976.2,g4,cnp,188.9,0.368
7976.2,g4,cnp,188.9,0.368
7977.6,g1,tick,119.7,0.423
7977.6,g2,tick,1000.0,0.000
7977.6,g4,tick,188.9,0.368
7977.6,g1,cnp,119.7,0.423
7977.6,g1,cnp,119.7,0.423
7977.6,g4,cnp,188.9,0.368
7977.6,g1,tick,119.7,0.423
7977.6,g2,tick,1000.0,0.000
7977.6,g4,tick,188.9,0.368
7979.6,g1,tick,133.9,0.397
7979.6,g2,tick,1000.0,0.000
7985.6,g4,tick,207.3,0.345
7985.6,g1,cut,107.4,0.434
7985.6,g1,cnp,107.4,0.434
7985.6,g1,cnp,107.4,0.434
7988.8,g4,cut,171.5,0.386
7988.9,g4,cnp,171.5,0.386
7988.9,g4,cnp,171.5,0.386
7988.9,g4,cnp,171.5,0.386
7994.0,g1,tick,107.4,0.434
7994.0,g2,tick,1000.0,0.000
7994.0,g4,tick,171.5,0.386
7994.0,g1,cnp,107.4,0.434
7994.0,g1,cnp,107.4,0.434
7994.0,g1,cnp,107.4,0.434
7994.0,g1,cnp,107.4,0.434
7994.0,g4,cnp,171.5,0.386
7994.1,g4,cnp,171.5,0.386
7994.1,g4,cnp,171.5,0.386
7994.1,g1,tick,107.4,0.434
7994.1,g2,tick,1000.0,0.000
7994.1,g4,tick,171.5,0.386
7997.3,g1,tick,120.6,0.407
7997.3,g2,tick,1000.0,0.000
7998.7,g4,tick,189.4,0.362
7998.7,g1,cut,96.1,0.444
7998.7,g1,cnp,96.1,0.444
8004.2,g4,cut,155.1,0.402
8004.2,g4,cnp,155.1,0.402
8004.2,g4,cnp,155.1,0.402
8004.2,g4,cnp,155.1,0.402
8005.6,g1,tick,96.1,0.444
8005.7,g2,tick,1000.0,0.000
8005.7,g4,tick,155.1,0.402
8005.7,g1,cnp,96.1,0.444
8005.7,g1,cnp,96.1,0.444
8005.7,g1,cnp,96.1,0.444
8005.7,g4,cnp,155.1,0.402
8005.7,g1,tick,96.1,0.444
8005.7,g2,tick,1000.0,0.000
8005.7,g4,tick,155.1,0.402
8014.0,g1,tick,108.4,0.416
8014.0,g2,tick,1000.0,0.000
8016.4,g4,tick,172.3,0.377
8016.4,g1,cut,85.8,0.453
8016.4,g1,cnp,85.8,0.453
8016.4,g1,cnp,85.8,0.453
8016.4,g1,cnp,85.8,0.453
8016.4,g1,cnp,85.8,0.453
8018.0,g4,cut,139.8,0.416
8018.1,g4,cnp,139.8,0.416
8018.1,g4,cnp,139.8,0.416
8018.1,g4,cnp,139.8,0.416
8018.1,g4,cnp,139.8,0.416
8018.1,g4,cnp,139.8,0.416
8020.4,g1,tick,85.8,0.453
8020.4,g2,tick,1000.0,0.000
8020.4,g4,tick,139.8,0.416
8020.4,g1,cnp,85.8,0.453
8020.4,g1,cnp,85.8,0.453
8020.4,g4,cnp,139.8,0.416
8020.4,g1,tick,85.8,0.453
8020.4,g2,tick,1000.0,0.000
8020.4,g4,tick,139.8,0.416
8022.4,g1,tick,97.1,0.425
8022.5,g2,tick,1000.0,0.000
8024.2,g4,tick,156.0,0.390
8024.2,g1,cnp,97.1,0.425
8024.2,g4,cnp,156.0,0.390
8024.2,g1,tick,97.1,0.425
8024.2,g2,tick,1000.0,0.000
8024.2,g4,tick,156.0,0.390
8027.6,g1,tick,102.7,0.398
8027.6,g2,tick,1000.0,0.000
8029.2,g4,tick,164.2,0.365
8029.3,g1,cut,82.3,0.436
8029.3,g1,cnp,82.3,0.436
8031.6,g4,cut,134.2,0.405
8031.6,g4,cnp,134.2,0.405
8031.6,g4,cnp,134.2,0.405
8035.5,g1,tick,82.3,0.436
8035.5,g2,tick,1000.0,0.000
8035.5,g4,tick,134.2,0.405
8035.5,g1,cnp,82.3,0.436
8035.5,g1,cnp,82.3,0.436
8035.5,g1,cnp,82.3,0.436
8035.6,g4,cnp,134.2,0.405
8035.6,g4,cnp,134.2,0.405
8035.6,g1,tick,82.3,0.436
8035.6,g2,tick,1000.0,0.000
8035.6,g4,tick,134.2,0.405
8037.9,g1,tick,92.5,0.408
8037.9,g2,tick,1000.0,0.000
8039.9,g4,tick,149.2,0.380
8039.9,g1,cut,73.6,0.445
8039.9,g1,cnp,73.6,0.445
8042.3,g4,cut,120.8,0.419
8042.3,g4,cnp,120.8,0.419
8042.3,g4,cnp,120.8,0.419
8046.8,g1,tick,73.6,0.445
8046.8,g2,tick,1000.0,0.000
8046.8,g4,tick,120.8,0.419
8046.8,g1,cnp,73.6,0.445
8046.8,g1,cnp,73.6,0.445
8046.8,g1,cnp,73.6,0.445
8046.8,g4,cnp,120.8,0.419
8046.8,g4,cnp,120.8,0.419
8046.8,g1,tick,73.6,0.445
8046.8,g2,tick,1000.0,0.000
8046.8,g4,tick,120.8,0.419
8050.3,g1,tick,83.1,0.418
8050.3,g2,tick,1000.0,0.000
8052.2,g4,tick,135.0,0.392
8052.2,g1,cut,65.7,0.454
8052.2,g1,cnp,65.7,0.454
8053.9,g4,cut,108.5,0.430
8053.9,g4,cnp,108.5,0.430
8053.9,g4,cnp,108.5,0.430
8056.7,g1,tick,65.7,0.454
8056.7,g2,tick,1000.0,0.000
8056.7,g4,tick,108.5,0.430
8056.8,g1,cnp,65.7,0.454
8056.8,g1,cnp,65.7,0.454
8056.8,g4,cnp,108.5,0.430
8056.8,g1,tick,65.7,0.454
8056.8,g2,tick,1000.0,0.000
8056.8,g4,tick,108.5,0.430
8062.5,g1,tick,74.4,0.426
8062.5,g2,tick,1000.0,0.000
8065.7,g4,tick,121.8,0.403
8065.8,g1,cut,58.6,0.462
8065.8,g1,cnp,58.6,0.462
8065.8,g1,cnp,58.6,0.462
8065.8,g1,cnp,58.6,0.462
8067.9,g4,cut,97.2,0.441
8067.9,g4,cnp,97.2,0.441
8067.9,g4,cnp,97.2,0.441
8068.0,g4,cnp,97.2,0.441
8068.0,g4,cnp,97.2,0.441
8069.9,g1,tick,58.6,0.462
8069.9,g2,tick,1000.0,0.000
8069.9,g4,tick,97.2,0.441
8069.9,g1,cnp,58.6,0.462
8069.9,g4,cnp,97.2,0.441
8069.9,g1,tick,58.6,0.462
8069.9,g2,tick,1000.0,0.000
8069.9,g4,tick,97.2,0.441
8073.3,g1,tick,66.5,0.433
8073.3,g2,tick,1000.0,0.000
8075.3,g4,tick,109.5,0.413
8075.3,g1,cnp,66.5,0.433
8075.3,g1,cnp,66.5,0.433
8075.3,g4,cnp,109.5,0.413
8075.3,g1,tick,66.5,0.433
8075.3,g2,tick,1000.0,0.000
8075.3,g4,tick,109.5,0.413
8077.1,g1,tick,70.4,0.406
8077.1,g2,tick,1000.0,0.000
8079.2,g4,tick,115.6,0.387
8079.2,g1,cut,56.1,0.443
8081.2,g4,cut,93.2,0.426
8083.7,g1,tick,56.1,0.443
8083.7,g2,tick,1000.0,0.000
8083.7,g4,tick,93.2,0.426
8085.5,g1,tick,63.3,0.415
8085.5,g2,tick,1000.0,0.000
8089.3,g4,tick,104.4,0.399
8091.2,g1,tick,66.9,0.389
8091.2,g2,tick,1000.0,0.000
8094.7,g4,tick,110.0,0.374
8097.0,g1,tick,68.6,0.365
8097.0,g2,tick,1000.0,0.000
8098.8,g4,tick,112.8,0.351
8098.8,g1,tick,69.5,0.342
8098.8,g2,tick,1000.0,0.000
8098.8,g4,tick,114.2,0.329
8098.8,g1,tick,70.0,0.321
8098.8,g2,tick,1000.0,0.000
8098.9,g4,tick,114.9,0.308
8100.2,g1,tick,75.2,0.301
8100.2,g2,tick,1000.0,0.000
8102.3,g4,tick,120.3,0.289
8106.3,g1,tick,82.8,0.282
8106.3,g2,tick,1000.0,0.000
8110.8,g4,tick,127.9,0.271
8112.4,g1,tick,91.6,0.264
8112.5,g2,tick,1000.0,0.000
8113.9,g4,tick,136.8,0.254
8115.2,g1,tick,101.0,0.248
8115.2,g2,tick,1000.0,0.000
8118.2,g4,tick,146.2,0.238
8119.8,g1,tick,110.7,0.232
8119.8,g2,tick,1000.0,0.000
8121.4,g4,tick,155.9,0.223
8123.6,g1,tick,140.6,0.218
8123.6,g2,tick,1000.0,0.000
8130.8,g4,tick,185.8,0.209
8133.9,g1,tick,180.5,0.204
8133.9,g2,tick,1000.0,0.000
8135.5,g4,tick,225.7,0.196
8137.1,g1,tick,225.5,0.191
8137.1,g2,tick,1000.0,0.000
8139.5,g4,tick,270.7,0.184
8140.8,g1,tick,272.9,0.179
8140.8,g2,tick,1000.0,0.000
8143.2,g4,tick,318.1,0.172
8145.9,g1,tick,321.7,0.168
8145.9,g2,tick,1000.0,0.000
8148.8,g4,tick,366.9,0.162
8148.8,g1,cut,294.6,0.220
8150.4,g4,cut,337.2,0.214
8150.4,g4,cnp,337.2,0.214
8152.0,g1,tick,294.6,0.220
8152.0,g2,tick,1000.0,0.000
8152.0,g4,tick,337.2,0.214
8155.6,g1,tick,308.2,0.206
8155.6,g2,tick,1000.0,0.000
8158.8,g4,tick,352.0,0.201
8158.8,g1,cut,276.4,0.256
8158.8,g1,cnp,276.4,0.256
8162.6,g4,cut,316.7,0.251
8162.6,g4,cnp,316.7,0.251
8162.6,g4,cnp,316.7,0.251
8165.0,g1,tick,276.4,0.256
8165.0,g2,tick,1000.0,0.000
8165.0,g4,tick,316.7,0.251
8165.0,g1,cnp,276.4,0.256
8165.0,g1,cnp,276.4,0.256
8165.0,g4,cnp,316.7,0.251
8165.0,g1,tick,276.4,0.256
8165.0,g2,tick,1000.0,0.000
8165.0,g4,tick,316.7,0.251
8167.7,g1,tick,292.3,0.240
8167.7,g2,tick,1000.0,0.000
8172.3,g4,tick,334.4,0.235
8172.3,g1,cut,257.2,0.287
8172.3,g1,cnp,257.2,0.287
8172.3,g1,cnp,257.2,0.287
8174.3,g4,cut,295.1,0.283
8174.3,g4,cnp,295.1,0.283
8174.3,g4,cnp,295.1,0.283
8174.3,g4,cnp,295.1,0.283
8177.8,g1,tick,257.2,0.287
8177.8,g2,tick,1000.0,0.000
8177.8,g4,tick,295.1,0.283
8177.8,g1,cnp,257.2,0.287
8177.8,g1,cnp,257.2,0.287
8177.8,g1,cnp,257.2,0.287
8177.8,g4,cnp,295.1,0.283
8177.8,g1,tick,257.2,0.287
8177.8,g2,tick,1000.0,0.000
8177.8,g4,tick,295.1,0.283
8179.6,g1,tick,274.7,0.270
8179.6,g2,tick,1000.0,0.000
8184.3,g4,tick,314.7,0.265
8184.3,g1,cut,237.7,0.315
8184.3,g1,cnp,237.7,0.315
8184.3,g1,cnp,237.7,0.315
8185.8,g4,cut,273.0,0.311
8185.8,g4,cnp,273.0,0.311
8185.8,g4,cnp,273.0,0.311
8189.6,g1,tick,237.7,0.315
8189.6,g2,tick,1000.0,0.000
8189.6,g4,tick,273.0,0.311
8189.6,g1,cnp,237.7,0.315
8189.6,g1,cnp,237.7,0.315
8189.6,g4,cnp,273.0,0.311
8189.6,g4,cnp,273.0,0.311
8189.6,g1,tick,237.7,0.315
8189.6,g2,tick,1000.0,0.000
8189.6,g4,tick,273.0,0.311
8192.1,g1,tick,256.2,0.295
8192.1,g2,tick,1000.0,0.000
8195.2,g4,tick,293.9,0.292
8195.2,g1,cut,218.4,0.340
8195.2,g1,cnp,218.4,0.340
8198.5,g4,cut,251.0,0.336
8198.5,g4,cnp,251.0,0.336
8198.5,g4,cnp,251.0,0.336
8203.0,g1,tick,218.4,0.340
8203.0,g2,tick,1000.0,0.000
8203.0,g4,tick,251.0,0.336
8203.0,g1,cnp,218.4,0.340
8203.0,g1,cnp,218.4,0.340
8203.0,g1,cnp,218.4,0.340
8203.0,g1,cnp,218.4,0.340
8203.0,g4,cnp,251.0,0.336
8203.0,g4,cnp,251.0,0.336
8203.0,g4,cnp,251.0,0.336
8203.0,g1,tick,218.4,0.340
8203.0,g2,tick,1000.0,0.000
8203.0,g4,tick,251.0,0.336
8205.1,g1,cnp,218.4,0.340
8205.1,g1,tick,218.4,0.340
8205.2,g2,tick,1000.0,0.000
8207.9,g4,tick,272.5,0.315
8207.9,g1,cut,181.3,0.381
8211.9,g4,cut,229.6,0.358
8211.9,g4,cnp,229.6,0.358
8211.9,g4,cnp,229.6,0.358
8215.8,g1,tick,181.3,0.381
8215.8,g2,tick,1000.0,0.000
8215.8,g4,tick,229.6,0.358
8215.8,g1,cnp,181.3,0.381
8215.8,g1,cnp,181.3,0.381
8215.8,g4,cnp,229.6,0.358
8215.8,g1,tick,181.3,0.381
8215.8,g2,tick,1000.0,0.000
8215.8,g4,tick,229.6,0.358
8215.9,g4,cnp,229.6,0.358
8215.9,g1,cnp,181.3,0.381
8217.9,g1,cnp,181.3,0.381
8218.0,g4,cnp,229.6,0.358
8220.0,g1,cut,146.8,0.419
8221.8,g1,tick,146.8,0.419
8221.8,g2,tick,1000.0,0.000
8221.8,g4,tick,229.6,0.358
8221.8,g4,cnp,229.6,0.358
8222.1,g1,cnp,146.8,0.419
8223.4,g4,cut,188.5,0.398
8225.0,g1,cnp,146.8,0.419
8225.1,g1,tick,146.8,0.419
8225.2,g2,tick,1000.0,0.000
8225.2,g4,tick,188.5,0.398
8225.5,g4,cnp,188.5,0.398
8227.1,g1,cnp,146.8,0.419
8227.5,g4,cnp,188.5,0.398
8229.2,g1,cnp,146.8,0.419
8230.1,g4,cnp,188.5,0.398
8230.1,g1,tick,146.8,0.419
8230.1,g2,tick,1000.0,0.000
8230.1,g4,tick,188.5,0.398
8231.6,g1,cut,116.0,0.456
8233.1,g4,cnp,188.5,0.398
8234.9,g4,cut,151.0,0.435
8241.1,g1,tick,116.0,0.456
8241.1,g2,tick,1000.0,0.000
8241.1,g4,tick,151.0,0.435
8241.1,g1,cnp,116.0,0.456
8241.1,g1,cnp,116.0,0.456
8241.1,g1,cnp,116.0,0.456
8241.1,g4,cnp,151.0,0.435
8241.1,g4,cnp,151.0,0.435
8241.1,g4,cnp,151.0,0.435
8241.1,g1,tick,116.0,0.456
8241.1,g2,tick,1000.0,0.000
8241.1,g4,tick,151.0,0.435
8244.2,g1,cut,89.6,0.490
8246.9,g4,cut,118.1,0.471
8246.9,g4,cnp,118.1,0.471
8248.4,g1,tick,89.6,0.490
8248.4,g2,tick,1000.0,0.000
8248.4,g4,tick,118.1,0.471
8248.4,g1,cnp,89.6,0.490
8250.1,g1,tick,89.6,0.490
8250.1,g2,tick,1000.0,0.000
8251.5,g4,tick,134.6,0.441
8251.5,g1,cnp,89.6,0.490
8251.5,g4,cnp,134.6,0.441
8252.7,g4,cnp,134.6,0.441
8252.8,g1,cnp,89.6,0.490
8254.8,g1,cut,67.6,0.522
8257.9,g1,tick,67.6,0.522
8258.0,g2,tick,1000.0,0.000
8258.0,g4,tick,134.6,0.441
8258.0,g4,cut,104.9,0.476
8259.8,g1,cnp,67.6,0.522
8259.8,g4,cnp,104.9,0.476
8262.7,g1,cnp,67.6,0.522
8262.7,g4,cnp,104.9,0.476
8262.7,g1,tick,67.6,0.522
8262.7,g2,tick,1000.0,0.000
8262.7,g4,tick,104.9,0.476
8262.9,g4,cnp,104.9,0.476
8263.1,g1,cnp,67.6,0.522
8265.7,g1,cut,50.0,0.552
8267.6,g4,cnp,104.9,0.476
8267.6,g1,tick,50.0,0.552
8267.6,g2,tick,1000.0,0.000
8267.6,g4,tick,104.9,0.476
8267.9,g4,cnp,104.9,0.476
8268.0,g1,cnp,50.0,0.552
8270.1,g1,tick,50.0,0.552
8270.1,g2,tick,1000.0,0.000
8270.1,g4,tick,104.9,0.476
8272.8,g1,cnp,50.0,0.552
8272.9,g4,cut,79.9,0.509
8274.2,g4,cnp,79.9,0.509
8274.3,g1,cnp,50.0,0.552
8275.1,g1,tick,50.0,0.552
8275.1,g2,tick,1000.0,0.000
8275.1,g4,tick,79.9,0.509
8276.5,g4,cnp,79.9,0.509
8276.8,g1,cut,36.2,0.580
8279.4,g1,cnp,36.2,0.580
8279.4,g4,cnp,79.9,0.509
8280.1,g1,tick,36.2,0.580
8280.1,g2,tick,1000.0,0.000
8280.1,g4,tick,79.9,0.509
8280.7,g4,cnp,79.9,0.509
8280.9,g1,cnp,36.2,0.580
8282.7,g4,cnp,79.9,0.509
8283.0,g1,cnp,36.2,0.580
8285.2,g1,tick,36.2,0.580
8285.2,g2,tick,1000.0,0.000
8285.2,g4,tick,79.9,0.509
8285.8,g1,cnp,36.2,0.580
8285.9,g4,cut,59.6,0.540
8287.9,g4,cnp,59.6,0.540
8288.0,g1,cut,25.7,0.606
8291.1,g1,cnp,25.7,0.606
8291.1,g4,cnp,59.6,0.540
8291.1,g1,tick,25.7,0.606
8291.1,g2,tick,1000.0,0.000
8291.1,g4,tick,59.6,0.540
8292.8,g1,cnp,25.7,0.606
8292.9,g4,cnp,59.6,0.540
8295.9,g1,tick,25.7,0.606
8295.9,g2,tick,1000.0,0.000
8295.9,g4,tick,59.6,0.540
8301.7,g1,tick,31.0,0.568
8301.7,g2,tick,1000.0,0.000
8303.2,g4,tick,69.7,0.506
8308.2,g1,tick,33.6,0.533
8308.2,g2,tick,1000.0,0.000
8311.0,g4,tick,74.8,0.474
8312.8,g1,tick,34.9,0.499
8312.8,g2,tick,1000.0,0.000
8314.5,g4,tick,77.4,0.445
8315.1,g1,tick,35.5,0.468
8315.1,g2,tick,1000.0,0.000
8315.1,g4,tick,78.6,0.417
8321.5,g1,tick,35.9,0.439
8321.5,g2,tick,1000.0,0.000
8323.0,g4,tick,79.3,0.391
8327.6,g1,tick,41.0,0.411
8327.6,g2,tick,1000.0,0.000
8330.2,g4,tick,84.6,0.366
8334.2,g1,tick,48.6,0.386
8334.2,g2,tick,1000.0,0.000
8336.0,g4,tick,92.2,0.344
8343.4,g1,tick,57.4,0.362
8343.4,g2,tick,1000.0,0.000
8347.7,g4,tick,101.1,0.322
8349.4,g1,tick,66.8,0.339
8349.4,g2,tick,1000.0,0.000
8350.8,g4,tick,110.5,0.302
8354.4,g1,tick,76.5,0.318
8354.4,g2,tick,1000.0,0.000
8356.3,g4,tick,120.2,0.283
8360.5,g1,tick,106.4,0.298
8360.5,g2,tick,1000.0,0.000
8366.8,g4,tick,150.0,0.265
8368.4,g1,tick,146.3,0.279
8368.4,g2,tick,1000.0,0.000
8370.2,g4,tick,190.0,0.249
8371.5,g1,tick,191.2,0.262
8371.5,g2,tick,1000.0,0.000
8372.9,g4,tick,234.9,0.233
8374.5,g1,tick,238.7,0.245
8374.5,g2,tick,1000.0,0.000
8375.9,g4,tick,282.4,0.219
8377.7,g1,tick,287.5,0.230
8377.7,g2,tick,1000.0,0.000
8382.1,g4,tick,331.2,0.205
8384.1,g1,tick,336.8,0.216
8384.1,g2,tick,1000.0,0.000
8392.3,g4,tick,380.5,0.192
8392.3,g1,cut,300.5,0.265
8394.4,g4,cut,344.0,0.243
8394.4,g4,cnp,344.0,0.243
8396.0,g1,tick,300.5,0.265
8396.0,g2,tick,1000.0,0.000
8396.0,g4,tick,344.0,0.243
8396.0,g1,cnp,300.5,0.265
8396.0,g1,tick,300.5,0.265
8396.0,g2,tick,1000.0,0.000
8397.3,g4,tick,362.2,0.227
8399.3,g1,tick,318.7,0.248
8399.3,g2,tick,1000.0,0.000
8403.4,g4,tick,371.4,0.213
8403.5,g1,cut,279.1,0.295
8403.5,g1,cnp,279.1,0.295
8405.8,g4,cut,331.8,0.262
8405.8,g4,cnp,331.8,0.262
8405.8,g4,cnp,331.8,0.262
8408.4,g1,tick,279.1,0.295
8408.4,g2,tick,1000.0,0.000
8408.4,g4,tick,331.8,0.262
8408.4,g1,cnp,279.1,0.295
8408.4,g1,cnp,279.1,0.295
8408.4,g4,cnp,331.8,0.262
8408.4,g1,tick,279.1,0.295
8408.4,g2,tick,1000.0,0.000
8408.4,g4,tick,331.8,0.262
8409.8,g1,tick,298.9,0.277
8409.8,g2,tick,1000.0,0.000
8412.7,g4,tick,351.6,0.246
8412.7,g1,cnp,298.9,0.277
8412.7,g1,cnp,298.9,0.277
8412.7,g4,cnp,351.6,0.246
8412.7,g4,cnp,351.6,0.246
8412.7,g1,tick,298.9,0.277
8412.7,g2,tick,1000.0,0.000
8412.7,g4,tick,351.6,0.246
8413.6,g4,cnp,351.6,0.246
8413.8,g1,cut,257.5,0.322
8417.0,g1,tick,257.5,0.322
8417.0,g2,tick,1000.0,0.000
8417.0,g4,tick,351.6,0.246
8417.0,g1,cnp,257.5,0.322
8417.0,g4,cut,308.3,0.293
8422.9,g1,tick,257.5,0.322
8422.9,g2,tick,1000.0,0.000
8422.9,g4,tick,308.3,0.293
8422.9,g1,cnp,257.5,0.322
8422.9,g1,cnp,257.5,0.322
8422.9,g1,cnp,257.5,0.322
8422.9,g4,cnp,308.3,0.293
8422.9,g4,cnp,308.3,0.293
8422.9,g4,cnp,308.3,0.293
8424.3,g1,cut,216.1,0.364
8429.2,g1,tick,216.1,0.364
8429.2,g2,tick,1000.0,0.000
8429.2,g4,tick,308.3,0.293
8429.2,g1,cnp,216.1,0.364
8429.2,g4,cut,263.1,0.337
8429.2,g4,cnp,263.1,0.337
8430.8,g1,tick,216.1,0.364
8430.8,g2,tick,1000.0,0.000
8430.8,g4,tick,263.1,0.337
8430.8,g1,cnp,216.1,0.364
8430.8,g4,cnp,263.1,0.337
8431.9,g4,cnp,263.1,0.337
8431.9,g1,cnp,216.1,0.364
8434.7,g4,cnp,263.1,0.337
8434.8,g1,cut,176.7,0.404
8438.1,g1,tick,176.7,0.404
8438.1,g2,tick,1000.0,0.000
8438.1,g4,tick,263.1,0.337
8438.1,g1,cnp,176.7,0.404
8438.2,g4,cnp,263.1,0.337
8439.2,g4,cnp,263.1,0.337
8439.3,g1,cnp,176.7,0.404
8440.1,g1,tick,176.7,0.404
8440.1,g2,tick,1000.0,0.000
8440.1,g4,tick,263.1,0.337
8441.3,g4,cut,218.8,0.379
8447.6,g1,tick,196.4,0.379
8447.7,g2,tick,1000.0,0.000
8447.7,g4,tick,218.8,0.379
8447.7,g1,cut,159.2,0.418
8447.7,g1,cnp,159.2,0.418
8447.7,g1,cnp,159.2,0.418
8449.2,g4,cnp,218.8,0.379
8449.2,g4,cnp,218.8,0.379
8449.2,g4,cnp,218.8,0.379
8449.2,g1,cnp,159.2,0.418
8450.9,g4,cnp,218.8,0.379
8451.0,g1,tick,159.2,0.418
8451.0,g2,tick,1000.0,0.000
8451.0,g4,tick,218.8,0.379
8451.3,g1,cnp,159.2,0.418
8454.6,g1,cnp,159.2,0.418
8454.6,g4,cut,177.3,0.418
8456.3,g1,tick,159.2,0.418
8456.3,g2,tick,1000.0,0.000
8456.3,g4,tick,177.3,0.418
8456.7,g4,cnp,177.3,0.418
8457.0,g1,cnp,159.2,0.418
8459.3,g1,cut,126.0,0.454
8461.8,g4,cnp,177.3,0.418
8461.8,g4,cnp,177.3,0.418
8461.8,g1,tick,126.0,0.454
8461.8,g2,tick,1000.0,0.000
8461.8,g4,tick,177.3,0.418
8461.8,g1,cnp,126.0,0.454
8463.6,g1,cnp,126.0,0.454
8463.7,g4,cnp,177.3,0.418
8465.3,g1,tick,126.0,0.454
8465.3,g2,tick,1000.0,0.000
8465.3,g4,tick,177.3,0.418
8466.6,g1,cnp,126.0,0.454
8466.6,g4,cut,140.3,0.454
8469.7,g1,cut,97.4,0.488
8472.2,g4,cnp,140.3,0.454
8472.2,g4,cnp,140.3,0.454
8472.2,g1,tick,97.4,0.488
8472.2,g2,tick,1000.0,0.000
8472.2,g4,tick,140.3,0.454
8472.2,g1,cnp,97.4,0.488
8474.7,g4,cnp,140.3,0.454
8474.7,g1,cnp,97.4,0.488
8475.1,g1,tick,97.4,0.488
8475.1,g2,tick,1000.0,0.000
8475.1,g4,tick,140.3,0.454
8477.6,g1,cnp,97.4,0.488
8477.6,g4,cut,108.5,0.488
8484.6,g1,tick,97.4,0.488
8484.6,g2,tick,1000.0,0.000
8484.6,g4,tick,108.5,0.488
8484.6,g1,cut,73.6,0.520
8484.6,g1,cnp,73.6,0.520
8484.6,g1,cnp,73.6,0.520
8490.8,g4,cut,82.0,0.520
8490.8,g4,cnp,82.0,0.520
8490.8,g4,cnp,82.0,0.520
8490.8,g4,cnp,82.0,0.520
8493.3,g1,tick,73.6,0.520
8493.3,g2,tick,1000.0,0.000
8493.3,g4,tick,82.0,0.520
8493.3,g1,cnp,73.6,0.520
8493.3,g1,cnp,73.6,0.520
8493.3,g1,cnp,73.6,0.520
8493.4,g1,cnp,73.6,0.520
8493.4,g4,cnp,82.0,0.520
8493.4,g1,tick,73.6,0.520
8493.4,g2,tick,1000.0,0.000
8493.4,g4,tick,82.0,0.520
8493.8,g4,cnp,82.0,0.520
8497.2,g1,tick,85.5,0.488
8497.2,g2,tick,1000.0,0.000
8497.2,g4,tick,82.0,0.520
8497.2,g1,cut,64.6,0.520
8498.9,g4,cnp,82.0,0.520
8498.9,g4,cnp,82.0,0.520
8498.9,g1,cnp,64.6,0.520
8500.5,g1,cnp,64.6,0.520
8500.6,g4,cnp,82.0,0.520
8501.6,g1,tick,64.6,0.520
8501.6,g2,tick,1000.0,0.000
8501.6,g4,tick,82.0,0.520
8503.3,g1,cnp,64.6,0.520
8503.4,g4,cut,60.7,0.550
8504.8,g1,cnp,64.6,0.520
8504.8,g4,cnp,60.7,0.550
8505.1,g1,tick,64.6,0.520
8505.1,g2,tick,1000.0,0.000
8505.1,g4,tick,60.7,0.550
8507.6,g1,cut,47.8,0.550
8509.3,g4,cnp,60.7,0.550
8509.5,g4,cnp,60.7,0.550
8509.6,g1,cnp,47.8,0.550
8510.1,g1,tick,47.8,0.550
8510.1,g2,tick,1000.0,0.000
8510.1,g4,tick,60.7,0.550
8511.5,g4,cnp,60.7,0.550
8511.8,g1,cnp,47.8,0.550
8513.6,g4,cut,44.0,0.578
8515.4,g1,tick,47.8,0.550
8515.4,g2,tick,1000.0,0.000
8515.4,g4,tick,44.0,0.578
8515.4,g1,cnp,47.8,0.550
8516.0,g1,cnp,47.8,0.550
8516.0,g4,cnp,44.0,0.578
8518.0,g4,cnp,44.0,0.578
8518.1,g1,cut,34.7,0.578
8521.0,g1,tick,34.7,0.578
8521.1,g2,tick,1000.0,0.000
8521.1,g4,tick,44.0,0.578
8521.1,g1,cnp,34.7,0.578
8521.1,g4,cnp,44.0,0.578
8522.1,g4,cnp,44.0,0.578
8522.2,g1,cnp,34.7,0.578
8525.1,g1,tick,34.7,0.578
8525.1,g2,tick,1000.0,0.000
8525.1,g4,tick,44.0,0.578
8531.7,g1,tick,41.3,0.542
8531.7,g2,tick,1000.0,0.000
8533.8,g4,tick,52.3,0.542
8537.9,g1,tick,44.6,0.508
8537.9,g2,tick,1000.0,0.000
8540.5,g4,tick,56.5,0.508
8543.2,g1,tick,46.2,0.476
8543.2,g2,tick,1000.0,0.000
8545.9,g4,tick,58.6,0.476
8546.0,g1,tick,47.0,0.446
8546.0,g2,tick,1000.0,0.000
8546.0,g4,tick,59.6,0.447
8554.5,g1,tick,47.4,0.418
8554.5,g2,tick,1000.0,0.000
8557.1,g4,tick,60.1,0.419
8558.5,g1,tick,52.6,0.392
8558.5,g2,tick,1000.0,0.000
8559.8,g4,tick,65.4,0.393
8562.9,g1,tick,60.2,0.368
8562.9,g2,tick,1000.0,0.000
8569.8,g4,tick,73.0,0.368
8571.9,g1,tick,69.0,0.345
8571.9,g2,tick,1000.0,0.000
8573.6,g4,tick,81.8,0.345
8575.8,g1,tick,78.4,0.323
8575.8,g2,tick,1000.0,0.000
8578.5,g4,tick,91.3,0.323
8580.4,g1,tick,88.1,0.303
8580.4,g2,tick,1000.0,0.000
8583.4,g4,tick,101.0,0.303
8586.1,g1,tick,118.0,0.284
8586.1,g2,tick,1000.0,0.000
8589.8,g4,tick,130.8,0.284
8592.7,g1,tick,157.9,0.266
8592.7,g2,tick,1000.0,0.000
8600.3,g4,tick,170.7,0.267
8602.2,g1,tick,202.9,0.250
8602.2,g2,tick,1000.0,0.000
8604.9,g4,tick,215.7,0.250
8606.4,g1,tick,250.4,0.234
8606.4,g2,tick,1000.0,0.000
8608.1,g4,tick,263.2,0.234
8610.4,g1,tick,299.1,0.219
8610.4,g2,tick,1000.0,0.000
8612.2,g4,tick,311.9,0.220
8613.8,g1,tick,348.5,0.206
8613.8,g2,tick,1000.0,0.000
8615.2,g4,tick,361.3,0.206
8615.2,g1,cut,312.6,0.255
8619.3,g4,cut,324.1,0.256
8619.3,g4,cnp,324.1,0.256
8621.9,g1,tick,312.6,0.255
8621.9,g2,tick,1000.0,0.000
8621.9,g4,tick,324.1,0.256
8621.9,g1,cnp,312.6,0.255
8621.9,g1,cnp,312.6,0.255
8621.9,g4,cnp,324.1,0.256
8621.9,g1,tick,312.6,0.255
8621.9,g2,tick,1000.0,0.000
8621.9,g4,tick,324.1,0.256
8625.8,g1,tick,330.5,0.239
8625.8,g2,tick,1000.0,0.000
8627.6,g4,tick,342.7,0.240
8627.7,g1,cut,291.0,0.287
8627.7,g1,cnp,291.0,0.287
8627.7,g1,cnp,291.0,0.287
8629.7,g4,cut,301.7,0.287
8629.7,g4,cnp,301.7,0.287
8629.7,g4,cnp,301.7,0.287
8629.7,g4,cnp,301.7,0.287
8631.1,g1,tick,291.0,0.287
8631.1,g2,tick,1000.0,0.000
8631.1,g4,tick,301.7,0.287
8631.1,g1,cnp,291.0,0.287
8631.1,g1,tick,291.0,0.287
8631.1,g2,tick,1000.0,0.000
8633.9,g4,tick,322.2,0.269
8634.0,g1,cnp,291.0,0.287
8634.0,g4,cnp,322.2,0.269
8634.5,g4,cnp,322.2,0.269
8634.7,g1,cnp,291.0,0.287
8635.1,g1,tick,291.0,0.287
8635.1,g2,tick,1000.0,0.000
8635.1,g4,tick,322.2,0.269
8640.5,g1,cut,249.2,0.332
8645.2,g4,cut,278.8,0.315
8645.2,g4,cnp,278.8,0.315
8645.2,g4,cnp,278.8,0.315
8650.3,g1,tick,249.2,0.332
8650.3,g2,tick,1000.0,0.000
8650.3,g4,tick,278.8,0.315
8650.3,g1,cnp,249.2,0.332
8650.3,g1,cnp,249.2,0.332
8650.3,g1,cnp,249.2,0.332
8650.3,g4,cnp,278.8,0.315
8650.3,g4,cnp,278.8,0.315
8650.3,g1,tick,249.2,0.332
8650.3,g2,tick,1000.0,0.000
8650.4,g4,tick,278.8,0.315
8650.4,g1,cnp,249.2,0.332
8650.4,g1,tick,249.2,0.332
8650.4,g2,tick,1000.0,0.000
8654.8,g4,tick,300.5,0.295
8654.8,g1,cut,207.9,0.373
8654.8,g1,cnp,207.9,0.373
8656.5,g4,cut,256.2,0.339
8656.5,g4,cnp,256.2,0.339
8658.1,g1,tick,207.9,0.373
8658.1,g2,tick,1000.0,0.000
8658.1,g4,tick,256.2,0.339
8658.1,g1,cnp,207.9,0.373
8658.1,g4,cnp,256.2,0.339
8660.1,g1,tick,207.9,0.373
8660.1,g2,tick,1000.0,0.000
8660.1,g4,tick,256.2,0.339
8660.3,g4,cnp,256.2,0.339
8660.6,g1,cnp,207.9,0.373
8662.5,g4,cnp,256.2,0.339
8662.6,g1,cnp,207.9,0.373
8664.7,g4,cnp,256.2,0.339
8664.8,g1,cnp,207.9,0.373
8665.1,g1,tick,207.9,0.373
8665.1,g2,tick,1000.0,0.000
8665.1,g4,tick,256.2,0.339
8666.8,g4,cut,212.7,0.380
8671.9,g1,tick,228.6,0.350
8671.9,g2,tick,1000.0,0.000
8671.9,g4,tick,212.7,0.380
8671.9,g1,cut,188.6,0.391
8671.9,g1,cnp,188.6,0.391
8677.8,g4,cut,172.2,0.419
8677.8,g4,cnp,172.2,0.419
8677.8,g4,cnp,172.2,0.419
8677.8,g4,cnp,172.2,0.419
8687.1,g1,tick,188.6,0.391
8687.1,g2,tick,1000.0,0.000
8687.1,g4,tick,172.2,0.419
8687.1,g1,cut,151.7,0.429
8687.1,g1,cnp,151.7,0.429
8687.1,g1,cnp,151.7,0.429
8687.1,g1,cnp,151.7,0.429
8687.1,g1,cnp,151.7,0.429
8687.1,g1,cnp,151.7,0.429
8687.1,g1,cnp,151.7,0.429
8688.7,g4,cut,136.1,0.456
8688.7,g4,cnp,136.1,0.456
8688.7,g4,cnp,136.1,0.456
8688.7,g4,cnp,136.1,0.456
8688.7,g4,cnp,136.1,0.456
8690.4,g1,tick,151.7,0.429
8690.4,g2,tick,1000.0,0.000
8690.4,g4,tick,136.1,0.456
8690.5,g1,cnp,151.7,0.429
8690.5,g1,cnp,151.7,0.429
8690.5,g4,cnp,136.1,0.456
8690.5,g1,tick,151.7,0.429
8690.5,g2,tick,1000.0,0.000
8690.5,g4,tick,136.1,0.456
8691.9,g1,tick,170.2,0.402
8691.9,g2,tick,1000.0,0.000
8693.3,g4,tick,154.2,0.427
8693.3,g4,cnp,154.2,0.427
8693.4,g1,cnp,170.2,0.402
8693.7,g4,cnp,154.2,0.427
8695.1,g1,tick,170.2,0.402
8695.1,g2,tick,1000.0,0.000
8695.1,g4,tick,154.2,0.427
8695.6,g1,cnp,170.2,0.402
8695.9,g4,cnp,154.2,0.427
8697.8,g1,cut,136.0,0.439
8699.8,g4,cut,121.3,0.463
8701.3,g1,tick,136.0,0.439
8701.3,g2,tick,1000.0,0.000
8701.3,g4,tick,121.3,0.463
8701.4,g1,cnp,136.0,0.439
8701.4,g4,cnp,121.3,0.463
8703.5,g1,cnp,136.0,0.439
8703.5,g4,cnp,121.3,0.463
8705.1,g1,tick,136.0,0.439
8705.1,g2,tick,1000.0,0.000
8705.1,g4,tick,121.3,0.463
8705.8,g1,cnp,136.0,0.439
8705.8,g4,cnp,121.3,0.463
8707.9,g1,cut,106.1,0.474
8712.0,g4,cut,93.2,0.496
8712.0,g4,cnp,93.2,0.496
8715.8,g1,tick,106.1,0.474
8715.8,g2,tick,1000.0,0.000
8715.8,g4,tick,93.2,0.496
8715.8,g1,cnp,106.1,0.474
8715.9,g1,cnp,106.1,0.474
8715.9,g4,cnp,93.2,0.496
8715.9,g1,tick,106.1,0.474
8715.9,g2,tick,1000.0,0.000
8715.9,g4,tick,93.2,0.496
8716.3,g4,cnp,93.2,0.496
8716.4,g1,cnp,106.1,0.474
8718.4,g1,cut,80.9,0.507
8722.3,g1,tick,80.9,0.507
8722.3,g2,tick,1000.0,0.000
8722.3,g4,tick,93.2,0.496
8722.3,g1,cnp,80.9,0.507
8722.3,g4,cut,70.1,0.528
8722.3,g4,cnp,70.1,0.528
8726.8,g1,tick,80.9,0.507
8726.8,g2,tick,1000.0,0.000
8726.8,g4,tick,70.1,0.528
8726.8,g1,cnp,80.9,0.507
8726.8,g1,cnp,80.9,0.507
8726.8,g4,cnp,70.1,0.528
8726.8,g4,cnp,70.1,0.528
8727.1,g4,cnp,70.1,0.528
8730.1,g1,cut,60.4,0.538
8732.0,g1,tick,60.4,0.538
8732.0,g2,tick,1000.0,0.000
8732.0,g4,tick,70.1,0.528
8732.0,g4,cnp,70.1,0.528
8732.2,g4,cnp,70.1,0.528
8732.2,g1,cnp,60.4,0.538
8734.4,g1,cnp,60.4,0.538
8734.4,g4,cut,51.6,0.557
8737.9,g1,tick,60.4,0.538
8737.9,g2,tick,1000.0,0.000
8737.9,g4,tick,51.6,0.557
8738.0,g1,cnp,60.4,0.538
8738.0,g4,cnp,51.6,0.557
8738.8,g4,cnp,51.6,0.557
8738.9,g1,cnp,60.4,0.538
8740.1,g1,tick,60.4,0.538
8740.1,g2,tick,1000.0,0.000
8740.1,g4,tick,51.6,0.557
8740.9,g4,cnp,51.6,0.557
8741.1,g1,cut,44.2,0.567
8743.0,g4,cnp,51.6,0.557
8743.5,g1,cnp,44.2,0.567
8746.0,g1,cnp,44.2,0.567
8746.0,g4,cut,37.2,0.585
8747.6,g1,tick,44.2,0.567
8747.6,g2,tick,1000.0,0.000
8747.6,g4,tick,37.2,0.585
8750.1,g1,cnp,44.2,0.567
8750.1,g4,cnp,37.2,0.585
8750.1,g1,tick,44.2,0.567
8750.1,g2,tick,1000.0,0.000
8750.1,g4,tick,37.2,0.585
8752.3,g4,cnp,37.2,0.585
8752.7,g1,cut,31.6,0.594
8755.3,g1,tick,31.6,0.594
8755.3,g2,tick,1000.0,0.000
8755.4,g4,tick,37.2,0.585
8762.4,g1,tick,37.9,0.557
8762.4,g2,tick,1000.0,0.000
8763.8,g4,tick,44.4,0.548
8767.3,g1,tick,41.0,0.522
8767.3,g2,tick,1000.0,0.000
8769.7,g4,tick,48.0,0.514
8771.7,g1,tick,42.6,0.489
8771.7,g2,tick,1000.0,0.000
8773.7,g4,tick,49.8,0.482
8775.1,g1,tick,43.4,0.459
8775.1,g2,tick,1000.0,0.000
8775.1,g4,tick,50.7,0.452
8781.8,g1,tick,43.8,0.430
8781.8,g2,tick,1000.0,0.000
8783.9,g4,tick,51.1,0.424
8787.8,g1,tick,49.0,0.403
8787.8,g2,tick,1000.0,0.000
8790.2,g4,tick,56.4,0.397
8791.5,g1,tick,56.6,0.378
8791.5,g2,tick,1000.0,0.000
8794.5,g4,tick,64.0,0.372
8797.4,g1,tick,65.4,0.354
8797.4,g2,tick,1000.0,0.000
8799.2,g4,tick,72.8,0.349
8806.6,g1,tick,74.8,0.332
8806.6,g2,tick,1000.0,0.000
8810.3,g4,tick,82.2,0.327
8812.5,g1,tick,84.5,0.311
8812.5,g2,tick,1000.0,0.000
8817.8,g4,tick,91.9,0.307
8819.4,g1,tick,114.3,0.292
8819.4,g2,tick,1000.0,0.000
8821.5,g4,tick,121.7,0.288
8824.0,g1,tick,154.2,0.274
8824.0,g2,tick,1000.0,0.000
8825.5,g4,tick,161.6,0.270
8826.8,g1,tick,199.2,0.257
8826.8,g2,tick,1000.0,0.000
8829.7,g4,tick,206.6,0.253
8831.5,g1,tick,246.7,0.241
8831.5,g2,tick,1000.0,0.000
8834.4,g4,tick,254.1,0.237
8836.3,g1,tick,295.4,0.226
8836.3,g2,tick,1000.0,0.000
8837.9,g4,tick,302.8,0.222
8842.5,g1,tick,344.8,0.211
8842.5,g2,tick,1000.0,0.000
8844.6,g4,tick,352.2,0.208
8844.7,g1,cut,308.3,0.261
8846.1,g4,cut,315.5,0.258
8847.5,g1,tick,308.3,0.261
8847.5,g2,tick,1000.0,0.000
8847.5,g4,tick,315.5,0.258
8850.8,g1,tick,326.6,0.244
8850.8,g2,tick,1000.0,0.000
8853.0,g4,tick,333.9,0.242
8853.1,g1,cnp,326.6,0.244
8853.1,g1,cnp,326.6,0.244
8853.1,g1,cnp,326.6,0.244
8853.1,g4,cnp,333.9,0.242
8853.1,g4,cnp,333.9,0.242
8853.1,g4,cnp,333.9,0.242
8853.1,g1,tick,326.6,0.244
8853.1,g2,tick,1000.0,0.000
8853.1,g4,tick,333.9,0.242
8860.1,g1,tick,335.7,0.229
8860.1,g2,tick,1000.0,0.000
8862.7,g4,tick,343.0,0.227
8862.7,g1,cut,297.2,0.277
8862.7,g1,cnp,297.2,0.277
8865.7,g4,cut,304.2,0.275
8865.7,g4,cnp,304.2,0.275
8865.7,g4,cnp,304.2,0.275
8867.7,g1,tick,297.2,0.277
8867.7,g2,tick,1000.0,0.000
8867.7,g4,tick,304.2,0.275
8867.7,g1,cnp,297.2,0.277
8867.7,g1,cnp,297.2,0.277
8867.7,g4,cnp,304.2,0.275
8867.7,g1,tick,297.2,0.277
8867.7,g2,tick,1000.0,0.000
8867.7,g4,tick,304.2,0.275
8868.4,g4,cnp,304.2,0.275
8870.9,g1,cnp,297.2,0.277
8870.9,g4,cnp,304.2,0.275
8870.9,g1,tick,297.2,0.277
8870.9,g2,tick,1000.0,0.000
8870.9,g4,tick,304.2,0.275
8872.8,g4,cnp,304.2,0.275
8872.9,g1,cut,256.0,0.323
8878.1,g1,tick,256.0,0.323
8878.1,g2,tick,1000.0,0.000
8878.1,g4,tick,304.2,0.275
8878.1,g1,cnp,256.0,0.323
8878.2,g1,cnp,256.0,0.323
8878.2,g4,cut,262.4,0.320
8878.2,g4,cnp,262.4,0.320
8880.1,g1,tick,256.0,0.323
8880.1,g2,tick,1000.0,0.000
8880.1,g4,tick,262.4,0.320
8881.0,g1,cnp,256.0,0.323
8881.0,g4,cnp,262.4,0.320
8882.9,g4,cnp,262.4,0.320
8884.1,g1,cut,214.7,0.365
8886.4,g1,tick,214.7,0.365
8886.4,g2,tick,1000.0,0.000
8886.4,g4,tick,262.4,0.320
8887.7,g1,cnp,214.7,0.365
8887.7,g4,cnp,262.4,0.320
8889.6,g4,cut,220.3,0.363
8891.8,g1,tick,214.7,0.365
8891.8,g2,tick,1000.0,0.000
8891.8,g4,tick,220.3,0.363
8891.8,g1,cnp,214.7,0.365
8891.9,g4,cnp,220.3,0.363
8893.8,g4,cnp,220.3,0.363
8894.7,g1,cut,175.5,0.405
8896.6,g1,tick,175.5,0.405
8896.7,g2,tick,1000.0,0.000
8896.7,g4,tick,220.3,0.363
8897.3,g1,cnp,175.5,0.405
8897.4,g4,cnp,220.3,0.363
8899.4,g1,cnp,175.5,0.405
8899.6,g4,cnp,220.3,0.363
8900.1,g1,tick,175.5,0.405
8900.1,g2,tick,1000.0,0.000
8900.1,g4,tick,220.3,0.363
8901.7,g4,cut,180.4,0.403
8909.6,g1,tick,195.1,0.379
8909.6,g2,tick,1000.0,0.000
8909.6,g4,tick,180.4,0.403
8909.7,g1,cut,158.1,0.418
8909.7,g1,cnp,158.1,0.418
8909.7,g1,cnp,158.1,0.418
8913.4,g4,cut,144.1,0.440
8913.4,g4,cnp,144.1,0.440
8913.4,g4,cnp,144.1,0.440
8913.5,g4,cnp,144.1,0.440
8913.5,g4,cnp,144.1,0.440
8916.2,g1,tick,158.1,0.418
8916.2,g2,tick,1000.0,0.000
8916.2,g4,tick,144.1,0.440
8916.3,g1,cnp,158.1,0.418
8916.3,g1,cnp,158.1,0.418
8916.3,g1,cnp,158.1,0.418
8916.3,g4,cnp,144.1,0.440
8916.3,g1,tick,158.1,0.418
8916.3,g2,tick,1000.0,0.000
8916.3,g4,tick,144.1,0.440
8917.9,g1,cnp,158.1,0.418
8918.0,g4,cnp,144.1,0.440
8920.9,g1,cut,125.1,0.454
8922.6,g1,tick,125.1,0.454
8922.6,g2,tick,1000.0,0.000
8922.6,g4,tick,144.1,0.440
8922.6,g4,cnp,144.1,0.440
8922.9,g1,cnp,125.1,0.454
8923.6,g4,cut,112.4,0.475
8927.7,g1,tick,125.1,0.454
8927.7,g2,tick,1000.0,0.000
8927.7,g4,tick,112.4,0.475
8927.7,g1,cnp,125.1,0.454
8927.7,g1,cnp,125.1,0.454
8927.7,g4,cnp,112.4,0.475
8928.9,g4,cnp,112.4,0.475
8929.3,g1,cnp,125.1,0.454
8930.2,g1,tick,125.1,0.454
8930.2,g2,tick,1000.0,0.000
8930.2,g4,tick,112.4,0.475
8932.3,g1,cut,96.7,0.489
8934.7,g4,cut,85.7,0.508
8936.3,g1,tick,96.7,0.489
8936.3,g2,tick,1000.0,0.000
8936.3,g4,tick,85.7,0.508
8936.3,g1,cnp,96.7,0.489
8936.3,g4,cnp,85.7,0.508
8937.6,g1,cnp,96.7,0.489
8937.6,g4,cnp,85.7,0.508
8939.9,g1,cnp,96.7,0.489
8939.9,g4,cnp,85.7,0.508
8940.1,g1,tick,96.7,0.489
8940.1,g2,tick,1000.0,0.000
8940.1,g4,tick,85.7,0.508
8941.8,g1,cnp,96.7,0.489
8941.8,g4,cnp,85.7,0.508
8943.8,g1,cut,73.0,0.521
8946.8,g1,tick,73.0,0.521
8946.8,g2,tick,1000.0,0.000
8946.8,g4,tick,85.7,0.508
8946.8,g1,cnp,73.0,0.521
8946.8,g4,cut,63.9,0.538
8946.8,g4,cnp,63.9,0.538
8948.9,g1,cnp,73.0,0.521
8949.0,g4,cnp,63.9,0.538
8950.1,g1,tick,73.0,0.521
8950.1,g2,tick,1000.0,0.000
8950.1,g4,tick,63.9,0.538
8951.1,g1,cnp,73.0,0.521
8951.1,g4,cnp,63.9,0.538
8953.1,g1,cnp,73.0,0.521
8953.2,g4,cnp,63.9,0.538
8955.3,g1,cut,54.0,0.550
8957.5,g4,cut,46.7,0.567
8957.5,g4,cnp,46.7,0.567
8959.1,g1,tick,54.0,0.550
8959.1,g2,tick,1000.0,0.000
8959.1,g4,tick,46.7,0.567
8959.1,g1,cnp,54.0,0.550
8959.5,g1,cnp,54.0,0.550
8959.7,g4,cnp,46.7,0.567
8960.1,g1,tick,54.0,0.550
8960.1,g2,tick,1000.0,0.000
8960.1,g4,tick,46.7,0.567
8962.4,g1,cnp,54.0,0.550
8962.4,g4,cnp,46.7,0.567
8964.5,g1,cnp,54.0,0.550
8964.6,g4,cnp,46.7,0.567
8965.1,g1,tick,54.0,0.550
8965.1,g2,tick,1000.0,0.000
8965.1,g4,tick,46.7,0.567
8966.7,g1,cut,39.2,0.579
8968.1,g4,cut,33.5,0.594
8969.9,g1,cnp,39.2,0.579
8969.9,g4,cnp,33.5,0.594
8970.1,g1,tick,39.2,0.579
8970.1,g2,tick,1000.0,0.000
8970.1,g4,tick,33.5,0.594
8970.9,g1,cnp,39.2,0.579
8972.5,g4,cnp,33.5,0.594
8973.1,g1,cnp,39.2,0.579
8973.7,g4,cnp,33.5,0.594
8975.1,g1,tick,39.2,0.579
8975.1,g2,tick,1000.0,0.000
8975.1,g4,tick,33.5,0.594
8975.2,g1,cnp,39.2,0.579
8980.0,g1,tick,39.2,0.579
8980.0,g2,tick,1000.0,0.000
8981.6,g4,tick,40.1,0.557
8987.1,g1,tick,46.6,0.542
8987.1,g2,tick,1000.0,0.000
8988.8,g4,tick,43.4,0.522
8993.8,g1,tick,50.3,0.509
8993.8,g2,tick,1000.0,0.000
8995.5,g4,tick,45.1,0.490
9000.4,g1,tick,52.2,0.477
9000.4,g2,tick,1000.0,0.000
9000.4,g4,tick,45.9,0.459
9000.4,g1,tick,53.1,0.447
9000.4,g2,tick,1000.0,0.000
9001.6,g4,tick,46.3,0.430
9007.1,g1,tick,53.6,0.419
9007.1,g2,tick,1000.0,0.000
9008.7,g4,tick,51.5,0.404
9013.0,g1,tick,58.8,0.393
9013.0,g2,tick,1000.0,0.000
9014.5,g4,tick,59.1,0.378
9017.8,g1,tick,66.4,0.368
9017.8,g2,tick,1000.0,0.000
9020.0,g4,tick,67.9,0.355
9022.7,g1,tick,75.2,0.345
9022.7,g2,tick,1000.0,0.000
9025.5,g4,tick,77.3,0.333
9029.4,g1,tick,84.6,0.324
9029.4,g2,tick,1000.0,0.000
9031.0,g4,tick,87.0,0.312
9034.8,g1,tick,94.3,0.303
9034.8,g2,tick,1000.0,0.000
9038.0,g4,tick,116.9,0.292
9039.6,g1,tick,124.2,0.284
9039.6,g2,tick,1000.0,0.000
9041.2,g4,tick,156.8,0.274
9044.0,g1,tick,164.1,0.267
9044.0,g2,tick,1000.0,0.000
9046.4,g4,tick,201.8,0.257
9048.0,g1,tick,209.1,0.250
9048.0,g2,tick,1000.0,0.000
9049.4,g4,tick,249.2,0.241
9053.9,g1,tick,256.6,0.234
9053.9,g2,tick,1000.0,0.000
9055.6,g4,tick,298.0,0.226
9059.8,g1,tick,305.3,0.220
9059.8,g2,tick,1000.0,0.000
9061.8,g4,tick,347.4,0.212
9061.8,g1,cut,271.7,0.269
9065.7,g4,cut,310.6,0.261
9065.7,g4,cnp,310.6,0.261
9067.4,g1,tick,271.7,0.269
9067.4,g2,tick,1000.0,0.000
9067.4,g4,tick,310.6,0.261
9067.4,g1,cnp,271.7,0.269
9067.4,g1,cnp,271.7,0.269
9067.5,g1,tick,271.7,0.269
9067.5,g2,tick,1000.0,0.000
9071.3,g4,tick,329.0,0.245
9071.4,g1,cnp,271.7,0.269
9071.4,g1,cnp,271.7,0.269
9071.4,g4,cnp,329.0,0.245
9071.4,g4,cnp,329.0,0.245
9071.4,g1,tick,271.7,0.269
9071.4,g2,tick,1000.0,0.000
9071.4,g4,tick,329.0,0.245
9079.2,g1,tick,288.5,0.252
9079.2,g2,tick,1000.0,0.000
9082.2,g4,tick,338.2,0.229
9082.2,g1,cut,252.2,0.298
9082.2,g1,cnp,252.2,0.298
9082.2,g1,cnp,252.2,0.298
9083.9,g4,cut,299.4,0.277
9083.9,g4,cnp,299.4,0.277
9083.9,g4,cnp,299.4,0.277
9083.9,g4,cnp,299.4,0.277
9085.7,g1,tick,252.2,0.298
9085.7,g2,tick,1000.0,0.000
9085.7,g4,tick,299.4,0.277
9085.7,g1,cnp,252.2,0.298
9085.7,g1,cnp,252.2,0.298
9085.7,g4,cnp,299.4,0.277
9085.7,g1,tick,252.2,0.298
9085.7,g2,tick,1000.0,0.000
9085.7,g4,tick,299.4,0.277
9087.3,g1,cnp,252.2,0.298
9087.4,g4,cnp,299.4,0.277
9089.4,g4,cnp,299.4,0.277
9089.5,g1,cnp,252.2,0.298
9090.8,g1,tick,252.2,0.298
9090.8,g2,tick,1000.0,0.000
9090.8,g4,tick,299.4,0.277
9091.6,g4,cnp,299.4,0.277
9092.1,g1,cnp,252.2,0.298
9093.6,g4,cnp,299.4,0.277
9094.3,g1,cut,214.6,0.342
9097.1,g1,tick,214.6,0.342
9097.1,g2,tick,1000.0,0.000
9097.1,g4,tick,299.4,0.277
9097.1,g1,cnp,214.6,0.342
9097.1,g4,cut,257.9,0.323
9102.0,g1,tick,214.6,0.342
9102.1,g2,tick,1000.0,0.000
9102.1,g4,tick,257.9,0.323
9102.1,g1,cnp,214.6,0.342
9102.1,g1,cnp,214.6,0.342
9102.1,g4,cnp,257.9,0.323
9102.1,g4,cnp,257.9,0.323
9103.1,g4,cnp,257.9,0.323
9103.1,g1,cnp,214.6,0.342
9105.7,g1,cut,177.8,0.383
9107.3,g4,cut,216.3,0.365
9110.4,g1,tick,177.8,0.383
9110.4,g2,tick,1000.0,0.000
9110.4,g4,tick,216.3,0.365
9110.4,g1,cnp,177.8,0.383
9110.4,g4,cnp,216.3,0.365
9110.4,g1,tick,177.8,0.383
9110.4,g2,tick,1000.0,0.000
9110.4,g4,tick,216.3,0.365
9110.6,g4,cnp,216.3,0.365
9111.1,g1,cnp,177.8,0.383
9112.8,g4,cnp,216.3,0.365
9113.2,g1,cnp,177.8,0.383
9115.0,g4,cnp,216.3,0.365
9115.0,g1,tick,177.8,0.383
9115.0,g2,tick,1000.0,0.000
9115.0,g4,tick,216.3,0.365
9117.9,g1,cut,143.7,0.422
9120.0,g1,tick,143.7,0.422
9120.0,g2,tick,1000.0,0.000
9122.2,g4,tick,237.1,0.342
9122.2,g1,cnp,143.7,0.422
9122.2,g4,cut,196.5,0.383
9125.5,g1,tick,143.7,0.422
9125.5,g2,tick,1000.0,0.000
9125.5,g4,tick,196.5,0.383
9125.5,g1,cnp,143.7,0.422
9125.5,g1,cnp,143.7,0.422
9125.5,g4,cnp,196.5,0.383
9125.5,g4,cnp,196.5,0.383
9126.8,g1,cnp,143.7,0.422
9127.1,g4,cnp,196.5,0.383
9130.1,g1,tick,143.7,0.422
9130.1,g2,tick,1000.0,0.000
9130.1,g4,tick,196.5,0.383
9130.1,g1,cut,113.4,0.458
9131.5,g4,cnp,196.5,0.383
9132.6,g1,cnp,113.4,0.458
9132.6,g4,cut,158.8,0.422
9135.4,g1,tick,113.4,0.458
9135.4,g2,tick,1000.0,0.000
9135.4,g4,tick,158.8,0.422
9135.4,g1,cnp,113.4,0.458
9135.4,g4,cnp,158.8,0.422
9137.1,g1,cnp,113.4,0.458
9137.2,g4,cnp,158.8,0.422
9139.2,g1,cnp,113.4,0.458
9139.6,g4,cnp,158.8,0.422
9140.1,g1,tick,113.4,0.458
9140.1,g2,tick,1000.0,0.000
9140.1,g4,tick,158.8,0.422
9141.3,g1,cut,87.4,0.492
9143.9,g1,cnp,87.4,0.492
9143.9,g4,cut,125.3,0.458
9143.9,g4,cnp,125.3,0.458
9145.7,g1,tick,87.4,0.492
9145.7,g2,tick,1000.0,0.000
9145.7,g4,tick,125.3,0.458
9145.7,g1,cnp,87.4,0.492
9146.0,g4,cnp,125.3,0.458
9147.6,g1,cnp,87.4,0.492
9148.6,g4,cnp,125.3,0.458
9150.1,g1,tick,87.4,0.492
9150.1,g2,tick,1000.0,0.000
9150.1,g4,tick,125.3,0.458
9150.6,g1,cnp,87.4,0.492
9150.6,g4,cnp,125.3,0.458
9153.1,g4,cnp,125.3,0.458
9153.1,g1,cut,65.9,0.524
9155.1,g1,tick,65.9,0.524
9155.1,g2,tick,1000.0,0.000
9155.1,g4,tick,125.3,0.458
9155.1,g4,cut,96.6,0.492
9163.4,g1,tick,76.7,0.491
9163.4,g2,tick,1000.0,0.000
9163.4,g4,tick,96.6,0.492
9163.4,g1,cut,57.9,0.523
9163.4,g1,cnp,57.9,0.523
9163.4,g1,cnp,57.9,0.523
9163.4,g1,cnp,57.9,0.523
9165.3,g4,cut,72.9,0.524
9165.3,g4,cnp,72.9,0.524
9165.3,g4,cnp,72.9,0.524
9165.3,g4,cnp,72.9,0.524
9167.3,g1,tick,57.9,0.523
9167.3,g2,tick,1000.0,0.000
9167.3,g4,tick,72.9,0.524
9167.3,g1,cnp,57.9,0.523
9167.4,g1,cnp,57.9,0.523
9167.4,g4,cnp,72.9,0.524
9168.0,g4,cnp,72.9,0.524
9168.1,g1,cnp,57.9,0.523
9170.1,g1,tick,57.9,0.523
9170.1,g2,tick,1000.0,0.000
9170.1,g4,tick,72.9,0.524
9170.2,g4,cnp,72.9,0.524
9173.0,g1,cnp,57.9,0.523
9173.0,g4,cnp,72.9,0.524
9175.3,g4,cut,53.8,0.553
9179.0,g1,tick,57.9,0.523
9179.0,g2,tick,1000.0,0.000
9179.0,g4,tick,53.8,0.553
9179.0,g1,cut,42.7,0.553
9179.0,g1,cnp,42.7,0.553
9181.4,g4,cnp,53.8,0.553
9181.4,g4,cnp,53.8,0.553
9181.4,g1,tick,42.7,0.553
9181.4,g2,tick,1000.0,0.000
9181.4,g4,tick,53.8,0.553
9181.4,g1,cnp,42.7,0.553
9184.8,g1,cnp,42.7,0.553
9184.8,g4,cnp,53.8,0.553
9185.1,g1,tick,42.7,0.553
9185.1,g2,tick,1000.0,0.000
9185.1,g4,tick,53.8,0.553
9188.5,g1,cnp,42.7,0.553
9188.5,g4,cut,38.9,0.581
9191.1,g1,tick,42.7,0.553
9191.1,g2,tick,1000.0,0.000
9191.1,g4,tick,38.9,0.581
9191.2,g1,cut,30.9,0.581
9195.2,g1,tick,30.9,0.581
9195.2,g2,tick,1000.0,0.000
9197.6,g4,tick,46.4,0.545
9203.0,g1,tick,36.8,0.544
9203.0,g2,tick,1000.0,0.000
9204.4,g4,tick,50.1,0.511
9207.8,g1,tick,39.8,0.510
9207.8,g2,tick,1000.0,0.000
9210.6,g4,tick,51.9,0.479
9212.2,g1,tick,41.3,0.478
9212.2,g2,tick,1000.0,0.000
9212.2,g4,tick,52.9,0.449
9215.4,g1,tick,42.0,0.448
9215.4,g2,tick,1000.0,0.000
9217.1,g4,tick,53.3,0.421
9224.5,g1,tick,42.4,0.420
9224.5,g2,tick,1000.0,0.000
9228.3,g4,tick,58.6,0.395
9231.5,g1,tick,47.5,0.394
9231.5,g2,tick,1000.0,0.000
9235.6,g4,tick,66.2,0.370
9237.0,g1,tick,55.1,0.370
9237.0,g2,tick,1000.0,0.000
9238.8,g4,tick,75.0,0.347
9242.0,g1,tick,63.9,0.346
9242.0,g2,tick,1000.0,0.000
9243.5,g4,tick,84.4,0.325
9245.2,g1,tick,73.3,0.325
9245.2,g2,tick,1000.0,0.000
9246.5,g4,tick,94.1,0.305
9249.3,g1,tick,83.0,0.304
9249.3,g2,tick,1000.0,0.000
9250.8,g4,tick,123.9,0.286
9252.4,g1,tick,112.9,0.285
9252.4,g2,tick,1000.0,0.000
9253.8,g4,tick,163.9,0.268
9257.8,g1,tick,152.8,0.268
9257.8,g2,tick,1000.0,0.000
9259.4,g4,tick,208.8,0.251
9264.7,g1,tick,197.8,0.251
9264.7,g2,tick,1000.0,0.000
9266.6,g4,tick,256.3,0.235
9268.6,g1,tick,245.3,0.235
9268.6,g2,tick,1000.0,0.000
9272.4,g4,tick,305.1,0.221
9275.0,g1,tick,294.0,0.221
9275.0,g2,tick,1000.0,0.000
9277.3,g4,tick,354.4,0.207
9277.4,g1,cut,261.6,0.269
9277.4,g1,cnp,261.6,0.269
9279.0,g4,cut,317.7,0.257
9279.0,g4,cnp,317.7,0.257
9282.0,g1,tick,261.6,0.269
9282.0,g2,tick,1000.0,0.000
9282.0,g4,tick,317.7,0.257
9282.0,g1,cnp,261.6,0.269
9282.0,g1,cnp,261.6,0.269
9282.0,g4,cnp,317.7,0.257
9282.0,g1,tick,261.6,0.269
9282.0,g2,tick,1000.0,0.000
9282.0,g4,tick,317.7,0.257
9282.3,g1,cnp,261.6,0.269
9283.0,g4,cnp,317.7,0.257
9284.7,g1,cnp,261.6,0.269
9285.1,g1,tick,261.6,0.269
9285.1,g2,tick,1000.0,0.000
9285.1,g4,tick,317.7,0.257
9287.7,g1,cut,226.4,0.315
9289.8,g1,cnp,226.4,0.315
9289.8,g4,cut,277.0,0.303
9291.5,g1,tick,226.4,0.315
9291.5,g2,tick,1000.0,0.000
9291.5,g4,tick,277.0,0.303
9291.6,g4,cnp,277.0,0.303
9291.6,g1,cnp,226.4,0.315
9292.6,g4,cnp,277.0,0.303
9293.7,g1,cnp,226.4,0.315
9295.0,g4,cnp,277.0,0.303
9295.0,g1,tick,226.4,0.315
9295.0,g2,tick,1000.0,0.000
9295.0,g4,tick,277.0,0.303
9295.9,g1,cnp,226.4,0.315
9297.1,g4,cnp,277.0,0.303
9298.0,g1,cut,190.7,0.358
9301.0,g1,cnp,190.7,0.358
9301.0,g4,cut,235.0,0.347
9302.7,g1,tick,190.7,0.358
9302.7,g2,tick,1000.0,0.000
9302.7,g4,tick,235.0,0.347
9302.8,g1,cnp,190.7,0.358
9302.8,g4,cnp,235.0,0.347
9304.6,g1,cnp,190.7,0.358
9304.7,g4,cnp,235.0,0.347
9305.1,g1,tick,190.7,0.358
9305.1,g2,tick,1000.0,0.000
9305.1,g4,tick,235.0,0.347
9306.9,g1,cnp,190.7,0.358
9306.9,g4,cnp,235.0,0.347
9309.5,g4,cnp,235.0,0.347
9309.5,g1,cut,156.6,0.398
9311.2,g1,tick,156.6,0.398
9311.2,g2,tick,1000.0,0.000
9311.2,g4,tick,235.0,0.347
9311.6,g4,cut,194.3,0.387
9313.9,g1,cnp,156.6,0.398
9313.9,g4,cnp,194.3,0.387
9314.1,g1,cnp,156.6,0.398
9315.5,g1,tick,156.6,0.398
9315.5,g2,tick,1000.0,0.000
9315.5,g4,tick,194.3,0.387
9315.8,g4,cnp,194.3,0.387
9316.3,g1,cnp,156.6,0.398
9317.9,g4,cnp,194.3,0.387
9318.4,g1,cnp,156.6,0.398
9320.0,g4,cnp,194.3,0.387
9320.2,g1,tick,156.6,0.398
9320.2,g2,tick,1000.0,0.000
9320.2,g4,tick,194.3,0.387
9320.6,g1,cut,125.5,0.436
9324.3,g1,cnp,125.5,0.436
9324.3,g4,cut,156.7,0.426
9324.3,g4,cnp,156.7,0.426
9325.9,g1,tick,125.5,0.436
9325.9,g2,tick,1000.0,0.000
9325.9,g4,tick,156.7,0.426
9325.9,g1,cnp,125.5,0.436
9328.6,g1,cnp,125.5,0.436
9328.6,g4,cnp,156.7,0.426
9330.1,g1,tick,125.5,0.436
9330.1,g2,tick,1000.0,0.000
9330.1,g4,tick,156.7,0.426
9330.5,g4,cnp,156.7,0.426
9330.6,g1,cnp,125.5,0.436
9333.1,g1,cut,98.1,0.471
9334.8,g4,cut,123.3,0.462
9337.1,g1,tick,98.1,0.471
9337.1,g2,tick,1000.0,0.000
9337.1,g4,tick,123.3,0.462
9337.1,g1,cnp,98.1,0.471
9337.1,g4,cnp,123.3,0.462
9337.8,g1,cnp,98.1,0.471
9337.8,g4,cnp,123.3,0.462
9340.1,g1,cnp,98.1,0.471
9340.1,g1,tick,98.1,0.471
9340.1,g2,tick,1000.0,0.000
9340.1,g4,tick,123.3,0.462
9340.2,g4,cnp,123.3,0.462
9342.1,g1,cnp,98.1,0.471
9342.2,g4,cnp,123.3,0.462
9344.2,g4,cnp,123.3,0.462
9344.3,g1,cut,75.0,0.504
9347.0,g1,tick,75.0,0.504
9347.0,g2,tick,1000.0,0.000
9347.0,g4,tick,123.3,0.462
9347.6,g1,cnp,75.0,0.504
9347.6,g4,cut,94.9,0.495
9349.7,g1,cnp,75.0,0.504
9349.7,g4,cnp,94.9,0.495
9350.1,g1,tick,75.0,0.504
9350.1,g2,tick,1000.0,0.000
9350.1,g4,tick,94.9,0.495
9351.8,g1,cnp,75.0,0.504
9351.8,g4,cnp,94.9,0.495
9354.0,g1,cnp,75.0,0.504
9354.1,g4,cnp,94.9,0.495
9355.1,g1,tick,75.0,0.504
9355.1,g2,tick,1000.0,0.000
9355.1,g4,tick,94.9,0.495
9356.0,g1,cut,56.1,0.535
9357.5,g4,cnp,94.9,0.495
9358.3,g1,cnp,56.1,0.535
9358.4,g4,cut,71.4,0.527
9360.6,g1,tick,56.1,0.535
9360.6,g2,tick,1000.0,0.000
9360.6,g4,tick,71.4,0.527
9360.6,g1,cnp,56.1,0.535
9361.8,g4,cnp,71.4,0.527
9363.1,g1,cnp,56.1,0.535
9363.8,g4,cnp,71.4,0.527
9365.1,g1,tick,56.1,0.535
9365.1,g2,tick,1000.0,0.000
9365.1,g4,tick,71.4,0.527
9366.4,g4,cnp,71.4,0.527
9366.4,g1,cut,41.1,0.564
9368.5,g1,cnp,41.1,0.564
9368.5,g4,cut,52.6,0.556
9370.0,g1,tick,41.1,0.564
9370.0,g2,tick,1000.0,0.000
9370.0,g4,tick,52.6,0.556
9370.6,g4,cnp,52.6,0.556
9370.9,g1,cnp,41.1,0.564
9372.7,g4,cnp,52.6,0.556
9373.1,g1,cnp,41.1,0.564
9374.7,g4,cnp,52.6,0.556
9375.1,g1,tick,41.1,0.564
9375.1,g2,tick,1000.0,0.000
9375.1,g4,tick,52.6,0.556
9375.2,g1,cnp,41.1,0.564
9376.8,g4,cnp,52.6,0.556
9378.3,g1,cut,29.5,0.591
9380.0,g4,cut,37.9,0.584
9382.7,g1,tick,29.5,0.591
9382.7,g2,tick,1000.0,0.000
9382.7,g4,tick,37.9,0.584
9382.7,g1,cnp,29.5,0.591
9382.7,g4,cnp,37.9,0.584
9382.9,g1,cnp,29.5,0.591
9385.3,g1,tick,29.5,0.591
9385.3,g2,tick,1000.0,0.000
9385.3,g4,tick,37.9,0.584
9391.5,g1,tick,35.3,0.554
9391.5,g2,tick,1000.0,0.000
9394.0,g4,tick,45.3,0.548
9396.6,g1,tick,38.2,0.520
9396.6,g2,tick,1000.0,0.000
9400.1,g4,tick,48.9,0.513
9401.9,g1,tick,39.7,0.487
9401.9,g2,tick,1000.0,0.000
9406.8,g4,tick,50.7,0.481
9406.8,g1,tick,40.4,0.457
9406.8,g2,tick,1000.0,0.000
9406.8,g4,tick,51.7,0.451
9412.0,g1,tick,40.8,0.428
9412.0,g2,tick,1000.0,0.000
9414.5,g4,tick,52.1,0.423
9416.6,g1,tick,45.9,0.401
9416.6,g2,tick,1000.0,0.000
9417.9,g4,tick,57.3,0.397
9423.2,g1,tick,53.5,0.376
9423.2,g2,tick,1000.0,0.000
9424.8,g4,tick,65.0,0.372
9427.9,g1,tick,62.3,0.353
9427.9,g2,tick,1000.0,0.000
9430.5,g4,tick,73.8,0.349
9431.8,g1,tick,71.7,0.331
9431.8,g2,tick,1000.0,0.000
9434.1,g4,tick,83.2,0.327
9436.8,g1,tick,81.4,0.310
9436.8,g2,tick,1000.0,0.000
9438.4,g4,tick,92.9,0.306
9442.0,g1,tick,111.3,0.291
9442.0,g2,tick,1000.0,0.000
9446.4,g4,tick,122.7,0.287
9448.4,g1,tick,151.2,0.273
9448.4,g2,tick,1000.0,0.000
9450.4,g4,tick,162.6,0.269
9451.8,g1,tick,196.2,0.255
9451.8,g2,tick,1000.0,0.000
9455.9,g4,tick,207.6,0.252
9457.2,g1,tick,243.6,0.240
9457.2,g2,tick,1000.0,0.000
9459.5,g4,tick,255.1,0.237
9461.7,g1,tick,292.4,0.225
9461.7,g2,tick,1000.0,0.000
9463.6,g4,tick,303.8,0.222
9466.8,g1,tick,341.8,0.211
9466.8,g2,tick,1000.0,0.000
9468.5,g4,tick,353.2,0.208
9468.5,g1,cut,305.8,0.260
9468.5,g1,cnp,305.8,0.260
9470.1,g4,cut,316.5,0.257
9470.1,g4,cnp,316.5,0.257
9471.7,g1,tick,305.8,0.260
9471.7,g2,tick,1000.0,0.000
9471.7,g4,tick,316.5,0.257
9471.7,g1,cnp,305.8,0.260
9471.7,g4,cnp,316.5,0.257
9472.0,g1,cnp,305.8,0.260
9474.1,g1,cnp,305.8,0.260
9474.2,g4,cnp,316.5,0.257
9475.1,g1,tick,305.8,0.260
9475.1,g2,tick,1000.0,0.000
9475.1,g4,tick,316.5,0.257
9477.1,g1,cnp,305.8,0.260
9477.1,g4,cnp,316.5,0.257
9480.1,g1,tick,305.8,0.260
9480.1,g2,tick,1000.0,0.000
9480.1,g4,tick,316.5,0.257
9480.3,g4,cut,275.7,0.304
9483.8,g1,cut,266.1,0.306
9487.8,g1,tick,266.1,0.306
9487.8,g2,tick,1000.0,0.000
9487.8,g4,tick,275.7,0.304
9487.8,g1,cnp,266.1,0.306
9487.8,g1,cnp,266.1,0.306
9487.9,g4,cnp,275.7,0.304
9487.9,g4,cnp,275.7,0.304
9488.8,g4,cnp,275.7,0.304
9488.9,g1,cnp,266.1,0.306
9490.2,g1,tick,266.1,0.306
9490.2,g2,tick,1000.0,0.000
9490.2,g4,tick,275.7,0.304
9492.0,g1,cnp,266.1,0.306
9492.1,g4,cut,233.8,0.347
9495.0,g1,cut,225.3,0.349
9496.8,g4,cnp,233.8,0.347
9496.8,g1,tick,225.3,0.349
9496.8,g2,tick,1000.0,0.000
9496.8,g4,tick,233.8,0.347
9497.1,g4,cnp,233.8,0.347
9497.2,g1,cnp,225.3,0.349
9499.2,g1,cnp,225.3,0.349
9499.3,g4,cnp,233.8,0.347
9500.1,g1,tick,225.3,0.349
9500.1,g2,tick,1000.0,0.000
9500.1,g4,tick,233.8,0.347
9501.3,g1,cnp,225.3,0.349
9501.4,g4,cnp,233.8,0.347
9503.4,g4,cut,193.2,0.388
9504.7,g1,cnp,225.3,0.349
9505.2,g1,tick,225.3,0.349
9505.2,g2,tick,1000.0,0.000
9505.2,g4,tick,193.2,0.388
9505.5,g4,cnp,193.2,0.388
9505.6,g1,cut,186.0,0.390
9513.9,g1,tick,186.0,0.390
9513.9,g2,tick,1000.0,0.000
9513.9,g4,tick,193.2,0.388
9513.9,g1,cnp,186.0,0.390
9513.9,g1,cnp,186.0,0.390
9513.9,g4,cut,155.7,0.426
9513.9,g4,cnp,155.7,0.426
9515.3,g1,tick,186.0,0.390
9515.4,g2,tick,1000.0,0.000
9515.4,g4,tick,155.7,0.426
9515.4,g1,cnp,186.0,0.390
9515.4,g4,cnp,155.7,0.426
9516.2,g4,cnp,155.7,0.426
9516.3,g1,cut,149.7,0.428
9521.5,g1,tick,149.7,0.428
9521.5,g2,tick,1000.0,0.000
9521.5,g4,tick,155.7,0.426
9521.5,g1,cnp,149.7,0.428
9521.5,g1,cnp,149.7,0.428
9521.5,g4,cnp,155.7,0.426
9521.5,g4,cnp,155.7,0.426
9525.1,g1,tick,149.7,0.428
9525.1,g2,tick,1000.0,0.000
9525.1,g4,tick,155.7,0.426
9525.6,g4,cut,122.5,0.462
9527.3,g1,cut,117.6,0.464
9529.1,g1,cnp,117.6,0.464
9529.1,g4,cnp,122.5,0.462
9530.1,g1,tick,117.6,0.464
9530.1,g2,tick,1000.0,0.000
9530.1,g4,tick,122.5,0.462
9530.9,g1,cnp,117.6,0.464
9530.9,g4,cnp,122.5,0.462
9533.0,g1,cnp,117.6,0.464
9533.2,g4,cnp,122.5,0.462
9535.1,g1,tick,117.6,0.464
9535.1,g2,tick,1000.0,0.000
9535.1,g4,tick,122.5,0.462
9535.4,g1,cnp,117.6,0.464
9535.5,g4,cnp,122.5,0.462
9537.6,g1,cut,90.3,0.497
9540.7,g4,cut,94.2,0.496
9540.7,g4,cnp,94.2,0.496
9543.5,g1,tick,90.3,0.497
9543.6,g2,tick,1000.0,0.000
9543.6,g4,tick,94.2,0.496
9543.6,g1,cnp,90.3,0.497
9543.6,g1,cnp,90.3,0.497
9543.6,g4,cnp,94.2,0.496
9544.2,g1,cnp,90.3,0.497
9545.9,g4,cnp,94.2,0.496
9545.9,g1,tick,90.3,0.497
9545.9,g2,tick,1000.0,0.000
9545.9,g4,tick,94.2,0.496
9546.2,g1,cnp,90.3,0.497
9548.8,g1,cut,67.9,0.529
9553.5,g4,cut,70.8,0.527
9553.5,g4,cnp,70.8,0.527
9556.1,g1,tick,67.9,0.529
9556.1,g2,tick,1000.0,0.000
9556.1,g4,tick,70.8,0.527
9556.1,g1,cnp,67.9,0.529
9556.1,g1,cnp,67.9,0.529
9556.1,g4,cnp,70.8,0.527
9556.1,g1,tick,67.9,0.529
9556.1,g2,tick,1000.0,0.000
9556.1,g4,tick,70.8,0.527
9559.4,g4,cnp,70.8,0.527
9559.4,g1,cut,49.9,0.558
9561.0,g1,tick,49.9,0.558
9561.0,g2,tick,1000.0,0.000
9561.0,g4,tick,70.8,0.527
9561.8,g1,cnp,49.9,0.558
9561.8,g4,cnp,70.8,0.527
9564.2,g1,cnp,49.9,0.558
9564.3,g4,cut,52.2,0.557
9565.5,g1,tick,49.9,0.558
9565.5,g2,tick,1000.0,0.000
9565.5,g4,tick,52.2,0.557
9566.3,g1,cnp,49.9,0.558
9566.4,g4,cnp,52.2,0.557
9568.4,g1,cnp,49.9,0.558
9568.5,g4,cnp,52.2,0.557
9570.1,g1,tick,49.9,0.558
9570.1,g2,tick,1000.0,0.000
9570.1,g4,tick,52.2,0.557
9570.4,g1,cut,36.0,0.586
9572.3,g4,cnp,52.2,0.557
9572.4,g1,cnp,36.0,0.586
9572.6,g4,cnp,52.2,0.557
9575.1,g1,tick,36.0,0.586
9575.1,g2,tick,1000.0,0.000
9575.1,g4,tick,52.2,0.557
9575.3,g1,cnp,36.0,0.586
9575.3,g4,cut,37.6,0.585
9578.0,g1,cnp,36.0,0.586
9578.0,g4,cnp,37.6,0.585
9579.5,g4,cnp,37.6,0.585
9580.2,g1,tick,36.0,0.586
9580.2,g2,tick,1000.0,0.000
9580.2,g4,tick,37.6,0.585
9586.5,g1,tick,43.0,0.549
9586.5,g2,tick,1000.0,0.000
9588.7,g4,tick,44.9,0.548
9594.0,g1,tick,46.4,0.515
9594.0,g2,tick,1000.0,0.000
9596.1,g4,tick,48.5,0.514
9597.7,g1,tick,48.2,0.483
9597.7,g2,tick,1000.0,0.000
9599.0,g4,tick,50.3,0.482
9600.1,g1,tick,49.1,0.453
9600.1,g2,tick,1000.0,0.000
9600.1,g4,tick,51.3,0.452
9607.1,g1,tick,49.5,0.424
9607.1,g2,tick,1000.0,0.000
9610.9,g4,tick,51.7,0.423
9612.6,g1,tick,54.7,0.398
9612.6,g2,tick,1000.0,0.000
9615.2,g4,tick,56.9,0.397
9619.2,g1,tick,62.3,0.373
9619.3,g2,tick,1000.0,0.000
9621.0,g4,tick,64.5,0.372
9627.0,g1,tick,71.1,0.350
9627.0,g2,tick,1000.0,0.000
9628.8,g4,tick,73.4,0.349
9631.7,g1,tick,80.5,0.328
9631.7,g2,tick,1000.0,0.000
9634.1,g4,tick,82.8,0.327
9635.8,g1,tick,90.2,0.307
9635.8,g2,tick,1000.0,0.000
9637.3,g4,tick,92.5,0.307
9639.0,g1,tick,120.1,0.288
9639.0,g2,tick,1000.0,0.000
9641.3,g4,tick,122.3,0.287
9642.9,g1,tick,160.0,0.270
9642.9,g2,tick,1000.0,0.000
9644.8,g4,tick,162.2,0.269
9646.4,g1,tick,205.0,0.253
9646.4,g2,tick,1000.0,0.000
9648.0,g4,tick,207.2,0.253
9651.9,g1,tick,252.4,0.237
9652.0,g2,tick,1000.0,0.000
9653.7,g4,tick,254.7,0.237
9657.9,g1,tick,301.2,0.223
9657.9,g2,tick,1000.0,0.000
9660.1,g4,tick,303.4,0.222
9660.1,g1,cut,267.7,0.271
9662.3,g4,cut,269.7,0.271
9662.3,g4,cnp,269.7,0.271
9667.5,g1,tick,267.7,0.271
9667.5,g2,tick,1000.0,0.000
9667.5,g4,tick,269.7,0.271
9667.5,g1,cnp,267.7,0.271
9667.5,g1,cnp,267.7,0.271
9667.5,g4,cnp,269.7,0.271
9667.5,g4,cnp,269.7,0.271
9667.5,g1,tick,267.7,0.271
9667.5,g2,tick,1000.0,0.000
9667.5,g4,tick,269.7,0.271
9668.5,g4,cnp,269.7,0.271
9668.5,g1,cnp,267.7,0.271
9670.4,g1,tick,267.7,0.271
9670.4,g2,tick,1000.0,0.000
9670.4,g4,tick,269.7,0.271
9672.3,g4,cnp,269.7,0.271
9672.4,g1,cut,231.4,0.317
9675.1,g1,tick,231.4,0.317
9675.1,g2,tick,1000.0,0.000
9675.1,g4,tick,269.7,0.271
9676.9,g1,cnp,231.4,0.317
9677.0,g4,cut,233.2,0.316
9681.6,g1,tick,231.4,0.317
9681.6,g2,tick,1000.0,0.000
9681.6,g4,tick,233.2,0.316
9681.6,g1,cnp,231.4,0.317
9681.6,g1,cnp,231.4,0.317
9681.6,g4,cnp,233.2,0.316
9681.6,g4,cnp,233.2,0.316
9684.4,g1,cut,194.7,0.359
9686.5,g4,cnp,233.2,0.316
9686.5,g1,tick,194.7,0.359
9686.5,g2,tick,1000.0,0.000
9686.5,g4,tick,233.2,0.316
9686.6,g1,cnp,194.7,0.359
9686.6,g4,cnp,233.2,0.316
9688.6,g1,cnp,194.7,0.359
9688.7,g4,cut,196.4,0.359
9692.3,g1,tick,194.7,0.359
9692.3,g2,tick,1000.0,0.000
9692.3,g4,tick,196.4,0.359
9692.3,g1,cnp,194.7,0.359
9692.3,g4,cnp,196.4,0.359
9694.5,g4,cnp,196.4,0.359
9694.5,g1,cut,159.7,0.399
9696.8,g1,tick,159.7,0.399
9696.8,g2,tick,1000.0,0.000
9696.8,g4,tick,196.4,0.359
9696.8,g1,cnp,159.7,0.399
9696.8,g4,cnp,196.4,0.359
9698.9,g1,cnp,159.7,0.399
9698.9,g4,cut,161.1,0.399
9700.5,g1,tick,159.7,0.399
9700.5,g2,tick,1000.0,0.000
9700.5,g4,tick,161.1,0.399
9700.9,g1,cnp,159.7,0.399
9701.0,g4,cnp,161.1,0.399
9703.9,g4,cnp,161.1,0.399
9703.9,g1,cnp,159.7,0.399
9705.1,g1,tick,159.7,0.399
9705.1,g2,tick,1000.0,0.000
9705.1,g4,tick,161.1,0.399
9706.0,g4,cnp,161.1,0.399
9706.3,g1,cut,127.8,0.437
9708.4,g1,cnp,127.8,0.437
9708.7,g4,cnp,161.1,0.399
9710.1,g1,tick,127.8,0.437
9710.1,g2,tick,1000.0,0.000
9710.1,g4,tick,161.1,0.399
9711.4,g1,cnp,127.8,0.437
9711.4,g4,cut,129.0,0.437
9714.1,g1,cnp,127.8,0.437
9714.1,g4,cnp,129.0,0.437
9715.1,g1,tick,127.8,0.437
9715.1,g2,tick,1000.0,0.000
9715.1,g4,tick,129.0,0.437
9716.4,g1,cut,99.9,0.472
9718.7,g4,cnp,129.0,0.437
9718.7,g1,cnp,99.9,0.472
9718.8,g4,cnp,129.0,0.437
9720.3,g1,tick,99.9,0.472
9720.3,g2,tick,1000.0,0.000
9720.3,g4,tick,129.0,0.437
9720.8,g1,cnp,99.9,0.472
9720.9,g4,cnp,129.0,0.437
9722.9,g1,cnp,99.9,0.472
9722.9,g4,cut,100.8,0.472
9725.0,g1,cnp,99.9,0.472
9725.1,g1,tick,99.9,0.472
9725.1,g2,tick,1000.0,0.000
9725.1,g4,tick,100.8,0.472
9725.3,g4,cnp,100.8,0.472
9727.1,g1,cut,76.3,0.505
9728.7,g4,cnp,100.8,0.472
9729.2,g1,cnp,76.3,0.505
9729.5,g4,cnp,100.8,0.472
9730.1,g1,tick,76.3,0.505
9730.1,g2,tick,1000.0,0.000
9730.1,g4,tick,100.8,0.472
9731.1,g1,cnp,76.3,0.505
9731.8,g4,cnp,100.8,0.472
9733.3,g1,cnp,76.3,0.505
9733.8,g4,cut,77.0,0.505
9735.4,g1,tick,76.3,0.505
9735.4,g2,tick,1000.0,0.000
9735.4,g4,tick,77.0,0.505
9735.4,g1,cnp,76.3,0.505
9736.2,g4,cnp,77.0,0.505
9737.4,g1,cut,57.0,0.536
9739.8,g1,cnp,57.0,0.536
9739.8,g4,cnp,77.0,0.505
9740.1,g1,tick,57.0,0.536
9740.1,g2,tick,1000.0,0.000
9740.1,g4,tick,77.0,0.505
9740.2,g4,cnp,77.0,0.505
9742.4,g1,cnp,57.0,0.536
9742.4,g4,cnp,77.0,0.505
9744.6,g1,cnp,57.0,0.536
9744.6,g4,cut,57.6,0.536
9748.6,g1,tick,57.0,0.536
9748.6,g2,tick,1000.0,0.000
9748.6,g4,tick,57.6,0.536
9748.6,g1,cut,41.8,0.565
9750.3,g4,cnp,57.6,0.536
9750.3,g4,cnp,57.6,0.536
9750.3,g1,tick,41.8,0.565
9750.3,g2,tick,1000.0,0.000
9750.3,g4,tick,57.6,0.536
9750.3,g1,cnp,41.8,0.565
9750.9,g4,cnp,57.6,0.536
9751.0,g1,cnp,41.8,0.565
9753.6,g4,cnp,57.6,0.536
9753.6,g1,cnp,41.8,0.565
9755.1,g1,tick,41.8,0.565
9755.1,g2,tick,1000.0,0.000
9755.1,g4,tick,57.6,0.536
9755.1,g4,cut,42.2,0.565
9756.9,g1,cnp,41.8,0.565
9757.2,g4,cnp,42.2,0.565
9757.8,g1,cnp,41.8,0.565
9760.1,g1,tick,41.8,0.565
9760.1,g2,tick,1000.0,0.000
9760.1,g4,tick,42.2,0.565
9760.6,g1,cut,30.0,0.592
9763.4,g4,cnp,42.2,0.565
9763.4,g4,cnp,42.2,0.565
9763.4,g1,cnp,30.0,0.592
9765.1,g1,tick,30.0,0.592
9765.1,g2,tick,1000.0,0.000
9765.1,g4,tick,42.2,0.565
9772.5,g1,tick,35.9,0.555
9772.5,g2,tick,1000.0,0.000
9774.9,g4,tick,49.9,0.529
9776.4,g1,tick,38.8,0.521
9776.4,g2,tick,1000.0,0.000
9778.1,g4,tick,53.7,0.496
9781.9,g1,tick,40.3,0.488
9782.0,g2,tick,1000.0,0.000
9785.1,g4,tick,55.7,0.465
9785.1,g1,tick,41.0,0.458
9785.1,g2,tick,1000.0,0.000
9785.1,g4,tick,56.6,0.436
9793.3,g1,tick,41.4,0.429
9793.3,g2,tick,1000.0,0.000
9794.7,g4,tick,57.1,0.409
9796.6,g1,tick,46.6,0.402
9796.7,g2,tick,1000.0,0.000
9798.4,g4,tick,62.3,0.383
9806.6,g1,tick,54.2,0.377
9806.6,g2,tick,1000.0,0.000
9808.2,g4,tick,70.0,0.359
9809.5,g1,tick,63.0,0.353
9809.5,g2,tick,1000.0,0.000
9811.6,g4,tick,78.8,0.337
9815.4,g1,tick,72.4,0.331
9815.4,g2,tick,1000.0,0.000
9817.0,g4,tick,88.2,0.316
9820.0,g1,tick,82.1,0.311
9820.0,g2,tick,1000.0,0.000
9822.6,g4,tick,97.9,0.296
9823.9,g1,tick,111.9,0.291
9823.9,g2,tick,1000.0,0.000
9827.3,g4,tick,127.7,0.278
9831.0,g1,tick,151.8,0.273
9831.0,g2,tick,1000.0,0.000
9834.7,g4,tick,167.7,0.260
9836.2,g1,tick,196.8,0.256
9836.2,g2,tick,1000.0,0.000
9838.1,g4,tick,212.6,0.244
9839.9,g1,tick,244.3,0.240
9839.9,g2,tick,1000.0,0.000
9841.9,g4,tick,260.1,0.229
9844.7,g1,tick,293.0,0.225
9844.8,g2,tick,1000.0,0.000
9846.3,g4,tick,308.8,0.215
9849.6,g1,tick,342.4,0.211
9849.6,g2,tick,1000.0,0.000
9851.2,g4,tick,358.2,0.201
9855.2,g1,tick,392.1,0.198
9855.2,g2,tick,1000.0,0.000
9856.8,g4,tick,407.9,0.189
9856.8,g1,cut,353.3,0.248
9861.5,g4,cut,369.4,0.239
9861.5,g4,cnp,369.4,0.239
9863.0,g1,tick,353.3,0.248
9863.0,g2,tick,1000.0,0.000
9863.0,g4,tick,369.4,0.239
9863.0,g1,cnp,353.3,0.248
9863.0,g1,cnp,353.3,0.248
9863.0,g1,tick,353.3,0.248
9863.0,g2,tick,1000.0,0.000
9864.7,g4,tick,388.7,0.224
9864.7,g1,cnp,353.3,0.248
9864.7,g4,cnp,388.7,0.224
9865.1,g1,tick,353.3,0.248
9865.1,g2,tick,1000.0,0.000
9865.1,g4,tick,388.7,0.224
9866.8,g1,cnp,353.3,0.248
9866.8,g4,cnp,388.7,0.224
9869.6,g1,cut,309.5,0.295
9871.0,g1,tick,309.5,0.295
9871.0,g2,tick,1000.0,0.000
9871.0,g4,tick,388.7,0.224
9871.0,g4,cnp,388.7,0.224
9871.6,g1,cnp,309.5,0.295
9871.6,g4,cut,345.1,0.273
9873.6,g1,cnp,309.5,0.295
9873.8,g4,cnp,345.1,0.273
9875.2,g1,tick,309.5,0.295
9875.2,g2,tick,1000.0,0.000
9875.2,g4,tick,345.1,0.273
9875.8,g1,cnp,309.5,0.295
9875.9,g4,cnp,345.1,0.273
9878.3,g1,cnp,309.5,0.295
9878.3,g4,cnp,345.1,0.273
9880.1,g1,tick,309.5,0.295
9880.1,g2,tick,1000.0,0.000
9880.1,g4,tick,345.1,0.273
9880.5,g1,cut,263.9,0.339
9884.6,g1,cnp,263.9,0.339
9884.6,g4,cut,298.0,0.318
9884.6,g4,cnp,298.0,0.318
9886.4,g1,tick,263.9,0.339
9886.4,g2,tick,1000.0,0.000
9886.4,g4,tick,298.0,0.318
9886.4,g1,cnp,263.9,0.339
9886.5,g4,cnp,298.0,0.318
9888.5,g1,cnp,263.9,0.339
9888.5,g4,cnp,298.0,0.318
9890.7,g1,tick,263.9,0.339
9890.7,g2,tick,1000.0,0.000
9890.7,g4,tick,298.0,0.318
9892.8,g1,cut,219.2,0.380
9895.0,g4,cut,250.6,0.361
9897.4,g1,tick,219.2,0.380
9897.4,g2,tick,1000.0,0.000
9897.4,g4,tick,250.6,0.361
9897.4,g1,cnp,219.2,0.380
9897.4,g1,cnp,219.2,0.380
9897.4,g4,cnp,250.6,0.361
9900.3,g1,cnp,219.2,0.380
9900.3,g4,cnp,250.6,0.361
9900.3,g1,tick,219.2,0.380
9900.3,g2,tick,1000.0,0.000
9900.3,g4,tick,250.6,0.361
9901.4,g4,cnp,250.6,0.361
9901.4,g1,cnp,219.2,0.380
9904.4,g1,cut,177.5,0.419
9906.8,g1,tick,177.5,0.419
9906.8,g2,tick,1000.0,0.000
9906.8,g4,tick,250.6,0.361
9906.8,g4,cut,205.4,0.401
9908.7,g1,cnp,177.5,0.419
9908.7,g4,cnp,205.4,0.401
9910.1,g1,tick,177.5,0.419
9910.1,g2,tick,1000.0,0.000
9910.1,g4,tick,205.4,0.401
9912.3,g1,cnp,177.5,0.419
9912.3,g4,cnp,205.4,0.401
9914.4,g1,cnp,177.5,0.419
9914.5,g4,cnp,205.4,0.401
9915.1,g1,tick,177.5,0.419
9915.1,g2,tick,1000.0,0.000
9915.1,g4,tick,205.4,0.401
9916.5,g1,cut,140.3,0.455
9920.0,g1,tick,140.3,0.455
9920.0,g2,tick,1000.0,0.000
9923.5,g4,tick,228.0,0.376
9923.5,g1,cnp,140.3,0.455
9923.5,g1,cnp,140.3,0.455
9923.5,g1,cnp,140.3,0.455
9923.5,g4,cut,185.2,0.415
9923.5,g4,cnp,185.2,0.415
9923.5,g4,cnp,185.2,0.415
9926.7,g1,tick,140.3,0.455
9926.7,g2,tick,1000.0,0.000
9926.7,g4,tick,185.2,0.415
9926.7,g1,cut,108.4,0.489
9930.7,g4,cnp,185.2,0.415
9930.7,g4,cnp,185.2,0.415
9930.7,g4,cnp,185.2,0.415
9930.7,g1,tick,108.4,0.489
9930.7,g2,tick,1000.0,0.000
9930.7,g4,tick,185.2,0.415
9930.7,g1,cnp,108.4,0.489
9930.7,g1,cnp,108.4,0.489
9931.7,g4,cnp,185.2,0.415
9932.0,g1,cnp,108.4,0.489
9933.9,g4,cut,146.8,0.451
9935.5,g1,tick,108.4,0.489
9935.6,g2,tick,1000.0,0.000
9935.6,g4,tick,146.8,0.451
9935.6,g1,cnp,108.4,0.489
9936.9,g1,cut,81.9,0.521
9939.2,g4,cnp,146.8,0.451
9939.3,g4,cnp,146.8,0.451
9939.3,g1,cnp,81.9,0.521
9940.1,g1,tick,81.9,0.521
9940.1,g2,tick,1000.0,0.000
9940.1,g4,tick,146.8,0.451
9941.0,g1,cnp,81.9,0.521
9942.1,g4,cnp,146.8,0.451
9943.0,g1,cnp,81.9,0.521
9944.3,g4,cut,113.6,0.486
9947.8,g1,tick,81.9,0.521
9947.8,g2,tick,1000.0,0.000
9947.8,g4,tick,113.6,0.486
9947.8,g1,cut,60.5,0.551
9947.8,g1,cnp,60.5,0.551
9950.3,g4,cnp,113.6,0.486
9950.3,g4,cnp,113.6,0.486
9950.3,g1,tick,60.5,0.551
9950.3,g2,tick,1000.0,0.000
9950.3,g4,tick,113.6,0.486
9950.3,g1,cnp,60.5,0.551
9950.7,g4,cnp,113.6,0.486
9951.6,g1,cnp,60.5,0.551
9952.7,g4,cnp,113.6,0.486
9955.1,g1,cnp,60.5,0.551
9955.1,g4,cut,86.0,0.518
9958.3,g1,tick,60.5,0.551
9958.3,g2,tick,1000.0,0.000
9958.3,g4,tick,86.0,0.518
9958.3,g1,cut,43.8,0.579
9961.0,g4,cnp,86.0,0.518
9961.0,g4,cnp,86.0,0.518
9961.0,g1,tick,43.8,0.579
9961.0,g2,tick,1000.0,0.000
9961.0,g4,tick,86.0,0.518
9961.0,g1,cnp,43.8,0.579
9961.0,g1,cnp,43.8,0.579
9961.2,g4,cnp,86.0,0.518
9963.2,g4,cnp,86.0,0.518
9963.4,g1,cnp,43.8,0.579
9965.1,g1,tick,43.8,0.579
9965.1,g2,tick,1000.0,0.000
9965.1,g4,tick,86.0,0.518
9965.3,g4,cut,63.8,0.548
9967.6,g1,cnp,43.8,0.579
9967.6,g1,cnp,43.8,0.579
9967.6,g4,cnp,63.8,0.548
9971.2,g1,cut,31.1,0.606
9973.8,g4,cnp,63.8,0.548
9973.8,g4,cnp,63.8,0.548
9973.8,g1,tick,31.1,0.606
9973.8,g2,tick,1000.0,0.000
9973.8,g4,tick,63.8,0.548
9973.8,g1,cnp,31.1,0.606
9976.6,g1,cnp,31.1,0.606
9976.6,g4,cut,46.3,0.576
9979.2,g1,tick,31.1,0.606
9979.2,g2,tick,1000.0,0.000
9979.2,g4,tick,46.3,0.576
9979.2,g1,cnp,31.1,0.606
9979.2,g4,cnp,46.3,0.576
9979.9,g4,cnp,46.3,0.576
9980.0,g1,cnp,31.1,0.606
9980.0,g1,tick,31.1,0.606
9980.0,g2,tick,1000.0,0.000
9980.0,g4,tick,46.3,0.576
9982.0,g4,cnp,46.3,0.576
9982.0,g1,cut,21.7,0.630
9984.1,g4,cnp,46.3,0.576
9985.1,g1,tick,21.7,0.630
9985.1,g2,tick,1000.0,0.000
9985.1,g4,tick,46.3,0.576
9992.1,g1,tick,26.4,0.591
9992.1,g2,tick,1000.0,0.000
9994.0,g4,tick,55.0,0.540
9999.8,g1,tick,28.8,0.554
9999.8,g2,tick,1000.0,0.000
10002.1,g4,tick,59.4,0.506
10003.8,g1,tick,30.0,0.519
10003.8,g2,tick,1000.0,0.000
10006.1,g4,tick,61.6,0.475
10006.1,g1,tick,30.6,0.487
10006.1,g2,tick,1000.0,0.000
10006.1,g4,tick,62.7,0.445
10011.9,g1,tick,30.9,0.456
10011.9,g2,tick,1000.0,0.000
10013.4,g4,tick,63.2,0.417
10018.9,g1,tick,36.0,0.428
10018.9,g2,tick,1000.0,0.000
10020.4,g4,tick,68.5,0.391
10021.7,g1,tick,43.6,0.401
10021.7,g2,tick,1000.0,0.000
10023.0,g4,tick,76.1,0.367
10028.3,g1,tick,52.4,0.376
10028.3,g2,tick,1000.0,0.000
10029.6,g4,tick,85.0,0.344
10031.9,g1,tick,61.8,0.353
10031.9,g2,tick,1000.0,0.000
10033.6,g4,tick,94.4,0.322
10037.4,g1,tick,71.4,0.331
10037.4,g2,tick,1000.0,0.000
10038.7,g4,tick,104.1,0.302
10041.6,g1,tick,101.3,0.310
10041.6,g2,tick,1000.0,0.000
10043.4,g4,tick,133.9,0.283
10046.4,g1,tick,141.2,0.290
10046.4,g2,tick,1000.0,0.000
10048.8,g4,tick,173.8,0.266
10053.3,g1,tick,186.2,0.272
10053.3,g2,tick,1000.0,0.000
10054.7,g4,tick,218.8,0.249
10059.1,g1,tick,233.7,0.255
10059.1,g2,tick,1000.0,0.000
10062.9,g4,tick,266.3,0.233
10065.3,g1,tick,282.4,0.239
10065.3,g2,tick,1000.0,0.000
10066.6,g4,tick,315.0,0.219
10066.6,g1,cut,248.6,0.287
10068.2,g4,cut,280.6,0.268
10068.8,g4,cnp,280.6,0.268
10076.3,g1,tick,248.6,0.287
10076.3,g2,tick,1000.0,0.000
10076.3,g4,tick,280.6,0.268
10076.3,g1,cnp,248.6,0.287
10076.3,g1,cnp,248.6,0.287
10076.3,g1,cnp,248.6,0.287
10076.3,g4,cnp,280.6,0.268
10076.3,g4,cnp,280.6,0.268
10076.3,g4,cnp,280.6,0.268
10076.3,g1,tick,248.6,0.287
10076.3,g2,tick,1000.0,0.000
10076.3,g4,tick,280.6,0.268
10077.9,g1,tick,265.5,0.269
10078.0,g2,tick,1000.0,0.000
10080.8,g4,tick,297.8,0.251
10080.8,g1,cut,229.8,0.315
10080.8,g1,cnp,229.8,0.315
10082.7,g4,cut,260.4,0.298
10082.7,g4,cnp,260.4,0.298
10082.7,g4,cnp,260.4,0.298
10087.1,g1,tick,229.8,0.315
10087.1,g2,tick,1000.0,0.000
10087.1,g4,tick,260.4,0.298
10087.1,g1,cnp,229.8,0.315
10087.1,g1,cnp,229.8,0.315
10087.1,g4,cnp,260.4,0.298
10087.1,g4,cnp,260.4,0.298
10087.1,g1,tick,229.8,0.315
10087.1,g2,tick,1000.0,0.000
10087.1,g4,tick,260.4,0.298
10088.7,g1,cnp,229.8,0.315
10088.7,g4,cnp,260.4,0.298
10090.3,g1,tick,229.8,0.315
10090.4,g2,tick,1000.0,0.000
10090.4,g4,tick,260.4,0.298
10090.8,g1,cnp,229.8,0.315
10090.9,g4,cnp,260.4,0.298
10093.8,g1,cut,193.6,0.357
10095.5,g4,cut,221.7,0.342
10097.2,g1,tick,193.6,0.357
10097.2,g2,tick,1000.0,0.000
10097.2,g4,tick,221.7,0.342
10097.2,g1,cnp,193.6,0.357
10097.2,g4,cnp,221.7,0.342
10097.9,g1,cnp,193.6,0.357
10098.2,g4,cnp,221.7,0.342
10100.2,g1,cnp,193.6,0.357
10100.2,g1,tick,193.6,0.357
10100.2,g2,tick,1000.0,0.000
10100.2,g4,tick,221.7,0.342
10100.4,g4,cnp,221.7,0.342
10103.4,g4,cnp,221.7,0.342
10103.4,g1,cnp,193.6,0.357
10105.1,g1,tick,193.6,0.357
10105.1,g2,tick,1000.0,0.000
10105.1,g4,tick,221.7,0.342
10106.4,g4,cut,183.8,0.383
10107.8,g1,cut,159.0,0.398
10110.3,g1,tick,159.0,0.398
10110.3,g2,tick,1000.0,0.000
10110.3,g4,tick,183.8,0.383
10110.3,g1,cnp,159.0,0.398
10110.3,g4,cnp,183.8,0.383
10110.6,g4,cnp,183.8,0.383
10110.8,g1,cnp,159.0,0.398
10112.7,g4,cnp,183.8,0.383
10112.8,g1,cnp,159.0,0.398
10114.8,g4,cnp,183.8,0.383
10115.1,g1,tick,159.0,0.398
10115.1,g2,tick,1000.0,0.000
10115.1,g4,tick,183.8,0.383
10115.1,g1,cnp,159.0,0.398
10116.9,g4,cut,148.6,0.421
10118.4,g1,cut,127.4,0.435
10120.1,g1,tick,127.4,0.435
10120.1,g2,tick,1000.0,0.000
10120.1,g4,tick,148.6,0.421
10120.1,g4,cnp,148.6,0.421
10120.6,g1,cnp,127.4,0.435
10121.2,g4,cnp,148.6,0.421
10122.7,g1,cnp,127.4,0.435
10123.9,g4,cnp,148.6,0.421
10124.9,g1,cnp,127.4,0.435
10125.1,g1,tick,127.4,0.435
10125.1,g2,tick,1000.0,0.000
10125.1,g4,tick,148.6,0.421
10126.0,g4,cnp,148.6,0.421
10127.0,g1,cnp,127.4,0.435
10128.1,g4,cut,117.3,0.458
10130.4,g1,tick,127.4,0.435
10130.4,g2,tick,1000.0,0.000
10130.4,g4,tick,117.3,0.458
10130.4,g1,cut,99.7,0.471
10134.4,g1,cnp,99.7,0.471
10134.4,g1,cnp,99.7,0.471
10134.4,g4,cnp,117.3,0.458
10134.4,g4,cnp,117.3,0.458
10135.2,g1,tick,99.7,0.471
10135.2,g2,tick,1000.0,0.000
10135.2,g4,tick,117.3,0.458
10135.3,g1,cnp,99.7,0.471
10135.3,g4,cnp,117.3,0.458
10137.4,g4,cnp,117.3,0.458
10137.4,g1,cnp,99.7,0.471
10139.4,g4,cut,90.5,0.491
10141.4,g1,tick,99.7,0.471
10141.4,g2,tick,1000.0,0.000
10141.4,g4,tick,90.5,0.491
10141.5,g1,cut,76.2,0.504
10143.3,g1,cnp,76.2,0.504
10143.4,g4,cnp,90.5,0.491
10143.7,g4,cnp,90.5,0.491
10143.8,g1,cnp,76.2,0.504
10145.1,g1,tick,76.2,0.504
10145.1,g2,tick,1000.0,0.000
10145.1,g4,tick,90.5,0.491
10147.0,g1,cnp,76.2,0.504
10147.0,g4,cnp,90.5,0.491
10149.7,g1,cnp,76.2,0.504
10149.7,g4,cut,68.2,0.523
10153.4,g1,tick,76.2,0.504
10153.4,g2,tick,1000.0,0.000
10153.4,g4,tick,68.2,0.523
10153.4,g1,cut,57.0,0.535
10157.3,g4,cnp,68.2,0.523
10157.3,g4,cnp,68.2,0.523
10157.3,g4,cnp,68.2,0.523
10157.3,g1,tick,57.0,0.535
10157.3,g2,tick,1000.0,0.000
10157.3,g4,tick,68.2,0.523
10157.3,g1,cnp,57.0,0.535
10157.3,g1,cnp,57.0,0.535
10158.0,g4,cnp,68.2,0.523
10158.1,g1,cnp,57.0,0.535
10160.0,g4,cut,50.4,0.553
10162.0,g1,tick,57.0,0.535
10162.0,g2,tick,1000.0,0.000
10162.0,g4,tick,50.4,0.553
10162.0,g1,cnp,57.0,0.535
10162.2,g4,cnp,50.4,0.553
10162.2,g1,cnp,57.0,0.535
10164.3,g1,cut,41.8,0.564
10167.7,g1,tick,41.8,0.564
10167.7,g2,tick,1000.0,0.000
10167.7,g4,tick,50.4,0.553
10167.7,g1,cnp,41.8,0.564
10167.7,g4,cnp,50.4,0.553
10167.7,g4,cnp,50.4,0.553
10168.7,g1,cnp,41.8,0.564
10168.8,g4,cnp,50.4,0.553
10170.1,g1,tick,41.8,0.564
10170.1,g2,tick,1000.0,0.000
10170.1,g4,tick,50.4,0.553
10170.9,g1,cnp,41.8,0.564
10171.1,g4,cut,36.5,0.581
10175.4,g1,tick,41.8,0.564
10175.4,g2,tick,1000.0,0.000
10175.4,g4,tick,36.5,0.581
10175.4,g1,cut,30.0,0.591
10175.4,g1,cnp,30.0,0.591
10177.2,g4,cnp,36.5,0.581
10177.2,g4,cnp,36.5,0.581
10180.5,g1,tick,30.0,0.591
10180.5,g2,tick,1000.0,0.000
10180.5,g4,tick,36.5,0.581
10187.9,g1,tick,35.9,0.554
10187.9,g2,tick,1000.0,0.000
10189.5,g4,tick,43.4,0.545
10197.6,g1,tick,38.8,0.519
10197.6,g2,tick,1000.0,0.000
10199.9,g4,tick,46.9,0.511
10202.0,g1,tick,40.3,0.487
10202.0,g2,tick,1000.0,0.000
10203.8,g4,tick,48.6,0.479
10203.8,g1,tick,41.0,0.457
10203.8,g2,tick,1000.0,0.000
10203.8,g4,tick,49.5,0.449
10206.7,g1,tick,41.4,0.428
10206.7,g2,tick,1000.0,0.000
10212.8,g4,tick,50.0,0.421
10214.2,g1,tick,46.6,0.401
10214.2,g2,tick,1000.0,0.000
10215.8,g4,tick,55.2,0.394
10217.5,g1,tick,54.2,0.376
10217.5,g2,tick,1000.0,0.000
10218.9,g4,tick,62.8,0.370
10222.2,g1,tick,63.0,0.353
10222.2,g2,tick,1000.0,0.000
10227.5,g4,tick,71.6,0.347
10229.0,g1,tick,72.4,0.331
10229.0,g2,tick,1000.0,0.000
10232.1,g4,tick,81.0,0.325
10234.4,g1,tick,82.1,0.310
10234.4,g2,tick,1000.0,0.000
10235.8,g4,tick,90.7,0.305
10237.3,g1,tick,111.9,0.291
10237.3,g2,tick,1000.0,0.000
10238.9,g4,tick,120.5,0.286
10243.0,g1,tick,151.9,0.272
10243.0,g2,tick,1000.0,0.000
10244.3,g4,tick,160.5,0.268
10247.6,g1,tick,196.8,0.255
10247.6,g2,tick,1000.0,0.000
10250.6,g4,tick,205.4,0.251
10251.9,g1,tick,244.3,0.239
10251.9,g2,tick,1000.0,0.000
10255.5,g4,tick,252.9,0.235
10257.4,g1,tick,293.0,0.224
10257.4,g2,tick,1000.0,0.000
10262.2,g4,tick,301.6,0.221
10262.2,g1,cut,260.2,0.273
10262.2,g1,cnp,260.2,0.273
10268.4,g4,cut,268.4,0.269
10268.4,g4,cnp,268.4,0.269
10268.4,g4,cnp,268.4,0.269
10271.1,g1,tick,260.2,0.273
10271.1,g2,tick,1000.0,0.000
10271.1,g4,tick,268.4,0.269
10271.1,g1,cnp,260.2,0.273
10271.1,g1,cnp,260.2,0.273
10271.1,g1,tick,260.2,0.273
10271.1,g2,tick,1000.0,0.000
10275.0,g4,tick,285.0,0.253
10275.0,g1,cut,224.6,0.318
10275.1,g1,cnp,224.6,0.318
10276.4,g4,cnp,285.0,0.253
10277.5,g4,cnp,285.0,0.253
10277.5,g4,cnp,285.0,0.253
10277.5,g1,tick,224.6,0.318
10277.5,g2,tick,1000.0,0.000
10277.5,g4,tick,285.0,0.253
10277.5,g1,cnp,224.6,0.318
10277.5,g1,tick,224.6,0.318
10277.5,g2,tick,1000.0,0.000
10279.3,g4,tick,293.3,0.237
10283.0,g1,tick,242.4,0.298
10283.0,g2,tick,1000.0,0.000
10283.0,g4,tick,297.5,0.222
10283.0,g1,cnp,242.4,0.298
10283.0,g4,cut,264.5,0.271
10285.6,g1,tick,242.4,0.298
10285.6,g2,tick,1000.0,0.000
10285.6,g4,tick,264.5,0.271
10285.6,g1,cut,206.2,0.342
10288.2,g4,cnp,264.5,0.271
10288.3,g1,cnp,206.2,0.342
10288.4,g4,cnp,264.5,0.271
10290.2,g1,tick,206.2,0.342
10290.2,g2,tick,1000.0,0.000
10290.2,g4,tick,264.5,0.271
10292.4,g1,cnp,206.2,0.342
10292.4,g4,cnp,264.5,0.271
10294.6,g1,cnp,206.2,0.342
10294.6,g4,cut,228.7,0.316
10296.3,g1,tick,206.2,0.342
10296.4,g2,tick,1000.0,0.000
10296.4,g4,tick,228.7,0.316
10296.8,g4,cnp,228.7,0.316
10296.8,g1,cut,170.9,0.383
10299.7,g1,cnp,170.9,0.383
10299.7,g4,cnp,228.7,0.316
10300.7,g1,tick,170.9,0.383
10300.8,g2,tick,1000.0,0.000
10300.8,g4,tick,228.7,0.316
10302.1,g1,cnp,170.9,0.383
10302.1,g4,cnp,228.7,0.316
10304.2,g4,cnp,228.7,0.316
10304.5,g1,cnp,170.9,0.383
10305.1,g1,tick,170.9,0.383
10305.1,g2,tick,1000.0,0.000
10305.1,g4,tick,228.7,0.316
10306.4,g1,cnp,170.9,0.383
10306.7,g4,cut,192.5,0.359
10308.6,g1,cut,138.2,0.422
10310.6,g1,tick,138.2,0.422
10310.6,g2,tick,1000.0,0.000
10310.6,g4,tick,192.5,0.359
10310.6,g4,cnp,192.5,0.359
10313.0,g1,cnp,138.2,0.422
10313.0,g4,cnp,192.5,0.359
10314.9,g1,cnp,138.2,0.422
10315.0,g4,cnp,192.5,0.359
10315.0,g1,tick,138.2,0.422
10315.0,g2,tick,1000.0,0.000
10315.0,g4,tick,192.5,0.359
10317.2,g1,cnp,138.2,0.422
10317.2,g4,cut,158.0,0.399
10319.2,g4,cnp,158.0,0.399
10319.6,g1,cut,109.0,0.458
10322.4,g1,tick,109.0,0.458
10322.5,g2,tick,1000.0,0.000
10322.5,g4,tick,158.0,0.399
10322.5,g1,cnp,109.0,0.458
10322.5,g4,cnp,158.0,0.399
10325.1,g1,cnp,109.0,0.458
10325.1,g4,cnp,158.0,0.399
10325.1,g1,tick,109.0,0.458
10325.1,g2,tick,1000.0,0.000
10325.1,g4,tick,158.0,0.399
10327.1,g1,cnp,109.0,0.458
10327.2,g4,cut,126.5,0.437
10330.3,g1,tick,109.0,0.458
10330.3,g2,tick,1000.0,0.000
10330.3,g4,tick,126.5,0.437
10330.3,g1,cut,84.0,0.492
10331.6,g4,cnp,126.5,0.437
10331.7,g1,cnp,84.0,0.492
10334.1,g1,cnp,84.0,0.492
10334.2,g4,cnp,126.5,0.437
10335.1,g1,tick,84.0,0.492
10335.1,g2,tick,1000.0,0.000
10335.1,g4,tick,126.5,0.437
10335.4,g4,cnp,126.5,0.437
10335.7,g1,cnp,84.0,0.492
10338.4,g1,cnp,84.0,0.492
10338.4,g4,cut,98.9,0.472
10340.1,g1,tick,84.0,0.492
10340.2,g2,tick,1000.0,0.000
10340.2,g4,tick,98.9,0.472
10340.2,g1,cnp,84.0,0.492
10340.2,g4,cnp,98.9,0.472
10342.9,g4,cnp,98.9,0.472
10342.9,g1,cut,63.4,0.524
10346.4,g1,tick,63.4,0.524
10346.4,g2,tick,1000.0,0.000
10346.4,g4,tick,98.9,0.472
10346.4,g1,cnp,63.4,0.524
10346.4,g4,cnp,98.9,0.472
10347.7,g1,cnp,63.4,0.524
10347.8,g4,cnp,98.9,0.472
10349.8,g4,cut,75.5,0.505
10351.2,g1,tick,63.4,0.524
10351.2,g2,tick,1000.0,0.000
10351.2,g4,tick,75.5,0.505
10351.2,g1,cnp,63.4,0.524
10351.9,g4,cnp,75.5,0.505
10352.1,g1,cnp,63.4,0.524
10354.1,g4,cnp,75.5,0.505
10354.2,g1,cut,46.8,0.553
10355.8,g1,tick,46.8,0.553
10355.8,g2,tick,1000.0,0.000
10355.8,g4,tick,75.5,0.505
10356.1,g4,cnp,75.5,0.505
10356.4,g1,cnp,46.8,0.553
10358.1,g4,cnp,75.5,0.505
10358.6,g1,cnp,46.8,0.553
10360.1,g1,tick,46.8,0.553
10360.1,g2,tick,1000.0,0.000
10360.1,g4,tick,75.5,0.505
10360.4,g4,cut,56.5,0.536
10362.7,g1,cnp,46.8,0.553
10362.7,g4,cnp,56.5,0.536
10363.1,g1,cnp,46.8,0.553
10364.6,g4,cnp,56.5,0.536
10365.1,g1,tick,46.8,0.553
10365.1,g2,tick,1000.0,0.000
10365.1,g4,tick,56.5,0.536
10365.2,g1,cut,33.8,0.581
10366.8,g4,cnp,56.5,0.536
10367.3,g1,cnp,33.8,0.581
10369.3,g4,cnp,56.5,0.536
10369.4,g1,cnp,33.8,0.581
10370.1,g1,tick,33.8,0.581
10370.1,g2,tick,1000.0,0.000
10370.1,g4,tick,56.5,0.536
10371.5,g4,cut,41.4,0.565
10373.6,g1,cnp,33.8,0.581
10373.8,g1,cnp,33.8,0.581
10373.8,g4,cnp,41.4,0.565
10375.1,g1,tick,33.8,0.581
10375.1,g2,tick,1000.0,0.000
10375.1,g4,tick,41.4,0.565
10383.0,g1,tick,40.3,0.545
10383.0,g2,tick,1000.0,0.000
10388.4,g4,tick,48.9,0.529
10390.5,g1,tick,43.5,0.511
10390.5,g2,tick,1000.0,0.000
10392.1,g4,tick,52.7,0.496
10394.3,g1,tick,45.2,0.479
10394.3,g2,tick,1000.0,0.000
10396.5,g4,tick,54.6,0.465
10396.5,g1,tick,46.0,0.449
10396.5,g2,tick,1000.0,0.000
10396.5,g4,tick,55.5,0.436
10402.8,g1,tick,46.4,0.421
10402.8,g2,tick,1000.0,0.000
10404.2,g4,tick,56.0,0.409
10406.9,g1,tick,51.6,0.395
10406.9,g2,tick,1000.0,0.000
10410.1,g4,tick,61.2,0.383
10411.7,g1,tick,59.2,0.370
10411.7,g2,tick,1000.0,0.000
10414.2,g4,tick,68.9,0.359
10420.5,g1,tick,68.0,0.347
10420.5,g2,tick,1000.0,0.000
10425.8,g4,tick,77.7,0.337
10430.2,g1,tick,77.4,0.325
10430.2,g2,tick,1000.0,0.000
10433.6,g4,tick,87.1,0.316
10436.7,g1,tick,87.1,0.305
10436.7,g2,tick,1000.0,0.000
10438.3,g4,tick,96.8,0.296
10439.7,g1,tick,116.9,0.286
10439.8,g2,tick,1000.0,0.000
10441.8,g4,tick,126.6,0.278
10447.1,g1,tick,156.8,0.268
10447.1,g2,tick,1000.0,0.000
10448.5,g4,tick,166.6,0.260
10450.7,g1,tick,201.8,0.251
10450.7,g2,tick,1000.0,0.000
10455.7,g4,tick,211.5,0.244
10457.0,g1,tick,249.3,0.236
10457.0,g2,tick,1000.0,0.000
10463.5,g4,tick,259.0,0.229
10463.5,g1,cut,219.9,0.283
10465.3,g4,cut,229.4,0.277
10467.4,g1,tick,219.9,0.283
10467.4,g2,tick,1000.0,0.000
10467.4,g4,tick,229.4,0.277
10467.4,g1,cnp,219.9,0.283
10467.4,g4,cnp,229.4,0.277
10467.4,g1,tick,219.9,0.283
10467.4,g2,tick,1000.0,0.000
10467.4,g4,tick,229.4,0.277
10469.9,g1,tick,234.6,0.266
10469.9,g2,tick,1000.0,0.000
10471.9,g4,tick,244.2,0.260
10471.9,g1,cnp,234.6,0.266
10471.9,g1,cnp,234.6,0.266
10471.9,g4,cnp,244.2,0.260
10471.9,g4,cnp,244.2,0.260
10471.9,g1,tick,234.6,0.266
10471.9,g2,tick,1000.0,0.000
10471.9,g4,tick,244.2,0.260
10474.4,g1,tick,242.0,0.249
10474.4,g2,tick,1000.0,0.000
10475.7,g4,tick,251.6,0.243
10475.8,g1,cut,211.8,0.296
10475.8,g1,cnp,211.8,0.296
10477.8,g4,cut,221.0,0.291
10477.8,g4,cnp,221.0,0.291
10481.7,g1,tick,211.8,0.296
10481.7,g2,tick,1000.0,0.000
10481.7,g4,tick,221.0,0.291
10481.7,g1,cnp,211.8,0.296
10481.7,g1,cnp,211.8,0.296
10481.7,g1,cnp,211.8,0.296
10481.8,g4,cnp,221.0,0.291
10481.8,g4,cnp,221.0,0.291
10481.8,g1,tick,211.8,0.296
10481.8,g2,tick,1000.0,0.000
10481.8,g4,tick,221.0,0.291
10489.4,g1,tick,226.9,0.277
10489.4,g2,tick,1000.0,0.000
10491.0,g4,tick,236.3,0.273
10491.0,g1,cut,195.4,0.323
10491.0,g1,cnp,195.4,0.323
10494.3,g4,cut,204.1,0.318
10494.3,g4,cnp,204.1,0.318
10494.3,g4,cnp,204.1,0.318
10496.4,g1,tick,195.4,0.323
10496.4,g2,tick,1000.0,0.000
10496.4,g4,tick,204.1,0.318
10496.5,g1,cnp,195.4,0.323
10496.5,g1,cnp,195.4,0.323
10496.5,g4,cnp,204.1,0.318
10496.5,g1,tick,195.4,0.323
10496.5,g2,tick,1000.0,0.000
10496.5,g4,tick,204.1,0.318
10496.7,g1,cnp,195.4,0.323
10496.8,g4,cnp,204.1,0.318
10499.1,g1,cnp,195.4,0.323
10499.1,g4,cnp,204.1,0.318
10500.1,g1,tick,195.4,0.323
10500.1,g2,tick,1000.0,0.000
10500.1,g4,tick,204.1,0.318
10501.3,g1,cut,163.9,0.365
10512.3,g4,cut,171.6,0.361
10512.3,g4,cnp,171.6,0.361
10512.3,g4,cnp,171.6,0.361
10512.3,g4,cnp,171.6,0.361
10512.3,g4,cnp,171.6,0.361
10513.7,g1,tick,163.9,0.365
10513.7,g2,tick,1000.0,0.000
10513.7,g4,tick,171.6,0.361
10513.7,g1,cut,134.0,0.405
10513.9,g1,cnp,134.0,0.405
10513.9,g1,cnp,134.0,0.405
10513.9,g1,cnp,134.0,0.405
10513.9,g1,cnp,134.0,0.405
10517.8,g4,cnp,171.6,0.361
10517.8,g4,cnp,171.6,0.361
10517.8,g4,cnp,171.6,0.361
10517.8,g1,tick,134.0,0.405
10517.8,g2,tick,1000.0,0.000
10517.8,g4,tick,171.6,0.361
10517.8,g1,cnp,134.0,0.405
10517.9,g1,cnp,134.0,0.405
10517.9,g1,tick,134.0,0.405
10517.9,g2,tick,1000.0,0.000
10521.2,g4,tick,187.9,0.338
10521.2,g1,cnp,134.0,0.405
10521.2,g4,cnp,187.9,0.338
10521.2,g1,tick,134.0,0.405
10521.2,g2,tick,1000.0,0.000
10521.2,g4,tick,187.9,0.338
10524.4,g4,cut,156.1,0.379
10527.3,g1,tick,148.9,0.379
10527.3,g2,tick,1000.0,0.000
10527.3,g4,tick,156.1,0.379
10527.3,g1,cut,120.7,0.418
10533.9,g4,cnp,156.1,0.379
10533.9,g4,cnp,156.1,0.379
10533.9,g4,cnp,156.1,0.379
10533.9,g4,cnp,156.1,0.379
10533.9,g1,tick,120.7,0.418
10533.9,g2,tick,1000.0,0.000
10533.9,g4,tick,156.1,0.379
10533.9,g1,cnp,120.7,0.418
10533.9,g1,cnp,120.7,0.418
10533.9,g1,cnp,120.7,0.418
10534.5,g4,cut,126.5,0.418
10536.2,g1,tick,120.7,0.418
10536.2,g2,tick,1000.0,0.000
10536.2,g4,tick,126.5,0.418
10536.2,g1,cnp,120.7,0.418
10537.0,g4,cnp,126.5,0.418
10537.0,g1,cnp,120.7,0.418
10539.1,g1,cut,95.5,0.455
10542.5,g1,tick,95.5,0.455
10542.5,g2,tick,1000.0,0.000
10542.5,g4,tick,126.5,0.418
10542.5,g1,cnp,95.5,0.455
10542.6,g4,cnp,126.5,0.418
10542.6,g4,cnp,126.5,0.418
10543.2,g1,cnp,95.5,0.455
10544.0,g4,cnp,126.5,0.418
10546.5,g1,cnp,95.5,0.455
10546.5,g4,cut,100.0,0.455
10550.8,g1,tick,95.5,0.455
10550.8,g2,tick,1000.0,0.000
10550.8,g4,tick,100.0,0.455
10550.9,g1,cut,73.8,0.489
10555.0,g4,cnp,100.0,0.455
10555.0,g4,cnp,100.0,0.455
10555.0,g4,cnp,100.0,0.455
10555.0,g1,tick,73.8,0.489
10555.0,g2,tick,1000.0,0.000
10555.0,g4,tick,100.0,0.455
10555.0,g1,cnp,73.8,0.489
10555.0,g1,cnp,73.8,0.489
10555.1,g1,tick,73.8,0.489
10555.1,g2,tick,1000.0,0.000
10562.1,g4,tick,113.3,0.426
10562.1,g1,cut,55.7,0.521
10562.1,g1,cnp,55.7,0.521
10562.1,g1,cnp,55.7,0.521
10565.0,g4,cut,89.1,0.462
10565.0,g4,cnp,89.1,0.462
10565.0,g4,cnp,89.1,0.462
10565.0,g4,cnp,89.1,0.462
10567.1,g1,tick,55.7,0.521
10567.1,g2,tick,1000.0,0.000
10567.1,g4,tick,89.1,0.462
10567.1,g1,cnp,55.7,0.521
10567.1,g1,cnp,55.7,0.521
10567.1,g4,cnp,89.1,0.462
10567.1,g1,tick,55.7,0.521
10567.1,g2,tick,1000.0,0.000
10567.1,g4,tick,89.1,0.462
10568.5,g1,cnp,55.7,0.521
10568.6,g4,cnp,89.1,0.462
10570.1,g1,tick,55.7,0.521
10570.1,g2,tick,1000.0,0.000
10570.1,g4,tick,89.1,0.462
10571.5,g1,cnp,55.7,0.521
10571.5,g4,cnp,89.1,0.462
10573.5,g4,cnp,89.1,0.462
10573.8,g1,cut,41.2,0.551
10575.2,g1,tick,41.2,0.551
10575.2,g2,tick,1000.0,0.000
10575.2,g4,tick,89.1,0.462
10575.7,g4,cut,68.5,0.496
10577.1,g1,cnp,41.2,0.551
10580.1,g1,tick,41.2,0.551
10580.1,g2,tick,1000.0,0.000
10580.1,g4,tick,68.5,0.496
10580.3,g4,cnp,68.5,0.496
10580.6,g1,cnp,41.2,0.551
10582.3,g1,cnp,41.2,0.551
10582.5,g4,cnp,68.5,0.496
10585.0,g1,cut,29.9,0.579
10586.7,g1,tick,29.9,0.579
10586.7,g2,tick,1000.0,0.000
10586.7,g4,tick,68.5,0.496
10586.7,g4,cut,51.5,0.527
10589.2,g1,cnp,29.9,0.579
10589.2,g1,cnp,29.9,0.579
10589.2,g4,cnp,51.5,0.527
10590.3,g1,tick,29.9,0.579
10590.3,g2,tick,1000.0,0.000
10590.3,g4,tick,51.5,0.527
10597.4,g1,tick,35.6,0.542
10597.4,g2,tick,1000.0,0.000
10598.9,g4,tick,60.0,0.494
10601.6,g1,tick,38.4,0.509
10601.6,g2,tick,1000.0,0.000
10605.5,g4,tick,64.3,0.463
10608.1,g1,tick,39.8,0.477
10608.2,g2,tick,1000.0,0.000
10609.9,g4,tick,66.4,0.434
10610.3,g1,tick,40.5,0.447
10610.3,g2,tick,1000.0,0.000
10610.3,g4,tick,67.5,0.407
10619.7,g1,tick,40.9,0.419
10619.7,g2,tick,1000.0,0.000
10621.6,g4,tick,68.0,0.382
10623.3,g1,tick,46.1,0.393
10623.3,g2,tick,1000.0,0.000
10625.1,g4,tick,73.3,0.358
10629.2,g1,tick,53.6,0.368
10629.3,g2,tick,1000.0,0.000
10633.0,g4,tick,80.9,0.336
10638.1,g1,tick,62.4,0.345
10638.1,g2,tick,1000.0,0.000
10639.5,g4,tick,89.7,0.315
10641.7,g1,tick,71.8,0.324
10641.7,g2,tick,1000.0,0.000
10643.3,g4,tick,99.1,0.295
10645.2,g1,tick,81.5,0.303
10645.2,g2,tick,1000.0,0.000
10647.8,g4,tick,108.8,0.277
10649.6,g1,tick,111.4,0.284
10649.6,g2,tick,1000.0,0.000
10651.4,g4,tick,138.7,0.259
10656.6,g1,tick,151.3,0.267
10656.6,g2,tick,1000.0,0.000
10660.0,g4,tick,178.6,0.243
10666.9,g1,tick,196.3,0.250
10666.9,g2,tick,1000.0,0.000
10668.8,g4,tick,223.6,0.228
10675.9,g1,tick,243.8,0.234
10675.9,g2,tick,1000.0,0.000
10677.5,g4,tick,271.0,0.214
10677.5,g1,cut,215.2,0.282
10680.3,g1,tick,215.2,0.282
10680.3,g2,tick,1000.0,0.000
10681.7,g4,tick,319.8,0.200
10681.7,g1,cnp,215.2,0.282
10681.7,g4,cut,287.8,0.250
10683.0,g1,tick,215.2,0.282
10683.0,g2,tick,1000.0,0.000
10683.0,g4,tick,287.8,0.250
10685.5,g1,tick,229.5,0.265
10685.5,g2,tick,1000.0,0.000
10687.5,g4,tick,303.8,0.235
10687.5,g1,cnp,229.5,0.265
10687.5,g1,cnp,229.5,0.265
10687.5,g4,cnp,303.8,0.235
10687.5,g4,cnp,303.8,0.235
10687.5,g1,tick,229.5,0.265
10687.5,g2,tick,1000.0,0.000
10687.5,g4,tick,303.8,0.235
10688.8,g1,tick,236.6,0.248
10688.8,g2,tick,1000.0,0.000
10693.6,g4,tick,311.8,0.220
10693.7,g1,cut,207.3,0.295
10693.7,g1,cnp,207.3,0.295
10698.0,g4,cut,277.5,0.269
10698.0,g4,cnp,277.5,0.269
10698.0,g4,cnp,277.5,0.269
10699.8,g1,tick,207.3,0.295
10699.8,g2,tick,1000.0,0.000
10699.8,g4,tick,277.5,0.269
10699.8,g1,cnp,207.3,0.295
10699.8,g1,cnp,207.3,0.295
10699.8,g4,cnp,277.5,0.269
10699.8,g1,tick,207.3,0.295
10699.8,g2,tick,1000.0,0.000
10699.8,g4,tick,277.5,0.269
10701.0,g4,cnp,277.5,0.269
10702.8,g1,tick,221.9,0.277
10702.8,g2,tick,1000.0,0.000
10702.8,g4,tick,277.5,0.269
10702.8,g1,cnp,221.9,0.277
10702.9,g4,cnp,277.5,0.269
10704.8,g1,cut,191.2,0.322
10707.3,g1,tick,191.2,0.322
10707.3,g2,tick,1000.0,0.000
10707.3,g4,tick,277.5,0.269
10707.3,g1,cnp,191.2,0.322
10707.3,g4,cnp,277.5,0.269
10707.3,g4,cnp,277.5,0.269
10709.0,g1,cnp,191.2,0.322
10709.1,g4,cut,240.2,0.314
10715.2,g1,tick,191.2,0.322
10715.2,g2,tick,1000.0,0.000
10715.2,g4,tick,240.2,0.314
10715.2,g1,cut,160.5,0.364
10715.2,g1,cnp,160.5,0.364
10716.8,g4,cnp,240.2,0.314
10716.8,g4,cnp,240.2,0.314
10716.9,g4,cnp,240.2,0.314
10716.9,g1,tick,160.5,0.364
10716.9,g2,tick,1000.0,0.000
10716.9,g4,tick,240.2,0.314
10716.9,g1,cnp,160.5,0.364
10717.3,g4,cnp,240.2,0.314
10717.6,g1,cnp,160.5,0.364
10719.4,g4,cut,202.5,0.357
10721.3,g1,tick,160.5,0.364
10721.4,g2,tick,1000.0,0.000
10721.4,g4,tick,202.5,0.357
10721.4,g1,cnp,160.5,0.364
10722.3,g1,cnp,160.5,0.364
10722.3,g4,cnp,202.5,0.357
10724.4,g1,cnp,160.5,0.364
10725.1,g1,tick,160.5,0.364
10725.1,g2,tick,1000.0,0.000
10725.1,g4,tick,202.5,0.357
10725.4,g4,cnp,202.5,0.357
10726.5,g1,cut,131.2,0.404
10731.0,g1,tick,131.2,0.404
10731.0,g2,tick,1000.0,0.000
10731.0,g4,tick,202.5,0.357
10731.1,g1,cnp,131.2,0.404
10731.1,g1,cnp,131.2,0.404
10731.1,g4,cut,166.3,0.397
10731.1,g4,cnp,166.3,0.397
10733.4,g1,cnp,131.2,0.404
10733.5,g4,cnp,166.3,0.397
10734.9,g4,cnp,166.3,0.397
10735.1,g1,tick,131.2,0.404
10735.1,g2,tick,1000.0,0.000
10735.1,g4,tick,166.3,0.397
10735.4,g1,cnp,131.2,0.404
10737.1,g4,cnp,166.3,0.397
10737.5,g1,cut,104.7,0.441
10740.1,g1,tick,104.7,0.441
10740.1,g2,tick,1000.0,0.000
10740.1,g4,tick,166.3,0.397
10740.7,g1,cnp,104.7,0.441
10740.8,g4,cnp,166.3,0.397
10742.3,g4,cut,133.3,0.435
10744.2,g1,cnp,104.7,0.441
10744.6,g1,cnp,104.7,0.441
10744.8,g4,cnp,133.3,0.435
10745.1,g1,tick,104.7,0.441
10745.1,g2,tick,1000.0,0.000
10745.1,g4,tick,133.3,0.435
10746.6,g1,cnp,104.7,0.441
10746.8,g4,cnp,133.3,0.435
10748.9,g1,cut,81.6,0.476
10751.2,g4,cnp,133.3,0.435
10751.2,g4,cnp,133.3,0.435
10751.2,g1,tick,81.6,0.476
10751.2,g2,tick,1000.0,0.000
10751.2,g4,tick,133.3,0.435
10751.2,g1,cnp,81.6,0.476
10753.2,g4,cut,104.3,0.470
10756.8,g1,tick,81.6,0.476
10756.8,g2,tick,1000.0,0.000
10756.8,g4,tick,104.3,0.470
10756.8,g1,cnp,81.6,0.476
10756.8,g1,cnp,81.6,0.476
10756.8,g4,cnp,104.3,0.470
10758.8,g4,cnp,104.3,0.470
10758.9,g1,cut,62.2,0.509
10760.4,g1,tick,62.2,0.509
10760.4,g2,tick,1000.0,0.000
10760.4,g4,tick,104.3,0.470
10761.0,g4,cnp,104.3,0.470
10761.1,g1,cnp,62.2,0.509
10763.2,g4,cnp,104.3,0.470
10763.3,g1,cnp,62.2,0.509
10765.1,g1,tick,62.2,0.509
10765.1,g2,tick,1000.0,0.000
10765.1,g4,tick,104.3,0.470
10765.2,g4,cut,79.7,0.503
10766.5,g1,cnp,62.2,0.509
10768.5,g1,cnp,62.2,0.509
10768.5,g4,cnp,79.7,0.503
10770.1,g1,tick,62.2,0.509
10770.1,g2,tick,1000.0,0.000
10770.1,g4,tick,79.7,0.503
10770.2,g4,cnp,79.7,0.503
10770.8,g1,cut,46.4,0.540
10774.2,g1,cnp,46.4,0.540
10774.2,g4,cnp,79.7,0.503
10776.3,g1,tick,46.4,0.540
10776.3,g2,tick,1000.0,0.000
10776.3,g4,tick,79.7,0.503
10776.4,g1,cnp,46.4,0.540
10776.4,g4,cut,59.7,0.535
10780.7,g1,tick,46.4,0.540
10780.7,g2,tick,1000.0,0.000
10780.7,g4,tick,59.7,0.535
10780.7,g1,cnp,46.4,0.540
10780.7,g1,cnp,46.4,0.540
10780.7,g4,cnp,59.7,0.535
10780.7,g4,cnp,59.7,0.535
10782.9,g4,cnp,59.7,0.535
10783.0,g1,cut,33.9,0.568
10785.9,g1,cnp,33.9,0.568
10785.9,g4,cnp,59.7,0.535
10785.9,g1,tick,33.9,0.568
10785.9,g2,tick,1000.0,0.000
10785.9,g4,tick,59.7,0.535
10787.3,g4,cut,43.7,0.564
10788.9,g1,cnp,33.9,0.568
10789.7,g1,cnp,33.9,0.568
10789.7,g4,cnp,43.7,0.564
10791.1,g1,tick,33.9,0.568
10791.1,g2,tick,1000.0,0.000
10791.1,g4,tick,43.7,0.564
10791.8,g4,cnp,43.7,0.564
10799.1,g1,tick,40.1,0.533
10799.1,g2,tick,1000.0,0.000
10799.1,g4,tick,43.7,0.564
10801.9,g1,tick,43.2,0.500
10801.9,g2,tick,1000.0,0.000
10803.3,g4,tick,51.7,0.528
10811.2,g1,tick,44.8,0.468
10811.2,g2,tick,1000.0,0.000
10814.3,g4,tick,55.7,0.495
10814.3,g1,tick,45.6,0.439
10814.3,g2,tick,1000.0,0.000
10815.7,g4,tick,57.7,0.464
10817.4,g1,tick,46.0,0.412
10817.4,g2,tick,1000.0,0.000
10817.4,g4,tick,58.7,0.435
10821.8,g1,tick,51.2,0.386
10821.8,g2,tick,1000.0,0.000
10823.3,g4,tick,59.2,0.408
10827.8,g1,tick,58.8,0.362
10827.8,g2,tick,1000.0,0.000
10829.3,g4,tick,64.4,0.383
10831.6,g1,tick,67.6,0.339
10831.6,g2,tick,1000.0,0.000
10833.2,g4,tick,72.0,0.359
10840.8,g1,tick,77.0,0.318
10840.8,g2,tick,1000.0,0.000
10842.2,g4,tick,80.9,0.336
10843.8,g1,tick,86.7,0.298
10843.8,g2,tick,1000.0,0.000
10848.0,g4,tick,90.3,0.315
10849.5,g1,tick,116.5,0.279
10849.5,g2,tick,1000.0,0.000
10853.8,g4,tick,100.0,0.296
10857.4,g1,tick,156.4,0.262
10857.4,g2,tick,1000.0,0.000
10859.9,g4,tick,129.8,0.277
10862.4,g1,tick,201.4,0.246
10862.4,g2,tick,1000.0,0.000
10865.1,g4,tick,169.7,0.260
10868.0,g1,tick,248.9,0.230
10868.0,g2,tick,1000.0,0.000
10870.1,g4,tick,214.7,0.244
10872.3,g1,tick,297.6,0.216
10872.3,g2,tick,1000.0,0.000
10874.9,g4,tick,262.2,0.228
10877.0,g1,tick,347.0,0.202
10877.0,g2,tick,1000.0,0.000
10879.4,g4,tick,310.9,0.214
10882.4,g1,tick,396.7,0.190
10882.4,g2,tick,1000.0,0.000
10884.1,g4,tick,360.3,0.201
10885.4,g1,tick,446.5,0.178
10885.4,g2,tick,1000.0,0.000
10887.7,g4,tick,410.0,0.188
10887.8,g1,cut,406.8,0.229
10891.3,g4,cut,371.4,0.239
10891.4,g4,cnp,371.4,0.239
10893.4,g1,tick,406.8,0.229
10893.5,g2,tick,1000.0,0.000
10893.5,g4,tick,371.4,0.239
10893.5,g1,cnp,406.8,0.229
10893.5,g1,cnp,406.8,0.229
10893.5,g4,cnp,371.4,0.239
10893.5,g1,tick,406.8,0.229
10893.5,g2,tick,1000.0,0.000
10893.5,g4,tick,371.4,0.239
10894.5,g1,cnp,406.8,0.229
10894.5,g4,cnp,371.4,0.239
10895.8,g1,tick,406.8,0.229
10895.8,g2,tick,1000.0,0.000
10895.8,g4,tick,371.4,0.239
10896.6,g4,cnp,371.4,0.239
10896.7,g1,cnp,406.8,0.229
10899.0,g4,cnp,371.4,0.239
10899.0,g1,cut,360.2,0.277
10901.5,g1,tick,360.2,0.277
10901.5,g2,tick,1000.0,0.000
10901.5,g4,tick,371.4,0.239
10901.5,g1,cnp,360.2,0.277
10901.5,g4,cut,327.1,0.286
10903.9,g1,cnp,360.2,0.277
10904.0,g4,cnp,327.1,0.286
10905.5,g1,tick,360.2,0.277
10905.5,g2,tick,1000.0,0.000
10905.5,g4,tick,327.1,0.286
10906.1,g1,cnp,360.2,0.277
10906.1,g4,cnp,327.1,0.286
10908.6,g1,cnp,360.2,0.277
10908.6,g4,cnp,327.1,0.286
10910.1,g1,tick,360.2,0.277
10910.1,g2,tick,1000.0,0.000
10910.1,g4,tick,327.1,0.286
10911.7,g1,cut,310.2,0.323
10914.0,g4,cut,280.2,0.331
10914.0,g4,cnp,280.2,0.331
10918.4,g1,tick,310.2,0.323
10918.4,g2,tick,1000.0,0.000
10918.4,g4,tick,280.2,0.331
10918.5,g1,cnp,310.2,0.323
10918.5,g1,cnp,310.2,0.323
10918.5,g1,cnp,310.2,0.323
10918.5,g4,cnp,280.2,0.331
10918.5,g4,cnp,280.2,0.331
10920.4,g1,tick,310.2,0.323
10920.4,g2,tick,1000.0,0.000
10920.4,g4,tick,280.2,0.331
10921.8,g4,cnp,280.2,0.331
10921.8,g1,cut,260.2,0.365
10923.9,g4,cnp,280.2,0.331
10925.3,g1,tick,260.2,0.365
10925.3,g2,tick,1000.0,0.000
10925.3,g4,tick,280.2,0.331
10925.9,g1,cnp,260.2,0.365
10925.9,g4,cut,233.8,0.373
10928.7,g4,cnp,233.8,0.373
10929.7,g1,cnp,260.2,0.365
10930.1,g1,tick,260.2,0.365
10930.1,g2,tick,1000.0,0.000
10930.1,g4,tick,233.8,0.373
10930.6,g4,cnp,233.8,0.373
10931.8,g1,cnp,260.2,0.365
10934.3,g1,cut,212.7,0.405
10936.0,g1,tick,212.7,0.405
10936.0,g2,tick,1000.0,0.000
10936.0,g4,tick,233.8,0.373
10936.1,g4,cut,190.2,0.412
10939.1,g1,cnp,212.7,0.405
10939.1,g4,cnp,190.2,0.412
10941.5,g1,cnp,212.7,0.405
10941.6,g4,cnp,190.2,0.412
10941.6,g1,tick,212.7,0.405
10941.6,g2,tick,1000.0,0.000
10941.6,g4,tick,190.2,0.412
10942.9,g1,cnp,212.7,0.405
10943.0,g4,cnp,190.2,0.412
10945.0,g1,cut,169.7,0.442
10951.7,g1,tick,169.7,0.442
10951.7,g2,tick,1000.0,0.000
10951.7,g4,tick,190.2,0.412
10951.7,g1,cnp,169.7,0.442
10951.7,g1,cnp,169.7,0.442
10951.7,g4,cut,151.0,0.449
10951.7,g4,cnp,151.0,0.449
10951.7,g4,cnp,151.0,0.449
10956.1,g1,tick,169.7,0.442
10956.1,g2,tick,1000.0,0.000
10956.1,g4,tick,151.0,0.449
10956.1,g1,cut,132.2,0.477
10956.1,g1,cnp,132.2,0.477
10958.1,g4,cnp,151.0,0.449
10958.1,g4,cnp,151.0,0.449
10958.1,g1,tick,132.2,0.477
10958.1,g2,tick,1000.0,0.000
10958.1,g4,tick,151.0,0.449
10958.6,g1,cnp,132.2,0.477
10958.7,g4,cnp,151.0,0.449
10960.1,g1,tick,132.2,0.477
10960.1,g2,tick,1000.0,0.000
10960.1,g4,tick,151.0,0.449
10960.6,g1,cnp,132.2,0.477
10960.7,g4,cnp,151.0,0.449
10962.8,g1,cnp,132.2,0.477
10962.8,g4,cut,117.1,0.483
10967.3,g1,tick,132.2,0.477
10967.3,g2,tick,1000.0,0.000
10967.3,g4,tick,117.1,0.483
10967.3,g1,cut,100.7,0.509
10967.3,g1,cnp,100.7,0.509
10969.9,g4,cnp,117.1,0.483
10969.9,g4,cnp,117.1,0.483
10969.9,g4,cnp,117.1,0.483
10969.9,g1,cnp,100.7,0.509
10970.1,g1,tick,100.7,0.509
10970.1,g2,tick,1000.0,0.000
10970.1,g4,tick,117.1,0.483
10971.2,g1,cnp,100.7,0.509
10971.3,g4,cnp,117.1,0.483
10973.3,g1,cnp,100.7,0.509
10973.4,g4,cut,88.8,0.516
10976.2,g1,tick,100.7,0.509
10976.4,g2,tick,1000.0,0.000
10976.4,g4,tick,88.8,0.516
10976.4,g1,cnp,100.7,0.509
10976.4,g4,cnp,88.8,0.516
10978.5,g1,cut,75.0,0.540
10980.7,g4,cnp,88.8,0.516
10980.8,g4,cnp,88.8,0.516
10980.8,g1,tick,75.0,0.540
10980.8,g2,tick,1000.0,0.000
10980.8,g4,tick,88.8,0.516
10980.8,g1,cnp,75.0,0.540
10982.6,g1,cnp,75.0,0.540
10982.7,g4,cnp,88.8,0.516
10984.7,g1,cnp,75.0,0.540
10984.8,g4,cut,65.9,0.546
10986.7,g1,tick,75.0,0.540
10986.7,g2,tick,1000.0,0.000
10986.7,g4,tick,65.9,0.546
10987.9,g1,cnp,75.0,0.540
10987.9,g4,cnp,65.9,0.546
10989.9,g4,cnp,65.9,0.546
10990.2,g1,cut,54.8,0.569
10992.1,g1,tick,54.8,0.569
10992.1,g2,tick,1000.0,0.000
10992.1,g4,tick,65.9,0.546
10992.1,g1,cnp,54.8,0.569
10992.1,g4,cnp,65.9,0.546
10996.5,g1,cnp,54.8,0.569
10996.5,g1,cnp,54.8,0.569
10996.5,g4,cut,47.9,0.574
10998.5,g1,tick,54.8,0.569
10998.5,g2,tick,1000.0,0.000
10998.5,g4,tick,47.9,0.574
10998.5,g4,cnp,47.9,0.574
10998.6,g4,cnp,47.9,0.574
10998.6,g1,cnp,54.8,0.569
11000.1,g1,tick,54.8,0.569
11000.1,g2,tick,1000.0,0.000
11000.1,g4,tick,47.9,0.574
11000.7,g1,cut,39.2,0.596
11003.1,g1,cnp,39.2,0.596
11003.1,g4,cnp,47.9,0.574
11003.1,g4,cnp,47.9,0.574
11004.8,g1,cnp,39.2,0.596
11004.8,g4,cnp,47.9,0.574
11005.8,g1,tick,39.2,0.596
11005.8,g2,tick,1000.0,0.000
11005.8,g4,tick,47.9,0.574
11006.9,g4,cut,34.2,0.601
11022.9,g1,tick,47.0,0.559
11022.9,g2,tick,1000.0,0.000
11022.9,g4,tick,34.2,0.601
11022.9,g1,cut,33.9,0.586
11022.9,g1,cnp,33.9,0.586
11022.9,g1,cnp,33.9,0.586
11026.0,g4,cut,23.9,0.626
11026.1,g4,cnp,23.9,0.626
11033.0,g1,tick,33.9,0.586
11033.0,g2,tick,1000.0,0.000
11033.0,g4,tick,23.9,0.626
11036.1,g1,tick,40.4,0.549
11036.1,g2,tick,1000.0,0.000
11038.3,g4,tick,29.0,0.587
11040.0,g1,tick,43.7,0.515
11040.0,g2,tick,1000.0,0.000
11044.2,g4,tick,31.6,0.550
11046.2,g1,tick,45.3,0.483
11046.2,g2,tick,1000.0,0.000
11059.7,g4,tick,32.9,0.516
11059.8,g1,tick,46.2,0.453
11059.8,g2,tick,1000.0,0.000
11059.8,g4,tick,33.5,0.483
11062.8,g1,tick,46.6,0.424
11062.8,g2,tick,1000.0,0.000
11068.3,g4,tick,33.9,0.453
11070.1,g1,tick,51.8,0.398
11070.1,g2,tick,1000.0,0.000
11075.1,g4,tick,39.0,0.425
11079.9,g1,tick,59.4,0.373
11079.9,g2,tick,1000.0,0.000
11082.4,g4,tick,46.6,0.398
11086.4,g1,tick,68.2,0.350
11086.4,g2,tick,1000.0,0.000
11088.3,g4,tick,55.4,0.373
11090.1,g1,tick,77.6,0.328
11090.2,g2,tick,1000.0,0.000
11095.6,g4,tick,64.8,0.350
11099.9,g1,tick,87.3,0.307
11099.9,g2,tick,1000.0,0.000
11101.5,g4,tick,74.5,0.328
11103.4,g1,tick,117.1,0.288
11103.4,g2,tick,1000.0,0.000
11105.4,g4,tick,104.3,0.308
11110.1,g1,tick,157.1,0.270
11110.1,g2,tick,1000.0,0.000
11112.0,g4,tick,144.3,0.288
11113.7,g1,tick,202.0,0.253
11113.7,g2,tick,1000.0,0.000
11115.1,g4,tick,189.2,0.270
11118.4,g1,tick,249.5,0.237
11118.5,g2,tick,1000.0,0.000
11123.6,g4,tick,236.7,0.254
11125.8,g1,tick,298.2,0.223
11125.8,g2,tick,1000.0,0.000
11128.5,g4,tick,285.4,0.238
11129.8,g1,tick,347.6,0.209
11129.8,g2,tick,1000.0,0.000
11131.2,g4,tick,334.8,0.223
11131.2,g1,cut,311.3,0.258
11135.4,g4,cut,297.5,0.271
11135.5,g4,cnp,297.5,0.271
11138.3,g1,tick,311.3,0.258
11138.3,g2,tick,1000.0,0.000
11138.3,g4,tick,297.5,0.271
11138.3,g1,cnp,311.3,0.258
11138.3,g1,tick,311.3,0.258
11138.3,g2,tick,1000.0,0.000
11139.7,g4,tick,316.2,0.254
11141.2,g1,tick,329.5,0.242
11141.2,g2,tick,1000.0,0.000
11143.9,g4,tick,325.5,0.239
11143.9,g1,cut,289.6,0.289
11143.9,g1,cnp,289.6,0.289
11146.7,g4,cut,286.7,0.286
11146.7,g4,cnp,286.7,0.286
11146.7,g4,cnp,286.7,0.286
11148.5,g1,tick,289.6,0.289
11148.5,g2,tick,1000.0,0.000
11148.5,g4,tick,286.7,0.286
11148.5,g1,cnp,289.6,0.289
11148.5,g1,cnp,289.6,0.289
11148.5,g4,cnp,286.7,0.286
11148.5,g1,tick,289.6,0.289
11148.5,g2,tick,1000.0,0.000
11148.5,g4,tick,286.7,0.286
11152.6,g1,tick,309.5,0.271
11152.6,g2,tick,1000.0,0.000
11155.0,g4,tick,306.1,0.268
11155.0,g1,cut,267.6,0.317
11155.0,g1,cnp,267.6,0.317
11155.0,g1,cnp,267.6,0.317
11157.6,g4,cut,265.0,0.314
11157.6,g4,cnp,265.0,0.314
11157.6,g4,cnp,265.0,0.314
11157.6,g4,cnp,265.0,0.314
11159.3,g1,tick,267.6,0.317
11159.3,g2,tick,1000.0,0.000
11159.3,g4,tick,265.0,0.314
11159.3,g1,cnp,267.6,0.317
11159.3,g1,cnp,267.6,0.317
11159.3,g4,cnp,265.0,0.314
11159.3,g1,tick,267.6,0.317
11159.3,g2,tick,1000.0,0.000
11159.3,g4,tick,265.0,0.314
11163.2,g1,tick,288.5,0.297
11163.2,g2,tick,1000.0,0.000
11164.6,g4,tick,285.5,0.294
11164.6,g1,cnp,288.5,0.297
11164.6,g1,cnp,288.5,0.297
11164.6,g4,cnp,285.5,0.294
11164.6,g4,cnp,285.5,0.294
11164.6,g1,tick,288.5,0.297
11164.6,g2,tick,1000.0,0.000
11164.6,g4,tick,285.5,0.294
11166.0,g1,tick,299.0,0.278
11166.0,g2,tick,1000.0,0.000
11173.1,g4,tick,295.8,0.276
11173.1,g1,cut,257.4,0.324
11173.2,g1,cnp,257.4,0.324
11173.2,g1,cnp,257.4,0.324
11173.2,g1,cnp,257.4,0.324
11174.8,g4,cut,255.0,0.321
11174.8,g4,cnp,255.0,0.321
11174.8,g4,cnp,255.0,0.321
11174.8,g4,cnp,255.0,0.321
11179.8,g1,tick,257.4,0.324
11179.8,g2,tick,1000.0,0.000
11179.8,g4,tick,255.0,0.321
11179.9,g1,cnp,257.4,0.324
11179.9,g1,cnp,257.4,0.324
11179.9,g4,cnp,255.0,0.321
11179.9,g1,tick,257.4,0.324
11179.9,g2,tick,1000.0,0.000
11179.9,g4,tick,255.0,0.321
11179.9,g1,cnp,257.4,0.324
11179.9,g1,tick,257.4,0.324
11179.9,g2,tick,1000.0,0.000
11181.7,g4,tick,275.4,0.301
11181.7,g4,cnp,275.4,0.301
11183.0,g1,tick,278.2,0.303
11183.0,g2,tick,1000.0,0.000
11183.0,g4,tick,275.4,0.301
11183.0,g1,cnp,278.2,0.303
11183.0,g1,tick,278.2,0.303
11183.0,g2,tick,1000.0,0.000
11184.6,g4,tick,285.6,0.282
11184.6,g4,cnp,285.6,0.282
11187.5,g1,tick,288.6,0.284
11187.5,g2,tick,1000.0,0.000
11187.5,g4,tick,285.6,0.282
11187.5,g1,cut,247.6,0.329
11189.2,g4,cut,245.3,0.327
11189.2,g4,cnp,245.3,0.327
11191.7,g1,tick,247.6,0.329
11191.7,g2,tick,1000.0,0.000
11191.7,g4,tick,245.3,0.327
11191.7,g1,cnp,247.6,0.329
11191.7,g1,tick,247.6,0.329
11191.7,g2,tick,1000.0,0.000
11194.5,g4,tick,265.5,0.307
11194.6,g1,cnp,247.6,0.329
11194.6,g1,cnp,247.6,0.329
11194.6,g4,cnp,265.5,0.307
11195.1,g1,tick,247.6,0.329
11195.1,g2,tick,1000.0,0.000
11195.1,g4,tick,265.5,0.307
11196.1,g4,cnp,265.5,0.307
11196.4,g1,cnp,247.6,0.329
11198.2,g4,cnp,265.5,0.307
11198.5,g1,cut,206.8,0.371
11200.0,g1,tick,206.8,0.371
11200.0,g2,tick,1000.0,0.000
11200.0,g4,tick,265.5,0.307
11201.7,g1,cnp,206.8,0.371
11201.7,g4,cut,224.7,0.350
11205.8,g1,tick,206.8,0.371
11205.8,g2,tick,1000.0,0.000
11205.8,g4,tick,224.7,0.350
11205.9,g1,cnp,206.8,0.371
11205.9,g1,cnp,206.8,0.371
11205.9,g4,cnp,224.7,0.350
11205.9,g4,cnp,224.7,0.350
11207.4,g1,cnp,206.8,0.371
11208.9,g4,cnp,224.7,0.350
11209.6,g1,cut,168.5,0.410
11215.0,g1,tick,168.5,0.410
11215.1,g2,tick,1000.0,0.000
11215.1,g4,tick,224.7,0.350
11215.1,g1,cnp,168.5,0.410
11215.1,g4,cut,185.4,0.391
11215.1,g4,cnp,185.4,0.391
11218.0,g1,tick,168.5,0.410
11218.0,g2,tick,1000.0,0.000
11218.0,g4,tick,185.4,0.391
11218.0,g1,cnp,168.5,0.410
11218.0,g1,cnp,168.5,0.410
11218.0,g4,cnp,185.4,0.391
11218.0,g4,cnp,185.4,0.391
11219.5,g4,cnp,185.4,0.391
11219.6,g1,cut,133.9,0.447
11222.9,g1,tick,133.9,0.447
11223.0,g2,tick,1000.0,0.000
11223.0,g4,tick,185.4,0.391
11223.0,g1,cnp,133.9,0.447
11223.0,g4,cnp,185.4,0.391
11224.4,g4,cnp,185.4,0.391
11225.5,g1,tick,133.9,0.447
11225.5,g2,tick,1000.0,0.000
11225.5,g4,tick,185.4,0.391
11226.6,g4,cut,149.2,0.429
11228.1,g1,cnp,133.9,0.447
11228.7,g4,cnp,149.2,0.429
11229.3,g1,cnp,133.9,0.447
11230.1,g1,tick,133.9,0.447
11230.1,g2,tick,1000.0,0.000
11230.1,g4,tick,149.2,0.429
11231.0,g4,cnp,149.2,0.429
11231.3,g1,cut,104.0,0.482
11233.6,g1,cnp,104.0,0.482
11233.9,g4,cnp,149.2,0.429
11235.1,g1,tick,104.0,0.482
11235.1,g2,tick,1000.0,0.000
11235.1,g4,tick,149.2,0.429
11236.4,g1,cnp,104.0,0.482
11236.4,g4,cnp,149.2,0.429
11238.3,g4,cut,117.2,0.464
11239.8,g1,cnp,104.0,0.482
11240.1,g1,tick,104.0,0.482
11240.1,g2,tick,1000.0,0.000
11240.1,g4,tick,117.2,0.464
11240.5,g1,cnp,104.0,0.482
11242.8,g4,cnp,117.2,0.464
11242.8,g1,cut,78.9,0.514
11246.1,g1,tick,78.9,0.514
11246.1,g2,tick,1000.0,0.000
11246.1,g4,tick,117.2,0.464
11246.1,g1,cnp,78.9,0.514
11248.4,g1,cnp,78.9,0.514
11248.4,g4,cut,90.0,0.498
11250.3,g1,tick,78.9,0.514
11250.3,g2,tick,1000.0,0.000
11250.4,g4,tick,90.0,0.498
11251.1,g1,cnp,78.9,0.514
11251.1,g4,cnp,90.0,0.498
11253.0,g4,cnp,90.0,0.498
11253.1,g1,cut,58.6,0.545
11255.1,g1,tick,58.6,0.545
11255.1,g2,tick,1000.0,0.000
11255.1,g4,tick,90.0,0.498
11255.2,g4,cnp,90.0,0.498
11255.4,g1,cnp,58.6,0.545
11260.5,g1,cnp,58.6,0.545
11260.5,g4,cut,67.6,0.529
11261.9,g1,tick,58.6,0.545
11261.9,g2,tick,1000.0,0.000
11261.9,g4,tick,67.6,0.529
11261.9,g1,cnp,58.6,0.545
11262.0,g4,cnp,67.6,0.529
11263.7,g1,cut,42.7,0.573
11265.3,g1,tick,42.7,0.573
11265.3,g2,tick,1000.0,0.000
11265.3,g4,tick,67.6,0.529
11265.3,g4,cnp,67.6,0.529
11266.7,g1,cnp,42.7,0.573
11266.8,g4,cnp,67.6,0.529
11268.8,g1,cnp,42.7,0.573
11268.9,g4,cnp,67.6,0.529
11270.0,g1,tick,42.7,0.573
11270.0,g2,tick,1000.0,0.000
11270.1,g4,tick,67.6,0.529
11271.5,g1,cnp,42.7,0.573
11271.5,g4,cut,49.7,0.559
11273.7,g1,cnp,42.7,0.573
11273.7,g4,cnp,49.7,0.559
11275.0,g4,cnp,49.7,0.559
11275.0,g1,tick,42.7,0.573
11275.0,g2,tick,1000.0,0.000
11275.0,g4,tick,49.7,0.559
11275.3,g1,cut,30.4,0.600
11279.4,g1,cnp,30.4,0.600
11279.5,g4,cnp,49.7,0.559
11279.5,g4,cnp,49.7,0.559
11279.6,g1,cnp,30.4,0.600
11280.1,g1,tick,30.4,0.600
11280.1,g2,tick,1000.0,0.000
11280.1,g4,tick,49.7,0.559
11281.3,g4,cnp,49.7,0.559
11281.6,g1,cnp,30.4,0.600
11283.9,g1,cnp,30.4,0.600
11283.9,g4,cut,35.8,0.586
11286.2,g1,tick,30.4,0.600
11286.2,g2,tick,1000.0,0.000
11286.2,g4,tick,35.8,0.586
11291.7,g1,tick,36.6,0.562
11291.7,g2,tick,1000.0,0.000
11294.3,g4,tick,42.8,0.550
11297.0,g1,tick,39.6,0.527
11297.0,g2,tick,1000.0,0.000
11298.5,g4,tick,46.2,0.515
11301.9,g1,tick,41.1,0.494
11301.9,g2,tick,1000.0,0.000
11305.3,g4,tick,48.0,0.483
11305.4,g1,tick,41.9,0.463
11305.4,g2,tick,1000.0,0.000
11305.4,g4,tick,48.8,0.453
11315.6,g1,tick,42.3,0.434
11315.6,g2,tick,1000.0,0.000
11317.2,g4,tick,49.3,0.425
11318.7,g1,tick,47.5,0.407
11318.7,g2,tick,1000.0,0.000
11321.3,g4,tick,54.5,0.398
11323.4,g1,tick,55.1,0.382
11323.4,g2,tick,1000.0,0.000
11325.4,g4,tick,62.1,0.373
11327.6,g1,tick,63.9,0.358
11327.6,g2,tick,1000.0,0.000
11333.0,g4,tick,70.9,0.350
11336.8,g1,tick,73.3,0.335
11336.8,g2,tick,1000.0,0.000
11341.5,g4,tick,80.3,0.328
11342.7,g1,tick,83.0,0.315
11342.7,g2,tick,1000.0,0.000
11344.0,g4,tick,90.0,0.307
11345.5,g1,tick,112.8,0.295
11345.5,g2,tick,1000.0,0.000
11348.3,g4,tick,119.8,0.288
11349.6,g1,tick,152.7,0.276
11349.6,g2,tick,1000.0,0.000
11351.2,g4,tick,159.8,0.270
11352.5,g1,tick,197.7,0.259
11352.5,g2,tick,1000.0,0.000
11354.0,g4,tick,204.7,0.253
11359.3,g1,tick,245.2,0.243
11359.3,g2,tick,1000.0,0.000
11361.1,g4,tick,252.2,0.238
11363.2,g1,tick,293.9,0.228
11363.2,g2,tick,1000.0,0.000
11364.5,g4,tick,301.0,0.223
11364.5,g4,cut,267.4,0.271
11367.5,g1,tick,343.3,0.214
11367.5,g2,tick,1000.0,0.000
11367.5,g4,tick,267.4,0.271
11367.5,g1,cut,306.6,0.263
11369.0,g1,cnp,306.6,0.263
11369.0,g4,cnp,267.4,0.271
11373.2,g1,cnp,306.6,0.263
11373.2,g4,cnp,267.4,0.271
11373.2,g1,tick,306.6,0.263
11373.2,g2,tick,1000.0,0.000
11373.2,g4,tick,267.4,0.271
11374.4,g4,cnp,267.4,0.271
11374.4,g1,cnp,306.6,0.263
11375.1,g1,tick,306.6,0.263
11375.1,g2,tick,1000.0,0.000
11375.1,g4,tick,267.4,0.271
11377.4,g1,cnp,306.6,0.263
11377.4,g4,cut,231.2,0.317
11379.5,g1,cut,266.4,0.309
11381.5,g1,tick,266.4,0.309
11381.5,g2,tick,1000.0,0.000
11381.5,g4,tick,231.2,0.317
11381.5,g4,cnp,231.2,0.317
11381.6,g1,cnp,266.4,0.309
11381.8,g4,cnp,231.2,0.317
11383.7,g1,cnp,266.4,0.309
11384.0,g4,cnp,231.2,0.317
11385.1,g1,tick,266.4,0.309
11385.1,g2,tick,1000.0,0.000
11385.1,g4,tick,231.2,0.317
11385.8,g1,cnp,266.4,0.309
11386.1,g4,cnp,231.2,0.317
11388.7,g1,cnp,266.4,0.309
11388.7,g4,cut,194.6,0.360
11393.0,g1,tick,266.4,0.309
11393.0,g2,tick,1000.0,0.000
11393.0,g4,tick,194.6,0.360
11393.0,g1,cut,225.2,0.352
11394.8,g4,cnp,194.6,0.360
11394.8,g4,cnp,194.6,0.360
11395.0,g1,cnp,225.2,0.352
11395.0,g4,cnp,194.6,0.360
11395.1,g1,tick,225.2,0.352
11395.1,g2,tick,1000.0,0.000
11395.1,g4,tick,194.6,0.360
11396.9,g1,cnp,225.2,0.352
11397.0,g4,cnp,194.6,0.360
11398.9,g1,cnp,225.2,0.352
11399.2,g4,cut,159.6,0.400
11402.4,g1,tick,225.2,0.352
11402.4,g2,tick,1000.0,0.000
11402.4,g4,tick,159.6,0.400
11402.4,g1,cnp,225.2,0.352
11402.5,g4,cnp,159.6,0.400
11403.3,g1,cut,185.6,0.392
11408.4,g1,tick,185.6,0.392
11408.4,g2,tick,1000.0,0.000
11408.4,g4,tick,159.6,0.400
11408.4,g1,cnp,185.6,0.392
11408.4,g1,cnp,185.6,0.392
11408.4,g4,cnp,159.6,0.400
11408.5,g4,cnp,159.6,0.400
11408.5,g4,cnp,159.6,0.400
11409.9,g4,cut,127.7,0.437
11414.3,g1,tick,185.6,0.392
11414.3,g2,tick,1000.0,0.000
11414.3,g4,tick,127.7,0.437
11414.3,g1,cut,149.2,0.430
11414.3,g1,cnp,149.2,0.430
11417.1,g4,cnp,127.7,0.437
11417.1,g4,cnp,127.7,0.437
11417.1,g4,cnp,127.7,0.437
11417.2,g1,tick,149.2,0.430
11417.2,g2,tick,1000.0,0.000
11417.2,g4,tick,127.7,0.437
11417.2,g1,cnp,149.2,0.430
11417.2,g1,cnp,149.2,0.430
11418.9,g1,cnp,149.2,0.430
11419.1,g4,cnp,127.7,0.437
11421.8,g1,cnp,149.2,0.430
11421.8,g4,cut,99.8,0.472
11423.4,g1,tick,149.2,0.430
11423.4,g2,tick,1000.0,0.000
11423.4,g4,tick,99.8,0.472
11423.4,g1,cnp,149.2,0.430
11423.4,g4,cnp,99.8,0.472
11425.1,g1,tick,149.2,0.430
11425.1,g2,tick,1000.0,0.000
11425.1,g4,tick,99.8,0.472
11425.1,g1,cut,117.1,0.466
11426.4,g4,cnp,99.8,0.472
11428.1,g1,cnp,117.1,0.466
11428.1,g4,cnp,99.8,0.472
11430.4,g1,cnp,117.1,0.466
11430.4,g4,cnp,99.8,0.472
11430.4,g1,tick,117.1,0.466
11430.4,g2,tick,1000.0,0.000
11430.4,g4,tick,99.8,0.472
11434.4,g1,cnp,117.1,0.466
11434.4,g4,cut,76.2,0.505
11436.0,g1,tick,117.1,0.466
11436.0,g2,tick,1000.0,0.000
11436.0,g4,tick,76.2,0.505
11436.6,g1,cut,89.8,0.499
11439.4,g4,cnp,76.2,0.505
11439.4,g4,cnp,76.2,0.505
11439.4,g1,cnp,89.8,0.499
11440.1,g1,tick,89.8,0.499
11440.1,g2,tick,1000.0,0.000
11440.1,g4,tick,76.2,0.505
11440.9,g1,cnp,89.8,0.499
11440.9,g4,cnp,76.2,0.505
11442.9,g4,cnp,76.2,0.505
11443.1,g1,cnp,89.8,0.499
11445.0,g4,cut,57.0,0.536
11446.6,g1,tick,89.8,0.499
11446.6,g2,tick,1000.0,0.000
11446.6,g4,tick,57.0,0.536
11446.6,g1,cut,67.4,0.531
11448.4,g1,cnp,67.4,0.531
11448.4,g4,cnp,57.0,0.536
11449.1,g4,cnp,57.0,0.536
11449.2,g1,cnp,67.4,0.531
11450.1,g1,tick,67.4,0.531
11450.1,g2,tick,1000.0,0.000
11450.1,g4,tick,57.0,0.536
11451.2,g4,cnp,57.0,0.536
11451.3,g1,cnp,67.4,0.531
11453.3,g4,cnp,57.0,0.536
11453.5,g1,cnp,67.4,0.531
11455.1,g1,tick,67.4,0.531
11455.1,g2,tick,1000.0,0.000
11455.1,g4,tick,57.0,0.536
11455.7,g4,cut,41.7,0.565
11457.3,g1,cut,49.5,0.560
11459.0,g1,cnp,49.5,0.560
11459.0,g4,cnp,41.7,0.565
11459.9,g4,cnp,41.7,0.565
11460.0,g1,cnp,49.5,0.560
11460.1,g1,tick,49.5,0.560
11460.1,g2,tick,1000.0,0.000
11460.1,g4,tick,41.7,0.565
11464.3,g1,cnp,49.5,0.560
11464.3,g4,cnp,41.7,0.565
11465.1,g1,tick,49.5,0.560
11465.2,g2,tick,1000.0,0.000
11465.2,g4,tick,41.7,0.565
11468.4,g1,cut,35.6,0.588
11471.1,g4,cut,29.9,0.592
11471.1,g4,cnp,29.9,0.592
11473.2,g1,tick,35.6,0.588
11473.2,g2,tick,1000.0,0.000
11473.2,g4,tick,29.9,0.592
11473.2,g1,cnp,35.6,0.588
11475.1,g1,tick,35.6,0.588
11475.1,g2,tick,1000.0,0.000
11477.5,g4,tick,35.8,0.555
11481.6,g1,tick,42.6,0.551
11481.6,g2,tick,1000.0,0.000
11483.1,g4,tick,38.8,0.521
11487.8,g1,tick,46.0,0.516
11487.8,g2,tick,1000.0,0.000
11491.5,g4,tick,40.2,0.488
11493.2,g1,tick,47.8,0.484
11493.2,g2,tick,1000.0,0.000
11493.2,g4,tick,41.0,0.458
11495.1,g1,tick,48.6,0.454
11495.1,g2,tick,1000.0,0.000
11496.5,g4,tick,41.3,0.429
11503.8,g1,tick,49.1,0.425
11503.8,g2,tick,1000.0,0.000
11506.1,g4,tick,46.5,0.402
11507.8,g1,tick,54.3,0.399
11507.8,g2,tick,1000.0,0.000
11509.1,g4,tick,54.1,0.377
11513.6,g1,tick,61.9,0.374
11513.6,g2,tick,1000.0,0.000
11516.0,g4,tick,62.9,0.353
11517.6,g1,tick,70.7,0.351
11517.6,g2,tick,1000.0,0.000
11522.3,g4,tick,72.3,0.331
11524.0,g1,tick,80.1,0.329
11524.0,g2,tick,1000.0,0.000
11525.5,g4,tick,82.0,0.311
11527.9,g1,tick,89.8,0.308
11527.9,g2,tick,1000.0,0.000
11529.9,g4,tick,111.8,0.291
11532.2,g1,tick,119.6,0.289
11532.2,g2,tick,1000.0,0.000
11537.2,g4,tick,151.8,0.273
11540.9,g1,tick,159.6,0.271
11540.9,g2,tick,1000.0,0.000
11546.0,g4,tick,196.7,0.256
11550.9,g1,tick,204.5,0.254
11550.9,g2,tick,1000.0,0.000
11552.6,g4,tick,244.2,0.240
11555.0,g1,tick,252.0,0.238
11555.1,g2,tick,1000.0,0.000
11560.6,g4,tick,293.0,0.225
11560.6,g1,cut,222.0,0.286
11563.2,g4,cut,260.0,0.273
11563.2,g4,cnp,260.0,0.273
11564.5,g1,tick,222.0,0.286
11564.5,g2,tick,1000.0,0.000
11564.5,g4,tick,260.0,0.273
11564.5,g1,cnp,222.0,0.286
11564.5,g1,tick,222.0,0.286
11564.5,g2,tick,1000.0,0.000
11566.4,g4,tick,276.5,0.256
11569.9,g1,tick,237.0,0.268
11569.9,g2,tick,1000.0,0.000
11571.2,g4,tick,284.7,0.240
11571.2,g1,cut,205.3,0.314
11573.8,g4,cut,250.5,0.288
11573.8,g4,cnp,250.5,0.288
11575.4,g1,tick,205.3,0.314
11575.4,g2,tick,1000.0,0.000
11575.4,g4,tick,250.5,0.288
11575.4,g1,cnp,205.3,0.314
11575.4,g1,cnp,205.3,0.314
11575.4,g4,cnp,250.5,0.288
11575.4,g1,tick,205.3,0.314
11575.4,g2,tick,1000.0,0.000
11575.5,g4,tick,250.5,0.288
11579.3,g1,tick,221.2,0.294
11579.3,g2,tick,1000.0,0.000
11581.7,g4,tick,267.6,0.270
11581.7,g1,cut,188.6,0.338
11581.7,g1,cnp,188.6,0.338
11581.7,g1,cnp,188.6,0.338
11584.9,g4,cut,231.5,0.315
11584.9,g4,cnp,231.5,0.315
11584.9,g4,cnp,231.5,0.315
11584.9,g4,cnp,231.5,0.315
11586.5,g1,tick,188.6,0.338
11586.5,g2,tick,1000.0,0.000
11586.5,g4,tick,231.5,0.315
11586.5,g1,cnp,188.6,0.338
11586.5,g1,cnp,188.6,0.338
11586.5,g4,cnp,231.5,0.315
11586.5,g1,tick,188.6,0.338
11586.5,g2,tick,1000.0,0.000
11586.6,g4,tick,231.5,0.315
11587.5,g1,cnp,188.6,0.338
11587.6,g4,cnp,231.5,0.315
11589.7,g1,cnp,188.6,0.338
11589.8,g4,cnp,231.5,0.315
11590.9,g1,tick,188.6,0.338
11590.9,g2,tick,1000.0,0.000
11590.9,g4,tick,231.5,0.315
11592.9,g1,cut,156.8,0.379
11594.2,g4,cnp,231.5,0.315
11594.2,g4,cnp,231.5,0.315
11594.3,g1,cnp,156.8,0.379
11595.5,g1,tick,156.8,0.379
11595.5,g2,tick,1000.0,0.000
11595.5,g4,tick,231.5,0.315
11597.3,g1,cnp,156.8,0.379
11597.3,g4,cut,195.0,0.358
11600.6,g1,tick,156.8,0.379
11600.6,g2,tick,1000.0,0.000
11600.6,g4,tick,195.0,0.358
11600.6,g1,cnp,156.8,0.379
11600.6,g4,cnp,195.0,0.358
11600.7,g1,cnp,156.8,0.379
11600.7,g4,cnp,195.0,0.358
11603.4,g1,cut,127.0,0.418
11605.8,g1,tick,127.0,0.418
11605.8,g2,tick,1000.0,0.000
11605.8,g4,tick,195.0,0.358
11605.8,g1,cnp,127.0,0.418
11605.8,g4,cnp,195.0,0.358
11605.8,g4,cnp,195.0,0.358
11607.6,g4,cut,160.1,0.398
11609.3,g1,cnp,127.0,0.418
11609.8,g4,cnp,160.1,0.398
11609.9,g1,cnp,127.0,0.418
11610.1,g1,tick,127.0,0.418
11610.1,g2,tick,1000.0,0.000
11610.1,g4,tick,160.1,0.398
11612.3,g1,cnp,127.0,0.418
11612.3,g4,cnp,160.1,0.398
11614.6,g4,cnp,160.1,0.398
11614.6,g1,cut,100.5,0.455
11617.4,g1,tick,100.5,0.455
11617.4,g2,tick,1000.0,0.000
11617.4,g4,tick,160.1,0.398
11617.5,g1,cnp,100.5,0.455
11617.5,g4,cnp,160.1,0.398
11619.3,g1,cnp,100.5,0.455
11619.3,g4,cut,128.2,0.436
11621.2,g1,tick,100.5,0.455
11621.2,g2,tick,1000.0,0.000
11621.2,g4,tick,128.2,0.436
11621.6,g1,cnp,100.5,0.455
11621.6,g4,cnp,128.2,0.436
11623.6,g1,cnp,100.5,0.455
11623.7,g4,cnp,128.2,0.436
11625.1,g1,tick,100.5,0.455
11625.1,g2,tick,1000.0,0.000
11625.1,g4,tick,128.2,0.436
11627.1,g1,cut,77.6,0.489
11630.2,g4,cut,100.3,0.471
11630.2,g4,cnp,100.3,0.471
11631.6,g1,tick,77.6,0.489
11631.6,g2,tick,1000.0,0.000
11631.6,g4,tick,100.3,0.471
11631.6,g1,cnp,77.6,0.489
11631.9,g4,cnp,100.3,0.471
11632.0,g1,cnp,77.6,0.489
11634.1,g1,cnp,77.6,0.489
11634.1,g4,cnp,100.3,0.471
11635.1,g1,tick,77.6,0.489
11635.1,g2,tick,1000.0,0.000
11635.1,g4,tick,100.3,0.471
11636.8,g1,cnp,77.6,0.489
11636.9,g4,cnp,100.3,0.471
11639.4,g1,cut,58.7,0.521
11640.8,g1,tick,58.7,0.521
11640.8,g2,tick,1000.0,0.000
11640.8,g4,tick,100.3,0.471
11640.8,g4,cut,76.6,0.504
11642.2,g1,cnp,58.7,0.521
11642.2,g4,cnp,76.6,0.504
11643.8,g1,cnp,58.7,0.521
11643.9,g4,cnp,76.6,0.504
11645.1,g1,tick,58.7,0.521
11645.1,g2,tick,1000.0,0.000
11645.1,g4,tick,76.6,0.504
11645.9,g1,cnp,58.7,0.521
11646.1,g4,cnp,76.6,0.504
11648.2,g1,cnp,58.7,0.521
11648.3,g4,cnp,76.6,0.504
11650.5,g1,cut,43.4,0.551
11652.0,g4,cut,57.3,0.535
11653.9,g1,tick,43.4,0.551
11653.9,g2,tick,1000.0,0.000
11653.9,g4,tick,57.3,0.535
11653.9,g1,cnp,43.4,0.551
11653.9,g4,cnp,57.3,0.535
11654.6,g4,cnp,57.3,0.535
11654.7,g1,cnp,43.4,0.551
11655.1,g1,tick,43.4,0.551
11655.1,g2,tick,1000.0,0.000
11655.1,g4,tick,57.3,0.535
11656.6,g4,cnp,57.3,0.535
11656.7,g1,cnp,43.4,0.551
11659.5,g4,cnp,57.3,0.535
11659.6,g1,cnp,43.4,0.551
11660.1,g1,tick,43.4,0.551
11660.1,g2,tick,1000.0,0.000
11660.1,g4,tick,57.3,0.535
11660.8,g4,cnp,57.3,0.535
11661.8,g1,cut,31.4,0.579
11665.3,g1,tick,31.4,0.579
11665.3,g2,tick,1000.0,0.000
11665.3,g4,tick,57.3,0.535
11665.3,g1,cnp,31.4,0.579
11665.3,g4,cut,42.0,0.564
11667.2,g4,cnp,42.0,0.564
11670.1,g1,tick,31.4,0.579
11670.1,g2,tick,1000.0,0.000
11670.1,g4,tick,42.0,0.564
11676.4,g1,tick,37.4,0.543
11676.4,g2,tick,1000.0,0.000
11679.5,g4,tick,49.6,0.529
11684.5,g1,tick,40.4,0.509
11684.5,g2,tick,1000.0,0.000
11685.8,g4,tick,53.5,0.496
11687.3,g1,tick,41.9,0.477
11687.3,g2,tick,1000.0,0.000
11689.1,g4,tick,55.4,0.465
11690.5,g1,tick,42.6,0.447
11690.6,g2,tick,1000.0,0.000
11690.6,g4,tick,56.4,0.436
11697.2,g1,tick,43.0,0.419
11697.2,g2,tick,1000.0,0.000
11698.7,g4,tick,56.8,0.409
11701.4,g1,tick,48.2,0.393
11701.4,g2,tick,1000.0,0.000
11702.6,g4,tick,62.1,0.383
11709.0,g1,tick,55.8,0.368
11709.0,g2,tick,1000.0,0.000
11712.6,g4,tick,69.7,0.359
11717.7,g1,tick,64.6,0.345
11717.7,g2,tick,1000.0,0.000
11719.4,g4,tick,78.5,0.337
11721.7,g1,tick,74.0,0.324
11721.7,g2,tick,1000.0,0.000
11724.1,g4,tick,87.9,0.316
11725.6,g1,tick,83.7,0.304
11725.6,g2,tick,1000.0,0.000
11727.1,g4,tick,97.6,0.296
11730.6,g1,tick,113.5,0.285
11730.6,g2,tick,1000.0,0.000
11732.2,g4,tick,127.5,0.277
11736.5,g1,tick,153.5,0.267
11736.5,g2,tick,1000.0,0.000
11737.8,g4,tick,167.4,0.260
11739.5,g1,tick,198.4,0.250
11739.6,g2,tick,1000.0,0.000
11741.2,g4,tick,212.3,0.244
11744.0,g1,tick,245.9,0.234
11744.0,g2,tick,1000.0,0.000
11746.3,g4,tick,259.8,0.229
11749.6,g1,tick,294.6,0.220
11749.7,g2,tick,1000.0,0.000
11751.1,g4,tick,308.6,0.214
11754.8,g1,tick,344.0,0.206
11754.8,g2,tick,1000.0,0.000
11757.3,g4,tick,357.9,0.201
11757.3,g1,cut,308.6,0.256
11758.7,g4,cut,322.0,0.251
11758.7,g4,cnp,322.0,0.251
11761.2,g1,tick,308.6,0.256
11761.2,g2,tick,1000.0,0.000
11761.2,g4,tick,322.0,0.251
11761.2,g1,cnp,308.6,0.256
11761.2,g4,cnp,322.0,0.251
11761.2,g1,tick,308.6,0.256
11761.2,g2,tick,1000.0,0.000
11761.2,g4,tick,322.0,0.251
11762.4,g1,cnp,308.6,0.256
11762.5,g4,cnp,322.0,0.251
11764.7,g1,cnp,308.6,0.256
11764.8,g4,cnp,322.0,0.251
11765.0,g1,tick,308.6,0.256
11765.0,g2,tick,1000.0,0.000
11765.0,g4,tick,322.0,0.251
11767.3,g1,cnp,308.6,0.256
11767.3,g4,cnp,322.0,0.251
11770.0,g1,cut,269.1,0.302
11774.5,g1,tick,269.1,0.302
11774.5,g2,tick,1000.0,0.000
11774.5,g4,tick,322.0,0.251
11774.5,g1,cnp,269.1,0.302
11774.5,g1,cnp,269.1,0.302
11774.5,g4,cut,281.6,0.298
11774.5,g4,cnp,281.6,0.298
11774.5,g4,cnp,281.6,0.298
11776.1,g1,tick,269.1,0.302
11776.1,g2,tick,1000.0,0.000
11776.1,g4,tick,281.6,0.298
11777.4,g1,cnp,269.1,0.302
11777.4,g4,cnp,281.6,0.298
11780.7,g1,cut,228.5,0.346
11787.5,g4,cut,239.7,0.342
11787.5,g4,cnp,239.7,0.342
11787.5,g4,cnp,239.7,0.342
11787.5,g4,cnp,239.7,0.342
11789.5,g1,tick,228.5,0.346
11789.5,g2,tick,1000.0,0.000
11789.5,g4,tick,239.7,0.342
11789.6,g1,cnp,228.5,0.346
11789.6,g1,cnp,228.5,0.346
11789.6,g1,cnp,228.5,0.346
11789.6,g1,cnp,228.5,0.346
11789.6,g4,cnp,239.7,0.342
11789.6,g1,tick,228.5,0.346
11789.6,g2,tick,1000.0,0.000
11789.6,g4,tick,239.7,0.342
11792.7,g1,tick,248.8,0.324
11792.7,g2,tick,1000.0,0.000
11794.0,g4,tick,260.6,0.320
11794.0,g1,cut,208.5,0.366
11795.4,g4,cnp,260.6,0.320
11795.4,g4,cnp,260.6,0.320
11795.4,g1,tick,208.5,0.366
11795.4,g2,tick,1000.0,0.000
11795.4,g4,tick,260.6,0.320
11795.4,g1,cnp,208.5,0.366
11796.5,g4,cnp,260.6,0.320
11796.5,g1,cnp,208.5,0.366
11798.5,g4,cut,218.9,0.363
11802.0,g1,tick,208.5,0.366
11802.0,g2,tick,1000.0,0.000
11802.0,g4,tick,218.9,0.363
11802.0,g1,cnp,208.5,0.366
11802.0,g1,cnp,208.5,0.366
11802.0,g4,cnp,218.9,0.363
11802.6,g4,cnp,218.9,0.363
11802.8,g1,cnp,208.5,0.366
11804.7,g4,cnp,218.9,0.363
11805.0,g1,cut,170.3,0.406
11808.7,g1,tick,170.3,0.406
11808.7,g2,tick,1000.0,0.000
11808.7,g4,tick,218.9,0.363
11808.7,g1,cnp,170.3,0.406
11808.7,g4,cut,179.2,0.403
11810.4,g1,tick,170.3,0.406
11810.4,g2,tick,1000.0,0.000
11810.4,g4,tick,179.2,0.403
11810.4,g1,cnp,170.3,0.406
11810.4,g4,cnp,179.2,0.403
11811.5,g1,cnp,170.3,0.406
11811.5,g4,cnp,179.2,0.403
11813.5,g4,cnp,179.2,0.403
11813.6,g1,cnp,170.3,0.406
11815.1,g1,tick,170.3,0.406
11815.1,g2,tick,1000.0,0.000
11815.1,g4,tick,179.2,0.403
11815.6,g4,cnp,179.2,0.403
11816.1,g1,cut,135.7,0.443
11818.1,g1,cnp,135.7,0.443
11818.1,g4,cnp,179.2,0.403
11820.1,g1,tick,135.7,0.443
11820.1,g2,tick,1000.0,0.000
11820.1,g4,tick,179.2,0.403
11820.2,g4,cut,143.1,0.440
11821.8,g1,cnp,135.7,0.443
11824.2,g1,cnp,135.7,0.443
11824.2,g4,cnp,143.1,0.440
11824.4,g4,cnp,143.1,0.440
11825.1,g1,tick,135.7,0.443
11825.1,g2,tick,1000.0,0.000
11825.1,g4,tick,143.1,0.440
11827.6,g1,cut,105.6,0.478
11830.6,g1,tick,105.6,0.478
11830.6,g2,tick,1000.0,0.000
11832.5,g4,tick,161.2,0.412
11832.5,g1,cnp,105.6,0.478
11832.5,g1,cnp,105.6,0.478
11832.5,g4,cut,127.9,0.449
11832.5,g4,cnp,127.9,0.449
11832.5,g4,cnp,127.9,0.449
11834.1,g1,cnp,105.6,0.478
11834.1,g4,cnp,127.9,0.449
11835.1,g1,tick,105.6,0.478
11835.1,g2,tick,1000.0,0.000
11835.1,g4,tick,127.9,0.449
11835.9,g1,cnp,105.6,0.478
11836.1,g4,cnp,127.9,0.449
11838.1,g1,cut,80.4,0.511
11840.9,g1,tick,80.4,0.511
11840.9,g2,tick,1000.0,0.000
11840.9,g4,tick,127.9,0.449
11840.9,g1,cnp,80.4,0.511
11840.9,g4,cnp,127.9,0.449
11840.9,g4,cnp,127.9,0.449
11842.3,g1,cnp,80.4,0.511
11844.1,g4,cut,99.2,0.484
11845.5,g1,tick,80.4,0.511
11845.5,g2,tick,1000.0,0.000
11845.5,g4,tick,99.2,0.484
11845.5,g1,cnp,80.4,0.511
11846.6,g1,cnp,80.4,0.511
11846.6,g4,cnp,99.2,0.484
11848.5,g1,cut,59.9,0.541
11850.1,g4,cnp,99.2,0.484
11850.1,g1,tick,59.9,0.541
11850.1,g2,tick,1000.0,0.000
11850.1,g4,tick,99.2,0.484
11850.4,g4,cnp,99.2,0.484
11850.5,g1,cnp,59.9,0.541
11853.2,g4,cnp,99.2,0.484
11853.2,g1,cnp,59.9,0.541
11855.1,g1,tick,59.9,0.541
11855.1,g2,tick,1000.0,0.000
11855.1,g4,tick,99.2,0.484
11856.6,g4,cut,75.2,0.516
11859.2,g1,cut,43.7,0.570
11859.2,g1,cnp,43.7,0.570
11860.6,g4,cnp,75.2,0.516
11860.6,g1,tick,43.7,0.570
11860.6,g2,tick,1000.0,0.000
11860.6,g4,tick,75.2,0.516
11860.7,g4,cnp,75.2,0.516
11860.9,g1,cnp,43.7,0.570
11862.8,g4,cnp,75.2,0.516
11862.9,g1,cnp,43.7,0.570
11865.1,g1,tick,43.7,0.570
11865.1,g2,tick,1000.0,0.000
11865.1,g4,tick,75.2,0.516
11866.7,g1,cnp,43.7,0.570
11866.7,g4,cut,55.8,0.546
11871.2,g1,tick,43.7,0.570
11871.2,g2,tick,1000.0,0.000
11871.2,g4,tick,55.8,0.546
11871.2,g1,cut,31.2,0.597
11871.2,g1,cnp,31.2,0.597
11872.8,g4,cnp,55.8,0.546
11872.8,g4,cnp,55.8,0.546
11872.8,g4,cnp,55.8,0.546
11873.3,g1,cnp,31.2,0.597
11874.8,g4,cnp,55.8,0.546
11875.1,g1,tick,31.2,0.597
11875.1,g2,tick,1000.0,0.000
11875.1,g4,tick,55.8,0.546
11875.3,g1,cnp,31.2,0.597
11876.9,g4,cut,40.6,0.574
11878.8,g1,cnp,31.2,0.597
11879.1,g4,cnp,40.6,0.574
11880.1,g1,tick,31.2,0.597
11880.1,g2,tick,1000.0,0.000
11880.1,g4,tick,40.6,0.574
11891.4,g1,tick,37.4,0.559
11891.4,g2,tick,1000.0,0.000
11897.0,g4,tick,48.2,0.539
11898.6,g1,tick,40.6,0.524
11898.6,g2,tick,1000.0,0.000
11900.6,g4,tick,52.0,0.505
11902.2,g1,tick,42.1,0.492
11902.2,g2,tick,1000.0,0.000
11903.6,g4,tick,53.9,0.473
11903.6,g1,tick,42.9,0.461
11903.6,g2,tick,1000.0,0.000
11903.6,g4,tick,54.9,0.444
11908.0,g1,tick,43.3,0.432
11908.0,g2,tick,1000.0,0.000
11909.7,g4,tick,55.3,0.416
11911.4,g1,tick,48.5,0.405
11911.5,g2,tick,1000.0,0.000
11913.6,g4,tick,60.6,0.390
11918.5,g1,tick,56.1,0.380
11918.5,g2,tick,1000.0,0.000
11920.1,g4,tick,68.2,0.366
11921.6,g1,tick,64.9,0.356
11921.6,g2,tick,1000.0,0.000
11923.2,g4,tick,77.0,0.343
11926.6,g1,tick,74.3,0.334
11926.6,g2,tick,1000.0,0.000
11929.2,g4,tick,86.4,0.321
11932.4,g1,tick,84.0,0.313
11932.5,g2,tick,1000.0,0.000
11934.0,g4,tick,96.1,0.301
11937.3,g1,tick,113.8,0.293
11937.3,g2,tick,1000.0,0.000
11938.7,g4,tick,126.0,0.282
11941.7,g1,tick,153.7,0.275
11941.7,g2,tick,1000.0,0.000
11943.2,g4,tick,165.9,0.265
11950.5,g1,tick,198.7,0.258
11950.5,g2,tick,1000.0,0.000
11952.5,g4,tick,210.9,0.248
11954.7,g1,tick,246.2,0.242
11954.7,g2,tick,1000.0,0.000
11956.8,g4,tick,258.3,0.233
11958.5,g1,tick,294.9,0.227
11958.5,g2,tick,1000.0,0.000
11961.3,g4,tick,307.1,0.218
11961.3,g1,cut,261.5,0.275
11962.9,g1,tick,261.5,0.275
11962.9,g2,tick,1000.0,0.000
11964.4,g4,tick,356.5,0.205
11964.4,g1,cnp,261.5,0.275
11964.4,g4,cut,320.0,0.254
11965.7,g1,tick,261.5,0.275
11965.7,g2,tick,1000.0,0.000
11965.7,g4,tick,320.0,0.254
11965.7,g1,cnp,261.5,0.275
11965.7,g4,cnp,320.0,0.254
11968.3,g1,cnp,261.5,0.275
11968.4,g4,cnp,320.0,0.254
11970.1,g1,tick,261.5,0.275
11970.1,g2,tick,1000.0,0.000
11970.1,g4,tick,320.0,0.254
11970.4,g1,cnp,261.5,0.275
11970.5,g4,cnp,320.0,0.254
11972.5,g1,cut,225.5,0.320
11974.2,g4,cnp,320.0,0.254
11974.6,g1,cnp,225.5,0.320
11974.6,g4,cut,279.3,0.301
11977.9,g1,tick,225.5,0.320
11977.9,g2,tick,1000.0,0.000
11977.9,g4,tick,279.3,0.301
11977.9,g1,cnp,225.5,0.320
11977.9,g4,cnp,279.3,0.301
11978.7,g4,cnp,279.3,0.301
11978.8,g1,cnp,225.5,0.320
11980.5,g1,tick,225.5,0.320
11980.5,g2,tick,1000.0,0.000
11980.5,g4,tick,279.3,0.301
11980.8,g1,cnp,225.5,0.320
11980.9,g4,cnp,279.3,0.301
11983.6,g1,cut,189.4,0.363
11984.9,g4,cut,237.3,0.345
11986.3,g1,tick,189.4,0.363
11986.3,g2,tick,1000.0,0.000
11986.3,g4,tick,237.3,0.345
11986.4,g1,cnp,189.4,0.363
11986.4,g4,cnp,237.3,0.345
11988.5,g1,cnp,189.4,0.363
11988.5,g4,cnp,237.3,0.345
11990.1,g1,tick,189.4,0.363
11990.1,g2,tick,1000.0,0.000
11990.1,g4,tick,237.3,0.345
11991.5,g1,cnp,189.4,0.363
11991.5,g4,cnp,237.3,0.345
11993.9,g1,cut,155.1,0.403
11999.1,g1,tick,155.1,0.403
11999.1,g2,tick,1000.0,0.000
11999.1,g4,tick,237.3,0.345
11999.2,g1,cnp,155.1,0.403
11999.2,g1,cnp,155.1,0.403
11999.2,g4,cut,196.4,0.386
11999.2,g4,cnp,196.4,0.386
11999.2,g4,cnp,196.4,0.386
12001.7,g1,tick,155.1,0.403
12001.7,g2,tick,1000.0,0.000
12001.7,g4,tick,196.4,0.386
12001.7,g1,cnp,155.1,0.403
12001.7,g4,cnp,196.4,0.386
12004.0,g1,cut,123.9,0.440
12007.8,g4,cnp,196.4,0.386
12007.8,g4,cnp,196.4,0.386
12007.8,g1,tick,123.9,0.440
12007.8,g2,tick,1000.0,0.000
12007.8,g4,tick,196.4,0.386
12007.8,g1,cnp,123.9,0.440
12008.2,g1,cnp,123.9,0.440
12009.3,g4,cut,158.6,0.424
12013.6,g1,tick,123.9,0.440
12013.6,g2,tick,1000.0,0.000
12013.6,g4,tick,158.6,0.424
12013.6,g1,cnp,123.9,0.440
12013.6,g1,cnp,123.9,0.440
12013.6,g4,cnp,158.6,0.424
12015.0,g4,cnp,158.6,0.424
12015.0,g1,tick,123.9,0.440
12015.1,g2,tick,1000.0,0.000
12015.1,g4,tick,158.6,0.424
12015.2,g1,cut,96.6,0.475
12017.2,g4,cnp,158.6,0.424
12017.9,g1,cnp,96.6,0.475
12019.4,g4,cut,124.9,0.460
12021.4,g1,tick,96.6,0.475
12021.4,g2,tick,1000.0,0.000
12021.4,g4,tick,124.9,0.460
12021.4,g1,cnp,96.6,0.475
12021.5,g4,cnp,124.9,0.460
12023.6,g1,cnp,96.6,0.475
12023.6,g4,cnp,124.9,0.460
12025.1,g1,tick,96.6,0.475
12025.1,g2,tick,1000.0,0.000
12025.1,g4,tick,124.9,0.460
12025.7,g4,cnp,124.9,0.460
12026.0,g1,cut,73.7,0.508
12028.7,g4,cnp,124.9,0.460
12029.0,g1,cnp,73.7,0.508
12030.0,g4,cut,96.2,0.494
12031.9,g1,tick,73.7,0.508
12031.9,g2,tick,1000.0,0.000
12031.9,g4,tick,96.2,0.494
12031.9,g1,cnp,73.7,0.508
12033.0,g4,cnp,96.2,0.494
12033.5,g1,cnp,73.7,0.508
12035.1,g4,cnp,96.2,0.494
12035.1,g1,tick,73.7,0.508
12035.1,g2,tick,1000.0,0.000
12035.1,g4,tick,96.2,0.494
12035.8,g1,cnp,73.7,0.508
12037.1,g4,cnp,96.2,0.494
12037.9,g1,cut,55.0,0.539
12041.1,g1,tick,55.0,0.539
12041.1,g2,tick,1000.0,0.000
12041.1,g4,tick,96.2,0.494
12041.1,g1,cnp,55.0,0.539
12041.1,g4,cut,72.5,0.525
12043.2,g1,cnp,55.0,0.539
12043.3,g4,cnp,72.5,0.525
12043.3,g4,cnp,72.5,0.525
12045.1,g1,tick,55.0,0.539
12045.1,g2,tick,1000.0,0.000
12045.1,g4,tick,72.5,0.525
12046.1,g4,cnp,72.5,0.525
12046.1,g1,cnp,55.0,0.539
12048.0,g4,cnp,72.5,0.525
12048.1,g1,cut,40.2,0.567
12050.1,g1,tick,40.2,0.567
12050.1,g2,tick,1000.0,0.000
12050.1,g4,tick,72.5,0.525
12050.3,g1,cnp,40.2,0.567
12050.3,g4,cnp,72.5,0.525
12052.6,g1,cnp,40.2,0.567
12052.6,g4,cut,53.4,0.555
12054.4,g1,cnp,40.2,0.567
12054.5,g4,cnp,53.4,0.555
12055.1,g1,tick,40.2,0.567
12055.1,g2,tick,1000.0,0.000
12055.1,g4,tick,53.4,0.555
12056.6,g1,cnp,40.2,0.567
12056.7,g4,cnp,53.4,0.555
12059.5,g1,cut,28.8,0.594
12061.8,g4,cnp,53.4,0.555
12061.8,g4,cnp,53.4,0.555
12061.8,g1,tick,28.8,0.594
12061.8,g2,tick,1000.0,0.000
12061.8,g4,tick,53.4,0.555
12061.8,g1,cnp,28.8,0.594
12063.7,g4,cut,38.6,0.583
12066.3,g1,tick,28.8,0.594
12066.3,g2,tick,1000.0,0.000
12066.3,g4,tick,38.6,0.583
12072.6,g1,tick,34.5,0.557
12072.6,g2,tick,1000.0,0.000
12073.9,g4,tick,46.0,0.546
12079.4,g1,tick,37.3,0.522
12079.4,g2,tick,1000.0,0.000
12081.6,g4,tick,49.7,0.512
12083.1,g1,tick,38.7,0.490
12083.1,g2,tick,1000.0,0.000
12085.4,g4,tick,51.6,0.480
12085.5,g1,tick,39.5,0.459
12085.5,g2,tick,1000.0,0.000
12085.5,g4,tick,52.5,0.450
12092.0,g1,tick,39.8,0.430
12092.0,g2,tick,1000.0,0.000
12094.1,g4,tick,53.0,0.422
12097.2,g1,tick,45.0,0.404
12097.2,g2,tick,1000.0,0.000
12099.7,g4,tick,58.2,0.396
12102.6,g1,tick,52.6,0.378
12102.6,g2,tick,1000.0,0.000
12104.9,g4,tick,65.8,0.371
12106.7,g1,tick,61.4,0.355
12106.7,g2,tick,1000.0,0.000
12109.4,g4,tick,74.6,0.348
12111.4,g1,tick,70.8,0.333
12111.4,g2,tick,1000.0,0.000
12112.8,g4,tick,84.0,0.326
12116.6,g1,tick,80.5,0.312
12116.6,g2,tick,1000.0,0.000
12118.2,g4,tick,93.7,0.306
12122.5,g1,tick,110.3,0.292
12122.5,g2,tick,1000.0,0.000
12123.9,g4,tick,123.6,0.287
12126.5,g1,tick,150.2,0.274
12126.5,g2,tick,1000.0,0.000
12128.1,g4,tick,163.5,0.269
12131.8,g1,tick,195.2,0.257
12131.8,g2,tick,1000.0,0.000
12134.0,g4,tick,208.5,0.252
12136.3,g1,tick,242.7,0.241
12136.3,g2,tick,1000.0,0.000
12138.8,g4,tick,255.9,0.236
12142.3,g1,tick,291.4,0.226
12142.3,g2,tick,1000.0,0.000
12143.7,g4,tick,304.7,0.221
12150.1,g1,tick,340.8,0.212
12150.1,g2,tick,1000.0,0.000
12152.2,g4,tick,354.1,0.208
12152.2,g1,cut,304.7,0.261
12153.8,g4,cut,317.3,0.257
12153.9,g4,cnp,317.3,0.257
12155.5,g1,tick,304.7,0.261
12155.5,g2,tick,1000.0,0.000
12155.5,g4,tick,317.3,0.257
12155.5,g1,cnp,304.7,0.261
12155.5,g1,tick,304.7,0.261
12155.5,g2,tick,1000.0,0.000
12159.0,g4,tick,335.7,0.241
12159.0,g1,cnp,304.7,0.261
12159.0,g4,cnp,335.7,0.241
12160.1,g1,tick,304.7,0.261
12160.1,g2,tick,1000.0,0.000
12160.1,g4,tick,335.7,0.241
12160.3,g4,cnp,335.7,0.241
12160.3,g1,cnp,304.7,0.261
12162.7,g1,cut,265.0,0.307
12164.1,g4,cut,295.2,0.288
12165.9,g1,tick,265.0,0.307
12165.9,g2,tick,1000.0,0.000
12165.9,g4,tick,295.2,0.288
12165.9,g1,cnp,265.0,0.307
12165.9,g4,cnp,295.2,0.288
12167.6,g1,cnp,265.0,0.307
12167.7,g4,cnp,295.2,0.288
12169.7,g4,cnp,295.2,0.288
12169.8,g1,cnp,265.0,0.307
12170.1,g1,tick,265.0,0.307
12170.2,g2,tick,1000.0,0.000
12170.2,g4,tick,295.2,0.288
12172.3,g4,cnp,295.2,0.288
12172.4,g1,cnp,265.0,0.307
12174.4,g1,cut,224.3,0.350
12176.8,g4,cut,252.7,0.333
12176.8,g4,cnp,252.7,0.333
12178.2,g1,tick,224.3,0.350
12178.2,g2,tick,1000.0,0.000
12178.2,g4,tick,252.7,0.333
12178.2,g1,cnp,224.3,0.350
12178.7,g1,cnp,224.3,0.350
12178.8,g4,cnp,252.7,0.333
12180.1,g1,tick,224.3,0.350
12180.1,g2,tick,1000.0,0.000
12180.1,g4,tick,252.7,0.333
12180.9,g1,cnp,224.3,0.350
12181.0,g4,cnp,252.7,0.333
12183.2,g4,cnp,252.7,0.333
12183.2,g1,cnp,224.3,0.350
12188.6,g1,cut,185.0,0.391
12188.6,g1,cnp,185.0,0.391
12190.3,g4,cut,210.6,0.375
12190.3,g4,cnp,210.6,0.375
12194.6,g1,tick,185.0,0.391
12194.6,g2,tick,1000.0,0.000
12194.6,g4,tick,210.6,0.375
12194.6,g1,cnp,185.0,0.391
12194.6,g1,cnp,185.0,0.391
12194.6,g4,cnp,210.6,0.375
12194.6,g4,cnp,210.6,0.375
12194.6,g1,tick,185.0,0.391
12194.6,g2,tick,1000.0,0.000
12194.6,g4,tick,210.6,0.375
12201.4,g1,tick,204.6,0.367
12201.4,g2,tick,1000.0,0.000
12202.8,g4,tick,231.6,0.351
12202.8,g1,cut,167.1,0.406
12202.8,g1,cnp,167.1,0.406
12202.8,g1,cnp,167.1,0.406
12204.7,g4,cut,191.0,0.392
12204.7,g4,cnp,191.0,0.392
12204.7,g4,cnp,191.0,0.392
12207.8,g1,tick,167.1,0.406
12207.8,g2,tick,1000.0,0.000
12207.8,g4,tick,191.0,0.392
12207.8,g1,cnp,167.1,0.406
12207.8,g1,cnp,167.1,0.406
12207.8,g4,cnp,191.0,0.392
12207.8,g1,tick,167.1,0.406
12207.8,g2,tick,1000.0,0.000
12207.8,g4,tick,191.0,0.392
12208.1,g1,cnp,167.1,0.406
12208.1,g4,cnp,191.0,0.392
12210.1,g4,cnp,191.0,0.392
12210.1,g1,tick,167.1,0.406
12210.1,g2,tick,1000.0,0.000
12210.2,g4,tick,191.0,0.392
12212.5,g1,cnp,167.1,0.406
12212.6,g4,cnp,191.0,0.392
12214.7,g1,cut,133.2,0.443
12217.4,g1,tick,133.2,0.443
12217.4,g2,tick,1000.0,0.000
12217.4,g4,tick,191.0,0.392
12217.4,g1,cnp,133.2,0.443
12217.4,g4,cut,153.6,0.430
12217.4,g4,cnp,153.6,0.430
12220.5,g1,tick,133.2,0.443
12220.5,g2,tick,1000.0,0.000
12220.5,g4,tick,153.6,0.430
12220.5,g1,cnp,133.2,0.443
12220.5,g4,cnp,153.6,0.430
12222.2,g1,cnp,133.2,0.443
12222.3,g4,cnp,153.6,0.430
12225.1,g1,tick,133.2,0.443
12225.1,g2,tick,1000.0,0.000
12225.1,g4,tick,153.6,0.430
12225.3,g1,cut,103.7,0.478
12228.8,g4,cut,120.6,0.465
12228.8,g4,cnp,120.6,0.465
12231.4,g1,tick,103.7,0.478
12231.4,g2,tick,1000.0,0.000
12231.4,g4,tick,120.6,0.465
12231.4,g1,cnp,103.7,0.478
12232.0,g1,cnp,103.7,0.478
12232.0,g4,cnp,120.6,0.465
12235.1,g1,tick,103.7,0.478
12235.1,g2,tick,1000.0,0.000
12235.1,g4,tick,120.6,0.465
12235.1,g1,cnp,103.7,0.478
12235.2,g4,cnp,120.6,0.465
12238.9,g1,cut,78.9,0.511
12240.6,g4,cut,92.5,0.499
12243.8,g1,tick,78.9,0.511
12243.8,g2,tick,1000.0,0.000
12243.8,g4,tick,92.5,0.499
12243.8,g1,cnp,78.9,0.511
12243.8,g1,cnp,78.9,0.511
12243.8,g4,cnp,92.5,0.499
12243.8,g4,cnp,92.5,0.499
12245.0,g1,cnp,78.9,0.511
12245.0,g1,tick,78.9,0.511
12245.0,g2,tick,1000.0,0.000
12245.0,g4,tick,92.5,0.499
12245.2,g4,cnp,92.5,0.499
12247.2,g1,cnp,78.9,0.511
12247.9,g4,cnp,92.5,0.499
12250.2,g1,cut,58.7,0.541
12251.7,g4,cut,69.4,0.530
12253.4,g1,tick,58.7,0.541
12253.4,g2,tick,1000.0,0.000
12253.4,g4,tick,69.4,0.530
12253.4,g1,cnp,58.7,0.541
12253.4,g4,cnp,69.4,0.530
12253.9,g1,cnp,58.7,0.541
12254.1,g4,cnp,69.4,0.530
12256.1,g1,cnp,58.7,0.541
12256.1,g1,tick,58.7,0.541
12256.1,g2,tick,1000.0,0.000
12256.1,g4,tick,69.4,0.530
12256.4,g4,cnp,69.4,0.530
12258.7,g1,cnp,58.7,0.541
12258.7,g4,cnp,69.4,0.530
12260.1,g1,tick,58.7,0.541
12260.1,g2,tick,1000.0,0.000
12260.1,g4,tick,69.4,0.530
12260.7,g1,cut,42.8,0.570
12263.4,g1,cnp,42.8,0.570
12263.4,g4,cut,51.0,0.559
12263.4,g4,cnp,51.0,0.559
12266.4,g1,tick,42.8,0.570
12266.4,g2,tick,1000.0,0.000
12266.4,g4,tick,51.0,0.559
12266.5,g1,cnp,42.8,0.570
12266.5,g4,cnp,51.0,0.559
12270.2,g1,cnp,42.8,0.570
12270.2,g4,cnp,51.0,0.559
12270.2,g1,tick,42.8,0.570
12270.2,g2,tick,1000.0,0.000
12270.2,g4,tick,51.0,0.559
12270.6,g4,cnp,51.0,0.559
12270.8,g1,cut,30.6,0.597
12275.0,g1,cnp,30.6,0.597
12275.1,g4,cut,36.8,0.587
12276.9,g1,tick,30.6,0.597
12276.9,g2,tick,1000.0,0.000
12276.9,g4,tick,36.8,0.587
12277.8,g1,cnp,30.6,0.597
12277.8,g4,cnp,36.8,0.587
12280.1,g1,tick,30.6,0.597
12280.1,g2,tick,1000.0,0.000
12280.1,g4,tick,36.8,0.587
12287.0,g1,tick,36.7,0.560
12287.0,g2,tick,1000.0,0.000
12289.1,g4,tick,43.9,0.550
12292.9,g1,tick,39.8,0.525
12292.9,g2,tick,1000.0,0.000
12294.9,g4,tick,47.5,0.516
12296.5,g1,tick,41.3,0.492
12296.5,g2,tick,1000.0,0.000
12298.6,g4,tick,49.2,0.484
12300.1,g1,tick,42.1,0.461
12300.1,g2,tick,1000.0,0.000
12300.1,g4,tick,50.1,0.453
12308.9,g1,tick,42.5,0.432
12308.9,g2,tick,1000.0,0.000
12311.7,g4,tick,50.6,0.425
12313.3,g1,tick,47.7,0.405
12313.3,g2,tick,1000.0,0.000
12315.5,g4,tick,55.8,0.399
12317.4,g1,tick,55.2,0.380
12317.4,g2,tick,1000.0,0.000
12318.9,g4,tick,63.4,0.374
12322.7,g1,tick,64.0,0.356
12322.7,g2,tick,1000.0,0.000
12324.9,g4,tick,72.2,0.350
12326.7,g1,tick,73.4,0.334
12326.7,g2,tick,1000.0,0.000
12328.7,g4,tick,81.6,0.328
12331.9,g1,tick,83.1,0.313
12331.9,g2,tick,1000.0,0.000
12333.6,g4,tick,91.3,0.308
12340.3,g1,tick,113.0,0.293
12340.3,g2,tick,1000.0,0.000
12341.8,g4,tick,121.2,0.289
12343.9,g1,tick,152.9,0.275
12343.9,g2,tick,1000.0,0.000
12346.1,g4,tick,161.1,0.271
12350.1,g1,tick,197.9,0.258
12350.1,g2,tick,1000.0,0.000
12351.4,g4,tick,206.1,0.254
12354.9,g1,tick,245.4,0.242
12355.0,g2,tick,1000.0,0.000
12357.9,g4,tick,253.5,0.238
12359.9,g1,tick,294.1,0.227
12359.9,g2,tick,1000.0,0.000
12362.0,g4,tick,302.3,0.223
12366.0,g1,tick,343.5,0.213
12366.0,g2,tick,1000.0,0.000
12367.8,g4,tick,351.7,0.209
12367.8,g1,cut,307.0,0.262
12367.8,g1,cnp,307.0,0.262
12370.1,g4,cut,314.9,0.258
12370.1,g4,cnp,314.9,0.258
12370.1,g4,cnp,314.9,0.258
12371.8,g1,tick,307.0,0.262
12371.8,g2,tick,1000.0,0.000
12371.8,g4,tick,314.9,0.258
12371.8,g1,cnp,307.0,0.262
12371.8,g1,cnp,307.0,0.262
12371.8,g4,cnp,314.9,0.258
12371.8,g1,tick,307.0,0.262
12371.8,g2,tick,1000.0,0.000
12371.8,g4,tick,314.9,0.258
12374.7,g1,cnp,307.0,0.262
12374.7,g4,cnp,314.9,0.258
12375.1,g1,tick,307.0,0.262
12375.1,g2,tick,1000.0,0.000
12375.1,g4,tick,314.9,0.258
12376.7,g1,cnp,307.0,0.262
12376.7,g4,cnp,314.9,0.258
12380.0,g1,tick,307.0,0.262
12380.0,g2,tick,1000.0,0.000
12380.0,g4,tick,314.9,0.258
12380.3,g4,cut,274.2,0.305
12383.1,g1,cut,266.8,0.308
12385.4,g1,tick,266.8,0.308
12385.4,g2,tick,1000.0,0.000
12385.4,g4,tick,274.2,0.305
12385.4,g1,cnp,266.8,0.308
12385.4,g4,cnp,274.2,0.305
12385.8,g1,cnp,266.8,0.308
12385.8,g4,cnp,274.2,0.305
12387.8,g1,cnp,266.8,0.308
12387.9,g4,cnp,274.2,0.305
12389.9,g1,cnp,266.8,0.308
12390.1,g4,cnp,274.2,0.305
12390.1,g1,tick,266.8,0.308
12390.1,g2,tick,1000.0,0.000
12390.1,g4,tick,274.2,0.305
12392.7,g4,cut,232.4,0.348
12394.3,g1,cut,225.7,0.351
12396.3,g1,tick,225.7,0.351
12396.3,g2,tick,1000.0,0.000
12396.3,g4,tick,232.4,0.348
12396.3,g1,cnp,225.7,0.351
12396.3,g4,cnp,232.4,0.348
12396.8,g4,cnp,232.4,0.348
12398.5,g1,cnp,225.7,0.351
12399.0,g4,cnp,232.4,0.348
12400.1,g1,tick,225.7,0.351
12400.1,g2,tick,1000.0,0.000
12400.1,g4,tick,232.4,0.348
12401.3,g1,cnp,225.7,0.351
12401.3,g4,cnp,232.4,0.348
12403.4,g1,cnp,225.7,0.351
12403.5,g4,cut,191.9,0.389
12405.5,g1,tick,225.7,0.351
12405.5,g2,tick,1000.0,0.000
12405.5,g4,tick,191.9,0.389
12405.5,g1,cut,186.1,0.392
12407.0,g4,cnp,191.9,0.389
12407.5,g1,cnp,186.1,0.392
12408.4,g4,cnp,191.9,0.389
12410.1,g1,tick,186.1,0.392
12410.1,g2,tick,1000.0,0.000
12410.1,g4,tick,191.9,0.389
12410.5,g4,cnp,191.9,0.389
12411.1,g1,cnp,186.1,0.392
12413.1,g1,cnp,186.1,0.392
12413.1,g4,cnp,191.9,0.389
12415.1,g1,tick,186.1,0.392
12415.1,g2,tick,1000.0,0.000
12415.1,g4,tick,191.9,0.389
12415.2,g4,cut,154.6,0.427
12419.7,g1,cut,149.7,0.430
12419.7,g1,cnp,149.7,0.430
12421.3,g4,cnp,154.6,0.427
12421.4,g4,cnp,154.6,0.427
12421.4,g1,tick,149.7,0.430
12421.4,g2,tick,1000.0,0.000
12421.4,g4,tick,154.6,0.427
12421.4,g1,cnp,149.7,0.430
12422.8,g4,cnp,154.6,0.427
12422.9,g1,cnp,149.7,0.430
12425.1,g1,tick,149.7,0.430
12425.1,g2,tick,1000.0,0.000
12425.1,g4,tick,154.6,0.427
12426.0,g4,cut,121.6,0.463
12429.7,g1,cut,117.5,0.465
12429.7,g1,cnp,117.5,0.465
12431.2,g4,cnp,121.6,0.463
12431.2,g4,cnp,121.6,0.463
12431.2,g1,tick,117.5,0.465
12431.2,g2,tick,1000.0,0.000
12431.2,g4,tick,121.6,0.463
12431.2,g1,cnp,117.5,0.465
12433.5,g4,cnp,121.6,0.463
12433.5,g1,cnp,117.5,0.465
12436.6,g4,cut,93.4,0.497
12438.9,g1,tick,117.5,0.465
12438.9,g2,tick,1000.0,0.000
12438.9,g4,tick,93.4,0.497
12439.0,g1,cnp,117.5,0.465
12439.0,g4,cnp,93.4,0.497
12439.2,g1,cnp,117.5,0.465
12440.1,g1,tick,117.5,0.465
12440.1,g2,tick,1000.0,0.000
12440.1,g4,tick,93.4,0.497
12440.9,g4,cnp,93.4,0.497
12441.4,g1,cut,90.2,0.499
12443.9,g1,cnp,90.2,0.499
12443.9,g4,cnp,93.4,0.497
12445.0,g1,tick,90.2,0.499
12445.1,g2,tick,1000.0,0.000
12445.1,g4,tick,93.4,0.497
12447.5,g1,cnp,90.2,0.499
12447.5,g4,cut,70.2,0.528
12448.9,g1,cnp,90.2,0.499
12448.9,g4,cnp,70.2,0.528
12450.1,g1,tick,90.2,0.499
12450.1,g2,tick,1000.0,0.000
12450.1,g4,tick,70.2,0.528
12450.2,g4,cnp,70.2,0.528
12450.2,g1,cnp,90.2,0.499
12452.2,g4,cnp,70.2,0.528
12452.6,g1,cut,67.7,0.530
12455.5,g1,tick,67.7,0.530
12455.5,g2,tick,1000.0,0.000
12455.5,g4,tick,70.2,0.528
12455.5,g1,cnp,67.7,0.530
12455.5,g4,cnp,70.2,0.528
12457.0,g1,cnp,67.7,0.530
12457.1,g4,cnp,70.2,0.528
12459.1,g1,cnp,67.7,0.530
12459.1,g4,cut,51.7,0.558
12460.9,g1,tick,67.7,0.530
12460.9,g2,tick,1000.0,0.000
12460.9,g4,tick,51.7,0.558
12461.2,g4,cnp,51.7,0.558
12461.3,g1,cnp,67.7,0.530
12463.3,g4,cnp,51.7,0.558
12463.5,g1,cut,49.7,0.559
12465.7,g1,tick,49.7,0.559
12465.7,g2,tick,1000.0,0.000
12465.7,g4,tick,51.7,0.558
12466.6,g1,cnp,49.7,0.559
12466.7,g4,cnp,51.7,0.558
12468.7,g1,cnp,49.7,0.559
12469.0,g4,cnp,51.7,0.558
12470.1,g1,tick,49.7,0.559
12470.1,g2,tick,1000.0,0.000
12470.1,g4,tick,51.7,0.558
12471.0,g1,cnp,49.7,0.559
12471.1,g4,cut,37.3,0.585
12473.9,g1,cut,35.8,0.587
12475.7,g4,cnp,37.3,0.585
12475.7,g1,tick,35.8,0.587
12475.7,g2,tick,1000.0,0.000
12475.7,g4,tick,37.3,0.585
12475.7,g4,cnp,37.3,0.585
12475.8,g1,cnp,35.8,0.587
12478.4,g1,cnp,35.8,0.587
12478.4,g4,cnp,37.3,0.585
12482.4,g1,tick,35.8,0.587
12482.4,g2,tick,1000.0,0.000
12482.4,g4,tick,37.3,0.585
12487.2,g1,tick,42.8,0.550
12487.2,g2,tick,1000.0,0.000
12488.6,g4,tick,44.5,0.549
12491.4,g1,tick,46.3,0.516
12491.5,g2,tick,1000.0,0.000
12493.1,g4,tick,48.1,0.514
12497.6,g1,tick,48.0,0.484
12497.6,g2,tick,1000.0,0.000
12499.8,g4,tick,49.9,0.482
12500.1,g1,tick,48.9,0.453
12500.1,g2,tick,1000.0,0.000
12500.1,g4,tick,50.8,0.452
12506.6,g1,tick,49.3,0.425
12506.6,g2,tick,1000.0,0.000
12509.9,g4,tick,51.2,0.424
12511.4,g1,tick,54.5,0.399
12511.4,g2,tick,1000.0,0.000
12513.8,g4,tick,56.5,0.397
12517.5,g1,tick,62.1,0.374
12517.5,g2,tick,1000.0,0.000
12520.9,g4,tick,64.1,0.372
12522.7,g1,tick,70.9,0.350
12522.7,g2,tick,1000.0,0.000
12524.2,g4,tick,72.9,0.349
12527.0,g1,tick,80.3,0.328
12527.0,g2,tick,1000.0,0.000
12528.4,g4,tick,82.3,0.327
12535.3,g1,tick,90.0,0.308
12535.3,g2,tick,1000.0,0.000
12540.0,g4,tick,92.0,0.307
12542.9,g1,tick,119.9,0.289
12542.9,g2,tick,1000.0,0.000
12545.3,g4,tick,121.8,0.288
12546.9,g1,tick,159.8,0.271
12546.9,g2,tick,1000.0,0.000
12549.6,g4,tick,161.8,0.270
12552.3,g1,tick,204.8,0.254
12552.3,g2,tick,1000.0,0.000
12553.6,g4,tick,206.7,0.253
12555.0,g1,tick,252.3,0.238
12555.0,g2,tick,1000.0,0.000
12556.5,g4,tick,254.2,0.237
12557.7,g1,tick,301.0,0.223
12557.8,g2,tick,1000.0,0.000
12559.4,g4,tick,303.0,0.222
12562.1,g1,tick,350.4,0.209
12562.1,g2,tick,1000.0,0.000
12563.6,g4,tick,352.3,0.208
12563.7,g1,cut,313.8,0.258
12565.3,g4,cut,315.6,0.258
12565.3,g4,cnp,315.6,0.258
12568.2,g1,tick,313.8,0.258
12568.2,g2,tick,1000.0,0.000
12568.2,g4,tick,315.6,0.258
12568.2,g1,cnp,313.8,0.258
12568.3,g4,cnp,315.6,0.258
12568.3,g1,cnp,313.8,0.258
12570.3,g1,tick,313.8,0.258
12570.3,g2,tick,1000.0,0.000
12570.3,g4,tick,315.6,0.258
12570.8,g1,cnp,313.8,0.258
12570.8,g4,cnp,315.6,0.258
12575.1,g1,tick,313.8,0.258
12575.1,g2,tick,1000.0,0.000
12575.1,g4,tick,315.6,0.258
12576.4,g1,cut,273.2,0.305
12580.0,g4,cut,274.9,0.304
12580.0,g4,cnp,274.9,0.304
12581.5,g1,tick,273.2,0.305
12581.5,g2,tick,1000.0,0.000
12581.5,g4,tick,274.9,0.304
12581.5,g1,cnp,273.2,0.305
12581.5,g1,cnp,273.2,0.305
12581.6,g4,cnp,274.9,0.304
12582.8,g4,cnp,274.9,0.304
12583.0,g1,cnp,273.2,0.305
12584.9,g4,cnp,274.9,0.304
12585.1,g1,tick,273.2,0.305
12585.1,g2,tick,1000.0,0.000
12585.1,g4,tick,274.9,0.304
12585.2,g1,cnp,273.2,0.305
12587.1,g4,cnp,274.9,0.304
12587.4,g1,cut,231.6,0.348
12589.4,g4,cnp,274.9,0.304
12589.5,g1,cnp,231.6,0.348
12590.1,g1,tick,231.6,0.348
12590.1,g2,tick,1000.0,0.000
12590.1,g4,tick,274.9,0.304
12591.6,g4,cut,233.1,0.348
12597.4,g1,tick,252.4,0.326
12597.4,g2,tick,1000.0,0.000
12597.4,g4,tick,233.1,0.348
12597.4,g1,cnp,252.4,0.326
12597.4,g1,cnp,252.4,0.326
12597.4,g1,cnp,252.4,0.326
12597.4,g4,cnp,233.1,0.348
12597.4,g4,cnp,233.1,0.348
12599.0,g1,cut,211.2,0.369
12602.7,g1,tick,211.2,0.369
12602.7,g2,tick,1000.0,0.000
12602.7,g4,tick,233.1,0.348
12602.8,g1,cnp,211.2,0.369
12602.8,g4,cut,192.6,0.388
12602.8,g4,cnp,192.6,0.388
12605.6,g1,tick,211.2,0.369
12605.6,g2,tick,1000.0,0.000
12605.6,g4,tick,192.6,0.388
12605.6,g1,cnp,211.2,0.369
12605.6,g4,cnp,192.6,0.388
12606.5,g4,cnp,192.6,0.388
12609.9,g4,cnp,192.6,0.388
12609.9,g1,cut,172.3,0.408
12612.6,g1,tick,172.3,0.408
12612.6,g2,tick,1000.0,0.000
12612.6,g4,tick,192.6,0.388
12612.6,g1,cnp,172.3,0.408
12612.7,g4,cnp,192.6,0.388
12614.1,g1,cnp,172.3,0.408
12614.1,g4,cut,155.2,0.427
12615.5,g1,tick,172.3,0.408
12615.5,g2,tick,1000.0,0.000
12615.5,g4,tick,155.2,0.427
12617.3,g1,cnp,172.3,0.408
12617.3,g4,cnp,155.2,0.427
12620.1,g1,tick,172.3,0.408
12620.1,g2,tick,1000.0,0.000
12620.1,g4,tick,155.2,0.427
12620.4,g1,cut,137.1,0.445
12623.3,g4,cnp,155.2,0.427
12624.7,g4,cut,122.1,0.463
12626.5,g1,tick,137.1,0.445
12626.5,g2,tick,1000.0,0.000
12626.5,g4,tick,122.1,0.463
12626.6,g1,cnp,137.1,0.445
12626.8,g1,cnp,137.1,0.445
12627.3,g4,cnp,122.1,0.463
12629.1,g1,cnp,137.1,0.445
12629.4,g4,cnp,122.1,0.463
12631.0,g1,tick,137.1,0.445
12631.0,g2,tick,1000.0,0.000
12631.0,g4,tick,122.1,0.463
12631.3,g1,cut,106.6,0.480
12633.7,g4,cnp,122.1,0.463
12634.1,g1,cnp,106.6,0.480
12634.2,g4,cnp,122.1,0.463
12635.1,g1,tick,106.6,0.480
12635.1,g2,tick,1000.0,0.000
12635.1,g4,tick,122.1,0.463
12636.2,g1,cnp,106.6,0.480
12636.4,g4,cut,93.8,0.496
12639.4,g4,cnp,93.8,0.496
12639.5,g1,cnp,106.6,0.480
12640.1,g1,tick,106.6,0.480
12640.1,g2,tick,1000.0,0.000
12640.1,g4,tick,93.8,0.496
12641.5,g1,cut,81.0,0.512
12644.2,g4,cnp,93.8,0.496
12644.5,g1,cnp,81.0,0.512
12644.6,g4,cnp,93.8,0.496
12645.1,g1,tick,81.0,0.512
12645.1,g2,tick,1000.0,0.000
12645.1,g4,tick,93.8,0.496
12646.6,g4,cut,70.6,0.528
12652.1,g1,tick,93.8,0.480
12652.1,g2,tick,1000.0,0.000
12652.1,g4,tick,70.6,0.528
12652.1,g1,cut,71.3,0.513
12652.1,g1,cnp,71.3,0.513
12656.4,g4,cnp,70.6,0.528
12656.4,g4,cnp,70.6,0.528
12656.4,g4,cnp,70.6,0.528
12656.4,g1,tick,71.3,0.513
12656.4,g2,tick,1000.0,0.000
12656.4,g4,tick,70.6,0.528
12656.4,g1,cnp,71.3,0.513
12656.4,g1,cnp,71.3,0.513
12658.7,g1,cnp,71.3,0.513
12658.7,g4,cut,51.9,0.557
12663.0,g1,tick,71.3,0.513
12663.1,g2,tick,1000.0,0.000
12663.1,g4,tick,51.9,0.557
12663.1,g1,cut,53.0,0.543
12664.4,g4,cnp,51.9,0.557
12664.4,g4,cnp,51.9,0.557
12664.5,g1,cnp,53.0,0.543
12665.1,g1,tick,53.0,0.543
12665.1,g2,tick,1000.0,0.000
12665.1,g4,tick,51.9,0.557
12665.5,g1,cnp,53.0,0.543
12665.5,g4,cnp,51.9,0.557
12667.6,g4,cnp,51.9,0.557
12667.7,g1,cnp,53.0,0.543
12670.1,g1,tick,53.0,0.543
12670.1,g2,tick,1000.0,0.000
12670.1,g4,tick,51.9,0.557
12670.7,g1,cnp,53.0,0.543
12670.7,g4,cut,37.5,0.585
12672.7,g1,cnp,53.0,0.543
12672.8,g4,cnp,37.5,0.585
12674.9,g1,cut,38.6,0.572
12676.9,g1,tick,38.6,0.572
12676.9,g2,tick,1000.0,0.000
12676.9,g4,tick,37.5,0.585
12676.9,g4,cnp,37.5,0.585
12677.0,g1,cnp,38.6,0.572
12677.1,g4,cnp,37.5,0.585
12679.1,g1,cnp,38.6,0.572
12680.1,g1,tick,38.6,0.572
12680.1,g2,tick,1000.0,0.000
12680.1,g4,tick,37.5,0.585
12687.0,g1,tick,45.8,0.536
12687.0,g2,tick,1000.0,0.000
12690.6,g4,tick,44.7,0.548
12691.9,g1,tick,49.4,0.502
12691.9,g2,tick,1000.0,0.000
12694.4,g4,tick,48.3,0.514
12696.9,g1,tick,51.2,0.471
12696.9,g2,tick,1000.0,0.000
12698.2,g4,tick,50.1,0.482
12700.4,g1,tick,52.1,0.442
12700.4,g2,tick,1000.0,0.000
12700.4,g4,tick,51.0,0.452
12706.8,g1,tick,52.6,0.414
12706.8,g2,tick,1000.0,0.000
12708.5,g4,tick,51.5,0.424
12715.2,g1,tick,57.8,0.388
12715.2,g2,tick,1000.0,0.000
12717.1,g4,tick,56.7,0.397
12720.1,g1,tick,65.4,0.364
12720.1,g2,tick,1000.0,0.000
12722.0,g4,tick,64.3,0.372
12723.2,g1,tick,74.2,0.341
12723.2,g2,tick,1000.0,0.000
12724.9,g4,tick,73.1,0.349
12726.9,g1,tick,83.6,0.320
12726.9,g2,tick,1000.0,0.000
12728.5,g4,tick,82.5,0.327
12734.2,g1,tick,93.3,0.300
12734.2,g2,tick,1000.0,0.000
12735.5,g4,tick,92.2,0.307
12737.0,g1,tick,123.2,0.281
12737.1,g2,tick,1000.0,0.000
12738.3,g4,tick,122.1,0.288
12742.5,g1,tick,163.1,0.264
12742.5,g2,tick,1000.0,0.000
12744.0,g4,tick,162.0,0.270
12751.7,g1,tick,208.1,0.247
12751.7,g2,tick,1000.0,0.000
12759.1,g4,tick,207.0,0.253
12760.4,g1,tick,255.5,0.232
12760.4,g2,tick,1000.0,0.000
12761.7,g4,tick,254.5,0.237
12762.9,g1,tick,304.3,0.217
12762.9,g2,tick,1000.0,0.000
12764.2,g4,tick,303.2,0.222
12766.2,g1,tick,353.6,0.204
12766.2,g2,tick,1000.0,0.000
12767.6,g4,tick,352.6,0.208
12767.6,g1,cut,317.7,0.253
12769.7,g4,cut,315.9,0.258
12769.7,g4,cnp,315.9,0.258
12771.0,g1,tick,317.7,0.253
12771.0,g2,tick,1000.0,0.000
12771.0,g4,tick,315.9,0.258
12772.4,g1,tick,335.7,0.238
12772.4,g2,tick,1000.0,0.000
12775.1,g4,tick,334.2,0.242
12775.1,g1,cnp,335.7,0.238
12775.1,g4,cnp,334.2,0.242
12775.1,g1,tick,335.7,0.238
12775.1,g2,tick,1000.0,0.000
12775.1,g4,tick,334.2,0.242
12776.4,g1,cnp,335.7,0.238
12776.4,g4,cnp,334.2,0.242
12779.1,g1,cut,295.8,0.285
12780.9,g4,cut,293.8,0.289
12784.3,g1,tick,295.8,0.285
12784.3,g2,tick,1000.0,0.000
12784.3,g4,tick,293.8,0.289
12784.3,g1,cnp,295.8,0.285
12784.3,g4,cnp,293.8,0.289
12785.1,g1,tick,295.8,0.285
12785.1,g2,tick,1000.0,0.000
12785.1,g4,tick,293.8,0.289
12788.8,g1,cnp,295.8,0.285
12788.8,g4,cnp,293.8,0.289
12790.1,g1,tick,295.8,0.285
12790.1,g2,tick,1000.0,0.000
12790.1,g4,tick,293.8,0.289
12790.6,g4,cnp,293.8,0.289
12790.7,g1,cut,253.6,0.330
12792.8,g1,cnp,253.6,0.330
12794.5,g4,cut,251.4,0.333
12798.6,g1,tick,253.6,0.330
12798.6,g2,tick,1000.0,0.000
12798.6,g4,tick,251.4,0.333
12798.6,g1,cnp,253.6,0.330
12798.7,g1,cnp,253.6,0.330
12798.7,g4,cnp,251.4,0.333
12798.7,g4,cnp,251.4,0.333
12799.8,g1,cnp,253.6,0.330
12800.1,g1,tick,253.6,0.330
12800.1,g2,tick,1000.0,0.000
12800.1,g4,tick,251.4,0.333
12800.7,g4,cnp,251.4,0.333
12801.9,g1,cut,211.8,0.372
12803.2,g4,cnp,251.4,0.333
12803.9,g1,cnp,211.8,0.372
12804.9,g4,cut,209.5,0.375
12806.2,g1,tick,211.8,0.372
12806.2,g2,tick,1000.0,0.000
12806.2,g4,tick,209.5,0.375
12806.2,g1,cnp,211.8,0.372
12807.6,g4,cnp,209.5,0.375
12808.1,g1,cnp,211.8,0.372
12809.8,g4,cnp,209.5,0.375
12810.1,g1,tick,211.8,0.372
12810.1,g2,tick,1000.0,0.000
12810.1,g4,tick,209.5,0.375
12810.8,g1,cnp,211.8,0.372
12812.7,g4,cnp,209.5,0.375
12812.9,g1,cut,172.4,0.411
12815.2,g1,tick,172.4,0.411
12815.2,g2,tick,1000.0,0.000
12815.2,g4,tick,209.5,0.375
12815.2,g1,cnp,172.4,0.411
12815.2,g4,cut,170.2,0.414
12817.7,g1,cnp,172.4,0.411
12817.7,g4,cnp,170.2,0.414
12820.1,g1,tick,172.4,0.411
12820.1,g2,tick,1000.0,0.000
12820.1,g4,tick,170.2,0.414
12820.7,g1,cnp,172.4,0.411
12820.8,g4,cnp,170.2,0.414
12823.0,g1,cut,137.0,0.448
12825.5,g1,tick,137.0,0.448
12825.5,g2,tick,1000.0,0.000
12825.5,g4,tick,170.2,0.414
12825.5,g1,cnp,137.0,0.448
12825.5,g4,cut,134.9,0.451
12828.6,g1,cnp,137.0,0.448
12828.6,g4,cnp,134.9,0.451
12829.7,g4,cnp,134.9,0.451
12830.1,g1,tick,137.0,0.448
12830.1,g2,tick,1000.0,0.000
12830.1,g4,tick,134.9,0.451
12830.4,g1,cnp,137.0,0.448
12831.9,g4,cnp,134.9,0.451
12833.3,g1,cut,106.3,0.482
12835.6,g1,tick,106.3,0.482
12835.6,g2,tick,1000.0,0.000
12835.6,g4,tick,134.9,0.451
12835.6,g1,cnp,106.3,0.482
12835.6,g4,cut,104.5,0.485
12839.6,g1,cnp,106.3,0.482
12839.6,g4,cnp,104.5,0.485
12840.1,g1,cnp,106.3,0.482
12840.1,g4,cnp,104.5,0.485
12840.1,g1,tick,106.3,0.482
12840.1,g2,tick,1000.0,0.000
12840.1,g4,tick,104.5,0.485
12842.1,g4,cnp,104.5,0.485
12842.2,g1,cnp,106.3,0.482
12844.5,g4,cnp,104.5,0.485
12844.5,g1,cut,80.7,0.515
12846.0,g1,tick,80.7,0.515
12846.0,g2,tick,1000.0,0.000
12846.0,g4,tick,104.5,0.485
12846.5,g4,cut,79.2,0.517
12850.0,g1,cnp,80.7,0.515
12850.0,g1,cnp,80.7,0.515
12850.0,g4,cnp,79.2,0.517
12850.0,g1,tick,80.7,0.515
12850.0,g2,tick,1000.0,0.000
12850.0,g4,tick,79.2,0.517
12851.1,g1,cnp,80.7,0.515
12851.2,g4,cnp,79.2,0.517
12853.3,g1,cnp,80.7,0.515
12853.5,g4,cnp,79.2,0.517
12856.0,g1,cut,59.9,0.545
12857.6,g4,cut,58.7,0.547
12862.3,g1,tick,59.9,0.545
12862.3,g2,tick,1000.0,0.000
12862.3,g4,tick,58.7,0.547
12862.3,g1,cnp,59.9,0.545
12862.3,g1,cnp,59.9,0.545
12862.3,g1,cnp,59.9,0.545
12862.3,g4,cnp,58.7,0.547
12862.3,g4,cnp,58.7,0.547
12862.3,g4,cnp,58.7,0.547
12862.3,g1,tick,59.9,0.545
12862.3,g2,tick,1000.0,0.000
12862.3,g4,tick,58.7,0.547
12863.6,g1,cnp,59.9,0.545
12864.2,g4,cnp,58.7,0.547
12865.1,g1,tick,59.9,0.545
12865.1,g2,tick,1000.0,0.000
12865.1,g4,tick,58.7,0.547
12865.6,g1,cnp,59.9,0.545
12867.5,g4,cnp,58.7,0.547
12867.8,g1,cut,43.6,0.573
12869.7,g4,cut,42.6,0.576
12871.5,g1,tick,43.6,0.573
12871.5,g2,tick,1000.0,0.000
12871.6,g4,tick,42.6,0.576
12871.6,g1,cnp,43.6,0.573
12871.7,g4,cnp,42.6,0.576
12872.4,g1,cnp,43.6,0.573
12874.6,g4,cnp,42.6,0.576
12874.7,g1,cnp,43.6,0.573
12875.1,g1,tick,43.6,0.573
12875.1,g2,tick,1000.0,0.000
12875.1,g4,tick,42.6,0.576
12876.7,g4,cnp,42.6,0.576
12876.8,g1,cnp,43.6,0.573
12878.8,g4,cnp,42.6,0.576
12878.8,g1,cut,31.1,0.600
12880.5,g1,tick,31.1,0.600
12880.5,g2,tick,1000.0,0.000
12880.5,g4,tick,42.6,0.576
12881.5,g1,cnp,31.1,0.600
12881.6,g4,cut,30.4,0.602
12887.2,g1,tick,31.1,0.600
12887.2,g2,tick,1000.0,0.000
12887.2,g4,tick,30.4,0.602
12892.0,g1,tick,37.3,0.563
12892.0,g2,tick,1000.0,0.000
12895.5,g4,tick,36.5,0.565
12898.1,g1,tick,40.5,0.527
12898.1,g2,tick,1000.0,0.000
12900.5,g4,tick,39.6,0.529
12904.4,g1,tick,42.0,0.494
12904.4,g2,tick,1000.0,0.000
12906.9,g4,tick,41.1,0.496
12906.9,g1,tick,42.8,0.464
12906.9,g2,tick,1000.0,0.000
12906.9,g4,tick,41.9,0.465
12911.4,g1,tick,43.2,0.435
12911.4,g2,tick,1000.0,0.000
12912.9,g4,tick,42.2,0.436
12917.1,g1,tick,48.4,0.407
12917.1,g2,tick,1000.0,0.000
12919.0,g4,tick,47.4,0.409
12921.8,g1,tick,56.0,0.382
12921.8,g2,tick,1000.0,0.000
12923.3,g4,tick,55.0,0.383
12927.5,g1,tick,64.8,0.358
12927.5,g2,tick,1000.0,0.000
12930.0,g4,tick,63.8,0.359
12931.6,g1,tick,74.2,0.336
12931.6,g2,tick,1000.0,0.000
12934.1,g4,tick,73.2,0.337
12941.1,g1,tick,83.9,0.315
12941.1,g2,tick,1000.0,0.000
12942.5,g4,tick,82.9,0.316
12943.8,g1,tick,113.7,0.295
12943.8,g2,tick,1000.0,0.000
12945.3,g4,tick,112.8,0.296
12947.9,g1,tick,153.7,0.277
12947.9,g2,tick,1000.0,0.000
12950.0,g4,tick,152.7,0.278
12951.5,g1,tick,198.6,0.259
12951.5,g2,tick,1000.0,0.000
12953.1,g4,tick,197.7,0.260
12957.1,g1,tick,246.1,0.243
12957.1,g2,tick,1000.0,0.000
12959.0,g4,tick,245.1,0.244
12963.3,g1,tick,294.8,0.228
12963.3,g2,tick,1000.0,0.000
12967.4,g4,tick,293.9,0.229
12967.4,g1,cut,261.2,0.276
12970.3,g4,cut,260.3,0.277
12970.3,g4,cnp,260.3,0.277
12973.8,g1,tick,261.2,0.276
12973.8,g2,tick,1000.0,0.000
12973.8,g4,tick,260.3,0.277
12975.2,g1,tick,278.0,0.259
12975.2,g2,tick,1000.0,0.000
12976.8,g4,tick,277.1,0.260
12978.6,g1,tick,286.4,0.243
12978.6,g2,tick,1000.0,0.000
12979.8,g4,tick,285.5,0.243
12980.1,g1,tick,290.6,0.228
12980.1,g2,tick,1000.0,0.000
12980.1,g4,tick,289.7,0.228
12987.5,g1,tick,292.7,0.213
12987.5,g2,tick,1000.0,0.000
12988.8,g4,tick,291.8,0.214
12991.3,g1,tick,293.8,0.200
12991.3,g2,tick,1000.0,0.000
12991.3,g4,tick,292.8,0.201
12996.5,g1,tick,299.3,0.188
12996.5,g2,tick,1000.0,0.000
12998.4,g4,tick,298.4,0.188
13004.2,g1,tick,307.1,0.176
13004.2,g2,tick,1000.0,0.000
13007.4,g4,tick,306.1,0.176
13009.0,g1,tick,316.0,0.165
13009.0,g2,tick,1000.0,0.000
13011.2,g4,tick,315.0,0.165
13012.7,g1,tick,325.4,0.155
13012.7,g2,tick,1000.0,0.000
13014.3,g4,tick,324.4,0.155
13018.2,g1,tick,335.1,0.145
13018.2,g2,tick,1000.0,0.000
13019.5,g4,tick,334.2,0.145
13021.6,g1,tick,365.0,0.136
13021.6,g2,tick,1000.0,0.000
13023.1,g4,tick,364.0,0.136
13026.6,g1,tick,404.9,0.127
13026.7,g2,tick,1000.0,0.000
13027.9,g4,tick,404.0,0.128
13031.6,g1,tick,449.9,0.119
13031.6,g2,tick,1000.0,0.000
13035.1,g4,tick,448.9,0.120
13037.4,g1,tick,497.4,0.112
13037.4,g2,tick,1000.0,0.000
13038.6,g4,tick,496.4,0.112
13041.6,g1,tick,546.1,0.105
13041.7,g2,tick,1000.0,0.000
13043.2,g4,tick,545.1,0.105
13047.2,g1,tick,595.5,0.098
13047.2,g2,tick,1000.0,0.000
13048.7,g4,tick,594.5,0.099
13052.2,g1,tick,645.2,0.092
13052.2,g2,tick,1000.0,0.000
13053.7,g4,tick,644.2,0.092
13056.4,g1,tick,695.0,0.086
13056.4,g2,tick,1000.0,0.000
13057.7,g4,tick,694.0,0.087
13061.8,g1,tick,744.9,0.081
13061.8,g2,tick,1000.0,0.000
13063.3,g4,tick,744.0,0.081
13066.7,g1,tick,794.9,0.076
13066.7,g2,tick,1000.0,0.000
13068.3,g4,tick,793.9,0.076
13071.7,g1,tick,844.9,0.071
13071.7,g2,tick,1000.0,0.000
13073.4,g4,tick,843.9,0.071
13076.6,g1,tick,894.9,0.067
13076.6,g2,tick,1000.0,0.000
13079.6,g4,tick,893.9,0.067
13081.6,g1,tick,944.9,0.063
13081.6,g2,tick,1000.0,0.000
13082.9,g4,tick,943.9,0.063
13086.6,g1,tick,972.4,0.059
13086.6,g2,tick,1000.0,0.000
13087.9,g4,tick,971.9,0.059
13090.1,g1,tick,986.2,0.055
13090.1,g2,tick,1000.0,0.000
13090.1,g4,tick,986.0,0.055
13096.9,g1,tick,993.1,0.052
13096.9,g2,tick,1000.0,0.000
13098.4,g4,tick,993.0,0.052
13100.1,g1,tick,996.6,0.048
13100.1,g2,tick,1000.0,0.000
13100.1,g4,tick,996.5,0.048
13105.1,g1,tick,998.3,0.045
13105.1,g2,tick,1000.0,0.000
13105.1,g4,tick,998.2,0.045
13111.1,g1,tick,999.1,0.042
13111.1,g2,tick,1000.0,0.000
13111.1,g4,tick,999.1,0.043
13115.1,g1,tick,999.6,0.040
13115.1,g2,tick,1000.0,0.000
13115.1,g4,tick,999.6,0.040
13120.1,g1,tick,999.8,0.037
13120.1,g2,tick,1000.0,0.000
13120.1,g4,tick,999.8,0.037
13126.4,g1,tick,999.9,0.035
13126.4,g2,tick,1000.0,0.000
13126.4,g4,tick,999.9,0.035
13130.1,g1,tick,999.9,0.033
13130.1,g2,tick,1000.0,0.000
13130.1,g4,tick,999.9,0.033
13135.1,g1,tick,1000.0,0.031
13135.1,g2,tick,1000.0,0.000
13135.1,g4,tick,1000.0,0.031
13140.1,g1,tick,1000.0,0.029
13140.1,g2,tick,1000.0,0.000
13140.1,g4,tick,1000.0,0.029
13145.1,g1,tick,1000.0,0.027
13145.1,g2,tick,1000.0,0.000
13145.1,g4,tick,1000.0,0.027
13150.1,g1,tick,1000.0,0.025
13150.1,g2,tick,1000.0,0.000
13150.1,g4,tick,1000.0,0.025
13155.1,g1,tick,1000.0,0.024
13155.1,g2,tick,1000.0,0.000
13155.1,g4,tick,1000.0,0.024
13160.3,g1,tick,1000.0,0.022
13160.3,g2,tick,1000.0,0.000
13160.3,g4,tick,1000.0,0.022
13165.9,g1,tick,1000.0,0.021
13165.9,g2,tick,1000.0,0.000
13165.9,g4,tick,1000.0,0.021
13170.9,g1,tick,1000.0,0.020
13170.9,g2,tick,1000.0,0.000
13171.0,g4,tick,1000.0,0.020
13175.1,g1,tick,1000.0,0.018
13175.1,g2,tick,1000.0,0.000
13175.1,g4,tick,1000.0,0.018
13181.3,g1,tick,1000.0,0.017
13181.4,g2,tick,1000.0,0.000
13181.4,g4,tick,1000.0,0.017
13185.1,g1,tick,1000.0,0.016
13185.1,g2,tick,1000.0,0.000
13185.1,g4,tick,1000.0,0.016
13190.1,g1,tick,1000.0,0.015
13190.1,g2,tick,1000.0,0.000
13190.1,g4,tick,1000.0,0.015
13195.1,g1,tick,1000.0,0.014
13195.1,g2,tick,1000.0,0.000
13195.1,g4,tick,1000.0,0.014
13200.1,g1,tick,1000.0,0.013
13200.1,g2,tick,1000.0,0.000
13200.1,g4,tick,1000.0,0.013
13205.0,g1,tick,1000.0,0.012
13205.1,g2,tick,1000.0,0.000
13205.1,g4,tick,1000.0,0.013
13210.8,g1,tick,1000.0,0.012
13210.8,g2,tick,1000.0,0.000
13210.8,g4,tick,1000.0,0.012
13215.1,g1,tick,1000.0,0.011
13215.1,g2,tick,1000.0,0.000
13215.1,g4,tick,1000.0,0.011
13220.1,g1,tick,1000.0,0.010
13220.1,g2,tick,1000.0,0.000
13220.1,g4,tick,1000.0,0.010
13225.1,g1,tick,1000.0,0.010
13225.1,g2,tick,1000.0,0.000
13225.1,g4,tick,1000.0,0.010
13230.1,g1,tick,1000.0,0.009
13230.1,g2,tick,1000.0,0.000
13230.1,g4,tick,1000.0,0.009
13235.1,g1,tick,1000.0,0.008
13235.1,g2,tick,1000.0,0.000
13235.1,g4,tick,1000.0,0.008
13240.1,g1,tick,1000.0,0.008
13240.1,g2,tick,1000.0,0.000
13240.1,g4,tick,1000.0,0.008
13245.4,g1,tick,1000.0,0.007
13245.5,g2,tick,1000.0,0.000
13245.5,g4,tick,1000.0,0.007
13250.1,g1,tick,1000.0,0.007
13250.1,g2,tick,1000.0,0.000
13250.1,g4,tick,1000.0,0.007
13255.1,g1,tick,1000.0,0.007
13255.1,g2,tick,1000.0,0.000
13255.1,g4,tick,1000.0,0.007
13260.1,g1,tick,1000.0,0.006
13260.1,g2,tick,1000.0,0.000
13260.1,g4,tick,1000.0,0.006
13266.1,g1,tick,1000.0,0.006
13266.1,g2,tick,1000.0,0.000
13266.1,g4,tick,1000.0,0.006
13270.1,g1,tick,1000.0,0.005
13270.1,g2,tick,1000.0,0.000
13270.1,g4,tick,1000.0,0.005
13275.5,g1,tick,1000.0,0.005
13275.5,g2,tick,1000.0,0.000
13275.5,g4,tick,1000.0,0.005
13280.1,g1,tick,1000.0,0.005
13280.1,g2,tick,1000.0,0.000
13280.1,g4,tick,1000.0,0.005
13285.1,g1,tick,1000.0,0.004
13285.1,g2,tick,1000.0,0.000
13285.1,g4,tick,1000.0,0.004
13290.1,g1,tick,1000.0,0.004
13290.1,g2,tick,1000.0,0.000
13290.1,g4,tick,1000.0,0.004
13295.1,g1,tick,1000.0,0.004
13295.1,g2,tick,1000.0,0.000
13295.1,g4,tick,1000.0,0.004
13301.7,g1,tick,1000.0,0.004
13301.7,g2,tick,1000.0,0.000
13301.7,g4,tick,1000.0,0.004
13305.1,g1,tick,1000.0,0.003
13305.1,g2,tick,1000.0,0.000
13305.1,g4,tick,1000.0,0.003
13310.1,g1,tick,1000.0,0.003
13310.1,g2,tick,1000.0,0.000
13310.1,g4,tick,1000.0,0.003
13315.1,g1,tick,1000.0,0.003
13315.1,g2,tick,1000.0,0.000
13315.1,g4,tick,1000.0,0.003
13320.6,g1,tick,1000.0,0.003
13320.6,g2,tick,1000.0,0.000
13320.6,g4,tick,1000.0,0.003
13325.1,g1,tick,1000.0,0.003
13325.1,g2,tick,1000.0,0.000
13325.1,g4,tick,1000.0,0.003
13330.1,g1,tick,1000.0,0.002
13330.1,g2,tick,1000.0,0.000
13330.1,g4,tick,1000.0,0.002
13335.1,g1,tick,1000.0,0.002
13335.1,g2,tick,1000.0,0.000
13335.1,g4,tick,1000.0,0.002
13340.1,g1,tick,1000.0,0.002
13340.1,g2,tick,1000.0,0.000
13340.1,g4,tick,1000.0,0.002
13345.5,g1,tick,1000.0,0.002
13345.5,g2,tick,1000.0,0.000
13345.5,g4,tick,1000.0,0.002
13350.5,g1,tick,1000.0,0.002
13350.5,g2,tick,1000.0,0.000
13350.5,g4,tick,1000.0,0.002
13355.1,g1,tick,1000.0,0.002
13355.1,g2,tick,1000.0,0.000
13355.1,g4,tick,1000.0,0.002
13360.1,g1,tick,1000.0,0.002
13360.1,g2,tick,1000.0,0.000
13360.1,g4,tick,1000.0,0.002
13365.7,g1,tick,1000.0,0.002
13365.7,g2,tick,1000.0,0.000
13365.7,g4,tick,1000.0,0.002
13370.5,g1,tick,1000.0,0.001
13370.5,g2,tick,1000.0,0.000
13370.5,g4,tick,1000.0,0.001
13375.1,g1,tick,1000.0,0.001
13375.1,g2,tick,1000.0,0.000
13375.1,g4,tick,1000.0,0.001
13380.1,g1,tick,1000.0,0.001
13380.1,g2,tick,1000.0,0.000
13380.1,g4,tick,1000.0,0.001
13385.1,g1,tick,1000.0,0.001
13385.1,g2,tick,1000.0,0.000
13385.1,g4,tick,1000.0,0.001
13390.1,g1,tick,1000.0,0.001
13390.1,g2,tick,1000.0,0.000
13390.1,g4,tick,1000.0,0.001
13395.1,g1,tick,1000.0,0.001
13395.1,g2,tick,1000.0,0.000
13395.1,g4,tick,1000.0,0.001
13400.1,g1,tick,1000.0,0.001
13400.1,g2,tick,1000.0,0.000
13400.1,g4,tick,1000.0,0.001
13405.1,g1,tick,1000.0,0.001
13405.1,g2,tick,1000.0,0.000
13405.1,g4,tick,1000.0,0.001
13410.1,g1,tick,1000.0,0.001
13410.1,g2,tick,1000.0,0.000
13410.1,g4,tick,1000.0,0.001
13415.1,g1,tick,1000.0,0.001
13415.1,g2,tick,1000.0,0.000
13415.1,g4,tick,1000.0,0.001
13420.1,g1,tick,1000.0,0.001
13420.1,g2,tick,1000.0,0.000
13420.1,g4,tick,1000.0,0.001
13425.3,g1,tick,1000.0,0.001
13425.3,g2,tick,1000.0,0.000
13425.3,g4,tick,1000.0,0.001
13430.1,g1,tick,1000.0,0.001
13430.1,g2,tick,1000.0,0.000
13430.1,g4,tick,1000.0,0.001
13435.1,g1,tick,1000.0,0.001
13435.1,g2,tick,1000.0,0.000
13435.1,g4,tick,1000.0,0.001
13440.1,g1,tick,1000.0,0.001
13440.1,g2,tick,1000.0,0.000
13440.1,g4,tick,1000.0,0.001
13445.1,g1,tick,1000.0,0.001
13445.1,g2,tick,1000.0,0.000
13445.1,g4,tick,1000.0,0.001
13450.1,g1,tick,1000.0,0.001
13450.1,g2,tick,1000.0,0.000
13450.1,g4,tick,1000.0,0.001
13455.1,g1,tick,1000.0,0.000
13455.1,g2,tick,1000.0,0.000
13455.1,g4,tick,1000.0,0.000
13460.1,g1,tick,1000.0,0.000
13460.1,g2,tick,1000.0,0.000
13460.1,g4,tick,1000.0,0.000
13465.1,g1,tick,1000.0,0.000
13465.1,g2,tick,1000.0,0.000
13465.1,g4,tick,1000.0,0.000
13470.1,g1,tick,1000.0,0.000
13470.1,g2,tick,1000.0,0.000
13470.1,g4,tick,1000.0,0.000
13475.1,g1,tick,1000.0,0.000
13475.1,g2,tick,1000.0,0.000
13475.1,g4,tick,1000.0,0.000
13480.1,g1,tick,1000.0,0.000
13480.1,g2,tick,1000.0,0.000
13480.1,g4,tick,1000.0,0.000
13485.1,g1,tick,1000.0,0.000
13485.1,g2,tick,1000.0,0.000
13485.1,g4,tick,1000.0,0.000
13490.0,g1,tick,1000.0,0.000
13490.0,g2,tick,1000.0,0.000
13490.0,g4,tick,1000.0,0.000
13495.3,g1,tick,1000.0,0.000
13495.4,g2,tick,1000.0,0.000
13495.4,g4,tick,1000.0,0.000
13500.1,g1,tick,1000.0,0.000
13500.1,g2,tick,1000.0,0.000
13500.1,g4,tick,1000.0,0.000
13505.1,g1,tick,1000.0,0.000
13505.1,g2,tick,1000.0,0.000
13505.1,g4,tick,1000.0,0.000
13510.1,g1,tick,1000.0,0.000
13510.1,g2,tick,1000.0,0.000
13510.1,g4,tick,1000.0,0.000
13515.8,g1,tick,1000.0,0.000
13515.8,g2,tick,1000.0,0.000
13515.8,g4,tick,1000.0,0.000
13520.1,g1,tick,1000.0,0.000
13520.1,g2,tick,1000.0,0.000
13520.1,g4,tick,1000.0,0.000
13525.7,g1,tick,1000.0,0.000
13525.8,g2,tick,1000.0,0.000
13525.8,g4,tick,1000.0,0.000
13530.1,g1,tick,1000.0,0.000
13530.1,g2,tick,1000.0,0.000
13530.1,g4,tick,1000.0,0.000
13535.1,g1,tick,1000.0,0.000
13535.1,g2,tick,1000.0,0.000
13535.1,g4,tick,1000.0,0.000
13540.1,g1,tick,1000.0,0.000
13540.1,g2,tick,1000.0,0.000
13540.1,g4,tick,1000.0,0.000
13545.1,g1,tick,1000.0,0.000
13545.1,g2,tick,1000.0,0.000
13545.1,g4,tick,1000.0,0.000
13550.1,g1,tick,1000.0,0.000
13550.1,g2,tick,1000.0,0.000
13550.1,g4,tick,1000.0,0.000
13555.1,g1,tick,1000.0,0.000
13555.1,g2,tick,1000.0,0.000
13555.1,g4,tick,1000.0,0.000
13560.9,g1,tick,1000.0,0.000
13560.9,g2,tick,1000.0,0.000
13560.9,g4,tick,1000.0,0.000
13565.1,g1,tick,1000.0,0.000
13565.1,g2,tick,1000.0,0.000
13565.1,g4,tick,1000.0,0.000
13570.1,g1,tick,1000.0,0.000
13570.1,g2,tick,1000.0,0.000
13570.1,g4,tick,1000.0,0.000
13575.1,g1,tick,1000.0,0.000
13575.1,g2,tick,1000.0,0.000
13575.1,g4,tick,1000.0,0.000
13580.2,g1,tick,1000.0,0.000
13580.2,g2,tick,1000.0,0.000
13580.2,g4,tick,1000.0,0.000
13585.1,g1,tick,1000.0,0.000
13585.1,g2,tick,1000.0,0.000
13585.1,g4,tick,1000.0,0.000
13590.1,g1,tick,1000.0,0.000
13590.1,g2,tick,1000.0,0.000
13590.1,g4,tick,1000.0,0.000
13595.5,g1,tick,1000.0,0.000
13595.5,g2,tick,1000.0,0.000
13595.5,g4,tick,1000.0,0.000
13600.1,g1,tick,1000.0,0.000
13600.1,g2,tick,1000.0,0.000
13600.1,g4,tick,1000.0,0.000
13605.4,g1,tick,1000.0,0.000
13605.4,g2,tick,1000.0,0.000
13605.4,g4,tick,1000.0,0.000
13610.6,g1,tick,1000.0,0.000
13610.6,g2,tick,1000.0,0.000
13610.6,g4,tick,1000.0,0.000
13615.1,g1,tick,1000.0,0.000
13615.1,g2,tick,1000.0,0.000
13615.1,g4,tick,1000.0,0.000
13620.1,g1,tick,1000.0,0.000
13620.1,g2,tick,1000.0,0.000
13620.1,g4,tick,1000.0,0.000
13625.1,g1,tick,1000.0,0.000
13625.1,g2,tick,1000.0,0.000
13625.1,g4,tick,1000.0,0.000
13630.1,g1,tick,1000.0,0.000
13630.1,g2,tick,1000.0,0.000
13630.1,g4,tick,1000.0,0.000
13635.1,g1,tick,1000.0,0.000
13635.1,g2,tick,1000.0,0.000
13635.1,g4,tick,1000.0,0.000
13640.1,g1,tick,1000.0,0.000
13640.1,g2,tick,1000.0,0.000
13640.1,g4,tick,1000.0,0.000
13645.3,g1,tick,1000.0,0.000
13645.3,g2,tick,1000.0,0.000
13645.3,g4,tick,1000.0,0.000
13650.1,g1,tick,1000.0,0.000
13650.1,g2,tick,1000.0,0.000
13650.1,g4,tick,1000.0,0.000
13655.1,g1,tick,1000.0,0.000
13655.1,g2,tick,1000.0,0.000
13655.1,g4,tick,1000.0,0.000
13660.5,g1,tick,1000.0,0.000
13660.5,g2,tick,1000.0,0.000
13660.5,g4,tick,1000.0,0.000
13665.1,g1,tick,1000.0,0.000
13665.1,g2,tick,1000.0,0.000
13665.1,g4,tick,1000.0,0.000
13670.1,g1,tick,1000.0,0.000
13670.1,g2,tick,1000.0,0.000
13670.1,g4,tick,1000.0,0.000
13675.3,g1,tick,1000.0,0.000
13675.3,g2,tick,1000.0,0.000
13675.3,g4,tick,1000.0,0.000
13680.1,g1,tick,1000.0,0.000
13680.1,g2,tick,1000.0,0.000
13680.1,g4,tick,1000.0,0.000
13685.1,g1,tick,1000.0,0.000
13685.2,g2,tick,1000.0,0.000
13685.2,g4,tick,1000.0,0.000
13690.4,g1,tick,1000.0,0.000
13690.4,g2,tick,1000.0,0.000
13690.4,g4,tick,1000.0,0.000
13695.1,g1,tick,1000.0,0.000
13695.1,g2,tick,1000.0,0.000
13695.1,g4,tick,1000.0,0.000
13700.1,g1,tick,1000.0,0.000
13700.1,g2,tick,1000.0,0.000
13700.1,g4,tick,1000.0,0.000
13705.1,g1,tick,1000.0,0.000
13705.1,g2,tick,1000.0,0.000
13705.1,g4,tick,1000.0,0.000
13711.9,g1,tick,1000.0,0.000
13711.9,g2,tick,1000.0,0.000
13711.9,g4,tick,1000.0,0.000
13715.1,g1,tick,1000.0,0.000
13715.1,g2,tick,1000.0,0.000
13715.1,g4,tick,1000.0,0.000
13720.1,g1,tick,1000.0,0.000
13720.1,g2,tick,1000.0,0.000
13720.1,g4,tick,1000.0,0.000
13725.6,g1,tick,1000.0,0.000
13725.6,g2,tick,1000.0,0.000
13725.6,g4,tick,1000.0,0.000
13730.1,g1,tick,1000.0,0.000
13730.1,g2,tick,1000.0,0.000
13730.1,g4,tick,1000.0,0.000
13736.6,g1,tick,1000.0,0.000
13736.6,g2,tick,1000.0,0.000
13736.6,g4,tick,1000.0,0.000
13740.1,g1,tick,1000.0,0.000
13740.1,g2,tick,1000.0,0.000
13740.1,g4,tick,1000.0,0.000
13745.1,g1,tick,1000.0,0.000
13745.1,g2,tick,1000.0,0.000
13745.1,g4,tick,1000.0,0.000
13750.4,g1,tick,1000.0,0.000
13750.4,g2,tick,1000.0,0.000
13750.4,g4,tick,1000.0,0.000
13755.1,g1,tick,1000.0,0.000
13755.1,g2,tick,1000.0,0.000
13755.1,g4,tick,1000.0,0.000
13760.1,g1,tick,1000.0,0.000
13760.1,g2,tick,1000.0,0.000
13760.1,g4,tick,1000.0,0.000
13766.0,g1,tick,1000.0,0.000
13766.0,g2,tick,1000.0,0.000
13766.0,g4,tick,1000.0,0.000
13770.1,g1,tick,1000.0,0.000
13770.1,g2,tick,1000.0,0.000
13770.1,g4,tick,1000.0,0.000
13776.0,g1,tick,1000.0,0.000
13776.0,g2,tick,1000.0,0.000
13776.0,g4,tick,1000.0,0.000
13780.1,g1,tick,1000.0,0.000
13780.1,g2,tick,1000.0,0.000
13780.1,g4,tick,1000.0,0.000
13785.9,g1,tick,1000.0,0.000
13785.9,g2,tick,1000.0,0.000
13785.9,g4,tick,1000.0,0.000
13790.1,g1,tick,1000.0,0.000
13790.1,g2,tick,1000.0,0.000
13790.1,g4,tick,1000.0,0.000
13795.1,g1,tick,1000.0,0.000
13795.1,g2,tick,1000.0,0.000
13795.1,g4,tick,1000.0,0.000
13800.1,g1,tick,1000.0,0.000
13800.1,g2,tick,1000.0,0.000
13800.1,g4,tick,1000.0,0.000
13805.1,g1,tick,1000.0,0.000
13805.1,g2,tick,1000.0,0.000
13805.1,g4,tick,1000.0,0.000
13810.1,g1,tick,1000.0,0.000
13810.1,g2,tick,1000.0,0.000
13810.1,g4,tick,1000.0,0.000
13815.1,g1,tick,1000.0,0.000
13815.1,g2,tick,1000.0,0.000
13815.1,g4,tick,1000.0,0.000
13820.1,g1,tick,1000.0,0.000
13820.1,g2,tick,1000.0,0.000
13820.1,g4,tick,1000.0,0.000
13825.1,g1,tick,1000.0,0.000
13825.1,g2,tick,1000.0,0.000
13825.1,g4,tick,1000.0,0.000
13830.1,g1,tick,1000.0,0.000
13830.1,g2,tick,1000.0,0.000
13830.1,g4,tick,1000.0,0.000
13835.1,g1,tick,1000.0,0.000
13835.1,g2,tick,1000.0,0.000
13835.1,g4,tick,1000.0,0.000
13840.2,g1,tick,1000.0,0.000
13840.2,g2,tick,1000.0,0.000
13840.2,g4,tick,1000.0,0.000
13845.1,g1,tick,1000.0,0.000
13845.1,g2,tick,1000.0,0.000
13845.1,g4,tick,1000.0,0.000
13850.0,g1,tick,1000.0,0.000
13850.0,g2,tick,1000.0,0.000
13850.0,g4,tick,1000.0,0.000
13855.2,g1,tick,1000.0,0.000
13855.2,g2,tick,1000.0,0.000
13855.2,g4,tick,1000.0,0.000
13860.1,g1,tick,1000.0,0.000
13860.1,g2,tick,1000.0,0.000
13860.1,g4,tick,1000.0,0.000
13865.1,g1,tick,1000.0,0.000
13865.1,g2,tick,1000.0,0.000
13865.1,g4,tick,1000.0,0.000
13870.1,g1,tick,1000.0,0.000
13870.1,g2,tick,1000.0,0.000
13870.1,g4,tick,1000.0,0.000
13875.1,g1,tick,1000.0,0.000
13875.1,g2,tick,1000.0,0.000
13875.1,g4,tick,1000.0,0.000
13880.1,g1,tick,1000.0,0.000
13880.1,g2,tick,1000.0,0.000
13880.1,g4,tick,1000.0,0.000
13885.1,g1,tick,1000.0,0.000
13885.1,g2,tick,1000.0,0.000
13885.1,g4,tick,1000.0,0.000
13890.1,g1,tick,1000.0,0.000
13890.1,g2,tick,1000.0,0.000
13890.1,g4,tick,1000.0,0.000
13895.1,g1,tick,1000.0,0.000
13895.1,g2,tick,1000.0,0.000
13895.1,g4,tick,1000.0,0.000
13900.1,g1,tick,1000.0,0.000
13900.1,g2,tick,1000.0,0.000
13900.1,g4,tick,1000.0,0.000
13905.1,g1,tick,1000.0,0.000
13905.1,g2,tick,1000.0,0.000
13905.1,g4,tick,1000.0,0.000
13910.7,g1,tick,1000.0,0.000
13910.7,g2,tick,1000.0,0.000
13910.7,g4,tick,1000.0,0.000
13915.1,g1,tick,1000.0,0.000
13915.1,g2,tick,1000.0,0.000
13915.1,g4,tick,1000.0,0.000
13920.1,g1,tick,1000.0,0.000
13920.1,g2,tick,1000.0,0.000
13920.1,g4,tick,1000.0,0.000
13925.1,g1,tick,1000.0,0.000
13925.1,g2,tick,1000.0,0.000
13925.1,g4,tick,1000.0,0.000
13930.1,g1,tick,1000.0,0.000
13930.1,g2,tick,1000.0,0.000
13930.1,g4,tick,1000.0,0.000
13935.1,g1,tick,1000.0,0.000
13935.1,g2,tick,1000.0,0.000
13935.1,g4,tick,1000.0,0.000
13940.1,g1,tick,1000.0,0.000
13940.1,g2,tick,1000.0,0.000
13940.1,g4,tick,1000.0,0.000
13945.8,g1,tick,1000.0,0.000
13945.9,g2,tick,1000.0,0.000
13945.9,g4,tick,1000.0,0.000
13950.1,g1,tick,1000.0,0.000
13950.1,g2,tick,1000.0,0.000
13950.1,g4,tick,1000.0,0.000
13955.1,g1,tick,1000.0,0.000
13955.1,g2,tick,1000.0,0.000
13955.1,g4,tick,1000.0,0.000
13960.1,g1,tick,1000.0,0.000
13960.1,g2,tick,1000.0,0.000
13960.1,g4,tick,1000.0,0.000
13965.1,g1,tick,1000.0,0.000
13965.1,g2,tick,1000.0,0.000
13965.1,g4,tick,1000.0,0.000
13970.1,g1,tick,1000.0,0.000
13970.1,g2,tick,1000.0,0.000
13970.1,g4,tick,1000.0,0.000
13975.2,g1,tick,1000.0,0.000
13975.2,g2,tick,1000.0,0.000
13975.2,g4,tick,1000.0,0.000
13980.1,g1,tick,1000.0,0.000
13980.1,g2,tick,1000.0,0.000
13980.1,g4,tick,1000.0,0.000
13985.1,g1,tick,1000.0,0.000
13985.1,g2,tick,1000.0,0.000
13985.1,g4,tick,1000.0,0.000
13990.1,g1,tick,1000.0,0.000
13990.1,g2,tick,1000.0,0.000
13990.1,g4,tick,1000.0,0.000
13995.1,g1,tick,1000.0,0.000
13995.1,g2,tick,1000.0,0.000
13995.1,g4,tick,1000.0,0.000
14000.1,g1,tick,1000.0,0.000
14000.1,g2,tick,1000.0,0.000
14000.1,g4,tick,1000.0,0.000
14005.1,g1,tick,1000.0,0.000
14005.1,g2,tick,1000.0,0.000
14005.1,g4,tick,1000.0,0.000
14010.5,g1,tick,1000.0,0.000
14010.5,g2,tick,1000.0,0.000
14010.5,g4,tick,1000.0,0.000
14015.1,g1,tick,1000.0,0.000
14015.1,g2,tick,1000.0,0.000
14015.1,g4,tick,1000.0,0.000
14020.1,g1,tick,1000.0,0.000
14020.1,g2,tick,1000.0,0.000
14020.1,g4,tick,1000.0,0.000
14025.1,g1,tick,1000.0,0.000
14025.1,g2,tick,1000.0,0.000
14025.1,g4,tick,1000.0,0.000
14030.1,g1,tick,1000.0,0.000
14030.1,g2,tick,1000.0,0.000
14030.1,g4,tick,1000.0,0.000
14035.1,g1,tick,1000.0,0.000
14035.1,g2,tick,1000.0,0.000
14035.1,g4,tick,1000.0,0.000
14040.1,g1,tick,1000.0,0.000
14040.1,g2,tick,1000.0,0.000
14040.1,g4,tick,1000.0,0.000
14045.1,g1,tick,1000.0,0.000
14045.1,g2,tick,1000.0,0.000
14045.1,g4,tick,1000.0,0.000
14050.1,g1,tick,1000.0,0.000
14050.1,g2,tick,1000.0,0.000
14050.1,g4,tick,1000.0,0.000
14055.1,g1,tick,1000.0,0.000
14055.1,g2,tick,1000.0,0.000
14055.1,g4,tick,1000.0,0.000
14060.1,g1,tick,1000.0,0.000
14060.1,g2,tick,1000.0,0.000
14060.1,g4,tick,1000.0,0.000
14065.1,g1,tick,1000.0,0.000
14065.1,g2,tick,1000.0,0.000
14065.1,g4,tick,1000.0,0.000
14070.1,g1,tick,1000.0,0.000
14070.1,g2,tick,1000.0,0.000
14070.1,g4,tick,1000.0,0.000
14075.1,g1,tick,1000.0,0.000
14075.1,g2,tick,1000.0,0.000
14075.1,g4,tick,1000.0,0.000
14080.1,g1,tick,1000.0,0.000
14080.1,g2,tick,1000.0,0.000
14080.1,g4,tick,1000.0,0.000
14085.1,g1,tick,1000.0,0.000
14085.1,g2,tick,1000.0,0.000
14085.1,g4,tick,1000.0,0.000
14090.1,g1,tick,1000.0,0.000
14090.1,g2,tick,1000.0,0.000
14090.1,g4,tick,1000.0,0.000
14095.1,g1,tick,1000.0,0.000
14095.1,g2,tick,1000.0,0.000
14095.1,g4,tick,1000.0,0.000
14100.1,g1,tick,1000.0,0.000
14100.1,g2,tick,1000.0,0.000
14100.1,g4,tick,1000.0,0.000
14105.1,g1,tick,1000.0,0.000
14105.1,g2,tick,1000.0,0.000
14105.1,g4,tick,1000.0,0.000
14110.1,g1,tick,1000.0,0.000
14110.1,g2,tick,1000.0,0.000
14110.1,g4,tick,1000.0,0.000
14115.3,g1,tick,1000.0,0.000
14115.3,g2,tick,1000.0,0.000
14115.3,g4,tick,1000.0,0.000
14120.1,g1,tick,1000.0,0.000
14120.1,g2,tick,1000.0,0.000
14120.1,g4,tick,1000.0,0.000
14125.7,g1,tick,1000.0,0.000
14125.7,g2,tick,1000.0,0.000
14125.7,g4,tick,1000.0,0.000
14130.1,g1,tick,1000.0,0.000
14130.1,g2,tick,1000.0,0.000
14130.1,g4,tick,1000.0,0.000
14135.1,g1,tick,1000.0,0.000
14135.1,g2,tick,1000.0,0.000
14135.1,g4,tick,1000.0,0.000
14140.1,g1,tick,1000.0,0.000
14140.1,g2,tick,1000.0,0.000
14140.1,g4,tick,1000.0,0.000
14146.1,g1,tick,1000.0,0.000
14146.1,g2,tick,1000.0,0.000
14146.1,g4,tick,1000.0,0.000
14150.1,g1,tick,1000.0,0.000
14150.1,g2,tick,1000.0,0.000
14150.1,g4,tick,1000.0,0.000
14155.1,g1,tick,1000.0,0.000
14155.1,g2,tick,1000.0,0.000
14155.1,g4,tick,1000.0,0.000
14160.1,g1,tick,1000.0,0.000
14160.1,g2,tick,1000.0,0.000
14160.1,g4,tick,1000.0,0.000
14165.3,g1,tick,1000.0,0.000
14165.3,g2,tick,1000.0,0.000
14165.3,g4,tick,1000.0,0.000
14170.1,g1,tick,1000.0,0.000
14170.1,g2,tick,1000.0,0.000
14170.1,g4,tick,1000.0,0.000
14175.1,g1,tick,1000.0,0.000
14175.1,g2,tick,1000.0,0.000
14175.1,g4,tick,1000.0,0.000
14180.1,g1,tick,1000.0,0.000
14180.1,g2,tick,1000.0,0.000
14180.1,g4,tick,1000.0,0.000
14185.1,g1,tick,1000.0,0.000
14185.1,g2,tick,1000.0,0.000
14185.1,g4,tick,1000.0,0.000
14190.1,g1,tick,1000.0,0.000
14190.1,g2,tick,1000.0,0.000
14190.1,g4,tick,1000.0,0.000
14195.2,g1,tick,1000.0,0.000
14195.2,g2,tick,1000.0,0.000
14195.2,g4,tick,1000.0,0.000
14200.1,g1,tick,1000.0,0.000
14200.1,g2,tick,1000.0,0.000
14200.1,g4,tick,1000.0,0.000
14205.7,g1,tick,1000.0,0.000
14205.7,g2,tick,1000.0,0.000
14205.8,g4,tick,1000.0,0.000
14210.1,g1,tick,1000.0,0.000
14210.1,g2,tick,1000.0,0.000
14210.1,g4,tick,1000.0,0.000
14215.1,g1,tick,1000.0,0.000
14215.1,g2,tick,1000.0,0.000
14215.1,g4,tick,1000.0,0.000
14220.1,g1,tick,1000.0,0.000
14220.1,g2,tick,1000.0,0.000
14220.1,g4,tick,1000.0,0.000
14225.1,g1,tick,1000.0,0.000
14225.1,g2,tick,1000.0,0.000
14225.1,g4,tick,1000.0,0.000
14230.1,g1,tick,1000.0,0.000
14230.1,g2,tick,1000.0,0.000
14230.1,g4,tick,1000.0,0.000
14235.1,g1,tick,1000.0,0.000
14235.1,g2,tick,1000.0,0.000
14235.1,g4,tick,1000.0,0.000
14240.3,g1,tick,1000.0,0.000
14240.3,g2,tick,1000.0,0.000
14240.3,g4,tick,1000.0,0.000
14245.1,g1,tick,1000.0,0.000
14245.1,g2,tick,1000.0,0.000
14245.1,g4,tick,1000.0,0.000
14250.1,g1,tick,1000.0,0.000
14250.1,g2,tick,1000.0,0.000
14250.1,g4,tick,1000.0,0.000
14255.3,g1,tick,1000.0,0.000
14255.3,g2,tick,1000.0,0.000
14255.3,g4,tick,1000.0,0.000
14260.1,g1,tick,1000.0,0.000
14260.1,g2,tick,1000.0,0.000
14260.1,g4,tick,1000.0,0.000
14265.1,g1,tick,1000.0,0.000
14265.1,g2,tick,1000.0,0.000
14265.1,g4,tick,1000.0,0.000
14270.1,g1,tick,1000.0,0.000
14270.1,g2,tick,1000.0,0.000
14270.1,g4,tick,1000.0,0.000
14275.1,g1,tick,1000.0,0.000
14275.1,g2,tick,1000.0,0.000
14275.1,g4,tick,1000.0,0.000
14280.1,g1,tick,1000.0,0.000
14280.1,g2,tick,1000.0,0.000
14280.1,g4,tick,1000.0,0.000
14285.1,g1,tick,1000.0,0.000
14285.1,g2,tick,1000.0,0.000
14285.1,g4,tick,1000.0,0.000
14290.1,g1,tick,1000.0,0.000
14290.1,g2,tick,1000.0,0.000
14290.1,g4,tick,1000.0,0.000
14295.8,g1,tick,1000.0,0.000
14295.9,g2,tick,1000.0,0.000
14295.9,g4,tick,1000.0,0.000
14300.1,g1,tick,1000.0,0.000
14300.1,g2,tick,1000.0,0.000
14300.1,g4,tick,1000.0,0.000
14305.1,g1,tick,1000.0,0.000
14305.1,g2,tick,1000.0,0.000
14305.1,g4,tick,1000.0,0.000
14310.1,g1,tick,1000.0,0.000
14310.1,g2,tick,1000.0,0.000
14310.1,g4,tick,1000.0,0.000
14315.1,g1,tick,1000.0,0.000
14315.1,g2,tick,1000.0,0.000
14315.1,g4,tick,1000.0,0.000
14320.1,g1,tick,1000.0,0.000
14320.1,g2,tick,1000.0,0.000
14320.1,g4,tick,1000.0,0.000
14325.1,g1,tick,1000.0,0.000
14325.1,g2,tick,1000.0,0.000
14325.1,g4,tick,1000.0,0.000
14330.1,g1,tick,1000.0,0.000
14330.1,g2,tick,1000.0,0.000
14330.1,g4,tick,1000.0,0.000
14335.1,g1,tick,1000.0,0.000
14335.1,g2,tick,1000.0,0.000
14335.1,g4,tick,1000.0,0.000
14340.1,g1,tick,1000.0,0.000
14340.1,g2,tick,1000.0,0.000
14340.1,g4,tick,1000.0,0.000
14345.1,g1,tick,1000.0,0.000
14345.1,g2,tick,1000.0,0.000
14345.1,g4,tick,1000.0,0.000
14350.1,g1,tick,1000.0,0.000
14350.1,g2,tick,1000.0,0.000
14350.1,g4,tick,1000.0,0.000
14355.1,g1,tick,1000.0,0.000
14355.1,g2,tick,1000.0,0.000
14355.1,g4,tick,1000.0,0.000
14360.5,g1,tick,1000.0,0.000
14360.5,g2,tick,1000.0,0.000
14360.5,g4,tick,1000.0,0.000
14365.1,g1,tick,1000.0,0.000
14365.1,g2,tick,1000.0,0.000
14365.1,g4,tick,1000.0,0.000
14370.1,g1,tick,1000.0,0.000
14370.1,g2,tick,1000.0,0.000
14370.1,g4,tick,1000.0,0.000
14375.1,g1,tick,1000.0,0.000
14375.1,g2,tick,1000.0,0.000
14375.1,g4,tick,1000.0,0.000
14382.0,g1,tick,1000.0,0.000
14382.0,g2,tick,1000.0,0.000
14382.0,g4,tick,1000.0,0.000
14385.1,g1,tick,1000.0,0.000
14385.1,g2,tick,1000.0,0.000
14385.1,g4,tick,1000.0,0.000
14390.1,g1,tick,1000.0,0.000
14390.1,g2,tick,1000.0,0.000
14390.1,g4,tick,1000.0,0.000
14395.1,g1,tick,1000.0,0.000
14395.1,g2,tick,1000.0,0.000
14395.1,g4,tick,1000.0,0.000
14400.1,g1,tick,1000.0,0.000
14400.1,g2,tick,1000.0,0.000
14400.1,g4,tick,1000.0,0.000
14406.1,g1,tick,1000.0,0.000
14406.2,g2,tick,1000.0,0.000
14406.2,g4,tick,1000.0,0.000
14410.6,g1,tick,1000.0,0.000
14410.6,g2,tick,1000.0,0.000
14410.6,g4,tick,1000.0,0.000
14415.1,g1,tick,1000.0,0.000
14415.1,g2,tick,1000.0,0.000
14415.1,g4,tick,1000.0,0.000
14420.1,g1,tick,1000.0,0.000
14420.1,g2,tick,1000.0,0.000
14420.1,g4,tick,1000.0,0.000
14425.3,g1,tick,1000.0,0.000
14425.3,g2,tick,1000.0,0.000
14425.3,g4,tick,1000.0,0.000
14430.1,g1,tick,1000.0,0.000
14430.1,g2,tick,1000.0,0.000
14430.1,g4,tick,1000.0,0.000
14435.1,g1,tick,1000.0,0.000
14435.1,g2,tick,1000.0,0.000
14435.1,g4,tick,1000.0,0.000
14440.1,g1,tick,1000.0,0.000
14440.1,g2,tick,1000.0,0.000
14440.1,g4,tick,1000.0,0.000
14445.2,g1,tick,1000.0,0.000
14445.2,g2,tick,1000.0,0.000
14445.2,g4,tick,1000.0,0.000
14450.1,g1,tick,1000.0,0.000
14450.1,g2,tick,1000.0,0.000
14450.1,g4,tick,1000.0,0.000
14455.1,g1,tick,1000.0,0.000
14455.1,g2,tick,1000.0,0.000
14455.1,g4,tick,1000.0,0.000
14460.1,g1,tick,1000.0,0.000
14460.1,g2,tick,1000.0,0.000
14460.1,g4,tick,1000.0,0.000
14465.5,g1,tick,1000.0,0.000
14465.5,g2,tick,1000.0,0.000
14465.5,g4,tick,1000.0,0.000
14470.1,g1,tick,1000.0,0.000
14470.1,g2,tick,1000.0,0.000
14470.1,g4,tick,1000.0,0.000
14475.1,g1,tick,1000.0,0.000
14475.1,g2,tick,1000.0,0.000
14475.1,g4,tick,1000.0,0.000
14480.1,g1,tick,1000.0,0.000
14480.1,g2,tick,1000.0,0.000
14480.1,g4,tick,1000.0,0.000
14485.1,g1,tick,1000.0,0.000
14485.1,g2,tick,1000.0,0.000
14485.1,g4,tick,1000.0,0.000
14491.0,g1,tick,1000.0,0.000
14491.0,g2,tick,1000.0,0.000
14491.0,g4,tick,1000.0,0.000
14495.1,g1,tick,1000.0,0.000
14495.1,g2,tick,1000.0,0.000
14495.1,g4,tick,1000.0,0.000
14500.6,g1,tick,1000.0,0.000
14500.6,g2,tick,1000.0,0.000
14500.6,g4,tick,1000.0,0.000
14505.1,g1,tick,1000.0,0.000
14505.1,g2,tick,1000.0,0.000
14505.1,g4,tick,1000.0,0.000
14510.1,g1,tick,1000.0,0.000
14510.1,g2,tick,1000.0,0.000
14510.1,g4,tick,1000.0,0.000
14515.1,g1,tick,1000.0,0.000
14515.1,g2,tick,1000.0,0.000
14515.1,g4,tick,1000.0,0.000
14520.1,g1,tick,1000.0,0.000
14520.1,g2,tick,1000.0,0.000
14520.1,g4,tick,1000.0,0.000
14526.4,g1,tick,1000.0,0.000
14526.4,g2,tick,1000.0,0.000
14526.4,g4,tick,1000.0,0.000
14530.1,g1,tick,1000.0,0.000
14530.1,g2,tick,1000.0,0.000
14530.1,g4,tick,1000.0,0.000
14535.9,g1,tick,1000.0,0.000
14535.9,g2,tick,1000.0,0.000
14535.9,g4,tick,1000.0,0.000
14540.1,g1,tick,1000.0,0.000
14540.1,g2,tick,1000.0,0.000
14540.1,g4,tick,1000.0,0.000
14545.2,g1,tick,1000.0,0.000
14545.2,g2,tick,1000.0,0.000
14545.2,g4,tick,1000.0,0.000
14550.1,g1,tick,1000.0,0.000
14550.1,g2,tick,1000.0,0.000
14550.1,g4,tick,1000.0,0.000
14555.1,g1,tick,1000.0,0.000
14555.1,g2,tick,1000.0,0.000
14555.1,g4,tick,1000.0,0.000
14560.2,g1,tick,1000.0,0.000
14560.2,g2,tick,1000.0,0.000
14560.2,g4,tick,1000.0,0.000
14565.1,g1,tick,1000.0,0.000
14565.1,g2,tick,1000.0,0.000
14565.1,g4,tick,1000.0,0.000
14570.1,g1,tick,1000.0,0.000
14570.1,g2,tick,1000.0,0.000
14570.1,g4,tick,1000.0,0.000
14575.1,g1,tick,1000.0,0.000
14575.1,g2,tick,1000.0,0.000
14575.1,g4,tick,1000.0,0.000
14580.1,g1,tick,1000.0,0.000
14580.1,g2,tick,1000.0,0.000
14580.1,g4,tick,1000.0,0.000
14585.0,g1,tick,1000.0,0.000
14585.0,g2,tick,1000.0,0.000
14585.0,g4,tick,1000.0,0.000
14590.1,g1,tick,1000.0,0.000
14590.1,g2,tick,1000.0,0.000
14590.1,g4,tick,1000.0,0.000
14595.9,g1,tick,1000.0,0.000
14595.9,g2,tick,1000.0,0.000
14595.9,g4,tick,1000.0,0.000
14600.1,g1,tick,1000.0,0.000
14600.1,g2,tick,1000.0,0.000
14600.1,g4,tick,1000.0,0.000
14605.1,g1,tick,1000.0,0.000
14605.1,g2,tick,1000.0,0.000
14605.1,g4,tick,1000.0,0.000
14610.1,g1,tick,1000.0,0.000
14610.1,g2,tick,1000.0,0.000
14610.1,g4,tick,1000.0,0.000
14615.1,g1,tick,1000.0,0.000
14615.1,g2,tick,1000.0,0.000
14615.1,g4,tick,1000.0,0.000
14620.8,g1,tick,1000.0,0.000
14620.8,g2,tick,1000.0,0.000
14620.8,g4,tick,1000.0,0.000
14625.4,g1,tick,1000.0,0.000
14625.4,g2,tick,1000.0,0.000
14625.4,g4,tick,1000.0,0.000
14630.1,g1,tick,1000.0,0.000
14630.1,g2,tick,1000.0,0.000
14630.1,g4,tick,1000.0,0.000
14635.1,g1,tick,1000.0,0.000
14635.1,g2,tick,1000.0,0.000
14635.1,g4,tick,1000.0,0.000
14640.1,g1,tick,1000.0,0.000
14640.1,g2,tick,1000.0,0.000
14640.1,g4,tick,1000.0,0.000
14645.1,g1,tick,1000.0,0.000
14645.1,g2,tick,1000.0,0.000
14645.1,g4,tick,1000.0,0.000
14650.1,g1,tick,1000.0,0.000
14650.1,g2,tick,1000.0,0.000
14650.1,g4,tick,1000.0,0.000
14655.6,g1,tick,1000.0,0.000
14655.6,g2,tick,1000.0,0.000
14655.6,g4,tick,1000.0,0.000
14660.1,g1,tick,1000.0,0.000
14660.1,g2,tick,1000.0,0.000
14660.1,g4,tick,1000.0,0.000
14665.1,g1,tick,1000.0,0.000
14665.1,g2,tick,1000.0,0.000
14665.1,g4,tick,1000.0,0.000
14670.3,g1,tick,1000.0,0.000
14670.3,g2,tick,1000.0,0.000
14670.3,g4,tick,1000.0,0.000
14675.1,g1,tick,1000.0,0.000
14675.1,g2,tick,1000.0,0.000
14675.1,g4,tick,1000.0,0.000
14680.1,g1,tick,1000.0,0.000
14680.1,g2,tick,1000.0,0.000
14680.1,g4,tick,1000.0,0.000
14685.1,g1,tick,1000.0,0.000
14685.1,g2,tick,1000.0,0.000
14685.1,g4,tick,1000.0,0.000
14690.1,g1,tick,1000.0,0.000
14690.1,g2,tick,1000.0,0.000
14690.1,g4,tick,1000.0,0.000
14695.1,g1,tick,1000.0,0.000
14695.1,g2,tick,1000.0,0.000
14695.1,g4,tick,1000.0,0.000
14700.1,g1,tick,1000.0,0.000
14700.1,g2,tick,1000.0,0.000
14700.1,g4,tick,1000.0,0.000
14705.9,g1,tick,1000.0,0.000
14705.9,g2,tick,1000.0,0.000
14706.0,g4,tick,1000.0,0.000
14710.1,g1,tick,1000.0,0.000
14710.1,g2,tick,1000.0,0.000
14710.1,g4,tick,1000.0,0.000
14715.1,g1,tick,1000.0,0.000
14715.1,g2,tick,1000.0,0.000
14715.1,g4,tick,1000.0,0.000
14720.1,g1,tick,1000.0,0.000
14720.1,g2,tick,1000.0,0.000
14720.1,g4,tick,1000.0,0.000
14725.1,g1,tick,1000.0,0.000
14725.1,g2,tick,1000.0,0.000
14725.1,g4,tick,1000.0,0.000
14730.1,g1,tick,1000.0,0.000
14730.1,g2,tick,1000.0,0.000
14730.1,g4,tick,1000.0,0.000
14735.1,g1,tick,1000.0,0.000
14735.1,g2,tick,1000.0,0.000
14735.1,g4,tick,1000.0,0.000
14740.1,g1,tick,1000.0,0.000
14740.1,g2,tick,1000.0,0.000
14740.1,g4,tick,1000.0,0.000
14747.1,g1,tick,1000.0,0.000
14747.1,g2,tick,1000.0,0.000
14747.1,g4,tick,1000.0,0.000
14750.1,g1,tick,1000.0,0.000
14750.1,g2,tick,1000.0,0.000
14750.1,g4,tick,1000.0,0.000
14755.1,g1,tick,1000.0,0.000
14755.1,g2,tick,1000.0,0.000
14755.1,g4,tick,1000.0,0.000
14760.1,g1,tick,1000.0,0.000
14760.1,g2,tick,1000.0,0.000
14760.1,g4,tick,1000.0,0.000
14765.1,g1,tick,1000.0,0.000
14765.1,g2,tick,1000.0,0.000
14765.1,g4,tick,1000.0,0.000
14770.1,g1,tick,1000.0,0.000
14770.1,g2,tick,1000.0,0.000
14770.1,g4,tick,1000.0,0.000
14777.4,g1,tick,1000.0,0.000
14777.4,g2,tick,1000.0,0.000
14777.4,g4,tick,1000.0,0.000
14780.1,g1,tick,1000.0,0.000
14780.1,g2,tick,1000.0,0.000
14780.1,g4,tick,1000.0,0.000
14785.2,g1,tick,1000.0,0.000
14785.2,g2,tick,1000.0,0.000
14785.2,g4,tick,1000.0,0.000
14790.1,g1,tick,1000.0,0.000
14790.1,g2,tick,1000.0,0.000
14790.1,g4,tick,1000.0,0.000
14795.1,g1,tick,1000.0,0.000
14795.1,g2,tick,1000.0,0.000
14795.1,g4,tick,1000.0,0.000
14800.1,g1,tick,1000.0,0.000
14800.1,g2,tick,1000.0,0.000
14800.1,g4,tick,1000.0,0.000
14806.0,g1,tick,1000.0,0.000
14806.0,g2,tick,1000.0,0.000
14806.0,g4,tick,1000.0,0.000
14810.1,g1,tick,1000.0,0.000
14810.1,g2,tick,1000.0,0.000
14810.1,g4,tick,1000.0,0.000
14815.1,g1,tick,1000.0,0.000
14815.1,g2,tick,1000.0,0.000
14815.1,g4,tick,1000.0,0.000
14820.1,g1,tick,1000.0,0.000
14820.1,g2,tick,1000.0,0.000
14820.1,g4,tick,1000.0,0.000
14825.1,g1,tick,1000.0,0.000
14825.1,g2,tick,1000.0,0.000
14825.1,g4,tick,1000.0,0.000
14830.1,g1,tick,1000.0,0.000
14830.1,g2,tick,1000.0,0.000
14830.1,g4,tick,1000.0,0.000
14835.1,g1,tick,1000.0,0.000
14835.1,g2,tick,1000.0,0.000
14835.1,g4,tick,1000.0,0.000
14840.1,g1,tick,1000.0,0.000
14840.1,g2,tick,1000.0,0.000
14840.1,g4,tick,1000.0,0.000
14845.1,g1,tick,1000.0,0.000
14845.1,g2,tick,1000.0,0.000
14845.1,g4,tick,1000.0,0.000
14850.1,g1,tick,1000.0,0.000
14850.1,g2,tick,1000.0,0.000
14850.1,g4,tick,1000.0,0.000
14855.1,g1,tick,1000.0,0.000
14855.1,g2,tick,1000.0,0.000
14855.1,g4,tick,1000.0,0.000
14860.1,g1,tick,1000.0,0.000
14860.1,g2,tick,1000.0,0.000
14860.1,g4,tick,1000.0,0.000
14865.1,g1,tick,1000.0,0.000
14865.1,g2,tick,1000.0,0.000
14865.1,g4,tick,1000.0,0.000
14870.1,g1,tick,1000.0,0.000
14870.1,g2,tick,1000.0,0.000
14870.1,g4,tick,1000.0,0.000
14875.1,g1,tick,1000.0,0.000
14875.1,g2,tick,1000.0,0.000
14875.1,g4,tick,1000.0,0.000
14880.1,g1,tick,1000.0,0.000
14880.1,g2,tick,1000.0,0.000
14880.1,g4,tick,1000.0,0.000
14885.1,g1,tick,1000.0,0.000
14885.1,g2,tick,1000.0,0.000
14885.1,g4,tick,1000.0,0.000
14890.1,g1,tick,1000.0,0.000
14890.1,g2,tick,1000.0,0.000
14890.1,g4,tick,1000.0,0.000
14895.1,g1,tick,1000.0,0.000
14895.1,g2,tick,1000.0,0.000
14895.1,g4,tick,1000.0,0.000
14900.4,g1,tick,1000.0,0.000
14900.4,g2,tick,1000.0,0.000
14900.4,g4,tick,1000.0,0.000
14905.1,g1,tick,1000.0,0.000
14905.1,g2,tick,1000.0,0.000
14905.1,g4,tick,1000.0,0.000
14910.1,g1,tick,1000.0,0.000
14910.1,g2,tick,1000.0,0.000
14910.1,g4,tick,1000.0,0.000
14915.1,g1,tick,1000.0,0.000
14915.1,g2,tick,1000.0,0.000
14915.1,g4,tick,1000.0,0.000
14920.1,g1,tick,1000.0,0.000
14920.1,g2,tick,1000.0,0.000
14920.1,g4,tick,1000.0,0.000
14925.7,g1,tick,1000.0,0.000
14925.7,g2,tick,1000.0,0.000
14925.7,g4,tick,1000.0,0.000
14930.1,g1,tick,1000.0,0.000
14930.1,g2,tick,1000.0,0.000
14930.1,g4,tick,1000.0,0.000
14935.1,g1,tick,1000.0,0.000
14935.1,g2,tick,1000.0,0.000
14935.1,g4,tick,1000.0,0.000
14940.1,g1,tick,1000.0,0.000
14940.1,g2,tick,1000.0,0.000
14940.1,g4,tick,1000.0,0.000
14946.3,g1,tick,1000.0,0.000
14946.3,g2,tick,1000.0,0.000
14946.3,g4,tick,1000.0,0.000
14950.1,g1,tick,1000.0,0.000
14950.1,g2,tick,1000.0,0.000
14950.1,g4,tick,1000.0,0.000
14955.1,g1,tick,1000.0,0.000
14955.1,g2,tick,1000.0,0.000
14955.1,g4,tick,1000.0,0.000
14960.0,g1,tick,1000.0,0.000
14960.0,g2,tick,1000.0,0.000
14960.0,g4,tick,1000.0,0.000
14965.1,g1,tick,1000.0,0.000
14965.1,g2,tick,1000.0,0.000
14965.1,g4,tick,1000.0,0.000
14970.1,g1,tick,1000.0,0.000
14970.1,g2,tick,1000.0,0.000
14970.1,g4,tick,1000.0,0.000
14975.1,g1,tick,1000.0,0.000
14975.1,g2,tick,1000.0,0.000
14975.1,g4,tick,1000.0,0.000
14980.1,g1,tick,1000.0,0.000
14980.1,g2,tick,1000.0,0.000
14980.1,g4,tick,1000.0,0.000
14985.1,g1,tick,1000.0,0.000
14985.1,g2,tick,1000.0,0.000
14985.1,g4,tick,1000.0,0.000
14990.1,g1,tick,1000.0,0.000
14990.1,g2,tick,1000.0,0.000
14990.1,g4,tick,1000.0,0.000
14995.1,g1,tick,1000.0,0.000
14995.1,g2,tick,1000.0,0.000
14995.1,g4,tick,1000.0,0.000
15000.1,g1,tick,1000.0,0.000
15000.1,g2,tick,1000.0,0.000
15000.1,g4,tick,1000.0,0.000
15005.1,g1,tick,1000.0,0.000
15005.1,g2,tick,1000.0,0.000
15005.1,g4,tick,1000.0,0.000
15010.1,g1,tick,1000.0,0.000
15010.1,g2,tick,1000.0,0.000
15010.1,g4,tick,1000.0,0.000
15015.1,g1,tick,1000.0,0.000
15015.1,g2,tick,1000.0,0.000
15015.1,g4,tick,1000.0,0.000
15020.1,g1,tick,1000.0,0.000
15020.1,g2,tick,1000.0,0.000
15020.1,g4,tick,1000.0,0.000
15025.1,g1,tick,1000.0,0.000
15025.1,g2,tick,1000.0,0.000
15025.1,g4,tick,1000.0,0.000
15030.1,g1,tick,1000.0,0.000
15030.1,g2,tick,1000.0,0.000
15030.1,g4,tick,1000.0,0.000
15035.1,g1,tick,1000.0,0.000
15035.1,g2,tick,1000.0,0.000
15035.1,g4,tick,1000.0,0.000
15040.1,g1,tick,1000.0,0.000
15040.1,g2,tick,1000.0,0.000
15040.1,g4,tick,1000.0,0.000
15045.1,g1,tick,1000.0,0.000
15045.1,g2,tick,1000.0,0.000
15045.1,g4,tick,1000.0,0.000
15050.1,g1,tick,1000.0,0.000
15050.1,g2,tick,1000.0,0.000
15050.1,g4,tick,1000.0,0.000
15055.7,g1,tick,1000.0,0.000
15055.8,g2,tick,1000.0,0.000
15055.8,g4,tick,1000.0,0.000
15060.2,g1,tick,1000.0,0.000
15060.3,g2,tick,1000.0,0.000
15060.3,g4,tick,1000.0,0.000
15067.0,g1,tick,1000.0,0.000
15067.0,g2,tick,1000.0,0.000
15067.0,g4,tick,1000.0,0.000
15070.1,g1,tick,1000.0,0.000
15070.1,g2,tick,1000.0,0.000
15070.1,g4,tick,1000.0,0.000
15075.1,g1,tick,1000.0,0.000
15075.1,g2,tick,1000.0,0.000
15075.1,g4,tick,1000.0,0.000
15080.1,g1,tick,1000.0,0.000
15080.1,g2,tick,1000.0,0.000
15080.1,g4,tick,1000.0,0.000
15085.1,g1,tick,1000.0,0.000
15085.1,g2,tick,1000.0,0.000
15085.1,g4,tick,1000.0,0.000
15090.1,g1,tick,1000.0,0.000
15090.1,g2,tick,1000.0,0.000
15090.1,g4,tick,1000.0,0.000
15096.8,g1,tick,1000.0,0.000
15096.8,g2,tick,1000.0,0.000
15096.8,g4,tick,1000.0,0.000
15100.1,g1,tick,1000.0,0.000
15100.1,g2,tick,1000.0,0.000
15100.1,g4,tick,1000.0,0.000
15105.1,g1,tick,1000.0,0.000
15105.1,g2,tick,1000.0,0.000
15105.1,g4,tick,1000.0,0.000
15110.1,g1,tick,1000.0,0.000
15110.1,g2,tick,1000.0,0.000
15110.1,g4,tick,1000.0,0.000
15115.3,g1,tick,1000.0,0.000
15115.3,g2,tick,1000.0,0.000
15115.3,g4,tick,1000.0,0.000
15120.1,g1,tick,1000.0,0.000
15120.1,g2,tick,1000.0,0.000
15120.1,g4,tick,1000.0,0.000
15125.1,g1,tick,1000.0,0.000
15125.1,g2,tick,1000.0,0.000
15125.1,g4,tick,1000.0,0.000
15130.1,g1,tick,1000.0,0.000
15130.1,g2,tick,1000.0,0.000
15130.1,g4,tick,1000.0,0.000
